info: Microsoft.EntityFrameworkCore.Infrastructure[10403]
      Entity Framework Core 2.2.6-servicing-10079 initialized 'GSObjectContext' using provider 'Oracle.EntityFrameworkCore' with options: using lazy-loading proxies 
info: Microsoft.EntityFrameworkCore.Database.Command[20101]
      Executed DbCommand (163ms) [Parameters=[:p0='?' (DbType = Int32), :p1='?' (Size = 4000) (DbType = Object), :p2='?' (DbType = Binary), :p3='?' (Size = 2000), :p4='?' (Size = 2000), :p5='?' (DbType = DateTime), :p6='?' (Size = 2000), :p7='?' (Size = 2000), :p8='?' (Size = 2000), :p9='?' (Size = 2000), :p10='?' (Size = 2000), :p11='?' (Size = 2000), cur1='?' (Direction = Output) (DbType = Object)], CommandType='Text', CommandTimeout='0']
      DECLARE
      TYPE "rQL_NHAT_KY_0" IS RECORD
      (
      "ID" DECIMAL(18, 2)
      );
      TYPE "tQL_NHAT_KY_0" IS TABLE OF "rQL_NHAT_KY_0";
      "lQL_NHAT_KY_0" "tQL_NHAT_KY_0";
      v_RowCount INTEGER;
      BEGIN
      
      "lQL_NHAT_KY_0" := "tQL_NHAT_KY_0"();
      "lQL_NHAT_KY_0".extend(1);
      INSERT INTO "QL_NHAT_KY" ("CAP_DO_ID", "DU_LIEU", "GUID", "IP_ADDRESS", "MO_TA", "NGAY_TAO", "NOI_DUNG", "PAGE_URL", "PHAN_LOAI", "TEN_DANG_NHAP", "TEN_DAY_DU", "UNG_DUNG")
      VALUES (:p0, :p1, :p2, :p3, :p4, :p5, :p6, :p7, :p8, :p9, :p10, :p11)
      RETURNING "ID" INTO "lQL_NHAT_KY_0"(1)."ID";
      OPEN :cur1 FOR SELECT "lQL_NHAT_KY_0"(1)."ID" FROM DUAL;
      END;
info: Microsoft.AspNetCore.DataProtection.KeyManagement.XmlKeyManager[58]
      Creating key {ad285d75-f92a-451b-a7ad-4b92af05be7e} with creation date 2025-03-26 03:51:32Z, activation date 2025-03-26 03:51:32Z, and expiration date 2025-06-24 03:51:32Z.
warn: Microsoft.AspNetCore.DataProtection.KeyManagement.XmlKeyManager[35]
      No XML encryptor configured. Key {ad285d75-f92a-451b-a7ad-4b92af05be7e} may be persisted to storage in unencrypted form.
info: Microsoft.AspNetCore.DataProtection.Repositories.FileSystemXmlRepository[39]
      Writing data to file 'D:\work\Gsolution\QLTS_2025\BackEnd\Presentation\GS.Web\App_Data\DataProtectionKeys\key-ad285d75-f92a-451b-a7ad-4b92af05be7e.xml'.
info: Microsoft.EntityFrameworkCore.Database.Command[20101]
      Executed DbCommand (4ms) [Parameters=[], CommandType='Text', CommandTimeout='0']
      SELECT "s"."ID", "s"."DON_VI_ID", "s"."GIA_TRI", "s"."TEN"
      FROM "QL_CAU_HINH" "s"
      ORDER BY "s"."TEN"
Hosting environment: Development
Content root path: D:\work\Gsolution\QLTS_2025\BackEnd\Presentation\GS.Web
Now listening on: http://127.0.0.1:30601
Application started. Press Ctrl+C to shut down.
info: Microsoft.AspNetCore.Hosting.Internal.WebHost[1]
      Request starting HTTP/1.1 DEBUG http://localhost:62432/  0
info: Microsoft.AspNetCore.Hosting.Internal.WebHost[1]
      Request starting HTTP/1.1 GET http://localhost:62432/  
info: Microsoft.AspNetCore.Hosting.Internal.WebHost[2]
      Request finished in 101.9479ms 200 
info: Microsoft.AspNetCore.Mvc.Internal.ControllerActionInvoker[1]
      Route matched with {action = "IndexSSO", controller = "Home"}. Executing action GS.Web.Controllers.HomeController.IndexSSO (GS.Web)
info: Microsoft.AspNetCore.Mvc.Internal.ControllerActionInvoker[1]
      Executing action method GS.Web.Controllers.HomeController.IndexSSO (GS.Web) with arguments () - Validation state: Valid
info: Microsoft.AspNetCore.Mvc.Internal.ControllerActionInvoker[2]
      Executed action method GS.Web.Controllers.HomeController.IndexSSO (GS.Web), returned result Microsoft.AspNetCore.Mvc.RedirectToActionResult in 5.3583ms.
info: Microsoft.AspNetCore.Mvc.RedirectToActionResult[1]
      Executing RedirectResult, redirecting to /Home/Index.
info: Microsoft.AspNetCore.Mvc.Internal.ControllerActionInvoker[2]
      Executed action GS.Web.Controllers.HomeController.IndexSSO (GS.Web) in 252.0612ms
info: Microsoft.AspNetCore.Hosting.Internal.WebHost[2]
      Request finished in 1396.0325ms 302 
info: Microsoft.AspNetCore.Hosting.Internal.WebHost[1]
      Request starting HTTP/1.1 GET http://localhost:62432/Home/Index  
info: Microsoft.AspNetCore.Mvc.Internal.ControllerActionInvoker[1]
      Route matched with {action = "Index", controller = "Home"}. Executing action GS.Web.Controllers.HomeController.Index (GS.Web)
info: Microsoft.AspNetCore.Mvc.Internal.ControllerActionInvoker[1]
      Executing action method GS.Web.Controllers.HomeController.Index (GS.Web) with arguments () - Validation state: Valid
info: Microsoft.AspNetCore.Mvc.Internal.ControllerActionInvoker[2]
      Executed action method GS.Web.Controllers.HomeController.Index (GS.Web), returned result Microsoft.AspNetCore.Mvc.ViewResult in 4.1904ms.
info: Microsoft.AspNetCore.Mvc.ViewFeatures.ViewResultExecutor[1]
      Executing ViewResult, running view Index.
info: Microsoft.AspNetCore.Mvc.ViewFeatures.ViewResultExecutor[4]
      Executed ViewResult - view Index executed in 7175.2278ms.
info: Microsoft.AspNetCore.Mvc.Internal.ControllerActionInvoker[2]
      Executed action GS.Web.Controllers.HomeController.Index (GS.Web) in 7194.6159ms
info: Microsoft.AspNetCore.Hosting.Internal.WebHost[1]
      Request starting HTTP/1.1 GET http://localhost:62432/lib/robotofont/fonts.googleapis.css?v=3  
info: Microsoft.AspNetCore.Hosting.Internal.WebHost[2]
      Request finished in 7232.3255ms 200 text/html; charset=utf-8
info: Microsoft.AspNetCore.Hosting.Internal.WebHost[1]
      Request starting HTTP/1.1 GET http://localhost:62432/Themes/AppWork/Content/assets/vendor/fonts/ionicons.css  
info: Microsoft.AspNetCore.Hosting.Internal.WebHost[1]
      Request starting HTTP/1.1 GET http://localhost:62432/Themes/AppWork/Content/assets/vendor/fonts/fontawesome.css  
info: Microsoft.AspNetCore.Hosting.Internal.WebHost[1]
      Request starting HTTP/1.1 GET http://localhost:62432/Themes/AppWork/Content/assets/vendor/fonts/linearicons.css  
info: Microsoft.AspNetCore.Hosting.Internal.WebHost[1]
      Request starting HTTP/1.1 GET http://localhost:62432/Themes/AppWork/Content/assets/vendor/fonts/open-iconic.css  
info: Microsoft.AspNetCore.Hosting.Internal.WebHost[1]
      Request starting HTTP/1.1 GET http://localhost:62432/Themes/AppWork/Content/assets/vendor/fonts/pe-icon-7-stroke.css  
info: Microsoft.AspNetCore.StaticFiles.StaticFileMiddleware[2]
      Sending file. Request path: '/lib/robotofont/fonts.googleapis.css'. Physical path: 'D:\work\Gsolution\QLTS_2025\BackEnd\Presentation\GS.Web\wwwroot\lib\robotofont\fonts.googleapis.css'
info: Microsoft.AspNetCore.StaticFiles.StaticFileMiddleware[2]
      Sending file. Request path: '/AppWork/Content/assets/vendor/fonts/pe-icon-7-stroke.css'. Physical path: 'D:\work\Gsolution\QLTS_2025\BackEnd\Presentation\GS.Web\Themes\AppWork\Content\assets\vendor\fonts\pe-icon-7-stroke.css'
info: Microsoft.AspNetCore.StaticFiles.StaticFileMiddleware[2]
      Sending file. Request path: '/AppWork/Content/assets/vendor/fonts/open-iconic.css'. Physical path: 'D:\work\Gsolution\QLTS_2025\BackEnd\Presentation\GS.Web\Themes\AppWork\Content\assets\vendor\fonts\open-iconic.css'
info: Microsoft.AspNetCore.StaticFiles.StaticFileMiddleware[2]
      Sending file. Request path: '/AppWork/Content/assets/vendor/fonts/linearicons.css'. Physical path: 'D:\work\Gsolution\QLTS_2025\BackEnd\Presentation\GS.Web\Themes\AppWork\Content\assets\vendor\fonts\linearicons.css'
info: Microsoft.AspNetCore.StaticFiles.StaticFileMiddleware[2]
      Sending file. Request path: '/AppWork/Content/assets/vendor/fonts/ionicons.css'. Physical path: 'D:\work\Gsolution\QLTS_2025\BackEnd\Presentation\GS.Web\Themes\AppWork\Content\assets\vendor\fonts\ionicons.css'
info: Microsoft.AspNetCore.StaticFiles.StaticFileMiddleware[2]
      Sending file. Request path: '/AppWork/Content/assets/vendor/fonts/fontawesome.css'. Physical path: 'D:\work\Gsolution\QLTS_2025\BackEnd\Presentation\GS.Web\Themes\AppWork\Content\assets\vendor\fonts\fontawesome.css'
info: Microsoft.AspNetCore.Hosting.Internal.WebHost[2]
      Request finished in 136.4545ms 200 text/css
info: Microsoft.AspNetCore.Hosting.Internal.WebHost[2]
      Request finished in 134.1809ms 200 text/css
info: Microsoft.AspNetCore.Hosting.Internal.WebHost[2]
      Request finished in 129.2279ms 200 text/css
info: Microsoft.AspNetCore.Hosting.Internal.WebHost[2]
      Request finished in 131.4001ms 200 text/css
info: Microsoft.AspNetCore.Hosting.Internal.WebHost[2]
      Request finished in 126.4147ms 200 text/css
info: Microsoft.AspNetCore.Hosting.Internal.WebHost[2]
      Request finished in 139.7834ms 200 text/css
info: Microsoft.AspNetCore.Hosting.Internal.WebHost[1]
      Request starting HTTP/1.1 GET http://localhost:62432/Themes/AppWork/Content/assets/vendor/libs/perfect-scrollbar/perfect-scrollbar.css  
info: Microsoft.AspNetCore.Hosting.Internal.WebHost[1]
      Request starting HTTP/1.1 GET http://localhost:62432/Themes/AppWork/Content/assets/vendor/css/rtl/bootstrap.css  
info: Microsoft.AspNetCore.Hosting.Internal.WebHost[1]
      Request starting HTTP/1.1 GET http://localhost:62432/Themes/AppWork/Content/assets/vendor/css/rtl/theme-corporate.css  
info: Microsoft.AspNetCore.Hosting.Internal.WebHost[1]
      Request starting HTTP/1.1 GET http://localhost:62432/Themes/AppWork/Content/assets/vendor/css/rtl/colors.css  
info: Microsoft.AspNetCore.Hosting.Internal.WebHost[1]
      Request starting HTTP/1.1 GET http://localhost:62432/Themes/AppWork/Content/assets/vendor/css/rtl/uikit.css  
info: Microsoft.AspNetCore.Hosting.Internal.WebHost[1]
      Request starting HTTP/1.1 GET http://localhost:62432/Themes/AppWork/Content/assets/vendor/css/rtl/appwork.css  
info: Microsoft.AspNetCore.StaticFiles.StaticFileMiddleware[2]
      Sending file. Request path: '/AppWork/Content/assets/vendor/css/rtl/theme-corporate.css'. Physical path: 'D:\work\Gsolution\QLTS_2025\BackEnd\Presentation\GS.Web\Themes\AppWork\Content\assets\vendor\css\rtl\theme-corporate.css'
info: Microsoft.AspNetCore.StaticFiles.StaticFileMiddleware[2]
      Sending file. Request path: '/AppWork/Content/assets/vendor/libs/perfect-scrollbar/perfect-scrollbar.css'. Physical path: 'D:\work\Gsolution\QLTS_2025\BackEnd\Presentation\GS.Web\Themes\AppWork\Content\assets\vendor\libs\perfect-scrollbar\perfect-scrollbar.css'
info: Microsoft.AspNetCore.StaticFiles.StaticFileMiddleware[2]
      Sending file. Request path: '/AppWork/Content/assets/vendor/css/rtl/bootstrap.css'. Physical path: 'D:\work\Gsolution\QLTS_2025\BackEnd\Presentation\GS.Web\Themes\AppWork\Content\assets\vendor\css\rtl\bootstrap.css'
info: Microsoft.AspNetCore.StaticFiles.StaticFileMiddleware[2]
      Sending file. Request path: '/AppWork/Content/assets/vendor/css/rtl/uikit.css'. Physical path: 'D:\work\Gsolution\QLTS_2025\BackEnd\Presentation\GS.Web\Themes\AppWork\Content\assets\vendor\css\rtl\uikit.css'
info: Microsoft.AspNetCore.Hosting.Internal.WebHost[2]
      Request finished in 32.5659ms 200 text/css
info: Microsoft.AspNetCore.Hosting.Internal.WebHost[2]
      Request finished in 35.8766ms 200 text/css
info: Microsoft.AspNetCore.StaticFiles.StaticFileMiddleware[2]
      Sending file. Request path: '/AppWork/Content/assets/vendor/css/rtl/colors.css'. Physical path: 'D:\work\Gsolution\QLTS_2025\BackEnd\Presentation\GS.Web\Themes\AppWork\Content\assets\vendor\css\rtl\colors.css'
info: Microsoft.AspNetCore.Hosting.Internal.WebHost[2]
      Request finished in 38.7436ms 200 text/css
info: Microsoft.AspNetCore.Hosting.Internal.WebHost[1]
      Request starting HTTP/1.1 GET http://localhost:62432/Themes/AppWork/Content/assets/vendor/js/material-ripple.js  
info: Microsoft.AspNetCore.Hosting.Internal.WebHost[2]
      Request finished in 33.9274ms 200 text/css
info: Microsoft.AspNetCore.Hosting.Internal.WebHost[1]
      Request starting HTTP/1.1 GET http://localhost:62432/Themes/AppWork/Content/assets/vendor/js/pace.js  
info: Microsoft.AspNetCore.Hosting.Internal.WebHost[1]
      Request starting HTTP/1.1 GET http://localhost:62432/Themes/AppWork/Content/assets/vendor/js/layout-helpers.js  
info: Microsoft.AspNetCore.StaticFiles.StaticFileMiddleware[2]
      Sending file. Request path: '/AppWork/Content/assets/vendor/css/rtl/appwork.css'. Physical path: 'D:\work\Gsolution\QLTS_2025\BackEnd\Presentation\GS.Web\Themes\AppWork\Content\assets\vendor\css\rtl\appwork.css'
info: Microsoft.AspNetCore.Hosting.Internal.WebHost[2]
      Request finished in 48.2886ms 200 text/css
info: Microsoft.AspNetCore.Hosting.Internal.WebHost[1]
      Request starting HTTP/1.1 GET http://localhost:62432/Themes/AppWork/Content/assets/vendor/css/pages/authentication.css  
info: Microsoft.AspNetCore.Hosting.Internal.WebHost[2]
      Request finished in 50.3559ms 200 text/css
info: Microsoft.AspNetCore.Hosting.Internal.WebHost[1]
      Request starting HTTP/1.1 GET http://localhost:62432/lib/jquery/jquery-3.3.1.min.js  
info: Microsoft.AspNetCore.Hosting.Internal.WebHost[1]
      Request starting HTTP/1.1 GET http://localhost:62432/Themes/AppWork/Content/assets/img/bg/logo-BTC-removebg.png  
info: Microsoft.AspNetCore.StaticFiles.StaticFileMiddleware[2]
      Sending file. Request path: '/AppWork/Content/assets/vendor/css/pages/authentication.css'. Physical path: 'D:\work\Gsolution\QLTS_2025\BackEnd\Presentation\GS.Web\Themes\AppWork\Content\assets\vendor\css\pages\authentication.css'
info: Microsoft.AspNetCore.Hosting.Internal.WebHost[2]
      Request finished in 36.8805ms 200 text/css
info: Microsoft.AspNetCore.Hosting.Internal.WebHost[1]
      Request starting HTTP/1.1 GET http://localhost:62432/Themes/AppWork/Content/assets/vendor/libs/popper/popper.js  
info: Microsoft.AspNetCore.StaticFiles.StaticFileMiddleware[2]
      Sending file. Request path: '/AppWork/Content/assets/vendor/js/pace.js'. Physical path: 'D:\work\Gsolution\QLTS_2025\BackEnd\Presentation\GS.Web\Themes\AppWork\Content\assets\vendor\js\pace.js'
info: Microsoft.AspNetCore.StaticFiles.StaticFileMiddleware[2]
      Sending file. Request path: '/AppWork/Content/assets/vendor/js/layout-helpers.js'. Physical path: 'D:\work\Gsolution\QLTS_2025\BackEnd\Presentation\GS.Web\Themes\AppWork\Content\assets\vendor\js\layout-helpers.js'
info: Microsoft.AspNetCore.StaticFiles.StaticFileMiddleware[2]
      Sending file. Request path: '/AppWork/Content/assets/img/bg/logo-BTC-removebg.png'. Physical path: 'D:\work\Gsolution\QLTS_2025\BackEnd\Presentation\GS.Web\Themes\AppWork\Content\assets\img\bg\logo-BTC-removebg.png'
info: Microsoft.AspNetCore.StaticFiles.StaticFileMiddleware[2]
      Sending file. Request path: '/lib/jquery/jquery-3.3.1.min.js'. Physical path: 'D:\work\Gsolution\QLTS_2025\BackEnd\Presentation\GS.Web\wwwroot\lib\jquery\jquery-3.3.1.min.js'
info: Microsoft.AspNetCore.Hosting.Internal.WebHost[2]
      Request finished in 98.4589ms 200 image/png
info: Microsoft.AspNetCore.StaticFiles.StaticFileMiddleware[2]
      Sending file. Request path: '/AppWork/Content/assets/vendor/js/material-ripple.js'. Physical path: 'D:\work\Gsolution\QLTS_2025\BackEnd\Presentation\GS.Web\Themes\AppWork\Content\assets\vendor\js\material-ripple.js'
info: Microsoft.AspNetCore.Hosting.Internal.WebHost[1]
      Request starting HTTP/1.1 GET http://localhost:62432/Themes/AppWork/Content/assets/vendor/js/bootstrap.js  
info: Microsoft.AspNetCore.Hosting.Internal.WebHost[2]
      Request finished in 131.3833ms 200 application/javascript
info: Microsoft.AspNetCore.StaticFiles.StaticFileMiddleware[2]
      Sending file. Request path: '/AppWork/Content/assets/vendor/libs/popper/popper.js'. Physical path: 'D:\work\Gsolution\QLTS_2025\BackEnd\Presentation\GS.Web\Themes\AppWork\Content\assets\vendor\libs\popper\popper.js'
info: Microsoft.AspNetCore.Hosting.Internal.WebHost[2]
      Request finished in 133.464ms 200 application/javascript
info: Microsoft.AspNetCore.Hosting.Internal.WebHost[2]
      Request finished in 141.8431ms 200 application/javascript
info: Microsoft.AspNetCore.Hosting.Internal.WebHost[2]
      Request finished in 168.8048ms 200 application/javascript
info: Microsoft.AspNetCore.Hosting.Internal.WebHost[2]
      Request finished in 104.2857ms 200 application/javascript
info: Microsoft.AspNetCore.Hosting.Internal.WebHost[1]
      Request starting HTTP/1.1 GET http://localhost:62432/Themes/AppWork/Content/assets/vendor/js/sidenav.js  
info: Microsoft.AspNetCore.Hosting.Internal.WebHost[1]
      Request starting HTTP/1.1 GET http://localhost:62432/Themes/AppWork/Content/assets/vendor/libs/perfect-scrollbar/perfect-scrollbar.js  
info: Microsoft.AspNetCore.Hosting.Internal.WebHost[1]
      Request starting HTTP/1.1 GET http://localhost:62432/Themes/AppWork/Content/assets/img/bg/blur-26347-27038-hd-wallpapers.jpg  
info: Microsoft.AspNetCore.StaticFiles.StaticFileMiddleware[2]
      Sending file. Request path: '/AppWork/Content/assets/vendor/js/sidenav.js'. Physical path: 'D:\work\Gsolution\QLTS_2025\BackEnd\Presentation\GS.Web\Themes\AppWork\Content\assets\vendor\js\sidenav.js'
info: Microsoft.AspNetCore.StaticFiles.StaticFileMiddleware[2]
      Sending file. Request path: '/AppWork/Content/assets/vendor/js/bootstrap.js'. Physical path: 'D:\work\Gsolution\QLTS_2025\BackEnd\Presentation\GS.Web\Themes\AppWork\Content\assets\vendor\js\bootstrap.js'
info: Microsoft.AspNetCore.Hosting.Internal.WebHost[2]
      Request finished in 52.1178ms 200 application/javascript
info: Microsoft.AspNetCore.Hosting.Internal.WebHost[2]
      Request finished in 90.0227ms 200 application/javascript
info: Microsoft.AspNetCore.StaticFiles.StaticFileMiddleware[2]
      Sending file. Request path: '/AppWork/Content/assets/vendor/libs/perfect-scrollbar/perfect-scrollbar.js'. Physical path: 'D:\work\Gsolution\QLTS_2025\BackEnd\Presentation\GS.Web\Themes\AppWork\Content\assets\vendor\libs\perfect-scrollbar\perfect-scrollbar.js'
info: Microsoft.AspNetCore.Hosting.Internal.WebHost[2]
      Request finished in 47.4523ms 200 application/javascript
info: Microsoft.AspNetCore.Hosting.Internal.WebHost[1]
      Request starting HTTP/1.1 GET http://localhost:62432/Themes/AppWork/Content/assets/vendor/fonts/fontawesome/fa-solid-900.woff2  
info: Microsoft.AspNetCore.StaticFiles.StaticFileMiddleware[2]
      Sending file. Request path: '/AppWork/Content/assets/img/bg/blur-26347-27038-hd-wallpapers.jpg'. Physical path: 'D:\work\Gsolution\QLTS_2025\BackEnd\Presentation\GS.Web\Themes\AppWork\Content\assets\img\bg\blur-26347-27038-hd-wallpapers.jpg'
info: Microsoft.AspNetCore.Hosting.Internal.WebHost[1]
      Request starting HTTP/1.1 GET http://localhost:62432/Themes/AppWork/Content/assets/img/bg/bg-t.png  
info: Microsoft.AspNetCore.Hosting.Internal.WebHost[2]
      Request finished in 188.6584ms 200 image/jpeg
info: Microsoft.AspNetCore.StaticFiles.StaticFileMiddleware[2]
      Sending file. Request path: '/AppWork/Content/assets/vendor/fonts/fontawesome/fa-solid-900.woff2'. Physical path: 'D:\work\Gsolution\QLTS_2025\BackEnd\Presentation\GS.Web\Themes\AppWork\Content\assets\vendor\fonts\fontawesome\fa-solid-900.woff2'
info: Microsoft.AspNetCore.StaticFiles.StaticFileMiddleware[2]
      Sending file. Request path: '/AppWork/Content/assets/img/bg/bg-t.png'. Physical path: 'D:\work\Gsolution\QLTS_2025\BackEnd\Presentation\GS.Web\Themes\AppWork\Content\assets\img\bg\bg-t.png'
info: Microsoft.AspNetCore.Hosting.Internal.WebHost[2]
      Request finished in 348.0739ms 200 font/woff2
info: Microsoft.AspNetCore.Hosting.Internal.WebHost[1]
      Request starting HTTP/1.1 GET http://localhost:62432/favicon.ico  
info: Microsoft.AspNetCore.Hosting.Internal.WebHost[2]
      Request finished in 373.0732ms 200 image/png
info: Microsoft.AspNetCore.StaticFiles.StaticFileMiddleware[2]
      Sending file. Request path: '/favicon.ico'. Physical path: 'D:\work\Gsolution\QLTS_2025\BackEnd\Presentation\GS.Web\wwwroot\favicon.ico'
info: Microsoft.AspNetCore.Hosting.Internal.WebHost[2]
      Request finished in 44.5031ms 200 image/x-icon
info: Microsoft.AspNetCore.Hosting.Internal.WebHost[1]
      Request starting HTTP/1.1 POST http://localhost:62432/Home/Index application/x-www-form-urlencoded 215
info: Microsoft.AspNetCore.Mvc.Internal.ControllerActionInvoker[1]
      Route matched with {action = "Index", controller = "Home"}. Executing action GS.Web.Controllers.HomeController.Index (GS.Web)
info: Microsoft.EntityFrameworkCore.Infrastructure[10403]
      Entity Framework Core 2.2.6-servicing-10079 initialized 'GSObjectContext' using provider 'Oracle.EntityFrameworkCore' with options: using lazy-loading proxies 
info: Microsoft.EntityFrameworkCore.Database.Command[20101]
      Executed DbCommand (15ms) [Parameters=[:Ma_0='?' (Size = 2000)], CommandType='Text', CommandTimeout='0']
      SELECT "l"."GIA_TRI"
      FROM "QL_NHAN_HIEN_THI" "l"
      WHERE "l"."MA" = :Ma_0
      FETCH FIRST 1 ROWS ONLY
info: Microsoft.EntityFrameworkCore.Database.Command[20101]
      Executed DbCommand (3ms) [Parameters=[:Ma_0='?' (Size = 2000)], CommandType='Text', CommandTimeout='0']
      SELECT "l"."GIA_TRI"
      FROM "QL_NHAN_HIEN_THI" "l"
      WHERE "l"."MA" = :Ma_0
      FETCH FIRST 1 ROWS ONLY
info: Microsoft.AspNetCore.Mvc.Internal.ControllerActionInvoker[1]
      Executing action method GS.Web.Controllers.HomeController.Index (GS.Web) with arguments (GS.Web.Models.Common.LoginModel, , False) - Validation state: Valid
info: Microsoft.EntityFrameworkCore.Database.Command[20101]
      Executed DbCommand (8ms) [Parameters=[:username_0='?' (Size = 2000)], CommandType='Text', CommandTimeout='0']
      SELECT "c"."ID", "c"."CURRENT_DON_VI_ID", "c"."DB_ID", "c"."EMAIL", "c"."GHI_CHU", "c"."GUID", "c"."IP_TRUY_CAP", "c"."IS_QUAN_TRI", "c"."MAT_KHAU", "c"."MAT_KHAU_KEY", "c"."MA_CAN_BO", "c"."MOBILE", "c"."NGAY_TAO", "c"."NGAY_TRUY_CAP", "c"."NGUOI_TAO", "c"."NGUON_ID", "c"."PASSWORD_HASH", "c"."TEN_DANG_NHAP", "c"."TEN_DAY_DU", "c"."TMP_MAT_KHAU", "c"."TRANG_THAI_ID", "c"."UNG_DUNG"
      FROM "QL_NGUOI_DUNG" "c"
      WHERE "c"."TEN_DANG_NHAP" = :username_0
      ORDER BY "c"."ID"
info: Microsoft.AspNetCore.Mvc.Internal.ControllerActionInvoker[2]
      Executed action method GS.Web.Controllers.HomeController.Index (GS.Web), returned result Microsoft.AspNetCore.Mvc.ViewResult in 145.4602ms.
info: Microsoft.AspNetCore.Mvc.ViewFeatures.ViewResultExecutor[1]
      Executing ViewResult, running view Index.
info: Microsoft.AspNetCore.Mvc.ViewFeatures.ViewResultExecutor[4]
      Executed ViewResult - view Index executed in 18.2473ms.
info: Microsoft.AspNetCore.Mvc.Internal.ControllerActionInvoker[2]
      Executed action GS.Web.Controllers.HomeController.Index (GS.Web) in 503.2327ms
info: Microsoft.AspNetCore.Hosting.Internal.WebHost[2]
      Request finished in 545.4825ms 200 text/html; charset=utf-8
info: Microsoft.AspNetCore.Hosting.Internal.WebHost[1]
      Request starting HTTP/1.1 POST http://localhost:62432/Home/Index application/x-www-form-urlencoded 226
info: Microsoft.AspNetCore.Mvc.Internal.ControllerActionInvoker[1]
      Route matched with {action = "Index", controller = "Home"}. Executing action GS.Web.Controllers.HomeController.Index (GS.Web)
info: Microsoft.EntityFrameworkCore.Infrastructure[10403]
      Entity Framework Core 2.2.6-servicing-10079 initialized 'GSObjectContext' using provider 'Oracle.EntityFrameworkCore' with options: using lazy-loading proxies 
info: Microsoft.EntityFrameworkCore.Database.Command[20101]
      Executed DbCommand (5ms) [Parameters=[:Ma_0='?' (Size = 2000)], CommandType='Text', CommandTimeout='0']
      SELECT "l"."GIA_TRI"
      FROM "QL_NHAN_HIEN_THI" "l"
      WHERE "l"."MA" = :Ma_0
      FETCH FIRST 1 ROWS ONLY
info: Microsoft.EntityFrameworkCore.Database.Command[20101]
      Executed DbCommand (3ms) [Parameters=[:Ma_0='?' (Size = 2000)], CommandType='Text', CommandTimeout='0']
      SELECT "l"."GIA_TRI"
      FROM "QL_NHAN_HIEN_THI" "l"
      WHERE "l"."MA" = :Ma_0
      FETCH FIRST 1 ROWS ONLY
info: Microsoft.AspNetCore.Mvc.Internal.ControllerActionInvoker[1]
      Executing action method GS.Web.Controllers.HomeController.Index (GS.Web) with arguments (GS.Web.Models.Common.LoginModel, , False) - Validation state: Valid
info: Microsoft.EntityFrameworkCore.Database.Command[20101]
      Executed DbCommand (8ms) [Parameters=[:username_0='?' (Size = 2000)], CommandType='Text', CommandTimeout='0']
      SELECT "c"."ID", "c"."CURRENT_DON_VI_ID", "c"."DB_ID", "c"."EMAIL", "c"."GHI_CHU", "c"."GUID", "c"."IP_TRUY_CAP", "c"."IS_QUAN_TRI", "c"."MAT_KHAU", "c"."MAT_KHAU_KEY", "c"."MA_CAN_BO", "c"."MOBILE", "c"."NGAY_TAO", "c"."NGAY_TRUY_CAP", "c"."NGUOI_TAO", "c"."NGUON_ID", "c"."PASSWORD_HASH", "c"."TEN_DANG_NHAP", "c"."TEN_DAY_DU", "c"."TMP_MAT_KHAU", "c"."TRANG_THAI_ID", "c"."UNG_DUNG"
      FROM "QL_NGUOI_DUNG" "c"
      WHERE "c"."TEN_DANG_NHAP" = :username_0
      ORDER BY "c"."ID"
info: Microsoft.AspNetCore.Mvc.Internal.ControllerActionInvoker[2]
      Executed action method GS.Web.Controllers.HomeController.Index (GS.Web), returned result Microsoft.AspNetCore.Mvc.ViewResult in 15.6046ms.
info: Microsoft.AspNetCore.Mvc.ViewFeatures.ViewResultExecutor[1]
      Executing ViewResult, running view Index.
info: Microsoft.AspNetCore.Mvc.ViewFeatures.ViewResultExecutor[4]
      Executed ViewResult - view Index executed in 2.7921ms.
info: Microsoft.AspNetCore.Mvc.Internal.ControllerActionInvoker[2]
      Executed action GS.Web.Controllers.HomeController.Index (GS.Web) in 57.062ms
info: Microsoft.AspNetCore.Hosting.Internal.WebHost[2]
      Request finished in 65.4547ms 200 text/html; charset=utf-8
info: Microsoft.AspNetCore.Hosting.Internal.WebHost[1]
      Request starting HTTP/1.1 POST http://localhost:62432/Home/Index application/x-www-form-urlencoded 225
info: Microsoft.AspNetCore.Mvc.Internal.ControllerActionInvoker[1]
      Route matched with {action = "Index", controller = "Home"}. Executing action GS.Web.Controllers.HomeController.Index (GS.Web)
info: Microsoft.EntityFrameworkCore.Infrastructure[10403]
      Entity Framework Core 2.2.6-servicing-10079 initialized 'GSObjectContext' using provider 'Oracle.EntityFrameworkCore' with options: using lazy-loading proxies 
info: Microsoft.EntityFrameworkCore.Database.Command[20101]
      Executed DbCommand (3ms) [Parameters=[:Ma_0='?' (Size = 2000)], CommandType='Text', CommandTimeout='0']
      SELECT "l"."GIA_TRI"
      FROM "QL_NHAN_HIEN_THI" "l"
      WHERE "l"."MA" = :Ma_0
      FETCH FIRST 1 ROWS ONLY
info: Microsoft.EntityFrameworkCore.Database.Command[20101]
      Executed DbCommand (3ms) [Parameters=[:Ma_0='?' (Size = 2000)], CommandType='Text', CommandTimeout='0']
      SELECT "l"."GIA_TRI"
      FROM "QL_NHAN_HIEN_THI" "l"
      WHERE "l"."MA" = :Ma_0
      FETCH FIRST 1 ROWS ONLY
info: Microsoft.AspNetCore.Mvc.Internal.ControllerActionInvoker[1]
      Executing action method GS.Web.Controllers.HomeController.Index (GS.Web) with arguments (GS.Web.Models.Common.LoginModel, , False) - Validation state: Valid
info: Microsoft.EntityFrameworkCore.Database.Command[20101]
      Executed DbCommand (5ms) [Parameters=[:username_0='?' (Size = 2000)], CommandType='Text', CommandTimeout='0']
      SELECT "c"."ID", "c"."CURRENT_DON_VI_ID", "c"."DB_ID", "c"."EMAIL", "c"."GHI_CHU", "c"."GUID", "c"."IP_TRUY_CAP", "c"."IS_QUAN_TRI", "c"."MAT_KHAU", "c"."MAT_KHAU_KEY", "c"."MA_CAN_BO", "c"."MOBILE", "c"."NGAY_TAO", "c"."NGAY_TRUY_CAP", "c"."NGUOI_TAO", "c"."NGUON_ID", "c"."PASSWORD_HASH", "c"."TEN_DANG_NHAP", "c"."TEN_DAY_DU", "c"."TMP_MAT_KHAU", "c"."TRANG_THAI_ID", "c"."UNG_DUNG"
      FROM "QL_NGUOI_DUNG" "c"
      WHERE "c"."TEN_DANG_NHAP" = :username_0
      ORDER BY "c"."ID"
info: Microsoft.EntityFrameworkCore.Database.Command[20101]
      Executed DbCommand (5ms) [Parameters=[:username_0='?' (Size = 2000)], CommandType='Text', CommandTimeout='0']
      SELECT "c"."ID", "c"."CURRENT_DON_VI_ID", "c"."DB_ID", "c"."EMAIL", "c"."GHI_CHU", "c"."GUID", "c"."IP_TRUY_CAP", "c"."IS_QUAN_TRI", "c"."MAT_KHAU", "c"."MAT_KHAU_KEY", "c"."MA_CAN_BO", "c"."MOBILE", "c"."NGAY_TAO", "c"."NGAY_TRUY_CAP", "c"."NGUOI_TAO", "c"."NGUON_ID", "c"."PASSWORD_HASH", "c"."TEN_DANG_NHAP", "c"."TEN_DAY_DU", "c"."TMP_MAT_KHAU", "c"."TRANG_THAI_ID", "c"."UNG_DUNG"
      FROM "QL_NGUOI_DUNG" "c"
      WHERE "c"."TEN_DANG_NHAP" = :username_0
      ORDER BY "c"."ID"
info: Microsoft.EntityFrameworkCore.Database.Command[20101]
      Executed DbCommand (19ms) [Parameters=[:guid_0='?' (DbType = Binary)], CommandType='Text', CommandTimeout='0']
      SELECT "c"."ID", "c"."CURRENT_DON_VI_ID", "c"."DB_ID", "c"."EMAIL", "c"."GHI_CHU", "c"."GUID", "c"."IP_TRUY_CAP", "c"."IS_QUAN_TRI", "c"."MAT_KHAU", "c"."MAT_KHAU_KEY", "c"."MA_CAN_BO", "c"."MOBILE", "c"."NGAY_TAO", "c"."NGAY_TRUY_CAP", "c"."NGUOI_TAO", "c"."NGUON_ID", "c"."PASSWORD_HASH", "c"."TEN_DANG_NHAP", "c"."TEN_DAY_DU", "c"."TMP_MAT_KHAU", "c"."TRANG_THAI_ID", "c"."UNG_DUNG"
      FROM "QL_NGUOI_DUNG" "c"
      WHERE "c"."GUID" = :guid_0
      FETCH FIRST 1 ROWS ONLY
info: Microsoft.EntityFrameworkCore.Database.Command[20101]
      Executed DbCommand (7ms) [Parameters=[:get_Item_0='?' (DbType = Decimal)], CommandType='Text', CommandTimeout='0']
      SELECT "e"."ID", "e"."CAP_DON_VI_ID", "e"."CHE_DO_HACH_TOAN_ID", "e"."CO_TAI_SAN", "e"."CQTC_MA", "e"."DA_CO_QUYET_DINH_GIAO_VON", "e"."DB_ID", "e"."DIA_BAN_ID", "e"."DIA_CHI", "e"."DIEN_THOAI", "e"."DON_VI_HIEN_THI", "e"."FAX", "e"."HUYEN_ID", "e"."IS_TSQUAN_LY_CHU_KY_SO", "e"."IS_TSQUAN_LY_NHU_TSCD", "e"."IS_XAC_NHAN_DU_LIEU", "e"."KHONG_CHUYEN_MA", "e"."LA_BAN_QL_DU_AN", "e"."LA_DON_VI_NHAP_LIEU", "e"."LA_DON_VI_TU_CHU_TAI_CHINH", "e"."LIST_FILE_XAC_NHAN", "e"."LOAI_CAP_DON_VI_ID", "e"."LOAI_DON_VI_ID", "e"."MA", "e"."MA_BO", "e"."MA_CHUONG", "e"."MA_DIA_BAN", "e"."MA_DVQHNS", "e"."MA_HUYEN", "e"."MA_TINH", "e"."NGAY_CAP_NHAT", "e"."NGAY_QUYET_DINH", "e"."NGAY_QUYET_DINH_GIAO_VON", "e"."NGAY_TAO", "e"."NGAY_XAC_NHAN", "e"."NGUOI_CAP_NHAT_ID", "e"."NGUOI_TAO_ID", "e"."NHOM_DON_VI_ID", "e"."OLD_CAP_DON_VI_ID", "e"."PARENT_ID", "e"."SO_QUYET_DINH", "e"."SO_QUYET_DINH_GIAO_VON", "e"."TEN", "e"."TINH_ID", "e"."TRANG_THAI_DONG_BO_ID", "e"."TRANG_THAI_ID", "e"."TRANG_THAI_THAY_DOI_ID", "e"."TREE_LEVEL", "e"."TREE_NODE", "e"."XA_ID"
      FROM "DM_DON_VI" "e"
      WHERE "e"."ID" = :get_Item_0
      FETCH FIRST 1 ROWS ONLY
info: Microsoft.EntityFrameworkCore.Database.Command[20101]
      Executed DbCommand (34ms) [Parameters=[:TREE_NODE_LON_NHAT_0='?' (Size = 2000)], CommandType='Text', CommandTimeout='0']
      SELECT "p"."ID", "p"."CAP_DON_VI_ID", "p"."CHE_DO_HACH_TOAN_ID", "p"."CO_TAI_SAN", "p"."CQTC_MA", "p"."DA_CO_QUYET_DINH_GIAO_VON", "p"."DB_ID", "p"."DIA_BAN_ID", "p"."DIA_CHI", "p"."DIEN_THOAI", "p"."DON_VI_HIEN_THI", "p"."FAX", "p"."HUYEN_ID", "p"."IS_TSQUAN_LY_CHU_KY_SO", "p"."IS_TSQUAN_LY_NHU_TSCD", "p"."IS_XAC_NHAN_DU_LIEU", "p"."KHONG_CHUYEN_MA", "p"."LA_BAN_QL_DU_AN", "p"."LA_DON_VI_NHAP_LIEU", "p"."LA_DON_VI_TU_CHU_TAI_CHINH", "p"."LIST_FILE_XAC_NHAN", "p"."LOAI_CAP_DON_VI_ID", "p"."LOAI_DON_VI_ID", "p"."MA", "p"."MA_BO", "p"."MA_CHUONG", "p"."MA_DIA_BAN", "p"."MA_DVQHNS", "p"."MA_HUYEN", "p"."MA_TINH", "p"."NGAY_CAP_NHAT", "p"."NGAY_QUYET_DINH", "p"."NGAY_QUYET_DINH_GIAO_VON", "p"."NGAY_TAO", "p"."NGAY_XAC_NHAN", "p"."NGUOI_CAP_NHAT_ID", "p"."NGUOI_TAO_ID", "p"."NHOM_DON_VI_ID", "p"."OLD_CAP_DON_VI_ID", "p"."PARENT_ID", "p"."SO_QUYET_DINH", "p"."SO_QUYET_DINH_GIAO_VON", "p"."TEN", "p"."TINH_ID", "p"."TRANG_THAI_DONG_BO_ID", "p"."TRANG_THAI_ID", "p"."TRANG_THAI_THAY_DOI_ID", "p"."TREE_LEVEL", "p"."TREE_NODE", "p"."XA_ID"
      FROM "DM_DON_VI" "p"
      WHERE ("p"."TREE_NODE" = :TREE_NODE_LON_NHAT_0) AND (("p"."TRANG_THAI_ID" <> 0) OR "p"."TRANG_THAI_ID" IS NULL)
      FETCH FIRST 1 ROWS ONLY
info: Microsoft.AspNetCore.Authentication.Cookies.CookieAuthenticationHandler[10]
      AuthenticationScheme: Authentication signed in.
info: Microsoft.EntityFrameworkCore.Database.Command[20101]
      Executed DbCommand (3ms) [Parameters=[], CommandType='Text', CommandTimeout='0']
      SELECT "alt"."ID", "alt"."TEN", "alt"."TINH_KHA_DUNG", "alt"."TU_KHOA_HE_THONG"
      FROM "QL_LOAI_HOAT_DONG" "alt"
      ORDER BY "alt"."TEN"
info: Microsoft.EntityFrameworkCore.Database.Command[20101]
      Executed DbCommand (7ms) [Parameters=[:p0='?' (Size = 2000), :p1='?' (DbType = Decimal), :p2='?' (Size = 4000), :p3='?' (Size = 2000), :p4='?' (DbType = Decimal), :p5='?' (Size = 2000), :p6='?' (DbType = DateTime), :p7='?' (DbType = Decimal), :p8='?' (Size = 2000), :p9='?' (Size = 2000), cur1='?' (Direction = Output) (DbType = Object)], CommandType='Text', CommandTimeout='0']
      DECLARE
      TYPE "rQL_HOAT_DONG_0" IS RECORD
      (
      "ID" DECIMAL(18, 2)
      );
      TYPE "tQL_HOAT_DONG_0" IS TABLE OF "rQL_HOAT_DONG_0";
      "lQL_HOAT_DONG_0" "tQL_HOAT_DONG_0";
      v_RowCount INTEGER;
      BEGIN
      
      "lQL_HOAT_DONG_0" := "tQL_HOAT_DONG_0"();
      "lQL_HOAT_DONG_0".extend(1);
      INSERT INTO "QL_HOAT_DONG" ("CONNECTION", "DOI_TUONG_ID", "DU_LIEU", "IP_TRUY_CAP", "LOAI_HOAT_DONG_ID", "MO_TA", "NGAY_TAO", "NGUOI_DUNG_ID", "SESSION_ID", "TEN_DOI_TUONG")
      VALUES (:p0, :p1, :p2, :p3, :p4, :p5, :p6, :p7, :p8, :p9)
      RETURNING "ID" INTO "lQL_HOAT_DONG_0"(1)."ID";
      OPEN :cur1 FOR SELECT "lQL_HOAT_DONG_0"(1)."ID" FROM DUAL;
      END;
info: Microsoft.AspNetCore.Mvc.Internal.ControllerActionInvoker[2]
      Executed action method GS.Web.Controllers.HomeController.Index (GS.Web), returned result Microsoft.AspNetCore.Mvc.RedirectResult in 592.9167ms.
info: Microsoft.AspNetCore.Mvc.Infrastructure.RedirectResultExecutor[1]
      Executing RedirectResult, redirecting to /AppWork/Index.
info: Microsoft.AspNetCore.Mvc.Internal.ControllerActionInvoker[2]
      Executed action GS.Web.Controllers.HomeController.Index (GS.Web) in 626.3517ms
info: Microsoft.AspNetCore.Session.DistributedSession[3]
      Session started; Key:4deb9178-2628-dfa3-5177-e8a7d660401c, Id:70174723-46a8-264a-0703-170cb7945820
info: Microsoft.AspNetCore.Hosting.Internal.WebHost[2]
      Request finished in 646.0498ms 302 
info: Microsoft.AspNetCore.Hosting.Internal.WebHost[1]
      Request starting HTTP/1.1 GET http://localhost:62432/AppWork/Index  
info: Microsoft.AspNetCore.Mvc.Internal.ControllerActionInvoker[1]
      Route matched with {action = "Index", controller = "AppWork"}. Executing action GS.Web.Controllers.AppWorkController.Index (GS.Web)
info: Microsoft.AspNetCore.Mvc.Internal.ControllerActionInvoker[1]
      Executing action method GS.Web.Controllers.AppWorkController.Index (GS.Web) - Validation state: Valid
info: Microsoft.AspNetCore.Mvc.Internal.ControllerActionInvoker[2]
      Executed action method GS.Web.Controllers.AppWorkController.Index (GS.Web), returned result Microsoft.AspNetCore.Mvc.ViewResult in 0.1379ms.
info: Microsoft.AspNetCore.Mvc.ViewFeatures.ViewResultExecutor[1]
      Executing ViewResult, running view Index.
info: Microsoft.EntityFrameworkCore.Infrastructure[10403]
      Entity Framework Core 2.2.6-servicing-10079 initialized 'GSObjectContext' using provider 'Oracle.EntityFrameworkCore' with options: using lazy-loading proxies 
info: Microsoft.EntityFrameworkCore.Database.Command[20101]
      Executed DbCommand (3ms) [Parameters=[:Ma_0='?' (Size = 2000)], CommandType='Text', CommandTimeout='0']
      SELECT "l"."GIA_TRI"
      FROM "QL_NHAN_HIEN_THI" "l"
      WHERE "l"."MA" = :Ma_0
      FETCH FIRST 1 ROWS ONLY
info: Microsoft.EntityFrameworkCore.Database.Command[20101]
      Executed DbCommand (3ms) [Parameters=[:nguoiDung_ID_0='?' (DbType = Decimal)], CommandType='Text', CommandTimeout='0']
      SELECT "c"."VAI_TRO_ID"
      FROM "QL_VAI_TRO_NGUOI_DUNG" "c"
      WHERE "c"."NGUOI_DUNG_ID" = :nguoiDung_ID_0
info: Microsoft.EntityFrameworkCore.Database.Command[20101]
      Executed DbCommand (5ms) [Parameters=[:vaiTro_0='?' (DbType = Decimal)], CommandType='Text', CommandTimeout='0']
      SELECT "q"."ID", "q"."MA", "q"."PHAN_HE", "q"."TEN"
      FROM "QL_QUYEN" "q"
      INNER JOIN "QL_QUYEN_VAI_TRO" "qvt" ON "q"."ID" = "qvt"."QUYEN_ID"
      WHERE "qvt"."VAI_TRO_ID" = :vaiTro_0
      ORDER BY "q"."ID"
info: Microsoft.EntityFrameworkCore.Database.Command[20101]
      Executed DbCommand (3ms) [Parameters=[:Ma_0='?' (Size = 2000)], CommandType='Text', CommandTimeout='0']
      SELECT "l"."GIA_TRI"
      FROM "QL_NHAN_HIEN_THI" "l"
      WHERE "l"."MA" = :Ma_0
      FETCH FIRST 1 ROWS ONLY
info: Microsoft.EntityFrameworkCore.Database.Command[20101]
      Executed DbCommand (2ms) [Parameters=[:nguoiDung_ID_0='?' (DbType = Decimal)], CommandType='Text', CommandTimeout='0']
      SELECT "c"."VAI_TRO_ID"
      FROM "QL_VAI_TRO_NGUOI_DUNG" "c"
      WHERE "c"."NGUOI_DUNG_ID" = :nguoiDung_ID_0
info: Microsoft.EntityFrameworkCore.Database.Command[20101]
      Executed DbCommand (2ms) [Parameters=[:Ma_0='?' (Size = 2000)], CommandType='Text', CommandTimeout='0']
      SELECT "l"."GIA_TRI"
      FROM "QL_NHAN_HIEN_THI" "l"
      WHERE "l"."MA" = :Ma_0
      FETCH FIRST 1 ROWS ONLY
info: Microsoft.EntityFrameworkCore.Database.Command[20101]
      Executed DbCommand (2ms) [Parameters=[:nguoiDung_ID_0='?' (DbType = Decimal)], CommandType='Text', CommandTimeout='0']
      SELECT "c"."VAI_TRO_ID"
      FROM "QL_VAI_TRO_NGUOI_DUNG" "c"
      WHERE "c"."NGUOI_DUNG_ID" = :nguoiDung_ID_0
info: Microsoft.EntityFrameworkCore.Database.Command[20101]
      Executed DbCommand (2ms) [Parameters=[:Ma_0='?' (Size = 2000)], CommandType='Text', CommandTimeout='0']
      SELECT "l"."GIA_TRI"
      FROM "QL_NHAN_HIEN_THI" "l"
      WHERE "l"."MA" = :Ma_0
      FETCH FIRST 1 ROWS ONLY
info: Microsoft.EntityFrameworkCore.Database.Command[20101]
      Executed DbCommand (2ms) [Parameters=[:nguoiDung_ID_0='?' (DbType = Decimal)], CommandType='Text', CommandTimeout='0']
      SELECT "c"."VAI_TRO_ID"
      FROM "QL_VAI_TRO_NGUOI_DUNG" "c"
      WHERE "c"."NGUOI_DUNG_ID" = :nguoiDung_ID_0
info: Microsoft.EntityFrameworkCore.Database.Command[20101]
      Executed DbCommand (2ms) [Parameters=[:Ma_0='?' (Size = 2000)], CommandType='Text', CommandTimeout='0']
      SELECT "l"."GIA_TRI"
      FROM "QL_NHAN_HIEN_THI" "l"
      WHERE "l"."MA" = :Ma_0
      FETCH FIRST 1 ROWS ONLY
info: Microsoft.EntityFrameworkCore.Database.Command[20101]
      Executed DbCommand (2ms) [Parameters=[:nguoiDung_ID_0='?' (DbType = Decimal)], CommandType='Text', CommandTimeout='0']
      SELECT "c"."VAI_TRO_ID"
      FROM "QL_VAI_TRO_NGUOI_DUNG" "c"
      WHERE "c"."NGUOI_DUNG_ID" = :nguoiDung_ID_0
info: Microsoft.EntityFrameworkCore.Database.Command[20101]
      Executed DbCommand (2ms) [Parameters=[:Ma_0='?' (Size = 2000)], CommandType='Text', CommandTimeout='0']
      SELECT "l"."GIA_TRI"
      FROM "QL_NHAN_HIEN_THI" "l"
      WHERE "l"."MA" = :Ma_0
      FETCH FIRST 1 ROWS ONLY
info: Microsoft.EntityFrameworkCore.Database.Command[20101]
      Executed DbCommand (2ms) [Parameters=[:nguoiDung_ID_0='?' (DbType = Decimal)], CommandType='Text', CommandTimeout='0']
      SELECT "c"."VAI_TRO_ID"
      FROM "QL_VAI_TRO_NGUOI_DUNG" "c"
      WHERE "c"."NGUOI_DUNG_ID" = :nguoiDung_ID_0
info: Microsoft.EntityFrameworkCore.Database.Command[20101]
      Executed DbCommand (3ms) [Parameters=[:Ma_0='?' (Size = 2000)], CommandType='Text', CommandTimeout='0']
      SELECT "l"."GIA_TRI"
      FROM "QL_NHAN_HIEN_THI" "l"
      WHERE "l"."MA" = :Ma_0
      FETCH FIRST 1 ROWS ONLY
info: Microsoft.EntityFrameworkCore.Database.Command[20101]
      Executed DbCommand (2ms) [Parameters=[:nguoiDung_ID_0='?' (DbType = Decimal)], CommandType='Text', CommandTimeout='0']
      SELECT "c"."VAI_TRO_ID"
      FROM "QL_VAI_TRO_NGUOI_DUNG" "c"
      WHERE "c"."NGUOI_DUNG_ID" = :nguoiDung_ID_0
info: Microsoft.EntityFrameworkCore.Database.Command[20101]
      Executed DbCommand (3ms) [Parameters=[:Ma_0='?' (Size = 2000)], CommandType='Text', CommandTimeout='0']
      SELECT "l"."GIA_TRI"
      FROM "QL_NHAN_HIEN_THI" "l"
      WHERE "l"."MA" = :Ma_0
      FETCH FIRST 1 ROWS ONLY
info: Microsoft.EntityFrameworkCore.Database.Command[20101]
      Executed DbCommand (2ms) [Parameters=[:nguoiDung_ID_0='?' (DbType = Decimal)], CommandType='Text', CommandTimeout='0']
      SELECT "c"."VAI_TRO_ID"
      FROM "QL_VAI_TRO_NGUOI_DUNG" "c"
      WHERE "c"."NGUOI_DUNG_ID" = :nguoiDung_ID_0
info: Microsoft.EntityFrameworkCore.Database.Command[20101]
      Executed DbCommand (3ms) [Parameters=[:Ma_0='?' (Size = 2000)], CommandType='Text', CommandTimeout='0']
      SELECT "l"."GIA_TRI"
      FROM "QL_NHAN_HIEN_THI" "l"
      WHERE "l"."MA" = :Ma_0
      FETCH FIRST 1 ROWS ONLY
info: Microsoft.EntityFrameworkCore.Database.Command[20101]
      Executed DbCommand (3ms) [Parameters=[:nguoiDung_ID_0='?' (DbType = Decimal)], CommandType='Text', CommandTimeout='0']
      SELECT "c"."VAI_TRO_ID"
      FROM "QL_VAI_TRO_NGUOI_DUNG" "c"
      WHERE "c"."NGUOI_DUNG_ID" = :nguoiDung_ID_0
info: Microsoft.EntityFrameworkCore.Database.Command[20101]
      Executed DbCommand (2ms) [Parameters=[:Ma_0='?' (Size = 2000)], CommandType='Text', CommandTimeout='0']
      SELECT "l"."GIA_TRI"
      FROM "QL_NHAN_HIEN_THI" "l"
      WHERE "l"."MA" = :Ma_0
      FETCH FIRST 1 ROWS ONLY
info: Microsoft.EntityFrameworkCore.Database.Command[20101]
      Executed DbCommand (2ms) [Parameters=[:nguoiDung_ID_0='?' (DbType = Decimal)], CommandType='Text', CommandTimeout='0']
      SELECT "c"."VAI_TRO_ID"
      FROM "QL_VAI_TRO_NGUOI_DUNG" "c"
      WHERE "c"."NGUOI_DUNG_ID" = :nguoiDung_ID_0
info: Microsoft.EntityFrameworkCore.Database.Command[20101]
      Executed DbCommand (4ms) [Parameters=[:vaiTro_0='?' (DbType = Decimal)], CommandType='Text', CommandTimeout='0']
      SELECT "q"."ID", "q"."MA", "q"."PHAN_HE", "q"."TEN"
      FROM "QL_QUYEN" "q"
      INNER JOIN "QL_QUYEN_VAI_TRO" "qvt" ON "q"."ID" = "qvt"."QUYEN_ID"
      WHERE "qvt"."VAI_TRO_ID" = :vaiTro_0
      ORDER BY "q"."ID"
info: Microsoft.EntityFrameworkCore.Database.Command[20101]
      Executed DbCommand (4ms) [Parameters=[:vaiTro_0='?' (DbType = Decimal)], CommandType='Text', CommandTimeout='0']
      SELECT "q"."ID", "q"."MA", "q"."PHAN_HE", "q"."TEN"
      FROM "QL_QUYEN" "q"
      INNER JOIN "QL_QUYEN_VAI_TRO" "qvt" ON "q"."ID" = "qvt"."QUYEN_ID"
      WHERE "qvt"."VAI_TRO_ID" = :vaiTro_0
      ORDER BY "q"."ID"
info: Microsoft.EntityFrameworkCore.Database.Command[20101]
      Executed DbCommand (3ms) [Parameters=[:Ma_0='?' (Size = 2000)], CommandType='Text', CommandTimeout='0']
      SELECT "l"."GIA_TRI"
      FROM "QL_NHAN_HIEN_THI" "l"
      WHERE "l"."MA" = :Ma_0
      FETCH FIRST 1 ROWS ONLY
info: Microsoft.EntityFrameworkCore.Database.Command[20101]
      Executed DbCommand (2ms) [Parameters=[:nguoiDung_ID_0='?' (DbType = Decimal)], CommandType='Text', CommandTimeout='0']
      SELECT "c"."VAI_TRO_ID"
      FROM "QL_VAI_TRO_NGUOI_DUNG" "c"
      WHERE "c"."NGUOI_DUNG_ID" = :nguoiDung_ID_0
info: Microsoft.EntityFrameworkCore.Database.Command[20101]
      Executed DbCommand (2ms) [Parameters=[:Ma_0='?' (Size = 2000)], CommandType='Text', CommandTimeout='0']
      SELECT "l"."GIA_TRI"
      FROM "QL_NHAN_HIEN_THI" "l"
      WHERE "l"."MA" = :Ma_0
      FETCH FIRST 1 ROWS ONLY
info: Microsoft.EntityFrameworkCore.Database.Command[20101]
      Executed DbCommand (2ms) [Parameters=[:nguoiDung_ID_0='?' (DbType = Decimal)], CommandType='Text', CommandTimeout='0']
      SELECT "c"."VAI_TRO_ID"
      FROM "QL_VAI_TRO_NGUOI_DUNG" "c"
      WHERE "c"."NGUOI_DUNG_ID" = :nguoiDung_ID_0
info: Microsoft.EntityFrameworkCore.Database.Command[20101]
      Executed DbCommand (2ms) [Parameters=[:nguoiDung_ID_0='?' (DbType = Decimal)], CommandType='Text', CommandTimeout='0']
      SELECT "c"."VAI_TRO_ID"
      FROM "QL_VAI_TRO_NGUOI_DUNG" "c"
      WHERE "c"."NGUOI_DUNG_ID" = :nguoiDung_ID_0
info: Microsoft.EntityFrameworkCore.Database.Command[20101]
      Executed DbCommand (24ms) [Parameters=[:Ma_0='?' (Size = 2000)], CommandType='Text', CommandTimeout='0']
      SELECT "l"."GIA_TRI"
      FROM "QL_NHAN_HIEN_THI" "l"
      WHERE "l"."MA" = :Ma_0
      FETCH FIRST 1 ROWS ONLY
info: Microsoft.EntityFrameworkCore.Database.Command[20101]
      Executed DbCommand (3ms) [Parameters=[:nguoiDung_ID_0='?' (DbType = Decimal)], CommandType='Text', CommandTimeout='0']
      SELECT "c"."VAI_TRO_ID"
      FROM "QL_VAI_TRO_NGUOI_DUNG" "c"
      WHERE "c"."NGUOI_DUNG_ID" = :nguoiDung_ID_0
info: Microsoft.EntityFrameworkCore.Database.Command[20101]
      Executed DbCommand (2ms) [Parameters=[:Ma_0='?' (Size = 2000)], CommandType='Text', CommandTimeout='0']
      SELECT "l"."GIA_TRI"
      FROM "QL_NHAN_HIEN_THI" "l"
      WHERE "l"."MA" = :Ma_0
      FETCH FIRST 1 ROWS ONLY
info: Microsoft.EntityFrameworkCore.Database.Command[20101]
      Executed DbCommand (2ms) [Parameters=[:nguoiDung_ID_0='?' (DbType = Decimal)], CommandType='Text', CommandTimeout='0']
      SELECT "c"."VAI_TRO_ID"
      FROM "QL_VAI_TRO_NGUOI_DUNG" "c"
      WHERE "c"."NGUOI_DUNG_ID" = :nguoiDung_ID_0
info: Microsoft.EntityFrameworkCore.Database.Command[20101]
      Executed DbCommand (3ms) [Parameters=[:Ma_0='?' (Size = 2000)], CommandType='Text', CommandTimeout='0']
      SELECT "l"."GIA_TRI"
      FROM "QL_NHAN_HIEN_THI" "l"
      WHERE "l"."MA" = :Ma_0
      FETCH FIRST 1 ROWS ONLY
info: Microsoft.EntityFrameworkCore.Database.Command[20101]
      Executed DbCommand (2ms) [Parameters=[:nguoiDung_ID_0='?' (DbType = Decimal)], CommandType='Text', CommandTimeout='0']
      SELECT "c"."VAI_TRO_ID"
      FROM "QL_VAI_TRO_NGUOI_DUNG" "c"
      WHERE "c"."NGUOI_DUNG_ID" = :nguoiDung_ID_0
info: Microsoft.EntityFrameworkCore.Database.Command[20101]
      Executed DbCommand (2ms) [Parameters=[:Ma_0='?' (Size = 2000)], CommandType='Text', CommandTimeout='0']
      SELECT "l"."GIA_TRI"
      FROM "QL_NHAN_HIEN_THI" "l"
      WHERE "l"."MA" = :Ma_0
      FETCH FIRST 1 ROWS ONLY
info: Microsoft.EntityFrameworkCore.Database.Command[20101]
      Executed DbCommand (2ms) [Parameters=[:nguoiDung_ID_0='?' (DbType = Decimal)], CommandType='Text', CommandTimeout='0']
      SELECT "c"."VAI_TRO_ID"
      FROM "QL_VAI_TRO_NGUOI_DUNG" "c"
      WHERE "c"."NGUOI_DUNG_ID" = :nguoiDung_ID_0
info: Microsoft.EntityFrameworkCore.Database.Command[20101]
      Executed DbCommand (2ms) [Parameters=[:Ma_0='?' (Size = 2000)], CommandType='Text', CommandTimeout='0']
      SELECT "l"."GIA_TRI"
      FROM "QL_NHAN_HIEN_THI" "l"
      WHERE "l"."MA" = :Ma_0
      FETCH FIRST 1 ROWS ONLY
info: Microsoft.EntityFrameworkCore.Database.Command[20101]
      Executed DbCommand (2ms) [Parameters=[:nguoiDung_ID_0='?' (DbType = Decimal)], CommandType='Text', CommandTimeout='0']
      SELECT "c"."VAI_TRO_ID"
      FROM "QL_VAI_TRO_NGUOI_DUNG" "c"
      WHERE "c"."NGUOI_DUNG_ID" = :nguoiDung_ID_0
info: Microsoft.EntityFrameworkCore.Database.Command[20101]
      Executed DbCommand (2ms) [Parameters=[:Ma_0='?' (Size = 2000)], CommandType='Text', CommandTimeout='0']
      SELECT "l"."GIA_TRI"
      FROM "QL_NHAN_HIEN_THI" "l"
      WHERE "l"."MA" = :Ma_0
      FETCH FIRST 1 ROWS ONLY
info: Microsoft.EntityFrameworkCore.Database.Command[20101]
      Executed DbCommand (2ms) [Parameters=[:nguoiDung_ID_0='?' (DbType = Decimal)], CommandType='Text', CommandTimeout='0']
      SELECT "c"."VAI_TRO_ID"
      FROM "QL_VAI_TRO_NGUOI_DUNG" "c"
      WHERE "c"."NGUOI_DUNG_ID" = :nguoiDung_ID_0
info: Microsoft.EntityFrameworkCore.Database.Command[20101]
      Executed DbCommand (2ms) [Parameters=[:Ma_0='?' (Size = 2000)], CommandType='Text', CommandTimeout='0']
      SELECT "l"."GIA_TRI"
      FROM "QL_NHAN_HIEN_THI" "l"
      WHERE "l"."MA" = :Ma_0
      FETCH FIRST 1 ROWS ONLY
info: Microsoft.EntityFrameworkCore.Database.Command[20101]
      Executed DbCommand (2ms) [Parameters=[:nguoiDung_ID_0='?' (DbType = Decimal)], CommandType='Text', CommandTimeout='0']
      SELECT "c"."VAI_TRO_ID"
      FROM "QL_VAI_TRO_NGUOI_DUNG" "c"
      WHERE "c"."NGUOI_DUNG_ID" = :nguoiDung_ID_0
info: Microsoft.EntityFrameworkCore.Database.Command[20101]
      Executed DbCommand (2ms) [Parameters=[:Ma_0='?' (Size = 2000)], CommandType='Text', CommandTimeout='0']
      SELECT "l"."GIA_TRI"
      FROM "QL_NHAN_HIEN_THI" "l"
      WHERE "l"."MA" = :Ma_0
      FETCH FIRST 1 ROWS ONLY
info: Microsoft.EntityFrameworkCore.Database.Command[20101]
      Executed DbCommand (2ms) [Parameters=[:nguoiDung_ID_0='?' (DbType = Decimal)], CommandType='Text', CommandTimeout='0']
      SELECT "c"."VAI_TRO_ID"
      FROM "QL_VAI_TRO_NGUOI_DUNG" "c"
      WHERE "c"."NGUOI_DUNG_ID" = :nguoiDung_ID_0
info: Microsoft.EntityFrameworkCore.Database.Command[20101]
      Executed DbCommand (2ms) [Parameters=[:Ma_0='?' (Size = 2000)], CommandType='Text', CommandTimeout='0']
      SELECT "l"."GIA_TRI"
      FROM "QL_NHAN_HIEN_THI" "l"
      WHERE "l"."MA" = :Ma_0
      FETCH FIRST 1 ROWS ONLY
info: Microsoft.EntityFrameworkCore.Database.Command[20101]
      Executed DbCommand (2ms) [Parameters=[:nguoiDung_ID_0='?' (DbType = Decimal)], CommandType='Text', CommandTimeout='0']
      SELECT "c"."VAI_TRO_ID"
      FROM "QL_VAI_TRO_NGUOI_DUNG" "c"
      WHERE "c"."NGUOI_DUNG_ID" = :nguoiDung_ID_0
info: Microsoft.EntityFrameworkCore.Database.Command[20101]
      Executed DbCommand (2ms) [Parameters=[:Ma_0='?' (Size = 2000)], CommandType='Text', CommandTimeout='0']
      SELECT "l"."GIA_TRI"
      FROM "QL_NHAN_HIEN_THI" "l"
      WHERE "l"."MA" = :Ma_0
      FETCH FIRST 1 ROWS ONLY
info: Microsoft.EntityFrameworkCore.Database.Command[20101]
      Executed DbCommand (2ms) [Parameters=[:nguoiDung_ID_0='?' (DbType = Decimal)], CommandType='Text', CommandTimeout='0']
      SELECT "c"."VAI_TRO_ID"
      FROM "QL_VAI_TRO_NGUOI_DUNG" "c"
      WHERE "c"."NGUOI_DUNG_ID" = :nguoiDung_ID_0
info: Microsoft.EntityFrameworkCore.Database.Command[20101]
      Executed DbCommand (2ms) [Parameters=[:Ma_0='?' (Size = 2000)], CommandType='Text', CommandTimeout='0']
      SELECT "l"."GIA_TRI"
      FROM "QL_NHAN_HIEN_THI" "l"
      WHERE "l"."MA" = :Ma_0
      FETCH FIRST 1 ROWS ONLY
info: Microsoft.EntityFrameworkCore.Database.Command[20101]
      Executed DbCommand (2ms) [Parameters=[:nguoiDung_ID_0='?' (DbType = Decimal)], CommandType='Text', CommandTimeout='0']
      SELECT "c"."VAI_TRO_ID"
      FROM "QL_VAI_TRO_NGUOI_DUNG" "c"
      WHERE "c"."NGUOI_DUNG_ID" = :nguoiDung_ID_0
info: Microsoft.EntityFrameworkCore.Database.Command[20101]
      Executed DbCommand (2ms) [Parameters=[:Ma_0='?' (Size = 2000)], CommandType='Text', CommandTimeout='0']
      SELECT "l"."GIA_TRI"
      FROM "QL_NHAN_HIEN_THI" "l"
      WHERE "l"."MA" = :Ma_0
      FETCH FIRST 1 ROWS ONLY
info: Microsoft.EntityFrameworkCore.Database.Command[20101]
      Executed DbCommand (2ms) [Parameters=[:nguoiDung_ID_0='?' (DbType = Decimal)], CommandType='Text', CommandTimeout='0']
      SELECT "c"."VAI_TRO_ID"
      FROM "QL_VAI_TRO_NGUOI_DUNG" "c"
      WHERE "c"."NGUOI_DUNG_ID" = :nguoiDung_ID_0
info: Microsoft.EntityFrameworkCore.Database.Command[20101]
      Executed DbCommand (2ms) [Parameters=[:Ma_0='?' (Size = 2000)], CommandType='Text', CommandTimeout='0']
      SELECT "l"."GIA_TRI"
      FROM "QL_NHAN_HIEN_THI" "l"
      WHERE "l"."MA" = :Ma_0
      FETCH FIRST 1 ROWS ONLY
info: Microsoft.EntityFrameworkCore.Database.Command[20101]
      Executed DbCommand (2ms) [Parameters=[:nguoiDung_ID_0='?' (DbType = Decimal)], CommandType='Text', CommandTimeout='0']
      SELECT "c"."VAI_TRO_ID"
      FROM "QL_VAI_TRO_NGUOI_DUNG" "c"
      WHERE "c"."NGUOI_DUNG_ID" = :nguoiDung_ID_0
info: Microsoft.EntityFrameworkCore.Database.Command[20101]
      Executed DbCommand (3ms) [Parameters=[:Ma_0='?' (Size = 2000)], CommandType='Text', CommandTimeout='0']
      SELECT "l"."GIA_TRI"
      FROM "QL_NHAN_HIEN_THI" "l"
      WHERE "l"."MA" = :Ma_0
      FETCH FIRST 1 ROWS ONLY
info: Microsoft.EntityFrameworkCore.Database.Command[20101]
      Executed DbCommand (2ms) [Parameters=[:nguoiDung_ID_0='?' (DbType = Decimal)], CommandType='Text', CommandTimeout='0']
      SELECT "c"."VAI_TRO_ID"
      FROM "QL_VAI_TRO_NGUOI_DUNG" "c"
      WHERE "c"."NGUOI_DUNG_ID" = :nguoiDung_ID_0
info: Microsoft.EntityFrameworkCore.Database.Command[20101]
      Executed DbCommand (3ms) [Parameters=[:Ma_0='?' (Size = 2000)], CommandType='Text', CommandTimeout='0']
      SELECT "l"."GIA_TRI"
      FROM "QL_NHAN_HIEN_THI" "l"
      WHERE "l"."MA" = :Ma_0
      FETCH FIRST 1 ROWS ONLY
info: Microsoft.EntityFrameworkCore.Database.Command[20101]
      Executed DbCommand (2ms) [Parameters=[:nguoiDung_ID_0='?' (DbType = Decimal)], CommandType='Text', CommandTimeout='0']
      SELECT "c"."VAI_TRO_ID"
      FROM "QL_VAI_TRO_NGUOI_DUNG" "c"
      WHERE "c"."NGUOI_DUNG_ID" = :nguoiDung_ID_0
info: Microsoft.EntityFrameworkCore.Database.Command[20101]
      Executed DbCommand (3ms) [Parameters=[:Ma_0='?' (Size = 2000)], CommandType='Text', CommandTimeout='0']
      SELECT "l"."GIA_TRI"
      FROM "QL_NHAN_HIEN_THI" "l"
      WHERE "l"."MA" = :Ma_0
      FETCH FIRST 1 ROWS ONLY
info: Microsoft.EntityFrameworkCore.Database.Command[20101]
      Executed DbCommand (2ms) [Parameters=[:nguoiDung_ID_0='?' (DbType = Decimal)], CommandType='Text', CommandTimeout='0']
      SELECT "c"."VAI_TRO_ID"
      FROM "QL_VAI_TRO_NGUOI_DUNG" "c"
      WHERE "c"."NGUOI_DUNG_ID" = :nguoiDung_ID_0
info: Microsoft.EntityFrameworkCore.Database.Command[20101]
      Executed DbCommand (3ms) [Parameters=[:Ma_0='?' (Size = 2000)], CommandType='Text', CommandTimeout='0']
      SELECT "l"."GIA_TRI"
      FROM "QL_NHAN_HIEN_THI" "l"
      WHERE "l"."MA" = :Ma_0
      FETCH FIRST 1 ROWS ONLY
info: Microsoft.EntityFrameworkCore.Database.Command[20101]
      Executed DbCommand (2ms) [Parameters=[:nguoiDung_ID_0='?' (DbType = Decimal)], CommandType='Text', CommandTimeout='0']
      SELECT "c"."VAI_TRO_ID"
      FROM "QL_VAI_TRO_NGUOI_DUNG" "c"
      WHERE "c"."NGUOI_DUNG_ID" = :nguoiDung_ID_0
info: Microsoft.EntityFrameworkCore.Database.Command[20101]
      Executed DbCommand (3ms) [Parameters=[:Ma_0='?' (Size = 2000)], CommandType='Text', CommandTimeout='0']
      SELECT "l"."GIA_TRI"
      FROM "QL_NHAN_HIEN_THI" "l"
      WHERE "l"."MA" = :Ma_0
      FETCH FIRST 1 ROWS ONLY
info: Microsoft.EntityFrameworkCore.Database.Command[20101]
      Executed DbCommand (2ms) [Parameters=[:nguoiDung_ID_0='?' (DbType = Decimal)], CommandType='Text', CommandTimeout='0']
      SELECT "c"."VAI_TRO_ID"
      FROM "QL_VAI_TRO_NGUOI_DUNG" "c"
      WHERE "c"."NGUOI_DUNG_ID" = :nguoiDung_ID_0
info: Microsoft.EntityFrameworkCore.Database.Command[20101]
      Executed DbCommand (3ms) [Parameters=[:Ma_0='?' (Size = 2000)], CommandType='Text', CommandTimeout='0']
      SELECT "l"."GIA_TRI"
      FROM "QL_NHAN_HIEN_THI" "l"
      WHERE "l"."MA" = :Ma_0
      FETCH FIRST 1 ROWS ONLY
info: Microsoft.EntityFrameworkCore.Database.Command[20101]
      Executed DbCommand (3ms) [Parameters=[:nguoiDung_ID_0='?' (DbType = Decimal)], CommandType='Text', CommandTimeout='0']
      SELECT "c"."VAI_TRO_ID"
      FROM "QL_VAI_TRO_NGUOI_DUNG" "c"
      WHERE "c"."NGUOI_DUNG_ID" = :nguoiDung_ID_0
info: Microsoft.EntityFrameworkCore.Database.Command[20101]
      Executed DbCommand (3ms) [Parameters=[:Ma_0='?' (Size = 2000)], CommandType='Text', CommandTimeout='0']
      SELECT "l"."GIA_TRI"
      FROM "QL_NHAN_HIEN_THI" "l"
      WHERE "l"."MA" = :Ma_0
      FETCH FIRST 1 ROWS ONLY
info: Microsoft.EntityFrameworkCore.Database.Command[20101]
      Executed DbCommand (2ms) [Parameters=[:nguoiDung_ID_0='?' (DbType = Decimal)], CommandType='Text', CommandTimeout='0']
      SELECT "c"."VAI_TRO_ID"
      FROM "QL_VAI_TRO_NGUOI_DUNG" "c"
      WHERE "c"."NGUOI_DUNG_ID" = :nguoiDung_ID_0
info: Microsoft.EntityFrameworkCore.Database.Command[20101]
      Executed DbCommand (3ms) [Parameters=[:Ma_0='?' (Size = 2000)], CommandType='Text', CommandTimeout='0']
      SELECT "l"."GIA_TRI"
      FROM "QL_NHAN_HIEN_THI" "l"
      WHERE "l"."MA" = :Ma_0
      FETCH FIRST 1 ROWS ONLY
info: Microsoft.EntityFrameworkCore.Database.Command[20101]
      Executed DbCommand (2ms) [Parameters=[:nguoiDung_ID_0='?' (DbType = Decimal)], CommandType='Text', CommandTimeout='0']
      SELECT "c"."VAI_TRO_ID"
      FROM "QL_VAI_TRO_NGUOI_DUNG" "c"
      WHERE "c"."NGUOI_DUNG_ID" = :nguoiDung_ID_0
info: Microsoft.EntityFrameworkCore.Database.Command[20101]
      Executed DbCommand (3ms) [Parameters=[:Ma_0='?' (Size = 2000)], CommandType='Text', CommandTimeout='0']
      SELECT "l"."GIA_TRI"
      FROM "QL_NHAN_HIEN_THI" "l"
      WHERE "l"."MA" = :Ma_0
      FETCH FIRST 1 ROWS ONLY
info: Microsoft.EntityFrameworkCore.Database.Command[20101]
      Executed DbCommand (2ms) [Parameters=[:nguoiDung_ID_0='?' (DbType = Decimal)], CommandType='Text', CommandTimeout='0']
      SELECT "c"."VAI_TRO_ID"
      FROM "QL_VAI_TRO_NGUOI_DUNG" "c"
      WHERE "c"."NGUOI_DUNG_ID" = :nguoiDung_ID_0
info: Microsoft.EntityFrameworkCore.Database.Command[20101]
      Executed DbCommand (3ms) [Parameters=[:Ma_0='?' (Size = 2000)], CommandType='Text', CommandTimeout='0']
      SELECT "l"."GIA_TRI"
      FROM "QL_NHAN_HIEN_THI" "l"
      WHERE "l"."MA" = :Ma_0
      FETCH FIRST 1 ROWS ONLY
info: Microsoft.EntityFrameworkCore.Database.Command[20101]
      Executed DbCommand (2ms) [Parameters=[:nguoiDung_ID_0='?' (DbType = Decimal)], CommandType='Text', CommandTimeout='0']
      SELECT "c"."VAI_TRO_ID"
      FROM "QL_VAI_TRO_NGUOI_DUNG" "c"
      WHERE "c"."NGUOI_DUNG_ID" = :nguoiDung_ID_0
info: Microsoft.EntityFrameworkCore.Database.Command[20101]
      Executed DbCommand (3ms) [Parameters=[:Ma_0='?' (Size = 2000)], CommandType='Text', CommandTimeout='0']
      SELECT "l"."GIA_TRI"
      FROM "QL_NHAN_HIEN_THI" "l"
      WHERE "l"."MA" = :Ma_0
      FETCH FIRST 1 ROWS ONLY
info: Microsoft.EntityFrameworkCore.Database.Command[20101]
      Executed DbCommand (3ms) [Parameters=[:nguoiDung_ID_0='?' (DbType = Decimal)], CommandType='Text', CommandTimeout='0']
      SELECT "c"."VAI_TRO_ID"
      FROM "QL_VAI_TRO_NGUOI_DUNG" "c"
      WHERE "c"."NGUOI_DUNG_ID" = :nguoiDung_ID_0
info: Microsoft.EntityFrameworkCore.Database.Command[20101]
      Executed DbCommand (3ms) [Parameters=[:Ma_0='?' (Size = 2000)], CommandType='Text', CommandTimeout='0']
      SELECT "l"."GIA_TRI"
      FROM "QL_NHAN_HIEN_THI" "l"
      WHERE "l"."MA" = :Ma_0
      FETCH FIRST 1 ROWS ONLY
info: Microsoft.EntityFrameworkCore.Database.Command[20101]
      Executed DbCommand (2ms) [Parameters=[:nguoiDung_ID_0='?' (DbType = Decimal)], CommandType='Text', CommandTimeout='0']
      SELECT "c"."VAI_TRO_ID"
      FROM "QL_VAI_TRO_NGUOI_DUNG" "c"
      WHERE "c"."NGUOI_DUNG_ID" = :nguoiDung_ID_0
info: Microsoft.EntityFrameworkCore.Database.Command[20101]
      Executed DbCommand (3ms) [Parameters=[:Ma_0='?' (Size = 2000)], CommandType='Text', CommandTimeout='0']
      SELECT "l"."GIA_TRI"
      FROM "QL_NHAN_HIEN_THI" "l"
      WHERE "l"."MA" = :Ma_0
      FETCH FIRST 1 ROWS ONLY
info: Microsoft.EntityFrameworkCore.Database.Command[20101]
      Executed DbCommand (2ms) [Parameters=[:nguoiDung_ID_0='?' (DbType = Decimal)], CommandType='Text', CommandTimeout='0']
      SELECT "c"."VAI_TRO_ID"
      FROM "QL_VAI_TRO_NGUOI_DUNG" "c"
      WHERE "c"."NGUOI_DUNG_ID" = :nguoiDung_ID_0
info: Microsoft.EntityFrameworkCore.Database.Command[20101]
      Executed DbCommand (3ms) [Parameters=[:Ma_0='?' (Size = 2000)], CommandType='Text', CommandTimeout='0']
      SELECT "l"."GIA_TRI"
      FROM "QL_NHAN_HIEN_THI" "l"
      WHERE "l"."MA" = :Ma_0
      FETCH FIRST 1 ROWS ONLY
info: Microsoft.EntityFrameworkCore.Database.Command[20101]
      Executed DbCommand (2ms) [Parameters=[:nguoiDung_ID_0='?' (DbType = Decimal)], CommandType='Text', CommandTimeout='0']
      SELECT "c"."VAI_TRO_ID"
      FROM "QL_VAI_TRO_NGUOI_DUNG" "c"
      WHERE "c"."NGUOI_DUNG_ID" = :nguoiDung_ID_0
info: Microsoft.EntityFrameworkCore.Database.Command[20101]
      Executed DbCommand (3ms) [Parameters=[:Ma_0='?' (Size = 2000)], CommandType='Text', CommandTimeout='0']
      SELECT "l"."GIA_TRI"
      FROM "QL_NHAN_HIEN_THI" "l"
      WHERE "l"."MA" = :Ma_0
      FETCH FIRST 1 ROWS ONLY
info: Microsoft.EntityFrameworkCore.Database.Command[20101]
      Executed DbCommand (3ms) [Parameters=[:nguoiDung_ID_0='?' (DbType = Decimal)], CommandType='Text', CommandTimeout='0']
      SELECT "c"."VAI_TRO_ID"
      FROM "QL_VAI_TRO_NGUOI_DUNG" "c"
      WHERE "c"."NGUOI_DUNG_ID" = :nguoiDung_ID_0
info: Microsoft.EntityFrameworkCore.Database.Command[20101]
      Executed DbCommand (3ms) [Parameters=[:Ma_0='?' (Size = 2000)], CommandType='Text', CommandTimeout='0']
      SELECT "l"."GIA_TRI"
      FROM "QL_NHAN_HIEN_THI" "l"
      WHERE "l"."MA" = :Ma_0
      FETCH FIRST 1 ROWS ONLY
info: Microsoft.EntityFrameworkCore.Database.Command[20101]
      Executed DbCommand (2ms) [Parameters=[:nguoiDung_ID_0='?' (DbType = Decimal)], CommandType='Text', CommandTimeout='0']
      SELECT "c"."VAI_TRO_ID"
      FROM "QL_VAI_TRO_NGUOI_DUNG" "c"
      WHERE "c"."NGUOI_DUNG_ID" = :nguoiDung_ID_0
info: Microsoft.EntityFrameworkCore.Database.Command[20101]
      Executed DbCommand (2ms) [Parameters=[:Ma_0='?' (Size = 2000)], CommandType='Text', CommandTimeout='0']
      SELECT "l"."GIA_TRI"
      FROM "QL_NHAN_HIEN_THI" "l"
      WHERE "l"."MA" = :Ma_0
      FETCH FIRST 1 ROWS ONLY
info: Microsoft.EntityFrameworkCore.Database.Command[20101]
      Executed DbCommand (2ms) [Parameters=[:nguoiDung_ID_0='?' (DbType = Decimal)], CommandType='Text', CommandTimeout='0']
      SELECT "c"."VAI_TRO_ID"
      FROM "QL_VAI_TRO_NGUOI_DUNG" "c"
      WHERE "c"."NGUOI_DUNG_ID" = :nguoiDung_ID_0
info: Microsoft.EntityFrameworkCore.Database.Command[20101]
      Executed DbCommand (2ms) [Parameters=[:Ma_0='?' (Size = 2000)], CommandType='Text', CommandTimeout='0']
      SELECT "l"."GIA_TRI"
      FROM "QL_NHAN_HIEN_THI" "l"
      WHERE "l"."MA" = :Ma_0
      FETCH FIRST 1 ROWS ONLY
info: Microsoft.EntityFrameworkCore.Database.Command[20101]
      Executed DbCommand (2ms) [Parameters=[:nguoiDung_ID_0='?' (DbType = Decimal)], CommandType='Text', CommandTimeout='0']
      SELECT "c"."VAI_TRO_ID"
      FROM "QL_VAI_TRO_NGUOI_DUNG" "c"
      WHERE "c"."NGUOI_DUNG_ID" = :nguoiDung_ID_0
info: Microsoft.EntityFrameworkCore.Database.Command[20101]
      Executed DbCommand (3ms) [Parameters=[:Ma_0='?' (Size = 2000)], CommandType='Text', CommandTimeout='0']
      SELECT "l"."GIA_TRI"
      FROM "QL_NHAN_HIEN_THI" "l"
      WHERE "l"."MA" = :Ma_0
      FETCH FIRST 1 ROWS ONLY
info: Microsoft.EntityFrameworkCore.Database.Command[20101]
      Executed DbCommand (2ms) [Parameters=[:nguoiDung_ID_0='?' (DbType = Decimal)], CommandType='Text', CommandTimeout='0']
      SELECT "c"."VAI_TRO_ID"
      FROM "QL_VAI_TRO_NGUOI_DUNG" "c"
      WHERE "c"."NGUOI_DUNG_ID" = :nguoiDung_ID_0
info: Microsoft.EntityFrameworkCore.Database.Command[20101]
      Executed DbCommand (2ms) [Parameters=[:Ma_0='?' (Size = 2000)], CommandType='Text', CommandTimeout='0']
      SELECT "l"."GIA_TRI"
      FROM "QL_NHAN_HIEN_THI" "l"
      WHERE "l"."MA" = :Ma_0
      FETCH FIRST 1 ROWS ONLY
info: Microsoft.EntityFrameworkCore.Database.Command[20101]
      Executed DbCommand (3ms) [Parameters=[:nguoiDung_ID_0='?' (DbType = Decimal)], CommandType='Text', CommandTimeout='0']
      SELECT "c"."VAI_TRO_ID"
      FROM "QL_VAI_TRO_NGUOI_DUNG" "c"
      WHERE "c"."NGUOI_DUNG_ID" = :nguoiDung_ID_0
info: Microsoft.EntityFrameworkCore.Database.Command[20101]
      Executed DbCommand (3ms) [Parameters=[:Ma_0='?' (Size = 2000)], CommandType='Text', CommandTimeout='0']
      SELECT "l"."GIA_TRI"
      FROM "QL_NHAN_HIEN_THI" "l"
      WHERE "l"."MA" = :Ma_0
      FETCH FIRST 1 ROWS ONLY
info: Microsoft.EntityFrameworkCore.Database.Command[20101]
      Executed DbCommand (2ms) [Parameters=[:nguoiDung_ID_0='?' (DbType = Decimal)], CommandType='Text', CommandTimeout='0']
      SELECT "c"."VAI_TRO_ID"
      FROM "QL_VAI_TRO_NGUOI_DUNG" "c"
      WHERE "c"."NGUOI_DUNG_ID" = :nguoiDung_ID_0
info: Microsoft.EntityFrameworkCore.Database.Command[20101]
      Executed DbCommand (2ms) [Parameters=[:Ma_0='?' (Size = 2000)], CommandType='Text', CommandTimeout='0']
      SELECT "l"."GIA_TRI"
      FROM "QL_NHAN_HIEN_THI" "l"
      WHERE "l"."MA" = :Ma_0
      FETCH FIRST 1 ROWS ONLY
info: Microsoft.EntityFrameworkCore.Database.Command[20101]
      Executed DbCommand (2ms) [Parameters=[:nguoiDung_ID_0='?' (DbType = Decimal)], CommandType='Text', CommandTimeout='0']
      SELECT "c"."VAI_TRO_ID"
      FROM "QL_VAI_TRO_NGUOI_DUNG" "c"
      WHERE "c"."NGUOI_DUNG_ID" = :nguoiDung_ID_0
info: Microsoft.EntityFrameworkCore.Database.Command[20101]
      Executed DbCommand (3ms) [Parameters=[:Ma_0='?' (Size = 2000)], CommandType='Text', CommandTimeout='0']
      SELECT "l"."GIA_TRI"
      FROM "QL_NHAN_HIEN_THI" "l"
      WHERE "l"."MA" = :Ma_0
      FETCH FIRST 1 ROWS ONLY
info: Microsoft.EntityFrameworkCore.Database.Command[20101]
      Executed DbCommand (2ms) [Parameters=[:nguoiDung_ID_0='?' (DbType = Decimal)], CommandType='Text', CommandTimeout='0']
      SELECT "c"."VAI_TRO_ID"
      FROM "QL_VAI_TRO_NGUOI_DUNG" "c"
      WHERE "c"."NGUOI_DUNG_ID" = :nguoiDung_ID_0
info: Microsoft.EntityFrameworkCore.Database.Command[20101]
      Executed DbCommand (2ms) [Parameters=[:Ma_0='?' (Size = 2000)], CommandType='Text', CommandTimeout='0']
      SELECT "l"."GIA_TRI"
      FROM "QL_NHAN_HIEN_THI" "l"
      WHERE "l"."MA" = :Ma_0
      FETCH FIRST 1 ROWS ONLY
info: Microsoft.EntityFrameworkCore.Database.Command[20101]
      Executed DbCommand (2ms) [Parameters=[:nguoiDung_ID_0='?' (DbType = Decimal)], CommandType='Text', CommandTimeout='0']
      SELECT "c"."VAI_TRO_ID"
      FROM "QL_VAI_TRO_NGUOI_DUNG" "c"
      WHERE "c"."NGUOI_DUNG_ID" = :nguoiDung_ID_0
info: Microsoft.EntityFrameworkCore.Database.Command[20101]
      Executed DbCommand (2ms) [Parameters=[:Ma_0='?' (Size = 2000)], CommandType='Text', CommandTimeout='0']
      SELECT "l"."GIA_TRI"
      FROM "QL_NHAN_HIEN_THI" "l"
      WHERE "l"."MA" = :Ma_0
      FETCH FIRST 1 ROWS ONLY
info: Microsoft.EntityFrameworkCore.Database.Command[20101]
      Executed DbCommand (2ms) [Parameters=[:nguoiDung_ID_0='?' (DbType = Decimal)], CommandType='Text', CommandTimeout='0']
      SELECT "c"."VAI_TRO_ID"
      FROM "QL_VAI_TRO_NGUOI_DUNG" "c"
      WHERE "c"."NGUOI_DUNG_ID" = :nguoiDung_ID_0
info: Microsoft.EntityFrameworkCore.Database.Command[20101]
      Executed DbCommand (2ms) [Parameters=[:Ma_0='?' (Size = 2000)], CommandType='Text', CommandTimeout='0']
      SELECT "l"."GIA_TRI"
      FROM "QL_NHAN_HIEN_THI" "l"
      WHERE "l"."MA" = :Ma_0
      FETCH FIRST 1 ROWS ONLY
info: Microsoft.EntityFrameworkCore.Database.Command[20101]
      Executed DbCommand (3ms) [Parameters=[:nguoiDung_ID_0='?' (DbType = Decimal)], CommandType='Text', CommandTimeout='0']
      SELECT "c"."VAI_TRO_ID"
      FROM "QL_VAI_TRO_NGUOI_DUNG" "c"
      WHERE "c"."NGUOI_DUNG_ID" = :nguoiDung_ID_0
info: Microsoft.EntityFrameworkCore.Database.Command[20101]
      Executed DbCommand (3ms) [Parameters=[:Ma_0='?' (Size = 2000)], CommandType='Text', CommandTimeout='0']
      SELECT "l"."GIA_TRI"
      FROM "QL_NHAN_HIEN_THI" "l"
      WHERE "l"."MA" = :Ma_0
      FETCH FIRST 1 ROWS ONLY
info: Microsoft.EntityFrameworkCore.Database.Command[20101]
      Executed DbCommand (2ms) [Parameters=[:nguoiDung_ID_0='?' (DbType = Decimal)], CommandType='Text', CommandTimeout='0']
      SELECT "c"."VAI_TRO_ID"
      FROM "QL_VAI_TRO_NGUOI_DUNG" "c"
      WHERE "c"."NGUOI_DUNG_ID" = :nguoiDung_ID_0
info: Microsoft.EntityFrameworkCore.Database.Command[20101]
      Executed DbCommand (2ms) [Parameters=[:Ma_0='?' (Size = 2000)], CommandType='Text', CommandTimeout='0']
      SELECT "l"."GIA_TRI"
      FROM "QL_NHAN_HIEN_THI" "l"
      WHERE "l"."MA" = :Ma_0
      FETCH FIRST 1 ROWS ONLY
info: Microsoft.EntityFrameworkCore.Database.Command[20101]
      Executed DbCommand (2ms) [Parameters=[:nguoiDung_ID_0='?' (DbType = Decimal)], CommandType='Text', CommandTimeout='0']
      SELECT "c"."VAI_TRO_ID"
      FROM "QL_VAI_TRO_NGUOI_DUNG" "c"
      WHERE "c"."NGUOI_DUNG_ID" = :nguoiDung_ID_0
info: Microsoft.EntityFrameworkCore.Database.Command[20101]
      Executed DbCommand (2ms) [Parameters=[:Ma_0='?' (Size = 2000)], CommandType='Text', CommandTimeout='0']
      SELECT "l"."GIA_TRI"
      FROM "QL_NHAN_HIEN_THI" "l"
      WHERE "l"."MA" = :Ma_0
      FETCH FIRST 1 ROWS ONLY
info: Microsoft.EntityFrameworkCore.Database.Command[20101]
      Executed DbCommand (2ms) [Parameters=[:nguoiDung_ID_0='?' (DbType = Decimal)], CommandType='Text', CommandTimeout='0']
      SELECT "c"."VAI_TRO_ID"
      FROM "QL_VAI_TRO_NGUOI_DUNG" "c"
      WHERE "c"."NGUOI_DUNG_ID" = :nguoiDung_ID_0
info: Microsoft.EntityFrameworkCore.Database.Command[20101]
      Executed DbCommand (2ms) [Parameters=[:Ma_0='?' (Size = 2000)], CommandType='Text', CommandTimeout='0']
      SELECT "l"."GIA_TRI"
      FROM "QL_NHAN_HIEN_THI" "l"
      WHERE "l"."MA" = :Ma_0
      FETCH FIRST 1 ROWS ONLY
info: Microsoft.EntityFrameworkCore.Database.Command[20101]
      Executed DbCommand (2ms) [Parameters=[:nguoiDung_ID_0='?' (DbType = Decimal)], CommandType='Text', CommandTimeout='0']
      SELECT "c"."VAI_TRO_ID"
      FROM "QL_VAI_TRO_NGUOI_DUNG" "c"
      WHERE "c"."NGUOI_DUNG_ID" = :nguoiDung_ID_0
info: Microsoft.EntityFrameworkCore.Database.Command[20101]
      Executed DbCommand (3ms) [Parameters=[:Ma_0='?' (Size = 2000)], CommandType='Text', CommandTimeout='0']
      SELECT "l"."GIA_TRI"
      FROM "QL_NHAN_HIEN_THI" "l"
      WHERE "l"."MA" = :Ma_0
      FETCH FIRST 1 ROWS ONLY
info: Microsoft.EntityFrameworkCore.Database.Command[20101]
      Executed DbCommand (2ms) [Parameters=[:nguoiDung_ID_0='?' (DbType = Decimal)], CommandType='Text', CommandTimeout='0']
      SELECT "c"."VAI_TRO_ID"
      FROM "QL_VAI_TRO_NGUOI_DUNG" "c"
      WHERE "c"."NGUOI_DUNG_ID" = :nguoiDung_ID_0
info: Microsoft.EntityFrameworkCore.Database.Command[20101]
      Executed DbCommand (2ms) [Parameters=[:Ma_0='?' (Size = 2000)], CommandType='Text', CommandTimeout='0']
      SELECT "l"."GIA_TRI"
      FROM "QL_NHAN_HIEN_THI" "l"
      WHERE "l"."MA" = :Ma_0
      FETCH FIRST 1 ROWS ONLY
info: Microsoft.EntityFrameworkCore.Database.Command[20101]
      Executed DbCommand (2ms) [Parameters=[:nguoiDung_ID_0='?' (DbType = Decimal)], CommandType='Text', CommandTimeout='0']
      SELECT "c"."VAI_TRO_ID"
      FROM "QL_VAI_TRO_NGUOI_DUNG" "c"
      WHERE "c"."NGUOI_DUNG_ID" = :nguoiDung_ID_0
info: Microsoft.EntityFrameworkCore.Database.Command[20101]
      Executed DbCommand (3ms) [Parameters=[:Ma_0='?' (Size = 2000)], CommandType='Text', CommandTimeout='0']
      SELECT "l"."GIA_TRI"
      FROM "QL_NHAN_HIEN_THI" "l"
      WHERE "l"."MA" = :Ma_0
      FETCH FIRST 1 ROWS ONLY
info: Microsoft.EntityFrameworkCore.Database.Command[20101]
      Executed DbCommand (2ms) [Parameters=[:nguoiDung_ID_0='?' (DbType = Decimal)], CommandType='Text', CommandTimeout='0']
      SELECT "c"."VAI_TRO_ID"
      FROM "QL_VAI_TRO_NGUOI_DUNG" "c"
      WHERE "c"."NGUOI_DUNG_ID" = :nguoiDung_ID_0
info: Microsoft.EntityFrameworkCore.Database.Command[20101]
      Executed DbCommand (3ms) [Parameters=[:Ma_0='?' (Size = 2000)], CommandType='Text', CommandTimeout='0']
      SELECT "l"."GIA_TRI"
      FROM "QL_NHAN_HIEN_THI" "l"
      WHERE "l"."MA" = :Ma_0
      FETCH FIRST 1 ROWS ONLY
info: Microsoft.EntityFrameworkCore.Database.Command[20101]
      Executed DbCommand (2ms) [Parameters=[:nguoiDung_ID_0='?' (DbType = Decimal)], CommandType='Text', CommandTimeout='0']
      SELECT "c"."VAI_TRO_ID"
      FROM "QL_VAI_TRO_NGUOI_DUNG" "c"
      WHERE "c"."NGUOI_DUNG_ID" = :nguoiDung_ID_0
info: Microsoft.EntityFrameworkCore.Database.Command[20101]
      Executed DbCommand (3ms) [Parameters=[:Ma_0='?' (Size = 2000)], CommandType='Text', CommandTimeout='0']
      SELECT "l"."GIA_TRI"
      FROM "QL_NHAN_HIEN_THI" "l"
      WHERE "l"."MA" = :Ma_0
      FETCH FIRST 1 ROWS ONLY
info: Microsoft.EntityFrameworkCore.Database.Command[20101]
      Executed DbCommand (3ms) [Parameters=[:nguoiDung_ID_0='?' (DbType = Decimal)], CommandType='Text', CommandTimeout='0']
      SELECT "c"."VAI_TRO_ID"
      FROM "QL_VAI_TRO_NGUOI_DUNG" "c"
      WHERE "c"."NGUOI_DUNG_ID" = :nguoiDung_ID_0
info: Microsoft.EntityFrameworkCore.Database.Command[20101]
      Executed DbCommand (2ms) [Parameters=[:Ma_0='?' (Size = 2000)], CommandType='Text', CommandTimeout='0']
      SELECT "l"."GIA_TRI"
      FROM "QL_NHAN_HIEN_THI" "l"
      WHERE "l"."MA" = :Ma_0
      FETCH FIRST 1 ROWS ONLY
info: Microsoft.EntityFrameworkCore.Database.Command[20101]
      Executed DbCommand (2ms) [Parameters=[:nguoiDung_ID_0='?' (DbType = Decimal)], CommandType='Text', CommandTimeout='0']
      SELECT "c"."VAI_TRO_ID"
      FROM "QL_VAI_TRO_NGUOI_DUNG" "c"
      WHERE "c"."NGUOI_DUNG_ID" = :nguoiDung_ID_0
info: Microsoft.EntityFrameworkCore.Database.Command[20101]
      Executed DbCommand (60ms) [Parameters=[:donViId_0='?' (DbType = Decimal)], CommandType='Text', CommandTimeout='0']
      SELECT COUNT(*)
      FROM "DM_DON_VI" "p"
      WHERE ((("p"."PARENT_ID" = :donViId_0) AND ("p"."LA_BAN_QL_DU_AN" = 1)) OR (("p"."ID" = :donViId_0) AND ("p"."LOAI_DON_VI_ID" = 15.0))) OR (("p"."ID" = :donViId_0) AND ("p"."LA_BAN_QL_DU_AN" = 1))
info: Microsoft.EntityFrameworkCore.Database.Command[20101]
      Executed DbCommand (3ms) [Parameters=[:Ma_0='?' (Size = 2000)], CommandType='Text', CommandTimeout='0']
      SELECT "l"."GIA_TRI"
      FROM "QL_NHAN_HIEN_THI" "l"
      WHERE "l"."MA" = :Ma_0
      FETCH FIRST 1 ROWS ONLY
info: Microsoft.EntityFrameworkCore.Database.Command[20101]
      Executed DbCommand (3ms) [Parameters=[:nguoiDung_ID_0='?' (DbType = Decimal)], CommandType='Text', CommandTimeout='0']
      SELECT "c"."VAI_TRO_ID"
      FROM "QL_VAI_TRO_NGUOI_DUNG" "c"
      WHERE "c"."NGUOI_DUNG_ID" = :nguoiDung_ID_0
info: Microsoft.EntityFrameworkCore.Database.Command[20101]
      Executed DbCommand (2ms) [Parameters=[:Ma_0='?' (Size = 2000)], CommandType='Text', CommandTimeout='0']
      SELECT "l"."GIA_TRI"
      FROM "QL_NHAN_HIEN_THI" "l"
      WHERE "l"."MA" = :Ma_0
      FETCH FIRST 1 ROWS ONLY
info: Microsoft.EntityFrameworkCore.Database.Command[20101]
      Executed DbCommand (2ms) [Parameters=[:nguoiDung_ID_0='?' (DbType = Decimal)], CommandType='Text', CommandTimeout='0']
      SELECT "c"."VAI_TRO_ID"
      FROM "QL_VAI_TRO_NGUOI_DUNG" "c"
      WHERE "c"."NGUOI_DUNG_ID" = :nguoiDung_ID_0
info: Microsoft.EntityFrameworkCore.Database.Command[20101]
      Executed DbCommand (3ms) [Parameters=[:Ma_0='?' (Size = 2000)], CommandType='Text', CommandTimeout='0']
      SELECT "l"."GIA_TRI"
      FROM "QL_NHAN_HIEN_THI" "l"
      WHERE "l"."MA" = :Ma_0
      FETCH FIRST 1 ROWS ONLY
info: Microsoft.EntityFrameworkCore.Database.Command[20101]
      Executed DbCommand (2ms) [Parameters=[:nguoiDung_ID_0='?' (DbType = Decimal)], CommandType='Text', CommandTimeout='0']
      SELECT "c"."VAI_TRO_ID"
      FROM "QL_VAI_TRO_NGUOI_DUNG" "c"
      WHERE "c"."NGUOI_DUNG_ID" = :nguoiDung_ID_0
info: Microsoft.EntityFrameworkCore.Database.Command[20101]
      Executed DbCommand (3ms) [Parameters=[:Ma_0='?' (Size = 2000)], CommandType='Text', CommandTimeout='0']
      SELECT "l"."GIA_TRI"
      FROM "QL_NHAN_HIEN_THI" "l"
      WHERE "l"."MA" = :Ma_0
      FETCH FIRST 1 ROWS ONLY
info: Microsoft.EntityFrameworkCore.Database.Command[20101]
      Executed DbCommand (2ms) [Parameters=[:nguoiDung_ID_0='?' (DbType = Decimal)], CommandType='Text', CommandTimeout='0']
      SELECT "c"."VAI_TRO_ID"
      FROM "QL_VAI_TRO_NGUOI_DUNG" "c"
      WHERE "c"."NGUOI_DUNG_ID" = :nguoiDung_ID_0
info: Microsoft.EntityFrameworkCore.Database.Command[20101]
      Executed DbCommand (3ms) [Parameters=[:Ma_0='?' (Size = 2000)], CommandType='Text', CommandTimeout='0']
      SELECT "l"."GIA_TRI"
      FROM "QL_NHAN_HIEN_THI" "l"
      WHERE "l"."MA" = :Ma_0
      FETCH FIRST 1 ROWS ONLY
info: Microsoft.EntityFrameworkCore.Database.Command[20101]
      Executed DbCommand (3ms) [Parameters=[:nguoiDung_ID_0='?' (DbType = Decimal)], CommandType='Text', CommandTimeout='0']
      SELECT "c"."VAI_TRO_ID"
      FROM "QL_VAI_TRO_NGUOI_DUNG" "c"
      WHERE "c"."NGUOI_DUNG_ID" = :nguoiDung_ID_0
info: Microsoft.EntityFrameworkCore.Database.Command[20101]
      Executed DbCommand (3ms) [Parameters=[:Ma_0='?' (Size = 2000)], CommandType='Text', CommandTimeout='0']
      SELECT "l"."GIA_TRI"
      FROM "QL_NHAN_HIEN_THI" "l"
      WHERE "l"."MA" = :Ma_0
      FETCH FIRST 1 ROWS ONLY
info: Microsoft.EntityFrameworkCore.Database.Command[20101]
      Executed DbCommand (2ms) [Parameters=[:nguoiDung_ID_0='?' (DbType = Decimal)], CommandType='Text', CommandTimeout='0']
      SELECT "c"."VAI_TRO_ID"
      FROM "QL_VAI_TRO_NGUOI_DUNG" "c"
      WHERE "c"."NGUOI_DUNG_ID" = :nguoiDung_ID_0
info: Microsoft.EntityFrameworkCore.Database.Command[20101]
      Executed DbCommand (2ms) [Parameters=[:Ma_0='?' (Size = 2000)], CommandType='Text', CommandTimeout='0']
      SELECT "l"."GIA_TRI"
      FROM "QL_NHAN_HIEN_THI" "l"
      WHERE "l"."MA" = :Ma_0
      FETCH FIRST 1 ROWS ONLY
info: Microsoft.EntityFrameworkCore.Database.Command[20101]
      Executed DbCommand (2ms) [Parameters=[:nguoiDung_ID_0='?' (DbType = Decimal)], CommandType='Text', CommandTimeout='0']
      SELECT "c"."VAI_TRO_ID"
      FROM "QL_VAI_TRO_NGUOI_DUNG" "c"
      WHERE "c"."NGUOI_DUNG_ID" = :nguoiDung_ID_0
info: Microsoft.EntityFrameworkCore.Database.Command[20101]
      Executed DbCommand (3ms) [Parameters=[:Ma_0='?' (Size = 2000)], CommandType='Text', CommandTimeout='0']
      SELECT "l"."GIA_TRI"
      FROM "QL_NHAN_HIEN_THI" "l"
      WHERE "l"."MA" = :Ma_0
      FETCH FIRST 1 ROWS ONLY
info: Microsoft.EntityFrameworkCore.Database.Command[20101]
      Executed DbCommand (2ms) [Parameters=[:nguoiDung_ID_0='?' (DbType = Decimal)], CommandType='Text', CommandTimeout='0']
      SELECT "c"."VAI_TRO_ID"
      FROM "QL_VAI_TRO_NGUOI_DUNG" "c"
      WHERE "c"."NGUOI_DUNG_ID" = :nguoiDung_ID_0
info: Microsoft.EntityFrameworkCore.Database.Command[20101]
      Executed DbCommand (3ms) [Parameters=[:Ma_0='?' (Size = 2000)], CommandType='Text', CommandTimeout='0']
      SELECT "l"."GIA_TRI"
      FROM "QL_NHAN_HIEN_THI" "l"
      WHERE "l"."MA" = :Ma_0
      FETCH FIRST 1 ROWS ONLY
info: Microsoft.EntityFrameworkCore.Database.Command[20101]
      Executed DbCommand (2ms) [Parameters=[:nguoiDung_ID_0='?' (DbType = Decimal)], CommandType='Text', CommandTimeout='0']
      SELECT "c"."VAI_TRO_ID"
      FROM "QL_VAI_TRO_NGUOI_DUNG" "c"
      WHERE "c"."NGUOI_DUNG_ID" = :nguoiDung_ID_0
info: Microsoft.EntityFrameworkCore.Database.Command[20101]
      Executed DbCommand (2ms) [Parameters=[:Ma_0='?' (Size = 2000)], CommandType='Text', CommandTimeout='0']
      SELECT "l"."GIA_TRI"
      FROM "QL_NHAN_HIEN_THI" "l"
      WHERE "l"."MA" = :Ma_0
      FETCH FIRST 1 ROWS ONLY
info: Microsoft.EntityFrameworkCore.Database.Command[20101]
      Executed DbCommand (2ms) [Parameters=[:nguoiDung_ID_0='?' (DbType = Decimal)], CommandType='Text', CommandTimeout='0']
      SELECT "c"."VAI_TRO_ID"
      FROM "QL_VAI_TRO_NGUOI_DUNG" "c"
      WHERE "c"."NGUOI_DUNG_ID" = :nguoiDung_ID_0
info: Microsoft.EntityFrameworkCore.Database.Command[20101]
      Executed DbCommand (3ms) [Parameters=[:Ma_0='?' (Size = 2000)], CommandType='Text', CommandTimeout='0']
      SELECT "l"."GIA_TRI"
      FROM "QL_NHAN_HIEN_THI" "l"
      WHERE "l"."MA" = :Ma_0
      FETCH FIRST 1 ROWS ONLY
info: Microsoft.EntityFrameworkCore.Database.Command[20101]
      Executed DbCommand (2ms) [Parameters=[:nguoiDung_ID_0='?' (DbType = Decimal)], CommandType='Text', CommandTimeout='0']
      SELECT "c"."VAI_TRO_ID"
      FROM "QL_VAI_TRO_NGUOI_DUNG" "c"
      WHERE "c"."NGUOI_DUNG_ID" = :nguoiDung_ID_0
info: Microsoft.EntityFrameworkCore.Database.Command[20101]
      Executed DbCommand (3ms) [Parameters=[:Ma_0='?' (Size = 2000)], CommandType='Text', CommandTimeout='0']
      SELECT "l"."GIA_TRI"
      FROM "QL_NHAN_HIEN_THI" "l"
      WHERE "l"."MA" = :Ma_0
      FETCH FIRST 1 ROWS ONLY
info: Microsoft.EntityFrameworkCore.Database.Command[20101]
      Executed DbCommand (3ms) [Parameters=[:nguoiDung_ID_0='?' (DbType = Decimal)], CommandType='Text', CommandTimeout='0']
      SELECT "c"."VAI_TRO_ID"
      FROM "QL_VAI_TRO_NGUOI_DUNG" "c"
      WHERE "c"."NGUOI_DUNG_ID" = :nguoiDung_ID_0
info: Microsoft.EntityFrameworkCore.Database.Command[20101]
      Executed DbCommand (3ms) [Parameters=[:Ma_0='?' (Size = 2000)], CommandType='Text', CommandTimeout='0']
      SELECT "l"."GIA_TRI"
      FROM "QL_NHAN_HIEN_THI" "l"
      WHERE "l"."MA" = :Ma_0
      FETCH FIRST 1 ROWS ONLY
info: Microsoft.EntityFrameworkCore.Database.Command[20101]
      Executed DbCommand (2ms) [Parameters=[:nguoiDung_ID_0='?' (DbType = Decimal)], CommandType='Text', CommandTimeout='0']
      SELECT "c"."VAI_TRO_ID"
      FROM "QL_VAI_TRO_NGUOI_DUNG" "c"
      WHERE "c"."NGUOI_DUNG_ID" = :nguoiDung_ID_0
info: Microsoft.EntityFrameworkCore.Database.Command[20101]
      Executed DbCommand (2ms) [Parameters=[:Ma_0='?' (Size = 2000)], CommandType='Text', CommandTimeout='0']
      SELECT "l"."GIA_TRI"
      FROM "QL_NHAN_HIEN_THI" "l"
      WHERE "l"."MA" = :Ma_0
      FETCH FIRST 1 ROWS ONLY
info: Microsoft.EntityFrameworkCore.Database.Command[20101]
      Executed DbCommand (2ms) [Parameters=[:nguoiDung_ID_0='?' (DbType = Decimal)], CommandType='Text', CommandTimeout='0']
      SELECT "c"."VAI_TRO_ID"
      FROM "QL_VAI_TRO_NGUOI_DUNG" "c"
      WHERE "c"."NGUOI_DUNG_ID" = :nguoiDung_ID_0
info: Microsoft.EntityFrameworkCore.Database.Command[20101]
      Executed DbCommand (3ms) [Parameters=[:Ma_0='?' (Size = 2000)], CommandType='Text', CommandTimeout='0']
      SELECT "l"."GIA_TRI"
      FROM "QL_NHAN_HIEN_THI" "l"
      WHERE "l"."MA" = :Ma_0
      FETCH FIRST 1 ROWS ONLY
info: Microsoft.EntityFrameworkCore.Database.Command[20101]
      Executed DbCommand (2ms) [Parameters=[:nguoiDung_ID_0='?' (DbType = Decimal)], CommandType='Text', CommandTimeout='0']
      SELECT "c"."VAI_TRO_ID"
      FROM "QL_VAI_TRO_NGUOI_DUNG" "c"
      WHERE "c"."NGUOI_DUNG_ID" = :nguoiDung_ID_0
info: Microsoft.EntityFrameworkCore.Database.Command[20101]
      Executed DbCommand (2ms) [Parameters=[:Ma_0='?' (Size = 2000)], CommandType='Text', CommandTimeout='0']
      SELECT "l"."GIA_TRI"
      FROM "QL_NHAN_HIEN_THI" "l"
      WHERE "l"."MA" = :Ma_0
      FETCH FIRST 1 ROWS ONLY
info: Microsoft.EntityFrameworkCore.Database.Command[20101]
      Executed DbCommand (2ms) [Parameters=[:nguoiDung_ID_0='?' (DbType = Decimal)], CommandType='Text', CommandTimeout='0']
      SELECT "c"."VAI_TRO_ID"
      FROM "QL_VAI_TRO_NGUOI_DUNG" "c"
      WHERE "c"."NGUOI_DUNG_ID" = :nguoiDung_ID_0
info: Microsoft.EntityFrameworkCore.Database.Command[20101]
      Executed DbCommand (3ms) [Parameters=[:Ma_0='?' (Size = 2000)], CommandType='Text', CommandTimeout='0']
      SELECT "l"."GIA_TRI"
      FROM "QL_NHAN_HIEN_THI" "l"
      WHERE "l"."MA" = :Ma_0
      FETCH FIRST 1 ROWS ONLY
info: Microsoft.EntityFrameworkCore.Database.Command[20101]
      Executed DbCommand (3ms) [Parameters=[:nguoiDung_ID_0='?' (DbType = Decimal)], CommandType='Text', CommandTimeout='0']
      SELECT "c"."VAI_TRO_ID"
      FROM "QL_VAI_TRO_NGUOI_DUNG" "c"
      WHERE "c"."NGUOI_DUNG_ID" = :nguoiDung_ID_0
info: Microsoft.EntityFrameworkCore.Database.Command[20101]
      Executed DbCommand (3ms) [Parameters=[:Ma_0='?' (Size = 2000)], CommandType='Text', CommandTimeout='0']
      SELECT "l"."GIA_TRI"
      FROM "QL_NHAN_HIEN_THI" "l"
      WHERE "l"."MA" = :Ma_0
      FETCH FIRST 1 ROWS ONLY
info: Microsoft.EntityFrameworkCore.Database.Command[20101]
      Executed DbCommand (2ms) [Parameters=[:nguoiDung_ID_0='?' (DbType = Decimal)], CommandType='Text', CommandTimeout='0']
      SELECT "c"."VAI_TRO_ID"
      FROM "QL_VAI_TRO_NGUOI_DUNG" "c"
      WHERE "c"."NGUOI_DUNG_ID" = :nguoiDung_ID_0
info: Microsoft.EntityFrameworkCore.Database.Command[20101]
      Executed DbCommand (3ms) [Parameters=[:Ma_0='?' (Size = 2000)], CommandType='Text', CommandTimeout='0']
      SELECT "l"."GIA_TRI"
      FROM "QL_NHAN_HIEN_THI" "l"
      WHERE "l"."MA" = :Ma_0
      FETCH FIRST 1 ROWS ONLY
info: Microsoft.EntityFrameworkCore.Database.Command[20101]
      Executed DbCommand (2ms) [Parameters=[:nguoiDung_ID_0='?' (DbType = Decimal)], CommandType='Text', CommandTimeout='0']
      SELECT "c"."VAI_TRO_ID"
      FROM "QL_VAI_TRO_NGUOI_DUNG" "c"
      WHERE "c"."NGUOI_DUNG_ID" = :nguoiDung_ID_0
info: Microsoft.EntityFrameworkCore.Database.Command[20101]
      Executed DbCommand (3ms) [Parameters=[:Ma_0='?' (Size = 2000)], CommandType='Text', CommandTimeout='0']
      SELECT "l"."GIA_TRI"
      FROM "QL_NHAN_HIEN_THI" "l"
      WHERE "l"."MA" = :Ma_0
      FETCH FIRST 1 ROWS ONLY
info: Microsoft.EntityFrameworkCore.Database.Command[20101]
      Executed DbCommand (3ms) [Parameters=[:nguoiDung_ID_0='?' (DbType = Decimal)], CommandType='Text', CommandTimeout='0']
      SELECT "c"."VAI_TRO_ID"
      FROM "QL_VAI_TRO_NGUOI_DUNG" "c"
      WHERE "c"."NGUOI_DUNG_ID" = :nguoiDung_ID_0
info: Microsoft.EntityFrameworkCore.Database.Command[20101]
      Executed DbCommand (3ms) [Parameters=[:Ma_0='?' (Size = 2000)], CommandType='Text', CommandTimeout='0']
      SELECT "l"."GIA_TRI"
      FROM "QL_NHAN_HIEN_THI" "l"
      WHERE "l"."MA" = :Ma_0
      FETCH FIRST 1 ROWS ONLY
info: Microsoft.EntityFrameworkCore.Database.Command[20101]
      Executed DbCommand (2ms) [Parameters=[:nguoiDung_ID_0='?' (DbType = Decimal)], CommandType='Text', CommandTimeout='0']
      SELECT "c"."VAI_TRO_ID"
      FROM "QL_VAI_TRO_NGUOI_DUNG" "c"
      WHERE "c"."NGUOI_DUNG_ID" = :nguoiDung_ID_0
info: Microsoft.EntityFrameworkCore.Database.Command[20101]
      Executed DbCommand (3ms) [Parameters=[:Ma_0='?' (Size = 2000)], CommandType='Text', CommandTimeout='0']
      SELECT "l"."GIA_TRI"
      FROM "QL_NHAN_HIEN_THI" "l"
      WHERE "l"."MA" = :Ma_0
      FETCH FIRST 1 ROWS ONLY
info: Microsoft.EntityFrameworkCore.Database.Command[20101]
      Executed DbCommand (2ms) [Parameters=[:nguoiDung_ID_0='?' (DbType = Decimal)], CommandType='Text', CommandTimeout='0']
      SELECT "c"."VAI_TRO_ID"
      FROM "QL_VAI_TRO_NGUOI_DUNG" "c"
      WHERE "c"."NGUOI_DUNG_ID" = :nguoiDung_ID_0
info: Microsoft.EntityFrameworkCore.Database.Command[20101]
      Executed DbCommand (3ms) [Parameters=[:Ma_0='?' (Size = 2000)], CommandType='Text', CommandTimeout='0']
      SELECT "l"."GIA_TRI"
      FROM "QL_NHAN_HIEN_THI" "l"
      WHERE "l"."MA" = :Ma_0
      FETCH FIRST 1 ROWS ONLY
info: Microsoft.EntityFrameworkCore.Database.Command[20101]
      Executed DbCommand (2ms) [Parameters=[:nguoiDung_ID_0='?' (DbType = Decimal)], CommandType='Text', CommandTimeout='0']
      SELECT "c"."VAI_TRO_ID"
      FROM "QL_VAI_TRO_NGUOI_DUNG" "c"
      WHERE "c"."NGUOI_DUNG_ID" = :nguoiDung_ID_0
info: Microsoft.EntityFrameworkCore.Database.Command[20101]
      Executed DbCommand (2ms) [Parameters=[:Ma_0='?' (Size = 2000)], CommandType='Text', CommandTimeout='0']
      SELECT "l"."GIA_TRI"
      FROM "QL_NHAN_HIEN_THI" "l"
      WHERE "l"."MA" = :Ma_0
      FETCH FIRST 1 ROWS ONLY
info: Microsoft.EntityFrameworkCore.Database.Command[20101]
      Executed DbCommand (2ms) [Parameters=[:nguoiDung_ID_0='?' (DbType = Decimal)], CommandType='Text', CommandTimeout='0']
      SELECT "c"."VAI_TRO_ID"
      FROM "QL_VAI_TRO_NGUOI_DUNG" "c"
      WHERE "c"."NGUOI_DUNG_ID" = :nguoiDung_ID_0
info: Microsoft.EntityFrameworkCore.Database.Command[20101]
      Executed DbCommand (3ms) [Parameters=[:Ma_0='?' (Size = 2000)], CommandType='Text', CommandTimeout='0']
      SELECT "l"."GIA_TRI"
      FROM "QL_NHAN_HIEN_THI" "l"
      WHERE "l"."MA" = :Ma_0
      FETCH FIRST 1 ROWS ONLY
info: Microsoft.EntityFrameworkCore.Database.Command[20101]
      Executed DbCommand (2ms) [Parameters=[:nguoiDung_ID_0='?' (DbType = Decimal)], CommandType='Text', CommandTimeout='0']
      SELECT "c"."VAI_TRO_ID"
      FROM "QL_VAI_TRO_NGUOI_DUNG" "c"
      WHERE "c"."NGUOI_DUNG_ID" = :nguoiDung_ID_0
info: Microsoft.EntityFrameworkCore.Database.Command[20101]
      Executed DbCommand (3ms) [Parameters=[:Ma_0='?' (Size = 2000)], CommandType='Text', CommandTimeout='0']
      SELECT "l"."GIA_TRI"
      FROM "QL_NHAN_HIEN_THI" "l"
      WHERE "l"."MA" = :Ma_0
      FETCH FIRST 1 ROWS ONLY
info: Microsoft.EntityFrameworkCore.Database.Command[20101]
      Executed DbCommand (2ms) [Parameters=[:nguoiDung_ID_0='?' (DbType = Decimal)], CommandType='Text', CommandTimeout='0']
      SELECT "c"."VAI_TRO_ID"
      FROM "QL_VAI_TRO_NGUOI_DUNG" "c"
      WHERE "c"."NGUOI_DUNG_ID" = :nguoiDung_ID_0
info: Microsoft.EntityFrameworkCore.Database.Command[20101]
      Executed DbCommand (2ms) [Parameters=[:Ma_0='?' (Size = 2000)], CommandType='Text', CommandTimeout='0']
      SELECT "l"."GIA_TRI"
      FROM "QL_NHAN_HIEN_THI" "l"
      WHERE "l"."MA" = :Ma_0
      FETCH FIRST 1 ROWS ONLY
info: Microsoft.EntityFrameworkCore.Database.Command[20101]
      Executed DbCommand (2ms) [Parameters=[:nguoiDung_ID_0='?' (DbType = Decimal)], CommandType='Text', CommandTimeout='0']
      SELECT "c"."VAI_TRO_ID"
      FROM "QL_VAI_TRO_NGUOI_DUNG" "c"
      WHERE "c"."NGUOI_DUNG_ID" = :nguoiDung_ID_0
info: Microsoft.EntityFrameworkCore.Database.Command[20101]
      Executed DbCommand (3ms) [Parameters=[:Ma_0='?' (Size = 2000)], CommandType='Text', CommandTimeout='0']
      SELECT "l"."GIA_TRI"
      FROM "QL_NHAN_HIEN_THI" "l"
      WHERE "l"."MA" = :Ma_0
      FETCH FIRST 1 ROWS ONLY
info: Microsoft.EntityFrameworkCore.Database.Command[20101]
      Executed DbCommand (2ms) [Parameters=[:nguoiDung_ID_0='?' (DbType = Decimal)], CommandType='Text', CommandTimeout='0']
      SELECT "c"."VAI_TRO_ID"
      FROM "QL_VAI_TRO_NGUOI_DUNG" "c"
      WHERE "c"."NGUOI_DUNG_ID" = :nguoiDung_ID_0
info: Microsoft.EntityFrameworkCore.Database.Command[20101]
      Executed DbCommand (3ms) [Parameters=[:Ma_0='?' (Size = 2000)], CommandType='Text', CommandTimeout='0']
      SELECT "l"."GIA_TRI"
      FROM "QL_NHAN_HIEN_THI" "l"
      WHERE "l"."MA" = :Ma_0
      FETCH FIRST 1 ROWS ONLY
info: Microsoft.EntityFrameworkCore.Database.Command[20101]
      Executed DbCommand (6ms) [Parameters=[:nguoiDung_ID_0='?' (DbType = Decimal)], CommandType='Text', CommandTimeout='0']
      SELECT "c"."VAI_TRO_ID"
      FROM "QL_VAI_TRO_NGUOI_DUNG" "c"
      WHERE "c"."NGUOI_DUNG_ID" = :nguoiDung_ID_0
info: Microsoft.EntityFrameworkCore.Database.Command[20101]
      Executed DbCommand (57ms) [Parameters=[:donViId_0='?' (DbType = Decimal)], CommandType='Text', CommandTimeout='0']
      SELECT COUNT(*)
      FROM "DM_DON_VI" "p"
      WHERE ((("p"."PARENT_ID" = :donViId_0) AND ("p"."LA_BAN_QL_DU_AN" = 1)) OR (("p"."ID" = :donViId_0) AND ("p"."LOAI_DON_VI_ID" = 15.0))) OR (("p"."ID" = :donViId_0) AND ("p"."LA_BAN_QL_DU_AN" = 1))
info: Microsoft.EntityFrameworkCore.Database.Command[20101]
      Executed DbCommand (3ms) [Parameters=[:Ma_0='?' (Size = 2000)], CommandType='Text', CommandTimeout='0']
      SELECT "l"."GIA_TRI"
      FROM "QL_NHAN_HIEN_THI" "l"
      WHERE "l"."MA" = :Ma_0
      FETCH FIRST 1 ROWS ONLY
info: Microsoft.EntityFrameworkCore.Database.Command[20101]
      Executed DbCommand (2ms) [Parameters=[:nguoiDung_ID_0='?' (DbType = Decimal)], CommandType='Text', CommandTimeout='0']
      SELECT "c"."VAI_TRO_ID"
      FROM "QL_VAI_TRO_NGUOI_DUNG" "c"
      WHERE "c"."NGUOI_DUNG_ID" = :nguoiDung_ID_0
info: Microsoft.EntityFrameworkCore.Database.Command[20101]
      Executed DbCommand (57ms) [Parameters=[:donViId_0='?' (DbType = Decimal)], CommandType='Text', CommandTimeout='0']
      SELECT COUNT(*)
      FROM "DM_DON_VI" "p"
      WHERE ((("p"."PARENT_ID" = :donViId_0) AND ("p"."LA_BAN_QL_DU_AN" = 1)) OR (("p"."ID" = :donViId_0) AND ("p"."LOAI_DON_VI_ID" = 15.0))) OR (("p"."ID" = :donViId_0) AND ("p"."LA_BAN_QL_DU_AN" = 1))
info: Microsoft.EntityFrameworkCore.Database.Command[20101]
      Executed DbCommand (3ms) [Parameters=[:Ma_0='?' (Size = 2000)], CommandType='Text', CommandTimeout='0']
      SELECT "l"."GIA_TRI"
      FROM "QL_NHAN_HIEN_THI" "l"
      WHERE "l"."MA" = :Ma_0
      FETCH FIRST 1 ROWS ONLY
info: Microsoft.EntityFrameworkCore.Database.Command[20101]
      Executed DbCommand (3ms) [Parameters=[:nguoiDung_ID_0='?' (DbType = Decimal)], CommandType='Text', CommandTimeout='0']
      SELECT "c"."VAI_TRO_ID"
      FROM "QL_VAI_TRO_NGUOI_DUNG" "c"
      WHERE "c"."NGUOI_DUNG_ID" = :nguoiDung_ID_0
info: Microsoft.EntityFrameworkCore.Database.Command[20101]
      Executed DbCommand (57ms) [Parameters=[:donViId_0='?' (DbType = Decimal)], CommandType='Text', CommandTimeout='0']
      SELECT COUNT(*)
      FROM "DM_DON_VI" "p"
      WHERE ((("p"."PARENT_ID" = :donViId_0) AND ("p"."LA_BAN_QL_DU_AN" = 1)) OR (("p"."ID" = :donViId_0) AND ("p"."LOAI_DON_VI_ID" = 15.0))) OR (("p"."ID" = :donViId_0) AND ("p"."LA_BAN_QL_DU_AN" = 1))
info: Microsoft.EntityFrameworkCore.Database.Command[20101]
      Executed DbCommand (3ms) [Parameters=[:nguoiDung_ID_0='?' (DbType = Decimal)], CommandType='Text', CommandTimeout='0']
      SELECT "c"."VAI_TRO_ID"
      FROM "QL_VAI_TRO_NGUOI_DUNG" "c"
      WHERE "c"."NGUOI_DUNG_ID" = :nguoiDung_ID_0
info: Microsoft.EntityFrameworkCore.Database.Command[20101]
      Executed DbCommand (56ms) [Parameters=[:donViId_0='?' (DbType = Decimal)], CommandType='Text', CommandTimeout='0']
      SELECT COUNT(*)
      FROM "DM_DON_VI" "p"
      WHERE ((("p"."PARENT_ID" = :donViId_0) AND ("p"."LA_BAN_QL_DU_AN" = 1)) OR (("p"."ID" = :donViId_0) AND ("p"."LOAI_DON_VI_ID" = 15.0))) OR (("p"."ID" = :donViId_0) AND ("p"."LA_BAN_QL_DU_AN" = 1))
info: Microsoft.EntityFrameworkCore.Database.Command[20101]
      Executed DbCommand (2ms) [Parameters=[:nguoiDung_ID_0='?' (DbType = Decimal)], CommandType='Text', CommandTimeout='0']
      SELECT "c"."VAI_TRO_ID"
      FROM "QL_VAI_TRO_NGUOI_DUNG" "c"
      WHERE "c"."NGUOI_DUNG_ID" = :nguoiDung_ID_0
info: Microsoft.EntityFrameworkCore.Database.Command[20101]
      Executed DbCommand (57ms) [Parameters=[:donViId_0='?' (DbType = Decimal)], CommandType='Text', CommandTimeout='0']
      SELECT COUNT(*)
      FROM "DM_DON_VI" "p"
      WHERE ((("p"."PARENT_ID" = :donViId_0) AND ("p"."LA_BAN_QL_DU_AN" = 1)) OR (("p"."ID" = :donViId_0) AND ("p"."LOAI_DON_VI_ID" = 15.0))) OR (("p"."ID" = :donViId_0) AND ("p"."LA_BAN_QL_DU_AN" = 1))
info: Microsoft.EntityFrameworkCore.Database.Command[20101]
      Executed DbCommand (3ms) [Parameters=[:nguoiDung_ID_0='?' (DbType = Decimal)], CommandType='Text', CommandTimeout='0']
      SELECT "c"."VAI_TRO_ID"
      FROM "QL_VAI_TRO_NGUOI_DUNG" "c"
      WHERE "c"."NGUOI_DUNG_ID" = :nguoiDung_ID_0
info: Microsoft.EntityFrameworkCore.Database.Command[20101]
      Executed DbCommand (57ms) [Parameters=[:donViId_0='?' (DbType = Decimal)], CommandType='Text', CommandTimeout='0']
      SELECT COUNT(*)
      FROM "DM_DON_VI" "p"
      WHERE ((("p"."PARENT_ID" = :donViId_0) AND ("p"."LA_BAN_QL_DU_AN" = 1)) OR (("p"."ID" = :donViId_0) AND ("p"."LOAI_DON_VI_ID" = 15.0))) OR (("p"."ID" = :donViId_0) AND ("p"."LA_BAN_QL_DU_AN" = 1))
info: Microsoft.EntityFrameworkCore.Database.Command[20101]
      Executed DbCommand (3ms) [Parameters=[:nguoiDung_ID_0='?' (DbType = Decimal)], CommandType='Text', CommandTimeout='0']
      SELECT "c"."VAI_TRO_ID"
      FROM "QL_VAI_TRO_NGUOI_DUNG" "c"
      WHERE "c"."NGUOI_DUNG_ID" = :nguoiDung_ID_0
info: Microsoft.EntityFrameworkCore.Database.Command[20101]
      Executed DbCommand (56ms) [Parameters=[:donViId_0='?' (DbType = Decimal)], CommandType='Text', CommandTimeout='0']
      SELECT COUNT(*)
      FROM "DM_DON_VI" "p"
      WHERE ((("p"."PARENT_ID" = :donViId_0) AND ("p"."LA_BAN_QL_DU_AN" = 1)) OR (("p"."ID" = :donViId_0) AND ("p"."LOAI_DON_VI_ID" = 15.0))) OR (("p"."ID" = :donViId_0) AND ("p"."LA_BAN_QL_DU_AN" = 1))
info: Microsoft.EntityFrameworkCore.Database.Command[20101]
      Executed DbCommand (27ms) [Parameters=[:Ma_0='?' (Size = 2000)], CommandType='Text', CommandTimeout='0']
      SELECT "l"."GIA_TRI"
      FROM "QL_NHAN_HIEN_THI" "l"
      WHERE "l"."MA" = :Ma_0
      FETCH FIRST 1 ROWS ONLY
info: Microsoft.EntityFrameworkCore.Database.Command[20101]
      Executed DbCommand (3ms) [Parameters=[:nguoiDung_ID_0='?' (DbType = Decimal)], CommandType='Text', CommandTimeout='0']
      SELECT "c"."VAI_TRO_ID"
      FROM "QL_VAI_TRO_NGUOI_DUNG" "c"
      WHERE "c"."NGUOI_DUNG_ID" = :nguoiDung_ID_0
info: Microsoft.EntityFrameworkCore.Database.Command[20101]
      Executed DbCommand (4ms) [Parameters=[:Ma_0='?' (Size = 2000)], CommandType='Text', CommandTimeout='0']
      SELECT "l"."GIA_TRI"
      FROM "QL_NHAN_HIEN_THI" "l"
      WHERE "l"."MA" = :Ma_0
      FETCH FIRST 1 ROWS ONLY
info: Microsoft.EntityFrameworkCore.Database.Command[20101]
      Executed DbCommand (3ms) [Parameters=[:nguoiDung_ID_0='?' (DbType = Decimal)], CommandType='Text', CommandTimeout='0']
      SELECT "c"."VAI_TRO_ID"
      FROM "QL_VAI_TRO_NGUOI_DUNG" "c"
      WHERE "c"."NGUOI_DUNG_ID" = :nguoiDung_ID_0
info: Microsoft.EntityFrameworkCore.Database.Command[20101]
      Executed DbCommand (4ms) [Parameters=[:Ma_0='?' (Size = 2000)], CommandType='Text', CommandTimeout='0']
      SELECT "l"."GIA_TRI"
      FROM "QL_NHAN_HIEN_THI" "l"
      WHERE "l"."MA" = :Ma_0
      FETCH FIRST 1 ROWS ONLY
info: Microsoft.EntityFrameworkCore.Database.Command[20101]
      Executed DbCommand (3ms) [Parameters=[:nguoiDung_ID_0='?' (DbType = Decimal)], CommandType='Text', CommandTimeout='0']
      SELECT "c"."VAI_TRO_ID"
      FROM "QL_VAI_TRO_NGUOI_DUNG" "c"
      WHERE "c"."NGUOI_DUNG_ID" = :nguoiDung_ID_0
info: Microsoft.EntityFrameworkCore.Database.Command[20101]
      Executed DbCommand (5ms) [Parameters=[:Ma_0='?' (Size = 2000)], CommandType='Text', CommandTimeout='0']
      SELECT "l"."GIA_TRI"
      FROM "QL_NHAN_HIEN_THI" "l"
      WHERE "l"."MA" = :Ma_0
      FETCH FIRST 1 ROWS ONLY
info: Microsoft.EntityFrameworkCore.Database.Command[20101]
      Executed DbCommand (4ms) [Parameters=[:nguoiDung_ID_0='?' (DbType = Decimal)], CommandType='Text', CommandTimeout='0']
      SELECT "c"."VAI_TRO_ID"
      FROM "QL_VAI_TRO_NGUOI_DUNG" "c"
      WHERE "c"."NGUOI_DUNG_ID" = :nguoiDung_ID_0
info: Microsoft.EntityFrameworkCore.Database.Command[20101]
      Executed DbCommand (5ms) [Parameters=[:Ma_0='?' (Size = 2000)], CommandType='Text', CommandTimeout='0']
      SELECT "l"."GIA_TRI"
      FROM "QL_NHAN_HIEN_THI" "l"
      WHERE "l"."MA" = :Ma_0
      FETCH FIRST 1 ROWS ONLY
info: Microsoft.EntityFrameworkCore.Database.Command[20101]
      Executed DbCommand (3ms) [Parameters=[:nguoiDung_ID_0='?' (DbType = Decimal)], CommandType='Text', CommandTimeout='0']
      SELECT "c"."VAI_TRO_ID"
      FROM "QL_VAI_TRO_NGUOI_DUNG" "c"
      WHERE "c"."NGUOI_DUNG_ID" = :nguoiDung_ID_0
info: Microsoft.EntityFrameworkCore.Database.Command[20101]
      Executed DbCommand (3ms) [Parameters=[:Ma_0='?' (Size = 2000)], CommandType='Text', CommandTimeout='0']
      SELECT "l"."GIA_TRI"
      FROM "QL_NHAN_HIEN_THI" "l"
      WHERE "l"."MA" = :Ma_0
      FETCH FIRST 1 ROWS ONLY
info: Microsoft.EntityFrameworkCore.Database.Command[20101]
      Executed DbCommand (6ms) [Parameters=[:nguoiDung_ID_0='?' (DbType = Decimal)], CommandType='Text', CommandTimeout='0']
      SELECT "c"."VAI_TRO_ID"
      FROM "QL_VAI_TRO_NGUOI_DUNG" "c"
      WHERE "c"."NGUOI_DUNG_ID" = :nguoiDung_ID_0
info: Microsoft.EntityFrameworkCore.Database.Command[20101]
      Executed DbCommand (3ms) [Parameters=[:Ma_0='?' (Size = 2000)], CommandType='Text', CommandTimeout='0']
      SELECT "l"."GIA_TRI"
      FROM "QL_NHAN_HIEN_THI" "l"
      WHERE "l"."MA" = :Ma_0
      FETCH FIRST 1 ROWS ONLY
info: Microsoft.EntityFrameworkCore.Database.Command[20101]
      Executed DbCommand (2ms) [Parameters=[:nguoiDung_ID_0='?' (DbType = Decimal)], CommandType='Text', CommandTimeout='0']
      SELECT "c"."VAI_TRO_ID"
      FROM "QL_VAI_TRO_NGUOI_DUNG" "c"
      WHERE "c"."NGUOI_DUNG_ID" = :nguoiDung_ID_0
info: Microsoft.EntityFrameworkCore.Database.Command[20101]
      Executed DbCommand (3ms) [Parameters=[:Ma_0='?' (Size = 2000)], CommandType='Text', CommandTimeout='0']
      SELECT "l"."GIA_TRI"
      FROM "QL_NHAN_HIEN_THI" "l"
      WHERE "l"."MA" = :Ma_0
      FETCH FIRST 1 ROWS ONLY
info: Microsoft.EntityFrameworkCore.Database.Command[20101]
      Executed DbCommand (3ms) [Parameters=[:nguoiDung_ID_0='?' (DbType = Decimal)], CommandType='Text', CommandTimeout='0']
      SELECT "c"."VAI_TRO_ID"
      FROM "QL_VAI_TRO_NGUOI_DUNG" "c"
      WHERE "c"."NGUOI_DUNG_ID" = :nguoiDung_ID_0
info: Microsoft.EntityFrameworkCore.Database.Command[20101]
      Executed DbCommand (3ms) [Parameters=[:Ma_0='?' (Size = 2000)], CommandType='Text', CommandTimeout='0']
      SELECT "l"."GIA_TRI"
      FROM "QL_NHAN_HIEN_THI" "l"
      WHERE "l"."MA" = :Ma_0
      FETCH FIRST 1 ROWS ONLY
info: Microsoft.EntityFrameworkCore.Database.Command[20101]
      Executed DbCommand (2ms) [Parameters=[:nguoiDung_ID_0='?' (DbType = Decimal)], CommandType='Text', CommandTimeout='0']
      SELECT "c"."VAI_TRO_ID"
      FROM "QL_VAI_TRO_NGUOI_DUNG" "c"
      WHERE "c"."NGUOI_DUNG_ID" = :nguoiDung_ID_0
info: Microsoft.EntityFrameworkCore.Database.Command[20101]
      Executed DbCommand (3ms) [Parameters=[:Ma_0='?' (Size = 2000)], CommandType='Text', CommandTimeout='0']
      SELECT "l"."GIA_TRI"
      FROM "QL_NHAN_HIEN_THI" "l"
      WHERE "l"."MA" = :Ma_0
      FETCH FIRST 1 ROWS ONLY
info: Microsoft.EntityFrameworkCore.Database.Command[20101]
      Executed DbCommand (3ms) [Parameters=[:nguoiDung_ID_0='?' (DbType = Decimal)], CommandType='Text', CommandTimeout='0']
      SELECT "c"."VAI_TRO_ID"
      FROM "QL_VAI_TRO_NGUOI_DUNG" "c"
      WHERE "c"."NGUOI_DUNG_ID" = :nguoiDung_ID_0
info: Microsoft.EntityFrameworkCore.Database.Command[20101]
      Executed DbCommand (3ms) [Parameters=[:Ma_0='?' (Size = 2000)], CommandType='Text', CommandTimeout='0']
      SELECT "l"."GIA_TRI"
      FROM "QL_NHAN_HIEN_THI" "l"
      WHERE "l"."MA" = :Ma_0
      FETCH FIRST 1 ROWS ONLY
info: Microsoft.EntityFrameworkCore.Database.Command[20101]
      Executed DbCommand (2ms) [Parameters=[:nguoiDung_ID_0='?' (DbType = Decimal)], CommandType='Text', CommandTimeout='0']
      SELECT "c"."VAI_TRO_ID"
      FROM "QL_VAI_TRO_NGUOI_DUNG" "c"
      WHERE "c"."NGUOI_DUNG_ID" = :nguoiDung_ID_0
info: Microsoft.EntityFrameworkCore.Database.Command[20101]
      Executed DbCommand (3ms) [Parameters=[:Ma_0='?' (Size = 2000)], CommandType='Text', CommandTimeout='0']
      SELECT "l"."GIA_TRI"
      FROM "QL_NHAN_HIEN_THI" "l"
      WHERE "l"."MA" = :Ma_0
      FETCH FIRST 1 ROWS ONLY
info: Microsoft.EntityFrameworkCore.Database.Command[20101]
      Executed DbCommand (2ms) [Parameters=[:nguoiDung_ID_0='?' (DbType = Decimal)], CommandType='Text', CommandTimeout='0']
      SELECT "c"."VAI_TRO_ID"
      FROM "QL_VAI_TRO_NGUOI_DUNG" "c"
      WHERE "c"."NGUOI_DUNG_ID" = :nguoiDung_ID_0
info: Microsoft.EntityFrameworkCore.Database.Command[20101]
      Executed DbCommand (3ms) [Parameters=[:Ma_0='?' (Size = 2000)], CommandType='Text', CommandTimeout='0']
      SELECT "l"."GIA_TRI"
      FROM "QL_NHAN_HIEN_THI" "l"
      WHERE "l"."MA" = :Ma_0
      FETCH FIRST 1 ROWS ONLY
info: Microsoft.EntityFrameworkCore.Database.Command[20101]
      Executed DbCommand (2ms) [Parameters=[:nguoiDung_ID_0='?' (DbType = Decimal)], CommandType='Text', CommandTimeout='0']
      SELECT "c"."VAI_TRO_ID"
      FROM "QL_VAI_TRO_NGUOI_DUNG" "c"
      WHERE "c"."NGUOI_DUNG_ID" = :nguoiDung_ID_0
info: Microsoft.EntityFrameworkCore.Database.Command[20101]
      Executed DbCommand (3ms) [Parameters=[:Ma_0='?' (Size = 2000)], CommandType='Text', CommandTimeout='0']
      SELECT "l"."GIA_TRI"
      FROM "QL_NHAN_HIEN_THI" "l"
      WHERE "l"."MA" = :Ma_0
      FETCH FIRST 1 ROWS ONLY
info: Microsoft.EntityFrameworkCore.Database.Command[20101]
      Executed DbCommand (2ms) [Parameters=[:nguoiDung_ID_0='?' (DbType = Decimal)], CommandType='Text', CommandTimeout='0']
      SELECT "c"."VAI_TRO_ID"
      FROM "QL_VAI_TRO_NGUOI_DUNG" "c"
      WHERE "c"."NGUOI_DUNG_ID" = :nguoiDung_ID_0
info: Microsoft.EntityFrameworkCore.Database.Command[20101]
      Executed DbCommand (2ms) [Parameters=[:Ma_0='?' (Size = 2000)], CommandType='Text', CommandTimeout='0']
      SELECT "l"."GIA_TRI"
      FROM "QL_NHAN_HIEN_THI" "l"
      WHERE "l"."MA" = :Ma_0
      FETCH FIRST 1 ROWS ONLY
info: Microsoft.EntityFrameworkCore.Database.Command[20101]
      Executed DbCommand (3ms) [Parameters=[:nguoiDung_ID_0='?' (DbType = Decimal)], CommandType='Text', CommandTimeout='0']
      SELECT "c"."VAI_TRO_ID"
      FROM "QL_VAI_TRO_NGUOI_DUNG" "c"
      WHERE "c"."NGUOI_DUNG_ID" = :nguoiDung_ID_0
info: Microsoft.EntityFrameworkCore.Database.Command[20101]
      Executed DbCommand (3ms) [Parameters=[:Ma_0='?' (Size = 2000)], CommandType='Text', CommandTimeout='0']
      SELECT "l"."GIA_TRI"
      FROM "QL_NHAN_HIEN_THI" "l"
      WHERE "l"."MA" = :Ma_0
      FETCH FIRST 1 ROWS ONLY
info: Microsoft.EntityFrameworkCore.Database.Command[20101]
      Executed DbCommand (3ms) [Parameters=[:nguoiDung_ID_0='?' (DbType = Decimal)], CommandType='Text', CommandTimeout='0']
      SELECT "c"."VAI_TRO_ID"
      FROM "QL_VAI_TRO_NGUOI_DUNG" "c"
      WHERE "c"."NGUOI_DUNG_ID" = :nguoiDung_ID_0
info: Microsoft.EntityFrameworkCore.Database.Command[20101]
      Executed DbCommand (3ms) [Parameters=[:Ma_0='?' (Size = 2000)], CommandType='Text', CommandTimeout='0']
      SELECT "l"."GIA_TRI"
      FROM "QL_NHAN_HIEN_THI" "l"
      WHERE "l"."MA" = :Ma_0
      FETCH FIRST 1 ROWS ONLY
info: Microsoft.EntityFrameworkCore.Database.Command[20101]
      Executed DbCommand (3ms) [Parameters=[:nguoiDung_ID_0='?' (DbType = Decimal)], CommandType='Text', CommandTimeout='0']
      SELECT "c"."VAI_TRO_ID"
      FROM "QL_VAI_TRO_NGUOI_DUNG" "c"
      WHERE "c"."NGUOI_DUNG_ID" = :nguoiDung_ID_0
info: Microsoft.EntityFrameworkCore.Database.Command[20101]
      Executed DbCommand (3ms) [Parameters=[:Ma_0='?' (Size = 2000)], CommandType='Text', CommandTimeout='0']
      SELECT "l"."GIA_TRI"
      FROM "QL_NHAN_HIEN_THI" "l"
      WHERE "l"."MA" = :Ma_0
      FETCH FIRST 1 ROWS ONLY
info: Microsoft.EntityFrameworkCore.Database.Command[20101]
      Executed DbCommand (2ms) [Parameters=[:nguoiDung_ID_0='?' (DbType = Decimal)], CommandType='Text', CommandTimeout='0']
      SELECT "c"."VAI_TRO_ID"
      FROM "QL_VAI_TRO_NGUOI_DUNG" "c"
      WHERE "c"."NGUOI_DUNG_ID" = :nguoiDung_ID_0
info: Microsoft.EntityFrameworkCore.Database.Command[20101]
      Executed DbCommand (3ms) [Parameters=[:Ma_0='?' (Size = 2000)], CommandType='Text', CommandTimeout='0']
      SELECT "l"."GIA_TRI"
      FROM "QL_NHAN_HIEN_THI" "l"
      WHERE "l"."MA" = :Ma_0
      FETCH FIRST 1 ROWS ONLY
info: Microsoft.EntityFrameworkCore.Database.Command[20101]
      Executed DbCommand (3ms) [Parameters=[:Ma_0='?' (Size = 2000)], CommandType='Text', CommandTimeout='0']
      SELECT "l"."GIA_TRI"
      FROM "QL_NHAN_HIEN_THI" "l"
      WHERE "l"."MA" = :Ma_0
      FETCH FIRST 1 ROWS ONLY
info: Microsoft.EntityFrameworkCore.Database.Command[20101]
      Executed DbCommand (3ms) [Parameters=[:Ma_0='?' (Size = 2000)], CommandType='Text', CommandTimeout='0']
      SELECT "l"."GIA_TRI"
      FROM "QL_NHAN_HIEN_THI" "l"
      WHERE "l"."MA" = :Ma_0
      FETCH FIRST 1 ROWS ONLY
info: Microsoft.EntityFrameworkCore.Database.Command[20101]
      Executed DbCommand (3ms) [Parameters=[:Ma_0='?' (Size = 2000)], CommandType='Text', CommandTimeout='0']
      SELECT "l"."GIA_TRI"
      FROM "QL_NHAN_HIEN_THI" "l"
      WHERE "l"."MA" = :Ma_0
      FETCH FIRST 1 ROWS ONLY
info: Microsoft.EntityFrameworkCore.Database.Command[20101]
      Executed DbCommand (3ms) [Parameters=[:Ma_0='?' (Size = 2000)], CommandType='Text', CommandTimeout='0']
      SELECT "l"."GIA_TRI"
      FROM "QL_NHAN_HIEN_THI" "l"
      WHERE "l"."MA" = :Ma_0
      FETCH FIRST 1 ROWS ONLY
info: Microsoft.EntityFrameworkCore.Database.Command[20101]
      Executed DbCommand (3ms) [Parameters=[:nguoiDung_ID_0='?' (DbType = Decimal)], CommandType='Text', CommandTimeout='0']
      SELECT "c"."VAI_TRO_ID"
      FROM "QL_VAI_TRO_NGUOI_DUNG" "c"
      WHERE "c"."NGUOI_DUNG_ID" = :nguoiDung_ID_0
info: Microsoft.EntityFrameworkCore.Database.Command[20101]
      Executed DbCommand (3ms) [Parameters=[:Ma_0='?' (Size = 2000)], CommandType='Text', CommandTimeout='0']
      SELECT "l"."GIA_TRI"
      FROM "QL_NHAN_HIEN_THI" "l"
      WHERE "l"."MA" = :Ma_0
      FETCH FIRST 1 ROWS ONLY
info: Microsoft.EntityFrameworkCore.Database.Command[20101]
      Executed DbCommand (3ms) [Parameters=[:Ma_0='?' (Size = 2000)], CommandType='Text', CommandTimeout='0']
      SELECT "l"."GIA_TRI"
      FROM "QL_NHAN_HIEN_THI" "l"
      WHERE "l"."MA" = :Ma_0
      FETCH FIRST 1 ROWS ONLY
info: Microsoft.EntityFrameworkCore.Database.Command[20101]
      Executed DbCommand (3ms) [Parameters=[:Ma_0='?' (Size = 2000)], CommandType='Text', CommandTimeout='0']
      SELECT "l"."GIA_TRI"
      FROM "QL_NHAN_HIEN_THI" "l"
      WHERE "l"."MA" = :Ma_0
      FETCH FIRST 1 ROWS ONLY
info: Microsoft.EntityFrameworkCore.Database.Command[20101]
      Executed DbCommand (2ms) [Parameters=[:nguoiDung_ID_0='?' (DbType = Decimal)], CommandType='Text', CommandTimeout='0']
      SELECT "c"."VAI_TRO_ID"
      FROM "QL_VAI_TRO_NGUOI_DUNG" "c"
      WHERE "c"."NGUOI_DUNG_ID" = :nguoiDung_ID_0
info: Microsoft.EntityFrameworkCore.Database.Command[20101]
      Executed DbCommand (3ms) [Parameters=[:Ma_0='?' (Size = 2000)], CommandType='Text', CommandTimeout='0']
      SELECT "l"."GIA_TRI"
      FROM "QL_NHAN_HIEN_THI" "l"
      WHERE "l"."MA" = :Ma_0
      FETCH FIRST 1 ROWS ONLY
info: Microsoft.EntityFrameworkCore.Database.Command[20101]
      Executed DbCommand (3ms) [Parameters=[:Ma_0='?' (Size = 2000)], CommandType='Text', CommandTimeout='0']
      SELECT "l"."GIA_TRI"
      FROM "QL_NHAN_HIEN_THI" "l"
      WHERE "l"."MA" = :Ma_0
      FETCH FIRST 1 ROWS ONLY
info: Microsoft.EntityFrameworkCore.Database.Command[20101]
      Executed DbCommand (4ms) [Parameters=[:Ma_0='?' (Size = 2000)], CommandType='Text', CommandTimeout='0']
      SELECT "l"."GIA_TRI"
      FROM "QL_NHAN_HIEN_THI" "l"
      WHERE "l"."MA" = :Ma_0
      FETCH FIRST 1 ROWS ONLY
info: Microsoft.EntityFrameworkCore.Database.Command[20101]
      Executed DbCommand (2ms) [Parameters=[:nguoiDung_ID_0='?' (DbType = Decimal)], CommandType='Text', CommandTimeout='0']
      SELECT "c"."VAI_TRO_ID"
      FROM "QL_VAI_TRO_NGUOI_DUNG" "c"
      WHERE "c"."NGUOI_DUNG_ID" = :nguoiDung_ID_0
info: Microsoft.EntityFrameworkCore.Database.Command[20101]
      Executed DbCommand (3ms) [Parameters=[:Ma_0='?' (Size = 2000)], CommandType='Text', CommandTimeout='0']
      SELECT "l"."GIA_TRI"
      FROM "QL_NHAN_HIEN_THI" "l"
      WHERE "l"."MA" = :Ma_0
      FETCH FIRST 1 ROWS ONLY
info: Microsoft.EntityFrameworkCore.Database.Command[20101]
      Executed DbCommand (3ms) [Parameters=[:Ma_0='?' (Size = 2000)], CommandType='Text', CommandTimeout='0']
      SELECT "l"."GIA_TRI"
      FROM "QL_NHAN_HIEN_THI" "l"
      WHERE "l"."MA" = :Ma_0
      FETCH FIRST 1 ROWS ONLY
info: Microsoft.EntityFrameworkCore.Database.Command[20101]
      Executed DbCommand (2ms) [Parameters=[:nguoiDung_ID_0='?' (DbType = Decimal)], CommandType='Text', CommandTimeout='0']
      SELECT "c"."VAI_TRO_ID"
      FROM "QL_VAI_TRO_NGUOI_DUNG" "c"
      WHERE "c"."NGUOI_DUNG_ID" = :nguoiDung_ID_0
info: Microsoft.EntityFrameworkCore.Database.Command[20101]
      Executed DbCommand (3ms) [Parameters=[:Ma_0='?' (Size = 2000)], CommandType='Text', CommandTimeout='0']
      SELECT "l"."GIA_TRI"
      FROM "QL_NHAN_HIEN_THI" "l"
      WHERE "l"."MA" = :Ma_0
      FETCH FIRST 1 ROWS ONLY
info: Microsoft.EntityFrameworkCore.Database.Command[20101]
      Executed DbCommand (2ms) [Parameters=[:nguoiDung_ID_0='?' (DbType = Decimal)], CommandType='Text', CommandTimeout='0']
      SELECT "c"."VAI_TRO_ID"
      FROM "QL_VAI_TRO_NGUOI_DUNG" "c"
      WHERE "c"."NGUOI_DUNG_ID" = :nguoiDung_ID_0
info: Microsoft.EntityFrameworkCore.Database.Command[20101]
      Executed DbCommand (3ms) [Parameters=[:Ma_0='?' (Size = 2000)], CommandType='Text', CommandTimeout='0']
      SELECT "l"."GIA_TRI"
      FROM "QL_NHAN_HIEN_THI" "l"
      WHERE "l"."MA" = :Ma_0
      FETCH FIRST 1 ROWS ONLY
info: Microsoft.EntityFrameworkCore.Database.Command[20101]
      Executed DbCommand (2ms) [Parameters=[:nguoiDung_ID_0='?' (DbType = Decimal)], CommandType='Text', CommandTimeout='0']
      SELECT "c"."VAI_TRO_ID"
      FROM "QL_VAI_TRO_NGUOI_DUNG" "c"
      WHERE "c"."NGUOI_DUNG_ID" = :nguoiDung_ID_0
info: Microsoft.EntityFrameworkCore.Database.Command[20101]
      Executed DbCommand (3ms) [Parameters=[:Ma_0='?' (Size = 2000)], CommandType='Text', CommandTimeout='0']
      SELECT "l"."GIA_TRI"
      FROM "QL_NHAN_HIEN_THI" "l"
      WHERE "l"."MA" = :Ma_0
      FETCH FIRST 1 ROWS ONLY
info: Microsoft.EntityFrameworkCore.Database.Command[20101]
      Executed DbCommand (2ms) [Parameters=[:nguoiDung_ID_0='?' (DbType = Decimal)], CommandType='Text', CommandTimeout='0']
      SELECT "c"."VAI_TRO_ID"
      FROM "QL_VAI_TRO_NGUOI_DUNG" "c"
      WHERE "c"."NGUOI_DUNG_ID" = :nguoiDung_ID_0
info: Microsoft.EntityFrameworkCore.Database.Command[20101]
      Executed DbCommand (16ms) [Parameters=[:Ma_0='?' (Size = 2000)], CommandType='Text', CommandTimeout='0']
      SELECT "l"."GIA_TRI"
      FROM "QL_NHAN_HIEN_THI" "l"
      WHERE "l"."MA" = :Ma_0
      FETCH FIRST 1 ROWS ONLY
info: Microsoft.EntityFrameworkCore.Database.Command[20101]
      Executed DbCommand (2ms) [Parameters=[:nguoiDung_ID_0='?' (DbType = Decimal)], CommandType='Text', CommandTimeout='0']
      SELECT "c"."VAI_TRO_ID"
      FROM "QL_VAI_TRO_NGUOI_DUNG" "c"
      WHERE "c"."NGUOI_DUNG_ID" = :nguoiDung_ID_0
info: Microsoft.EntityFrameworkCore.Database.Command[20101]
      Executed DbCommand (3ms) [Parameters=[:Ma_0='?' (Size = 2000)], CommandType='Text', CommandTimeout='0']
      SELECT "l"."GIA_TRI"
      FROM "QL_NHAN_HIEN_THI" "l"
      WHERE "l"."MA" = :Ma_0
      FETCH FIRST 1 ROWS ONLY
info: Microsoft.EntityFrameworkCore.Database.Command[20101]
      Executed DbCommand (3ms) [Parameters=[:nguoiDung_ID_0='?' (DbType = Decimal)], CommandType='Text', CommandTimeout='0']
      SELECT "c"."VAI_TRO_ID"
      FROM "QL_VAI_TRO_NGUOI_DUNG" "c"
      WHERE "c"."NGUOI_DUNG_ID" = :nguoiDung_ID_0
info: Microsoft.EntityFrameworkCore.Database.Command[20101]
      Executed DbCommand (3ms) [Parameters=[:Ma_0='?' (Size = 2000)], CommandType='Text', CommandTimeout='0']
      SELECT "l"."GIA_TRI"
      FROM "QL_NHAN_HIEN_THI" "l"
      WHERE "l"."MA" = :Ma_0
      FETCH FIRST 1 ROWS ONLY
info: Microsoft.EntityFrameworkCore.Database.Command[20101]
      Executed DbCommand (4ms) [Parameters=[:Ma_0='?' (Size = 2000)], CommandType='Text', CommandTimeout='0']
      SELECT "l"."GIA_TRI"
      FROM "QL_NHAN_HIEN_THI" "l"
      WHERE "l"."MA" = :Ma_0
      FETCH FIRST 1 ROWS ONLY
info: Microsoft.EntityFrameworkCore.Database.Command[20101]
      Executed DbCommand (3ms) [Parameters=[:Ma_0='?' (Size = 2000)], CommandType='Text', CommandTimeout='0']
      SELECT "l"."GIA_TRI"
      FROM "QL_NHAN_HIEN_THI" "l"
      WHERE "l"."MA" = :Ma_0
      FETCH FIRST 1 ROWS ONLY
info: Microsoft.EntityFrameworkCore.Database.Command[20101]
      Executed DbCommand (3ms) [Parameters=[:Ma_0='?' (Size = 2000)], CommandType='Text', CommandTimeout='0']
      SELECT "l"."GIA_TRI"
      FROM "QL_NHAN_HIEN_THI" "l"
      WHERE "l"."MA" = :Ma_0
      FETCH FIRST 1 ROWS ONLY
info: Microsoft.EntityFrameworkCore.Database.Command[20101]
      Executed DbCommand (2ms) [Parameters=[:nguoiDung_ID_0='?' (DbType = Decimal)], CommandType='Text', CommandTimeout='0']
      SELECT "c"."VAI_TRO_ID"
      FROM "QL_VAI_TRO_NGUOI_DUNG" "c"
      WHERE "c"."NGUOI_DUNG_ID" = :nguoiDung_ID_0
info: Microsoft.EntityFrameworkCore.Database.Command[20101]
      Executed DbCommand (4ms) [Parameters=[:Ma_0='?' (Size = 2000)], CommandType='Text', CommandTimeout='0']
      SELECT "l"."GIA_TRI"
      FROM "QL_NHAN_HIEN_THI" "l"
      WHERE "l"."MA" = :Ma_0
      FETCH FIRST 1 ROWS ONLY
info: Microsoft.EntityFrameworkCore.Database.Command[20101]
      Executed DbCommand (3ms) [Parameters=[:nguoiDung_ID_0='?' (DbType = Decimal)], CommandType='Text', CommandTimeout='0']
      SELECT "c"."VAI_TRO_ID"
      FROM "QL_VAI_TRO_NGUOI_DUNG" "c"
      WHERE "c"."NGUOI_DUNG_ID" = :nguoiDung_ID_0
info: Microsoft.EntityFrameworkCore.Database.Command[20101]
      Executed DbCommand (3ms) [Parameters=[:Ma_0='?' (Size = 2000)], CommandType='Text', CommandTimeout='0']
      SELECT "l"."GIA_TRI"
      FROM "QL_NHAN_HIEN_THI" "l"
      WHERE "l"."MA" = :Ma_0
      FETCH FIRST 1 ROWS ONLY
info: Microsoft.EntityFrameworkCore.Database.Command[20101]
      Executed DbCommand (3ms) [Parameters=[:nguoiDung_ID_0='?' (DbType = Decimal)], CommandType='Text', CommandTimeout='0']
      SELECT "c"."VAI_TRO_ID"
      FROM "QL_VAI_TRO_NGUOI_DUNG" "c"
      WHERE "c"."NGUOI_DUNG_ID" = :nguoiDung_ID_0
info: Microsoft.EntityFrameworkCore.Database.Command[20101]
      Executed DbCommand (3ms) [Parameters=[:Ma_0='?' (Size = 2000)], CommandType='Text', CommandTimeout='0']
      SELECT "l"."GIA_TRI"
      FROM "QL_NHAN_HIEN_THI" "l"
      WHERE "l"."MA" = :Ma_0
      FETCH FIRST 1 ROWS ONLY
info: Microsoft.EntityFrameworkCore.Database.Command[20101]
      Executed DbCommand (2ms) [Parameters=[:nguoiDung_ID_0='?' (DbType = Decimal)], CommandType='Text', CommandTimeout='0']
      SELECT "c"."VAI_TRO_ID"
      FROM "QL_VAI_TRO_NGUOI_DUNG" "c"
      WHERE "c"."NGUOI_DUNG_ID" = :nguoiDung_ID_0
info: Microsoft.EntityFrameworkCore.Database.Command[20101]
      Executed DbCommand (3ms) [Parameters=[:Ma_0='?' (Size = 2000)], CommandType='Text', CommandTimeout='0']
      SELECT "l"."GIA_TRI"
      FROM "QL_NHAN_HIEN_THI" "l"
      WHERE "l"."MA" = :Ma_0
      FETCH FIRST 1 ROWS ONLY
info: Microsoft.EntityFrameworkCore.Database.Command[20101]
      Executed DbCommand (2ms) [Parameters=[:nguoiDung_ID_0='?' (DbType = Decimal)], CommandType='Text', CommandTimeout='0']
      SELECT "c"."VAI_TRO_ID"
      FROM "QL_VAI_TRO_NGUOI_DUNG" "c"
      WHERE "c"."NGUOI_DUNG_ID" = :nguoiDung_ID_0
info: Microsoft.EntityFrameworkCore.Database.Command[20101]
      Executed DbCommand (3ms) [Parameters=[:Ma_0='?' (Size = 2000)], CommandType='Text', CommandTimeout='0']
      SELECT "l"."GIA_TRI"
      FROM "QL_NHAN_HIEN_THI" "l"
      WHERE "l"."MA" = :Ma_0
      FETCH FIRST 1 ROWS ONLY
info: Microsoft.EntityFrameworkCore.Database.Command[20101]
      Executed DbCommand (2ms) [Parameters=[:nguoiDung_ID_0='?' (DbType = Decimal)], CommandType='Text', CommandTimeout='0']
      SELECT "c"."VAI_TRO_ID"
      FROM "QL_VAI_TRO_NGUOI_DUNG" "c"
      WHERE "c"."NGUOI_DUNG_ID" = :nguoiDung_ID_0
info: Microsoft.EntityFrameworkCore.Database.Command[20101]
      Executed DbCommand (3ms) [Parameters=[:Ma_0='?' (Size = 2000)], CommandType='Text', CommandTimeout='0']
      SELECT "l"."GIA_TRI"
      FROM "QL_NHAN_HIEN_THI" "l"
      WHERE "l"."MA" = :Ma_0
      FETCH FIRST 1 ROWS ONLY
info: Microsoft.EntityFrameworkCore.Database.Command[20101]
      Executed DbCommand (2ms) [Parameters=[:nguoiDung_ID_0='?' (DbType = Decimal)], CommandType='Text', CommandTimeout='0']
      SELECT "c"."VAI_TRO_ID"
      FROM "QL_VAI_TRO_NGUOI_DUNG" "c"
      WHERE "c"."NGUOI_DUNG_ID" = :nguoiDung_ID_0
info: Microsoft.EntityFrameworkCore.Database.Command[20101]
      Executed DbCommand (2ms) [Parameters=[:Ma_0='?' (Size = 2000)], CommandType='Text', CommandTimeout='0']
      SELECT "l"."GIA_TRI"
      FROM "QL_NHAN_HIEN_THI" "l"
      WHERE "l"."MA" = :Ma_0
      FETCH FIRST 1 ROWS ONLY
info: Microsoft.EntityFrameworkCore.Database.Command[20101]
      Executed DbCommand (2ms) [Parameters=[:nguoiDung_ID_0='?' (DbType = Decimal)], CommandType='Text', CommandTimeout='0']
      SELECT "c"."VAI_TRO_ID"
      FROM "QL_VAI_TRO_NGUOI_DUNG" "c"
      WHERE "c"."NGUOI_DUNG_ID" = :nguoiDung_ID_0
info: Microsoft.EntityFrameworkCore.Database.Command[20101]
      Executed DbCommand (2ms) [Parameters=[:Ma_0='?' (Size = 2000)], CommandType='Text', CommandTimeout='0']
      SELECT "l"."GIA_TRI"
      FROM "QL_NHAN_HIEN_THI" "l"
      WHERE "l"."MA" = :Ma_0
      FETCH FIRST 1 ROWS ONLY
info: Microsoft.EntityFrameworkCore.Database.Command[20101]
      Executed DbCommand (3ms) [Parameters=[:nguoiDung_ID_0='?' (DbType = Decimal)], CommandType='Text', CommandTimeout='0']
      SELECT "c"."VAI_TRO_ID"
      FROM "QL_VAI_TRO_NGUOI_DUNG" "c"
      WHERE "c"."NGUOI_DUNG_ID" = :nguoiDung_ID_0
info: Microsoft.EntityFrameworkCore.Database.Command[20101]
      Executed DbCommand (3ms) [Parameters=[:Ma_0='?' (Size = 2000)], CommandType='Text', CommandTimeout='0']
      SELECT "l"."GIA_TRI"
      FROM "QL_NHAN_HIEN_THI" "l"
      WHERE "l"."MA" = :Ma_0
      FETCH FIRST 1 ROWS ONLY
info: Microsoft.EntityFrameworkCore.Database.Command[20101]
      Executed DbCommand (2ms) [Parameters=[:nguoiDung_ID_0='?' (DbType = Decimal)], CommandType='Text', CommandTimeout='0']
      SELECT "c"."VAI_TRO_ID"
      FROM "QL_VAI_TRO_NGUOI_DUNG" "c"
      WHERE "c"."NGUOI_DUNG_ID" = :nguoiDung_ID_0
info: Microsoft.EntityFrameworkCore.Database.Command[20101]
      Executed DbCommand (3ms) [Parameters=[:Ma_0='?' (Size = 2000)], CommandType='Text', CommandTimeout='0']
      SELECT "l"."GIA_TRI"
      FROM "QL_NHAN_HIEN_THI" "l"
      WHERE "l"."MA" = :Ma_0
      FETCH FIRST 1 ROWS ONLY
info: Microsoft.EntityFrameworkCore.Database.Command[20101]
      Executed DbCommand (2ms) [Parameters=[:nguoiDung_ID_0='?' (DbType = Decimal)], CommandType='Text', CommandTimeout='0']
      SELECT "c"."VAI_TRO_ID"
      FROM "QL_VAI_TRO_NGUOI_DUNG" "c"
      WHERE "c"."NGUOI_DUNG_ID" = :nguoiDung_ID_0
info: Microsoft.EntityFrameworkCore.Database.Command[20101]
      Executed DbCommand (2ms) [Parameters=[:Ma_0='?' (Size = 2000)], CommandType='Text', CommandTimeout='0']
      SELECT "l"."GIA_TRI"
      FROM "QL_NHAN_HIEN_THI" "l"
      WHERE "l"."MA" = :Ma_0
      FETCH FIRST 1 ROWS ONLY
info: Microsoft.EntityFrameworkCore.Database.Command[20101]
      Executed DbCommand (2ms) [Parameters=[:nguoiDung_ID_0='?' (DbType = Decimal)], CommandType='Text', CommandTimeout='0']
      SELECT "c"."VAI_TRO_ID"
      FROM "QL_VAI_TRO_NGUOI_DUNG" "c"
      WHERE "c"."NGUOI_DUNG_ID" = :nguoiDung_ID_0
info: Microsoft.EntityFrameworkCore.Database.Command[20101]
      Executed DbCommand (2ms) [Parameters=[:Ma_0='?' (Size = 2000)], CommandType='Text', CommandTimeout='0']
      SELECT "l"."GIA_TRI"
      FROM "QL_NHAN_HIEN_THI" "l"
      WHERE "l"."MA" = :Ma_0
      FETCH FIRST 1 ROWS ONLY
info: Microsoft.EntityFrameworkCore.Database.Command[20101]
      Executed DbCommand (2ms) [Parameters=[:nguoiDung_ID_0='?' (DbType = Decimal)], CommandType='Text', CommandTimeout='0']
      SELECT "c"."VAI_TRO_ID"
      FROM "QL_VAI_TRO_NGUOI_DUNG" "c"
      WHERE "c"."NGUOI_DUNG_ID" = :nguoiDung_ID_0
info: Microsoft.EntityFrameworkCore.Database.Command[20101]
      Executed DbCommand (3ms) [Parameters=[:Ma_0='?' (Size = 2000)], CommandType='Text', CommandTimeout='0']
      SELECT "l"."GIA_TRI"
      FROM "QL_NHAN_HIEN_THI" "l"
      WHERE "l"."MA" = :Ma_0
      FETCH FIRST 1 ROWS ONLY
info: Microsoft.EntityFrameworkCore.Database.Command[20101]
      Executed DbCommand (2ms) [Parameters=[:nguoiDung_ID_0='?' (DbType = Decimal)], CommandType='Text', CommandTimeout='0']
      SELECT "c"."VAI_TRO_ID"
      FROM "QL_VAI_TRO_NGUOI_DUNG" "c"
      WHERE "c"."NGUOI_DUNG_ID" = :nguoiDung_ID_0
info: Microsoft.EntityFrameworkCore.Database.Command[20101]
      Executed DbCommand (3ms) [Parameters=[:Ma_0='?' (Size = 2000)], CommandType='Text', CommandTimeout='0']
      SELECT "l"."GIA_TRI"
      FROM "QL_NHAN_HIEN_THI" "l"
      WHERE "l"."MA" = :Ma_0
      FETCH FIRST 1 ROWS ONLY
info: Microsoft.EntityFrameworkCore.Database.Command[20101]
      Executed DbCommand (3ms) [Parameters=[:nguoiDung_ID_0='?' (DbType = Decimal)], CommandType='Text', CommandTimeout='0']
      SELECT "c"."VAI_TRO_ID"
      FROM "QL_VAI_TRO_NGUOI_DUNG" "c"
      WHERE "c"."NGUOI_DUNG_ID" = :nguoiDung_ID_0
info: Microsoft.EntityFrameworkCore.Database.Command[20101]
      Executed DbCommand (3ms) [Parameters=[:Ma_0='?' (Size = 2000)], CommandType='Text', CommandTimeout='0']
      SELECT "l"."GIA_TRI"
      FROM "QL_NHAN_HIEN_THI" "l"
      WHERE "l"."MA" = :Ma_0
      FETCH FIRST 1 ROWS ONLY
info: Microsoft.EntityFrameworkCore.Database.Command[20101]
      Executed DbCommand (3ms) [Parameters=[:Ma_0='?' (Size = 2000)], CommandType='Text', CommandTimeout='0']
      SELECT "l"."GIA_TRI"
      FROM "QL_NHAN_HIEN_THI" "l"
      WHERE "l"."MA" = :Ma_0
      FETCH FIRST 1 ROWS ONLY
info: Microsoft.EntityFrameworkCore.Database.Command[20101]
      Executed DbCommand (3ms) [Parameters=[:Ma_0='?' (Size = 2000)], CommandType='Text', CommandTimeout='0']
      SELECT "l"."GIA_TRI"
      FROM "QL_NHAN_HIEN_THI" "l"
      WHERE "l"."MA" = :Ma_0
      FETCH FIRST 1 ROWS ONLY
info: Microsoft.EntityFrameworkCore.Database.Command[20101]
      Executed DbCommand (2ms) [Parameters=[:Ma_0='?' (Size = 2000)], CommandType='Text', CommandTimeout='0']
      SELECT "l"."GIA_TRI"
      FROM "QL_NHAN_HIEN_THI" "l"
      WHERE "l"."MA" = :Ma_0
      FETCH FIRST 1 ROWS ONLY
info: Microsoft.EntityFrameworkCore.Database.Command[20101]
      Executed DbCommand (3ms) [Parameters=[:Ma_0='?' (Size = 2000)], CommandType='Text', CommandTimeout='0']
      SELECT "l"."GIA_TRI"
      FROM "QL_NHAN_HIEN_THI" "l"
      WHERE "l"."MA" = :Ma_0
      FETCH FIRST 1 ROWS ONLY
info: Microsoft.EntityFrameworkCore.Database.Command[20101]
      Executed DbCommand (4ms) [Parameters=[:Ma_0='?' (Size = 2000)], CommandType='Text', CommandTimeout='0']
      SELECT "l"."GIA_TRI"
      FROM "QL_NHAN_HIEN_THI" "l"
      WHERE "l"."MA" = :Ma_0
      FETCH FIRST 1 ROWS ONLY
info: Microsoft.EntityFrameworkCore.Database.Command[20101]
      Executed DbCommand (2ms) [Parameters=[:nguoiDung_ID_0='?' (DbType = Decimal)], CommandType='Text', CommandTimeout='0']
      SELECT "c"."VAI_TRO_ID"
      FROM "QL_VAI_TRO_NGUOI_DUNG" "c"
      WHERE "c"."NGUOI_DUNG_ID" = :nguoiDung_ID_0
info: Microsoft.EntityFrameworkCore.Database.Command[20101]
      Executed DbCommand (2ms) [Parameters=[:Ma_0='?' (Size = 2000)], CommandType='Text', CommandTimeout='0']
      SELECT "l"."GIA_TRI"
      FROM "QL_NHAN_HIEN_THI" "l"
      WHERE "l"."MA" = :Ma_0
      FETCH FIRST 1 ROWS ONLY
info: Microsoft.EntityFrameworkCore.Database.Command[20101]
      Executed DbCommand (2ms) [Parameters=[:nguoiDung_ID_0='?' (DbType = Decimal)], CommandType='Text', CommandTimeout='0']
      SELECT "c"."VAI_TRO_ID"
      FROM "QL_VAI_TRO_NGUOI_DUNG" "c"
      WHERE "c"."NGUOI_DUNG_ID" = :nguoiDung_ID_0
info: Microsoft.EntityFrameworkCore.Database.Command[20101]
      Executed DbCommand (2ms) [Parameters=[:nguoiDung_ID_0='?' (DbType = Decimal)], CommandType='Text', CommandTimeout='0']
      SELECT "c"."VAI_TRO_ID"
      FROM "QL_VAI_TRO_NGUOI_DUNG" "c"
      WHERE "c"."NGUOI_DUNG_ID" = :nguoiDung_ID_0
info: Microsoft.EntityFrameworkCore.Database.Command[20101]
      Executed DbCommand (2ms) [Parameters=[:Ma_0='?' (Size = 2000)], CommandType='Text', CommandTimeout='0']
      SELECT "l"."GIA_TRI"
      FROM "QL_NHAN_HIEN_THI" "l"
      WHERE "l"."MA" = :Ma_0
      FETCH FIRST 1 ROWS ONLY
info: Microsoft.EntityFrameworkCore.Database.Command[20101]
      Executed DbCommand (2ms) [Parameters=[:nguoiDung_ID_0='?' (DbType = Decimal)], CommandType='Text', CommandTimeout='0']
      SELECT "c"."VAI_TRO_ID"
      FROM "QL_VAI_TRO_NGUOI_DUNG" "c"
      WHERE "c"."NGUOI_DUNG_ID" = :nguoiDung_ID_0
info: Microsoft.EntityFrameworkCore.Database.Command[20101]
      Executed DbCommand (2ms) [Parameters=[:Ma_0='?' (Size = 2000)], CommandType='Text', CommandTimeout='0']
      SELECT "l"."GIA_TRI"
      FROM "QL_NHAN_HIEN_THI" "l"
      WHERE "l"."MA" = :Ma_0
      FETCH FIRST 1 ROWS ONLY
info: Microsoft.EntityFrameworkCore.Database.Command[20101]
      Executed DbCommand (2ms) [Parameters=[:nguoiDung_ID_0='?' (DbType = Decimal)], CommandType='Text', CommandTimeout='0']
      SELECT "c"."VAI_TRO_ID"
      FROM "QL_VAI_TRO_NGUOI_DUNG" "c"
      WHERE "c"."NGUOI_DUNG_ID" = :nguoiDung_ID_0
info: Microsoft.EntityFrameworkCore.Database.Command[20101]
      Executed DbCommand (3ms) [Parameters=[:nguoiDung_ID_0='?' (DbType = Decimal)], CommandType='Text', CommandTimeout='0']
      SELECT "c"."VAI_TRO_ID"
      FROM "QL_VAI_TRO_NGUOI_DUNG" "c"
      WHERE "c"."NGUOI_DUNG_ID" = :nguoiDung_ID_0
info: Microsoft.EntityFrameworkCore.Database.Command[20101]
      Executed DbCommand (3ms) [Parameters=[:Ma_0='?' (Size = 2000)], CommandType='Text', CommandTimeout='0']
      SELECT "l"."GIA_TRI"
      FROM "QL_NHAN_HIEN_THI" "l"
      WHERE "l"."MA" = :Ma_0
      FETCH FIRST 1 ROWS ONLY
info: Microsoft.EntityFrameworkCore.Database.Command[20101]
      Executed DbCommand (2ms) [Parameters=[:nguoiDung_ID_0='?' (DbType = Decimal)], CommandType='Text', CommandTimeout='0']
      SELECT "c"."VAI_TRO_ID"
      FROM "QL_VAI_TRO_NGUOI_DUNG" "c"
      WHERE "c"."NGUOI_DUNG_ID" = :nguoiDung_ID_0
info: Microsoft.EntityFrameworkCore.Database.Command[20101]
      Executed DbCommand (3ms) [Parameters=[:Ma_0='?' (Size = 2000)], CommandType='Text', CommandTimeout='0']
      SELECT "l"."GIA_TRI"
      FROM "QL_NHAN_HIEN_THI" "l"
      WHERE "l"."MA" = :Ma_0
      FETCH FIRST 1 ROWS ONLY
info: Microsoft.EntityFrameworkCore.Database.Command[20101]
      Executed DbCommand (2ms) [Parameters=[:nguoiDung_ID_0='?' (DbType = Decimal)], CommandType='Text', CommandTimeout='0']
      SELECT "c"."VAI_TRO_ID"
      FROM "QL_VAI_TRO_NGUOI_DUNG" "c"
      WHERE "c"."NGUOI_DUNG_ID" = :nguoiDung_ID_0
info: Microsoft.EntityFrameworkCore.Database.Command[20101]
      Executed DbCommand (3ms) [Parameters=[:Ma_0='?' (Size = 2000)], CommandType='Text', CommandTimeout='0']
      SELECT "l"."GIA_TRI"
      FROM "QL_NHAN_HIEN_THI" "l"
      WHERE "l"."MA" = :Ma_0
      FETCH FIRST 1 ROWS ONLY
info: Microsoft.EntityFrameworkCore.Database.Command[20101]
      Executed DbCommand (3ms) [Parameters=[:nguoiDung_ID_0='?' (DbType = Decimal)], CommandType='Text', CommandTimeout='0']
      SELECT "c"."VAI_TRO_ID"
      FROM "QL_VAI_TRO_NGUOI_DUNG" "c"
      WHERE "c"."NGUOI_DUNG_ID" = :nguoiDung_ID_0
info: Microsoft.EntityFrameworkCore.Database.Command[20101]
      Executed DbCommand (3ms) [Parameters=[:Ma_0='?' (Size = 2000)], CommandType='Text', CommandTimeout='0']
      SELECT "l"."GIA_TRI"
      FROM "QL_NHAN_HIEN_THI" "l"
      WHERE "l"."MA" = :Ma_0
      FETCH FIRST 1 ROWS ONLY
info: Microsoft.EntityFrameworkCore.Database.Command[20101]
      Executed DbCommand (3ms) [Parameters=[:nguoiDung_ID_0='?' (DbType = Decimal)], CommandType='Text', CommandTimeout='0']
      SELECT "c"."VAI_TRO_ID"
      FROM "QL_VAI_TRO_NGUOI_DUNG" "c"
      WHERE "c"."NGUOI_DUNG_ID" = :nguoiDung_ID_0
info: Microsoft.EntityFrameworkCore.Database.Command[20101]
      Executed DbCommand (2ms) [Parameters=[:Ma_0='?' (Size = 2000)], CommandType='Text', CommandTimeout='0']
      SELECT "l"."GIA_TRI"
      FROM "QL_NHAN_HIEN_THI" "l"
      WHERE "l"."MA" = :Ma_0
      FETCH FIRST 1 ROWS ONLY
info: Microsoft.EntityFrameworkCore.Database.Command[20101]
      Executed DbCommand (2ms) [Parameters=[:nguoiDung_ID_0='?' (DbType = Decimal)], CommandType='Text', CommandTimeout='0']
      SELECT "c"."VAI_TRO_ID"
      FROM "QL_VAI_TRO_NGUOI_DUNG" "c"
      WHERE "c"."NGUOI_DUNG_ID" = :nguoiDung_ID_0
info: Microsoft.EntityFrameworkCore.Database.Command[20101]
      Executed DbCommand (3ms) [Parameters=[:Ma_0='?' (Size = 2000)], CommandType='Text', CommandTimeout='0']
      SELECT "l"."GIA_TRI"
      FROM "QL_NHAN_HIEN_THI" "l"
      WHERE "l"."MA" = :Ma_0
      FETCH FIRST 1 ROWS ONLY
info: Microsoft.EntityFrameworkCore.Database.Command[20101]
      Executed DbCommand (2ms) [Parameters=[:nguoiDung_ID_0='?' (DbType = Decimal)], CommandType='Text', CommandTimeout='0']
      SELECT "c"."VAI_TRO_ID"
      FROM "QL_VAI_TRO_NGUOI_DUNG" "c"
      WHERE "c"."NGUOI_DUNG_ID" = :nguoiDung_ID_0
info: Microsoft.EntityFrameworkCore.Database.Command[20101]
      Executed DbCommand (2ms) [Parameters=[:Ma_0='?' (Size = 2000)], CommandType='Text', CommandTimeout='0']
      SELECT "l"."GIA_TRI"
      FROM "QL_NHAN_HIEN_THI" "l"
      WHERE "l"."MA" = :Ma_0
      FETCH FIRST 1 ROWS ONLY
info: Microsoft.EntityFrameworkCore.Database.Command[20101]
      Executed DbCommand (2ms) [Parameters=[:nguoiDung_ID_0='?' (DbType = Decimal)], CommandType='Text', CommandTimeout='0']
      SELECT "c"."VAI_TRO_ID"
      FROM "QL_VAI_TRO_NGUOI_DUNG" "c"
      WHERE "c"."NGUOI_DUNG_ID" = :nguoiDung_ID_0
info: Microsoft.EntityFrameworkCore.Database.Command[20101]
      Executed DbCommand (3ms) [Parameters=[:Ma_0='?' (Size = 2000)], CommandType='Text', CommandTimeout='0']
      SELECT "l"."GIA_TRI"
      FROM "QL_NHAN_HIEN_THI" "l"
      WHERE "l"."MA" = :Ma_0
      FETCH FIRST 1 ROWS ONLY
info: Microsoft.EntityFrameworkCore.Database.Command[20101]
      Executed DbCommand (2ms) [Parameters=[:nguoiDung_ID_0='?' (DbType = Decimal)], CommandType='Text', CommandTimeout='0']
      SELECT "c"."VAI_TRO_ID"
      FROM "QL_VAI_TRO_NGUOI_DUNG" "c"
      WHERE "c"."NGUOI_DUNG_ID" = :nguoiDung_ID_0
info: Microsoft.EntityFrameworkCore.Database.Command[20101]
      Executed DbCommand (2ms) [Parameters=[:Ma_0='?' (Size = 2000)], CommandType='Text', CommandTimeout='0']
      SELECT "l"."GIA_TRI"
      FROM "QL_NHAN_HIEN_THI" "l"
      WHERE "l"."MA" = :Ma_0
      FETCH FIRST 1 ROWS ONLY
info: Microsoft.EntityFrameworkCore.Database.Command[20101]
      Executed DbCommand (2ms) [Parameters=[:nguoiDung_ID_0='?' (DbType = Decimal)], CommandType='Text', CommandTimeout='0']
      SELECT "c"."VAI_TRO_ID"
      FROM "QL_VAI_TRO_NGUOI_DUNG" "c"
      WHERE "c"."NGUOI_DUNG_ID" = :nguoiDung_ID_0
info: Microsoft.EntityFrameworkCore.Database.Command[20101]
      Executed DbCommand (2ms) [Parameters=[:Ma_0='?' (Size = 2000)], CommandType='Text', CommandTimeout='0']
      SELECT "l"."GIA_TRI"
      FROM "QL_NHAN_HIEN_THI" "l"
      WHERE "l"."MA" = :Ma_0
      FETCH FIRST 1 ROWS ONLY
info: Microsoft.EntityFrameworkCore.Database.Command[20101]
      Executed DbCommand (4ms) [Parameters=[:nguoiDung_ID_0='?' (DbType = Decimal)], CommandType='Text', CommandTimeout='0']
      SELECT "c"."VAI_TRO_ID"
      FROM "QL_VAI_TRO_NGUOI_DUNG" "c"
      WHERE "c"."NGUOI_DUNG_ID" = :nguoiDung_ID_0
info: Microsoft.EntityFrameworkCore.Database.Command[20101]
      Executed DbCommand (3ms) [Parameters=[:Ma_0='?' (Size = 2000)], CommandType='Text', CommandTimeout='0']
      SELECT "l"."GIA_TRI"
      FROM "QL_NHAN_HIEN_THI" "l"
      WHERE "l"."MA" = :Ma_0
      FETCH FIRST 1 ROWS ONLY
info: Microsoft.EntityFrameworkCore.Database.Command[20101]
      Executed DbCommand (3ms) [Parameters=[:nguoiDung_ID_0='?' (DbType = Decimal)], CommandType='Text', CommandTimeout='0']
      SELECT "c"."VAI_TRO_ID"
      FROM "QL_VAI_TRO_NGUOI_DUNG" "c"
      WHERE "c"."NGUOI_DUNG_ID" = :nguoiDung_ID_0
info: Microsoft.EntityFrameworkCore.Database.Command[20101]
      Executed DbCommand (17ms) [Parameters=[:Ma_0='?' (Size = 2000)], CommandType='Text', CommandTimeout='0']
      SELECT "l"."GIA_TRI"
      FROM "QL_NHAN_HIEN_THI" "l"
      WHERE "l"."MA" = :Ma_0
      FETCH FIRST 1 ROWS ONLY
info: Microsoft.EntityFrameworkCore.Database.Command[20101]
      Executed DbCommand (9ms) [Parameters=[:nguoiDung_ID_0='?' (DbType = Decimal)], CommandType='Text', CommandTimeout='0']
      SELECT "c"."VAI_TRO_ID"
      FROM "QL_VAI_TRO_NGUOI_DUNG" "c"
      WHERE "c"."NGUOI_DUNG_ID" = :nguoiDung_ID_0
info: Microsoft.EntityFrameworkCore.Database.Command[20101]
      Executed DbCommand (10ms) [Parameters=[:Ma_0='?' (Size = 2000)], CommandType='Text', CommandTimeout='0']
      SELECT "l"."GIA_TRI"
      FROM "QL_NHAN_HIEN_THI" "l"
      WHERE "l"."MA" = :Ma_0
      FETCH FIRST 1 ROWS ONLY
info: Microsoft.EntityFrameworkCore.Database.Command[20101]
      Executed DbCommand (9ms) [Parameters=[:nguoiDung_ID_0='?' (DbType = Decimal)], CommandType='Text', CommandTimeout='0']
      SELECT "c"."VAI_TRO_ID"
      FROM "QL_VAI_TRO_NGUOI_DUNG" "c"
      WHERE "c"."NGUOI_DUNG_ID" = :nguoiDung_ID_0
info: Microsoft.EntityFrameworkCore.Database.Command[20101]
      Executed DbCommand (11ms) [Parameters=[:Ma_0='?' (Size = 2000)], CommandType='Text', CommandTimeout='0']
      SELECT "l"."GIA_TRI"
      FROM "QL_NHAN_HIEN_THI" "l"
      WHERE "l"."MA" = :Ma_0
      FETCH FIRST 1 ROWS ONLY
info: Microsoft.EntityFrameworkCore.Database.Command[20101]
      Executed DbCommand (8ms) [Parameters=[:nguoiDung_ID_0='?' (DbType = Decimal)], CommandType='Text', CommandTimeout='0']
      SELECT "c"."VAI_TRO_ID"
      FROM "QL_VAI_TRO_NGUOI_DUNG" "c"
      WHERE "c"."NGUOI_DUNG_ID" = :nguoiDung_ID_0
info: Microsoft.EntityFrameworkCore.Database.Command[20101]
      Executed DbCommand (12ms) [Parameters=[:Ma_0='?' (Size = 2000)], CommandType='Text', CommandTimeout='0']
      SELECT "l"."GIA_TRI"
      FROM "QL_NHAN_HIEN_THI" "l"
      WHERE "l"."MA" = :Ma_0
      FETCH FIRST 1 ROWS ONLY
info: Microsoft.EntityFrameworkCore.Database.Command[20101]
      Executed DbCommand (10ms) [Parameters=[:nguoiDung_ID_0='?' (DbType = Decimal)], CommandType='Text', CommandTimeout='0']
      SELECT "c"."VAI_TRO_ID"
      FROM "QL_VAI_TRO_NGUOI_DUNG" "c"
      WHERE "c"."NGUOI_DUNG_ID" = :nguoiDung_ID_0
info: Microsoft.EntityFrameworkCore.Database.Command[20101]
      Executed DbCommand (66ms) [Parameters=[:donViId_0='?' (DbType = Decimal)], CommandType='Text', CommandTimeout='0']
      SELECT COUNT(*)
      FROM "DM_DON_VI" "p"
      WHERE ((("p"."PARENT_ID" = :donViId_0) AND ("p"."LA_BAN_QL_DU_AN" = 1)) OR (("p"."ID" = :donViId_0) AND ("p"."LOAI_DON_VI_ID" = 15.0))) OR (("p"."ID" = :donViId_0) AND ("p"."LA_BAN_QL_DU_AN" = 1))
info: Microsoft.EntityFrameworkCore.Database.Command[20101]
      Executed DbCommand (16ms) [Parameters=[:Ma_0='?' (Size = 2000)], CommandType='Text', CommandTimeout='0']
      SELECT "l"."GIA_TRI"
      FROM "QL_NHAN_HIEN_THI" "l"
      WHERE "l"."MA" = :Ma_0
      FETCH FIRST 1 ROWS ONLY
info: Microsoft.EntityFrameworkCore.Database.Command[20101]
      Executed DbCommand (9ms) [Parameters=[:nguoiDung_ID_0='?' (DbType = Decimal)], CommandType='Text', CommandTimeout='0']
      SELECT "c"."VAI_TRO_ID"
      FROM "QL_VAI_TRO_NGUOI_DUNG" "c"
      WHERE "c"."NGUOI_DUNG_ID" = :nguoiDung_ID_0
info: Microsoft.EntityFrameworkCore.Database.Command[20101]
      Executed DbCommand (9ms) [Parameters=[:Ma_0='?' (Size = 2000)], CommandType='Text', CommandTimeout='0']
      SELECT "l"."GIA_TRI"
      FROM "QL_NHAN_HIEN_THI" "l"
      WHERE "l"."MA" = :Ma_0
      FETCH FIRST 1 ROWS ONLY
info: Microsoft.EntityFrameworkCore.Database.Command[20101]
      Executed DbCommand (11ms) [Parameters=[:nguoiDung_ID_0='?' (DbType = Decimal)], CommandType='Text', CommandTimeout='0']
      SELECT "c"."VAI_TRO_ID"
      FROM "QL_VAI_TRO_NGUOI_DUNG" "c"
      WHERE "c"."NGUOI_DUNG_ID" = :nguoiDung_ID_0
info: Microsoft.EntityFrameworkCore.Database.Command[20101]
      Executed DbCommand (8ms) [Parameters=[:Ma_0='?' (Size = 2000)], CommandType='Text', CommandTimeout='0']
      SELECT "l"."GIA_TRI"
      FROM "QL_NHAN_HIEN_THI" "l"
      WHERE "l"."MA" = :Ma_0
      FETCH FIRST 1 ROWS ONLY
info: Microsoft.EntityFrameworkCore.Database.Command[20101]
      Executed DbCommand (3ms) [Parameters=[:nguoiDung_ID_0='?' (DbType = Decimal)], CommandType='Text', CommandTimeout='0']
      SELECT "c"."VAI_TRO_ID"
      FROM "QL_VAI_TRO_NGUOI_DUNG" "c"
      WHERE "c"."NGUOI_DUNG_ID" = :nguoiDung_ID_0
info: Microsoft.EntityFrameworkCore.Database.Command[20101]
      Executed DbCommand (3ms) [Parameters=[:Ma_0='?' (Size = 2000)], CommandType='Text', CommandTimeout='0']
      SELECT "l"."GIA_TRI"
      FROM "QL_NHAN_HIEN_THI" "l"
      WHERE "l"."MA" = :Ma_0
      FETCH FIRST 1 ROWS ONLY
info: Microsoft.EntityFrameworkCore.Database.Command[20101]
      Executed DbCommand (3ms) [Parameters=[:nguoiDung_ID_0='?' (DbType = Decimal)], CommandType='Text', CommandTimeout='0']
      SELECT "c"."VAI_TRO_ID"
      FROM "QL_VAI_TRO_NGUOI_DUNG" "c"
      WHERE "c"."NGUOI_DUNG_ID" = :nguoiDung_ID_0
info: Microsoft.EntityFrameworkCore.Database.Command[20101]
      Executed DbCommand (2ms) [Parameters=[:Ma_0='?' (Size = 2000)], CommandType='Text', CommandTimeout='0']
      SELECT "l"."GIA_TRI"
      FROM "QL_NHAN_HIEN_THI" "l"
      WHERE "l"."MA" = :Ma_0
      FETCH FIRST 1 ROWS ONLY
info: Microsoft.EntityFrameworkCore.Database.Command[20101]
      Executed DbCommand (4ms) [Parameters=[:nguoiDung_ID_0='?' (DbType = Decimal)], CommandType='Text', CommandTimeout='0']
      SELECT "c"."VAI_TRO_ID"
      FROM "QL_VAI_TRO_NGUOI_DUNG" "c"
      WHERE "c"."NGUOI_DUNG_ID" = :nguoiDung_ID_0
info: Microsoft.EntityFrameworkCore.Database.Command[20101]
      Executed DbCommand (3ms) [Parameters=[:Ma_0='?' (Size = 2000)], CommandType='Text', CommandTimeout='0']
      SELECT "l"."GIA_TRI"
      FROM "QL_NHAN_HIEN_THI" "l"
      WHERE "l"."MA" = :Ma_0
      FETCH FIRST 1 ROWS ONLY
info: Microsoft.EntityFrameworkCore.Database.Command[20101]
      Executed DbCommand (2ms) [Parameters=[:nguoiDung_ID_0='?' (DbType = Decimal)], CommandType='Text', CommandTimeout='0']
      SELECT "c"."VAI_TRO_ID"
      FROM "QL_VAI_TRO_NGUOI_DUNG" "c"
      WHERE "c"."NGUOI_DUNG_ID" = :nguoiDung_ID_0
info: Microsoft.EntityFrameworkCore.Database.Command[20101]
      Executed DbCommand (3ms) [Parameters=[:Ma_0='?' (Size = 2000)], CommandType='Text', CommandTimeout='0']
      SELECT "l"."GIA_TRI"
      FROM "QL_NHAN_HIEN_THI" "l"
      WHERE "l"."MA" = :Ma_0
      FETCH FIRST 1 ROWS ONLY
info: Microsoft.EntityFrameworkCore.Database.Command[20101]
      Executed DbCommand (3ms) [Parameters=[:nguoiDung_ID_0='?' (DbType = Decimal)], CommandType='Text', CommandTimeout='0']
      SELECT "c"."VAI_TRO_ID"
      FROM "QL_VAI_TRO_NGUOI_DUNG" "c"
      WHERE "c"."NGUOI_DUNG_ID" = :nguoiDung_ID_0
info: Microsoft.EntityFrameworkCore.Database.Command[20101]
      Executed DbCommand (3ms) [Parameters=[:Ma_0='?' (Size = 2000)], CommandType='Text', CommandTimeout='0']
      SELECT "l"."GIA_TRI"
      FROM "QL_NHAN_HIEN_THI" "l"
      WHERE "l"."MA" = :Ma_0
      FETCH FIRST 1 ROWS ONLY
info: Microsoft.EntityFrameworkCore.Database.Command[20101]
      Executed DbCommand (2ms) [Parameters=[:nguoiDung_ID_0='?' (DbType = Decimal)], CommandType='Text', CommandTimeout='0']
      SELECT "c"."VAI_TRO_ID"
      FROM "QL_VAI_TRO_NGUOI_DUNG" "c"
      WHERE "c"."NGUOI_DUNG_ID" = :nguoiDung_ID_0
info: Microsoft.EntityFrameworkCore.Database.Command[20101]
      Executed DbCommand (4ms) [Parameters=[:Ma_0='?' (Size = 2000)], CommandType='Text', CommandTimeout='0']
      SELECT "l"."GIA_TRI"
      FROM "QL_NHAN_HIEN_THI" "l"
      WHERE "l"."MA" = :Ma_0
      FETCH FIRST 1 ROWS ONLY
info: Microsoft.EntityFrameworkCore.Database.Command[20101]
      Executed DbCommand (2ms) [Parameters=[:nguoiDung_ID_0='?' (DbType = Decimal)], CommandType='Text', CommandTimeout='0']
      SELECT "c"."VAI_TRO_ID"
      FROM "QL_VAI_TRO_NGUOI_DUNG" "c"
      WHERE "c"."NGUOI_DUNG_ID" = :nguoiDung_ID_0
info: Microsoft.EntityFrameworkCore.Database.Command[20101]
      Executed DbCommand (3ms) [Parameters=[:guid_0='?' (DbType = Binary)], CommandType='Text', CommandTimeout='0']
      SELECT "c"."ID", "c"."CURRENT_DON_VI_ID", "c"."DB_ID", "c"."EMAIL", "c"."GHI_CHU", "c"."GUID", "c"."IP_TRUY_CAP", "c"."IS_QUAN_TRI", "c"."MAT_KHAU", "c"."MAT_KHAU_KEY", "c"."MA_CAN_BO", "c"."MOBILE", "c"."NGAY_TAO", "c"."NGAY_TRUY_CAP", "c"."NGUOI_TAO", "c"."NGUON_ID", "c"."PASSWORD_HASH", "c"."TEN_DANG_NHAP", "c"."TEN_DAY_DU", "c"."TMP_MAT_KHAU", "c"."TRANG_THAI_ID", "c"."UNG_DUNG"
      FROM "QL_NGUOI_DUNG" "c"
      WHERE "c"."GUID" = :guid_0
      FETCH FIRST 1 ROWS ONLY
info: Microsoft.EntityFrameworkCore.Database.Command[20101]
      Executed DbCommand (4ms) [Parameters=[:nguoiDung_ID_0='?' (DbType = Int32)], CommandType='Text', CommandTimeout='0']
      SELECT "p"."ID", "p"."DATA_JSON", "p"."DB_QUEUE_PROCESS_ID", "p"."DON_VI_ID", "p"."FILE_TYPE", "p"."GUID", "p"."GUID_FILE", "p"."MA_BAO_CAO", "p"."MODEL_DATA_TYPE", "p"."NGAY_TAO", "p"."NGUOI_TAO_ID", "p"."REPORT_CLASS", "p"."RESPONSE", "p"."SEARCH_MODEL_CLASS", "p"."SEARCH_MODEL_JSON", "p"."STATEMENT", "p"."TIME_END_GET_DATA", "p"."TIME_START_GET_DATA", "p"."TRANG_THAI_ID", "p"."TYPE_QUEUE_PROCESS_ID"
      FROM "BC_QUEUE_PROCESS" "p"
      WHERE "p"."NGUOI_TAO_ID" = :nguoiDung_ID_0
      ORDER BY "p"."ID" DESC
      FETCH FIRST 1 ROWS ONLY
info: Microsoft.EntityFrameworkCore.Database.Command[20101]
      Executed DbCommand (4ms) [Parameters=[:Ma_0='?' (Size = 2000)], CommandType='Text', CommandTimeout='0']
      SELECT "l"."GIA_TRI"
      FROM "QL_NHAN_HIEN_THI" "l"
      WHERE "l"."MA" = :Ma_0
      FETCH FIRST 1 ROWS ONLY
info: Microsoft.EntityFrameworkCore.Database.Command[20101]
      Executed DbCommand (18ms) [Parameters=[:Ma_0='?' (Size = 2000)], CommandType='Text', CommandTimeout='0']
      SELECT "l"."GIA_TRI"
      FROM "QL_NHAN_HIEN_THI" "l"
      WHERE "l"."MA" = :Ma_0
      FETCH FIRST 1 ROWS ONLY
info: Microsoft.EntityFrameworkCore.Database.Command[20101]
      Executed DbCommand (10ms) [Parameters=[:Ma_0='?' (Size = 2000)], CommandType='Text', CommandTimeout='0']
      SELECT "l"."GIA_TRI"
      FROM "QL_NHAN_HIEN_THI" "l"
      WHERE "l"."MA" = :Ma_0
      FETCH FIRST 1 ROWS ONLY
info: Microsoft.EntityFrameworkCore.Database.Command[20101]
      Executed DbCommand (5ms) [Parameters=[:Ma_0='?' (Size = 2000)], CommandType='Text', CommandTimeout='0']
      SELECT "l"."GIA_TRI"
      FROM "QL_NHAN_HIEN_THI" "l"
      WHERE "l"."MA" = :Ma_0
      FETCH FIRST 1 ROWS ONLY
info: Microsoft.AspNetCore.Mvc.ViewFeatures.ViewResultExecutor[4]
      Executed ViewResult - view Index executed in 8213.8355ms.
info: Microsoft.AspNetCore.Mvc.Internal.ControllerActionInvoker[2]
      Executed action GS.Web.Controllers.AppWorkController.Index (GS.Web) in 8225.4996ms
info: Microsoft.AspNetCore.Hosting.Internal.WebHost[2]
      Request finished in 8243.5821ms 200 text/html; charset=utf-8
info: Microsoft.AspNetCore.Hosting.Internal.WebHost[1]
      Request starting HTTP/1.1 GET http://localhost:62432/lib/kendo/css/kendo.default-v2.min.css  
info: Microsoft.AspNetCore.Hosting.Internal.WebHost[1]
      Request starting HTTP/1.1 GET http://localhost:62432/Themes/TSCV1/Content/css/style.css  
info: Microsoft.AspNetCore.Hosting.Internal.WebHost[1]
      Request starting HTTP/1.1 GET http://localhost:62432/Themes/TSCV1/Content/css/bootstrap-4.0.0.css  
info: Microsoft.AspNetCore.Hosting.Internal.WebHost[1]
      Request starting HTTP/1.1 GET http://localhost:62432/Themes/AppWork/Content/assets/vendor/css/rtl/appwork.css?v=1  
info: Microsoft.AspNetCore.Hosting.Internal.WebHost[1]
      Request starting HTTP/1.1 GET http://localhost:62432/Themes/AppWork/Content/assets/vendor/libs/spinkit/spinkit.css  
info: Microsoft.AspNetCore.Hosting.Internal.WebHost[1]
      Request starting HTTP/1.1 GET http://localhost:62432/lib/robotofont/fonts.googleapis.css?v=2&v=uMX6EqTzS8mwXzNjPgGgnaauWczTxoau8s4HPTmX6HM  
info: Microsoft.AspNetCore.StaticFiles.StaticFileMiddleware[2]
      Sending file. Request path: '/TSCV1/Content/css/style.css'. Physical path: 'D:\work\Gsolution\QLTS_2025\BackEnd\Presentation\GS.Web\Themes\TSCV1\Content\css\style.css'
info: Microsoft.AspNetCore.StaticFiles.StaticFileMiddleware[2]
      Sending file. Request path: '/TSCV1/Content/css/bootstrap-4.0.0.css'. Physical path: 'D:\work\Gsolution\QLTS_2025\BackEnd\Presentation\GS.Web\Themes\TSCV1\Content\css\bootstrap-4.0.0.css'
info: Microsoft.AspNetCore.Hosting.Internal.WebHost[2]
      Request finished in 109.2117ms 200 text/css
info: Microsoft.AspNetCore.StaticFiles.StaticFileMiddleware[2]
      Sending file. Request path: '/lib/robotofont/fonts.googleapis.css'. Physical path: 'D:\work\Gsolution\QLTS_2025\BackEnd\Presentation\GS.Web\wwwroot\lib\robotofont\fonts.googleapis.css'
info: Microsoft.AspNetCore.StaticFiles.StaticFileMiddleware[2]
      Sending file. Request path: '/AppWork/Content/assets/vendor/css/rtl/appwork.css'. Physical path: 'D:\work\Gsolution\QLTS_2025\BackEnd\Presentation\GS.Web\Themes\AppWork\Content\assets\vendor\css\rtl\appwork.css'
info: Microsoft.AspNetCore.Hosting.Internal.WebHost[2]
      Request finished in 113.4239ms 200 text/css
info: Microsoft.AspNetCore.Hosting.Internal.WebHost[1]
      Request starting HTTP/1.1 GET http://localhost:62432/Themes/AppWork/Content/assets/vendor/libs/dropzone/dropzone.css  
info: Microsoft.AspNetCore.StaticFiles.StaticFileMiddleware[2]
      Sending file. Request path: '/AppWork/Content/assets/vendor/libs/spinkit/spinkit.css'. Physical path: 'D:\work\Gsolution\QLTS_2025\BackEnd\Presentation\GS.Web\Themes\AppWork\Content\assets\vendor\libs\spinkit\spinkit.css'
info: Microsoft.AspNetCore.Hosting.Internal.WebHost[1]
      Request starting HTTP/1.1 GET http://localhost:62432/Themes/AppWork/Content/assets/vendor/libs/smartwizard/smartwizard.css  
info: Microsoft.AspNetCore.Hosting.Internal.WebHost[2]
      Request finished in 26.3569ms 200 text/css
info: Microsoft.AspNetCore.StaticFiles.StaticFileMiddleware[2]
      Sending file. Request path: '/lib/kendo/css/kendo.default-v2.min.css'. Physical path: 'D:\work\Gsolution\QLTS_2025\BackEnd\Presentation\GS.Web\wwwroot\lib\kendo\css\kendo.default-v2.min.css'
info: Microsoft.AspNetCore.Hosting.Internal.WebHost[2]
      Request finished in 36.4216ms 200 text/css
info: Microsoft.AspNetCore.Hosting.Internal.WebHost[2]
      Request finished in 85.488ms 200 text/css
info: Microsoft.AspNetCore.Hosting.Internal.WebHost[2]
      Request finished in 139.382ms 200 text/css
info: Microsoft.AspNetCore.Hosting.Internal.WebHost[1]
      Request starting HTTP/1.1 GET http://localhost:62432/lib/kendo/custom/kendo.custom.css  
info: Microsoft.AspNetCore.Hosting.Internal.WebHost[1]
      Request starting HTTP/1.1 GET http://localhost:62432/lib/signalr/dist/browser/signalr.min.js  
info: Microsoft.AspNetCore.StaticFiles.StaticFileMiddleware[2]
      Sending file. Request path: '/AppWork/Content/assets/vendor/libs/dropzone/dropzone.css'. Physical path: 'D:\work\Gsolution\QLTS_2025\BackEnd\Presentation\GS.Web\Themes\AppWork\Content\assets\vendor\libs\dropzone\dropzone.css'
info: Microsoft.AspNetCore.Hosting.Internal.WebHost[1]
      Request starting HTTP/1.1 GET http://localhost:62432/lib/bootstrap-touchspin/jquery.bootstrap-touchspin.min.css  
info: Microsoft.AspNetCore.StaticFiles.StaticFileMiddleware[2]
      Sending file. Request path: '/AppWork/Content/assets/vendor/libs/smartwizard/smartwizard.css'. Physical path: 'D:\work\Gsolution\QLTS_2025\BackEnd\Presentation\GS.Web\Themes\AppWork\Content\assets\vendor\libs\smartwizard\smartwizard.css'
info: Microsoft.AspNetCore.Hosting.Internal.WebHost[1]
      Request starting HTTP/1.1 GET http://localhost:62432/css/app/styles.css?v=2  
info: Microsoft.AspNetCore.Hosting.Internal.WebHost[2]
      Request finished in 45.6199ms 200 text/css
info: Microsoft.AspNetCore.Hosting.Internal.WebHost[2]
      Request finished in 39.9328ms 200 text/css
info: Microsoft.AspNetCore.Hosting.Internal.WebHost[1]
      Request starting HTTP/1.1 GET http://localhost:62432/js/admin.common.js  
info: Microsoft.AspNetCore.Hosting.Internal.WebHost[1]
      Request starting HTTP/1.1 GET http://localhost:62432/lib/kendo/2019.1.115/kendo.all.min.js  
info: Microsoft.AspNetCore.StaticFiles.StaticFileMiddleware[2]
      Sending file. Request path: '/lib/kendo/custom/kendo.custom.css'. Physical path: 'D:\work\Gsolution\QLTS_2025\BackEnd\Presentation\GS.Web\wwwroot\lib\kendo\custom\kendo.custom.css'
info: Microsoft.AspNetCore.Hosting.Internal.WebHost[2]
      Request finished in 38.1522ms 200 text/css
info: Microsoft.AspNetCore.StaticFiles.StaticFileMiddleware[2]
      Sending file. Request path: '/lib/bootstrap-touchspin/jquery.bootstrap-touchspin.min.css'. Physical path: 'D:\work\Gsolution\QLTS_2025\BackEnd\Presentation\GS.Web\wwwroot\lib\bootstrap-touchspin\jquery.bootstrap-touchspin.min.css'
info: Microsoft.AspNetCore.Hosting.Internal.WebHost[1]
      Request starting HTTP/1.1 GET http://localhost:62432/lib/kendo/2019.1.115/cultures/kendo.culture.vi-VN.min.js  
info: Microsoft.AspNetCore.Hosting.Internal.WebHost[2]
      Request finished in 37.3493ms 200 text/css
info: Microsoft.AspNetCore.Hosting.Internal.WebHost[1]
      Request starting HTTP/1.1 GET http://localhost:62432/lib/bootstrap-touchspin/jquery.bootstrap-touchspin.min.js  
info: Microsoft.AspNetCore.StaticFiles.StaticFileMiddleware[2]
      Sending file. Request path: '/css/app/styles.css'. Physical path: 'D:\work\Gsolution\QLTS_2025\BackEnd\Presentation\GS.Web\wwwroot\css\app\styles.css'
info: Microsoft.AspNetCore.Hosting.Internal.WebHost[2]
      Request finished in 44.3112ms 200 text/css
info: Microsoft.AspNetCore.Hosting.Internal.WebHost[1]
      Request starting HTTP/1.1 GET http://localhost:62432/Themes/AppWork/Content/assets/vendor/libs/vanilla-text-mask/vanilla-text-mask.js  
info: Microsoft.AspNetCore.StaticFiles.StaticFileMiddleware[2]
      Sending file. Request path: '/lib/kendo/2019.1.115/cultures/kendo.culture.vi-VN.min.js'. Physical path: 'D:\work\Gsolution\QLTS_2025\BackEnd\Presentation\GS.Web\wwwroot\lib\kendo\2019.1.115\cultures\kendo.culture.vi-VN.min.js'
info: Microsoft.AspNetCore.StaticFiles.StaticFileMiddleware[2]
      Sending file. Request path: '/lib/signalr/dist/browser/signalr.min.js'. Physical path: 'D:\work\Gsolution\QLTS_2025\BackEnd\Presentation\GS.Web\wwwroot\lib\signalr\dist\browser\signalr.min.js'
info: Microsoft.AspNetCore.Hosting.Internal.WebHost[2]
      Request finished in 43.1457ms 200 application/javascript
info: Microsoft.AspNetCore.Hosting.Internal.WebHost[2]
      Request finished in 86.2924ms 200 application/javascript
info: Microsoft.AspNetCore.Hosting.Internal.WebHost[1]
      Request starting HTTP/1.1 GET http://localhost:62432/Themes/AppWork/Content/assets/vendor/libs/vanilla-text-mask/text-mask-addons.js  
info: Microsoft.AspNetCore.Hosting.Internal.WebHost[1]
      Request starting HTTP/1.1 GET http://localhost:62432/lib/amcharts4/core.js  
info: Microsoft.AspNetCore.StaticFiles.StaticFileMiddleware[2]
      Sending file. Request path: '/js/admin.common.js'. Physical path: 'D:\work\Gsolution\QLTS_2025\BackEnd\Presentation\GS.Web\wwwroot\js\admin.common.js'
info: Microsoft.AspNetCore.Hosting.Internal.WebHost[2]
      Request finished in 74.418ms 200 application/javascript
info: Microsoft.AspNetCore.StaticFiles.StaticFileMiddleware[2]
      Sending file. Request path: '/lib/bootstrap-touchspin/jquery.bootstrap-touchspin.min.js'. Physical path: 'D:\work\Gsolution\QLTS_2025\BackEnd\Presentation\GS.Web\wwwroot\lib\bootstrap-touchspin\jquery.bootstrap-touchspin.min.js'
info: Microsoft.AspNetCore.Hosting.Internal.WebHost[1]
      Request starting HTTP/1.1 GET http://localhost:62432/lib/amcharts4/charts.js  
info: Microsoft.AspNetCore.Hosting.Internal.WebHost[2]
      Request finished in 59.0628ms 200 application/javascript
info: Microsoft.AspNetCore.Hosting.Internal.WebHost[1]
      Request starting HTTP/1.1 GET http://localhost:62432/lib/amcharts4/themes/animated.js  
info: Microsoft.AspNetCore.Hosting.Internal.WebHost[1]
      Request starting HTTP/1.1 GET http://localhost:62432/lib/signalr/dist/browser/signalr.min.js.map  
info: Microsoft.AspNetCore.StaticFiles.StaticFileMiddleware[2]
      Sending file. Request path: '/AppWork/Content/assets/vendor/libs/vanilla-text-mask/vanilla-text-mask.js'. Physical path: 'D:\work\Gsolution\QLTS_2025\BackEnd\Presentation\GS.Web\Themes\AppWork\Content\assets\vendor\libs\vanilla-text-mask\vanilla-text-mask.js'
info: Microsoft.AspNetCore.Hosting.Internal.WebHost[2]
      Request finished in 69.7251ms 200 application/javascript
info: Microsoft.AspNetCore.Hosting.Internal.WebHost[1]
      Request starting HTTP/1.1 GET http://localhost:62432/lib/amcharts4/themes/spiritedaway.js  
info: Microsoft.AspNetCore.StaticFiles.StaticFileMiddleware[2]
      Sending file. Request path: '/AppWork/Content/assets/vendor/libs/vanilla-text-mask/text-mask-addons.js'. Physical path: 'D:\work\Gsolution\QLTS_2025\BackEnd\Presentation\GS.Web\Themes\AppWork\Content\assets\vendor\libs\vanilla-text-mask\text-mask-addons.js'
info: Microsoft.AspNetCore.Hosting.Internal.WebHost[2]
      Request finished in 51.0714ms 200 application/javascript
info: Microsoft.AspNetCore.Hosting.Internal.WebHost[1]
      Request starting HTTP/1.1 GET http://localhost:62432/lib/amcharts4/themes/dataviz.js  
info: Microsoft.AspNetCore.StaticFiles.StaticFileMiddleware[2]
      Sending file. Request path: '/lib/amcharts4/themes/animated.js'. Physical path: 'D:\work\Gsolution\QLTS_2025\BackEnd\Presentation\GS.Web\wwwroot\lib\amcharts4\themes\animated.js'
info: Microsoft.AspNetCore.StaticFiles.StaticFileMiddleware[2]
      Sending file. Request path: '/lib/signalr/dist/browser/signalr.min.js.map'. Physical path: 'D:\work\Gsolution\QLTS_2025\BackEnd\Presentation\GS.Web\wwwroot\lib\signalr\dist\browser\signalr.min.js.map'
info: Microsoft.AspNetCore.Hosting.Internal.WebHost[2]
      Request finished in 38.5354ms 200 application/javascript
info: Microsoft.AspNetCore.Hosting.Internal.WebHost[2]
      Request finished in 29.8513ms 200 text/plain
info: Microsoft.AspNetCore.Hosting.Internal.WebHost[1]
      Request starting HTTP/1.1 GET http://localhost:62432/lib/amcharts4/themes/dark.js  
info: Microsoft.AspNetCore.StaticFiles.StaticFileMiddleware[2]
      Sending file. Request path: '/lib/amcharts4/themes/spiritedaway.js'. Physical path: 'D:\work\Gsolution\QLTS_2025\BackEnd\Presentation\GS.Web\wwwroot\lib\amcharts4\themes\spiritedaway.js'
info: Microsoft.AspNetCore.Hosting.Internal.WebHost[2]
      Request finished in 33.3425ms 200 application/javascript
info: Microsoft.AspNetCore.Hosting.Internal.WebHost[1]
      Request starting HTTP/1.1 GET http://localhost:62432/lib/amcharts4/themes/material.js  
info: Microsoft.AspNetCore.StaticFiles.StaticFileMiddleware[2]
      Sending file. Request path: '/lib/amcharts4/themes/dataviz.js'. Physical path: 'D:\work\Gsolution\QLTS_2025\BackEnd\Presentation\GS.Web\wwwroot\lib\amcharts4\themes\dataviz.js'
info: Microsoft.AspNetCore.Hosting.Internal.WebHost[2]
      Request finished in 35.7419ms 200 application/javascript
info: Microsoft.AspNetCore.Hosting.Internal.WebHost[1]
      Request starting HTTP/1.1 GET http://localhost:62432/lib/amcharts4/themes/kelly.js  
info: Microsoft.AspNetCore.StaticFiles.StaticFileMiddleware[2]
      Sending file. Request path: '/lib/amcharts4/themes/dark.js'. Physical path: 'D:\work\Gsolution\QLTS_2025\BackEnd\Presentation\GS.Web\wwwroot\lib\amcharts4\themes\dark.js'
info: Microsoft.AspNetCore.Hosting.Internal.WebHost[2]
      Request finished in 33.7814ms 200 application/javascript
info: Microsoft.AspNetCore.Hosting.Internal.WebHost[1]
      Request starting HTTP/1.1 GET http://localhost:62432/Themes/TSCV1/Content/images/logo.png  
info: Microsoft.AspNetCore.StaticFiles.StaticFileMiddleware[2]
      Sending file. Request path: '/lib/amcharts4/charts.js'. Physical path: 'D:\work\Gsolution\QLTS_2025\BackEnd\Presentation\GS.Web\wwwroot\lib\amcharts4\charts.js'
info: Microsoft.AspNetCore.Hosting.Internal.WebHost[2]
      Request finished in 99.374ms 200 application/javascript
info: Microsoft.AspNetCore.StaticFiles.StaticFileMiddleware[2]
      Sending file. Request path: '/lib/amcharts4/themes/material.js'. Physical path: 'D:\work\Gsolution\QLTS_2025\BackEnd\Presentation\GS.Web\wwwroot\lib\amcharts4\themes\material.js'
info: Microsoft.AspNetCore.Hosting.Internal.WebHost[1]
      Request starting HTTP/1.1 GET http://localhost:62432/Themes/TSCV1/Content/images/logo_mobile.png  
info: Microsoft.AspNetCore.Hosting.Internal.WebHost[2]
      Request finished in 40.2783ms 200 application/javascript
info: Microsoft.AspNetCore.StaticFiles.StaticFileMiddleware[2]
      Sending file. Request path: '/TSCV1/Content/images/logo.png'. Physical path: 'D:\work\Gsolution\QLTS_2025\BackEnd\Presentation\GS.Web\Themes\TSCV1\Content\images\logo.png'
info: Microsoft.AspNetCore.Hosting.Internal.WebHost[2]
      Request finished in 25.7442ms 200 image/png
info: Microsoft.AspNetCore.StaticFiles.StaticFileMiddleware[2]
      Sending file. Request path: '/lib/amcharts4/themes/kelly.js'. Physical path: 'D:\work\Gsolution\QLTS_2025\BackEnd\Presentation\GS.Web\wwwroot\lib\amcharts4\themes\kelly.js'
info: Microsoft.AspNetCore.Hosting.Internal.WebHost[1]
      Request starting HTTP/1.1 GET http://localhost:62432/css/admin/images/throbber-synchronizing.gif  
info: Microsoft.AspNetCore.Hosting.Internal.WebHost[2]
      Request finished in 42.1976ms 200 application/javascript
info: Microsoft.AspNetCore.StaticFiles.StaticFileMiddleware[2]
      Sending file. Request path: '/TSCV1/Content/images/logo_mobile.png'. Physical path: 'D:\work\Gsolution\QLTS_2025\BackEnd\Presentation\GS.Web\Themes\TSCV1\Content\images\logo_mobile.png'
info: Microsoft.AspNetCore.StaticFiles.StaticFileMiddleware[2]
      Sending file. Request path: '/css/admin/images/throbber-synchronizing.gif'. Physical path: 'D:\work\Gsolution\QLTS_2025\BackEnd\Presentation\GS.Web\wwwroot\css\admin\images\throbber-synchronizing.gif'
info: Microsoft.AspNetCore.Hosting.Internal.WebHost[1]
      Request starting HTTP/1.1 GET http://localhost:62432/Themes/AppWork/Content/assets/vendor/libs/chartjs/chartjs.js  
info: Microsoft.AspNetCore.Hosting.Internal.WebHost[2]
      Request finished in 23.0109ms 200 image/png
info: Microsoft.AspNetCore.Hosting.Internal.WebHost[1]
      Request starting HTTP/1.1 GET http://localhost:62432/Themes/AppWork/Content/assets/vendor/libs/bootbox/bootbox.js  
info: Microsoft.AspNetCore.Hosting.Internal.WebHost[2]
      Request finished in 17.4157ms 200 image/gif
info: Microsoft.AspNetCore.StaticFiles.StaticFileMiddleware[2]
      Sending file. Request path: '/lib/amcharts4/core.js'. Physical path: 'D:\work\Gsolution\QLTS_2025\BackEnd\Presentation\GS.Web\wwwroot\lib\amcharts4\core.js'
info: Microsoft.AspNetCore.Hosting.Internal.WebHost[2]
      Request finished in 163.2684ms 200 application/javascript
info: Microsoft.AspNetCore.StaticFiles.StaticFileMiddleware[2]
      Sending file. Request path: '/AppWork/Content/assets/vendor/libs/bootbox/bootbox.js'. Physical path: 'D:\work\Gsolution\QLTS_2025\BackEnd\Presentation\GS.Web\Themes\AppWork\Content\assets\vendor\libs\bootbox\bootbox.js'
info: Microsoft.AspNetCore.Hosting.Internal.WebHost[2]
      Request finished in 40.2792ms 200 application/javascript
info: Microsoft.AspNetCore.Hosting.Internal.WebHost[1]
      Request starting HTTP/1.1 GET http://localhost:62432/Themes/AppWork/Content/assets/vendor/libs/dropzone/dropzone.js  
info: Microsoft.AspNetCore.StaticFiles.StaticFileMiddleware[2]
      Sending file. Request path: '/AppWork/Content/assets/vendor/libs/chartjs/chartjs.js'. Physical path: 'D:\work\Gsolution\QLTS_2025\BackEnd\Presentation\GS.Web\Themes\AppWork\Content\assets\vendor\libs\chartjs\chartjs.js'
info: Microsoft.AspNetCore.Hosting.Internal.WebHost[2]
      Request finished in 79.0412ms 200 application/javascript
info: Microsoft.AspNetCore.Hosting.Internal.WebHost[1]
      Request starting HTTP/1.1 GET http://localhost:62432/Themes/AppWork/Content/assets/vendor/libs/smartwizard/smartwizard.js  
info: Microsoft.AspNetCore.StaticFiles.StaticFileMiddleware[2]
      Sending file. Request path: '/AppWork/Content/assets/vendor/libs/dropzone/dropzone.js'. Physical path: 'D:\work\Gsolution\QLTS_2025\BackEnd\Presentation\GS.Web\Themes\AppWork\Content\assets\vendor\libs\dropzone\dropzone.js'
info: Microsoft.AspNetCore.Hosting.Internal.WebHost[2]
      Request finished in 51.3552ms 200 application/javascript
info: Microsoft.AspNetCore.Hosting.Internal.WebHost[1]
      Request starting HTTP/1.1 GET http://localhost:62432/Themes/AppWork/Content/assets/vendor/libs/bootstrap-sweetalert/bootstrap-sweetalert.js  
info: Microsoft.AspNetCore.StaticFiles.StaticFileMiddleware[2]
      Sending file. Request path: '/AppWork/Content/assets/vendor/libs/smartwizard/smartwizard.js'. Physical path: 'D:\work\Gsolution\QLTS_2025\BackEnd\Presentation\GS.Web\Themes\AppWork\Content\assets\vendor\libs\smartwizard\smartwizard.js'
info: Microsoft.AspNetCore.Hosting.Internal.WebHost[2]
      Request finished in 45.2916ms 200 application/javascript
info: Microsoft.AspNetCore.StaticFiles.StaticFileMiddleware[2]
      Sending file. Request path: '/AppWork/Content/assets/vendor/libs/bootstrap-sweetalert/bootstrap-sweetalert.js'. Physical path: 'D:\work\Gsolution\QLTS_2025\BackEnd\Presentation\GS.Web\Themes\AppWork\Content\assets\vendor\libs\bootstrap-sweetalert\bootstrap-sweetalert.js'
info: Microsoft.AspNetCore.Hosting.Internal.WebHost[2]
      Request finished in 44.1828ms 200 application/javascript
info: Microsoft.AspNetCore.StaticFiles.StaticFileMiddleware[2]
      Sending file. Request path: '/lib/kendo/2019.1.115/kendo.all.min.js'. Physical path: 'D:\work\Gsolution\QLTS_2025\BackEnd\Presentation\GS.Web\wwwroot\lib\kendo\2019.1.115\kendo.all.min.js'
info: Microsoft.AspNetCore.Hosting.Internal.WebHost[2]
      Request finished in 1077.0492ms 200 application/javascript
info: Microsoft.AspNetCore.Hosting.Internal.WebHost[1]
      Request starting HTTP/1.1 GET http://localhost:62432/lib/kendo/2019.1.115/kendo.all.min.js.map  
info: Microsoft.AspNetCore.Hosting.Internal.WebHost[1]
      Request starting HTTP/1.1 GET http://localhost:62432/lib/kendo/2019.1.115/cultures/kendo.culture.vi-VN.min.js.map  
info: Microsoft.AspNetCore.Hosting.Internal.WebHost[1]
      Request starting HTTP/1.1 GET http://localhost:62432/lib/amcharts4/charts.js.map  
info: Microsoft.AspNetCore.Hosting.Internal.WebHost[1]
      Request starting HTTP/1.1 GET http://localhost:62432/lib/amcharts4/themes/spiritedaway.js.map  
info: Microsoft.AspNetCore.Hosting.Internal.WebHost[1]
      Request starting HTTP/1.1 GET http://localhost:62432/lib/amcharts4/themes/dataviz.js.map  
info: Microsoft.AspNetCore.Hosting.Internal.WebHost[1]
      Request starting HTTP/1.1 GET http://localhost:62432/lib/amcharts4/core.js.map  
info: Microsoft.AspNetCore.Hosting.Internal.WebHost[1]
      Request starting HTTP/1.1 GET http://localhost:62432/lib/amcharts4/themes/animated.js.map  
info: Microsoft.AspNetCore.Hosting.Internal.WebHost[1]
      Request starting HTTP/1.1 GET http://localhost:62432/lib/amcharts4/themes/material.js.map  
info: Microsoft.AspNetCore.Hosting.Internal.WebHost[1]
      Request starting HTTP/1.1 GET http://localhost:62432/lib/amcharts4/themes/dark.js.map  
info: Microsoft.AspNetCore.StaticFiles.StaticFileMiddleware[2]
      Sending file. Request path: '/lib/amcharts4/themes/spiritedaway.js.map'. Physical path: 'D:\work\Gsolution\QLTS_2025\BackEnd\Presentation\GS.Web\wwwroot\lib\amcharts4\themes\spiritedaway.js.map'
info: Microsoft.AspNetCore.StaticFiles.StaticFileMiddleware[2]
      Sending file. Request path: '/lib/amcharts4/themes/animated.js.map'. Physical path: 'D:\work\Gsolution\QLTS_2025\BackEnd\Presentation\GS.Web\wwwroot\lib\amcharts4\themes\animated.js.map'
info: Microsoft.AspNetCore.Hosting.Internal.WebHost[1]
      Request starting HTTP/1.1 GET http://localhost:62432/lib/amcharts4/themes/kelly.js.map  
info: Microsoft.AspNetCore.Hosting.Internal.WebHost[2]
      Request finished in 32.9792ms 200 text/plain
info: Microsoft.AspNetCore.StaticFiles.StaticFileMiddleware[2]
      Sending file. Request path: '/lib/amcharts4/themes/material.js.map'. Physical path: 'D:\work\Gsolution\QLTS_2025\BackEnd\Presentation\GS.Web\wwwroot\lib\amcharts4\themes\material.js.map'
info: Microsoft.AspNetCore.Hosting.Internal.WebHost[2]
      Request finished in 35.6777ms 200 text/plain
info: Microsoft.AspNetCore.StaticFiles.StaticFileMiddleware[2]
      Sending file. Request path: '/lib/amcharts4/themes/dataviz.js.map'. Physical path: 'D:\work\Gsolution\QLTS_2025\BackEnd\Presentation\GS.Web\wwwroot\lib\amcharts4\themes\dataviz.js.map'
info: Microsoft.AspNetCore.StaticFiles.StaticFileMiddleware[2]
      Sending file. Request path: '/lib/kendo/2019.1.115/cultures/kendo.culture.vi-VN.min.js.map'. Physical path: 'D:\work\Gsolution\QLTS_2025\BackEnd\Presentation\GS.Web\wwwroot\lib\kendo\2019.1.115\cultures\kendo.culture.vi-VN.min.js.map'
info: Microsoft.AspNetCore.Hosting.Internal.WebHost[1]
      Request starting HTTP/1.1 GET http://localhost:62432/lib/robotofont/fonts/ieVl2ZhZI2eCN5jzbjEETS9weq8-19K7DQ.woff2  
info: Microsoft.AspNetCore.Hosting.Internal.WebHost[1]
      Request starting HTTP/1.1 GET http://localhost:62432/lib/robotofont/fonts/ieVi2ZhZI2eCN5jzbjEETS9weq8-33mZGCQYbw.woff2  
info: Microsoft.AspNetCore.StaticFiles.StaticFileMiddleware[2]
      Sending file. Request path: '/lib/amcharts4/themes/dark.js.map'. Physical path: 'D:\work\Gsolution\QLTS_2025\BackEnd\Presentation\GS.Web\wwwroot\lib\amcharts4\themes\dark.js.map'
info: Microsoft.AspNetCore.StaticFiles.StaticFileMiddleware[2]
      Sending file. Request path: '/lib/amcharts4/themes/kelly.js.map'. Physical path: 'D:\work\Gsolution\QLTS_2025\BackEnd\Presentation\GS.Web\wwwroot\lib\amcharts4\themes\kelly.js.map'
info: Microsoft.AspNetCore.Hosting.Internal.WebHost[1]
      Request starting HTTP/1.1 GET http://localhost:62432/Themes/AppWork/Content/assets/vendor/fonts/fontawesome/fa-regular-400.woff2  
info: Microsoft.AspNetCore.Hosting.Internal.WebHost[2]
      Request finished in 56.1495ms 200 text/plain
info: Microsoft.AspNetCore.Hosting.Internal.WebHost[2]
      Request finished in 63.802ms 200 text/plain
info: Microsoft.AspNetCore.Hosting.Internal.WebHost[2]
      Request finished in 39.8006ms 200 text/plain
info: Microsoft.AspNetCore.StaticFiles.StaticFileMiddleware[2]
      Sending file. Request path: '/lib/amcharts4/charts.js.map'. Physical path: 'D:\work\Gsolution\QLTS_2025\BackEnd\Presentation\GS.Web\wwwroot\lib\amcharts4\charts.js.map'
info: Microsoft.AspNetCore.StaticFiles.StaticFileMiddleware[2]
      Sending file. Request path: '/lib/robotofont/fonts/ieVl2ZhZI2eCN5jzbjEETS9weq8-19K7DQ.woff2'. Physical path: 'D:\work\Gsolution\QLTS_2025\BackEnd\Presentation\GS.Web\wwwroot\lib\robotofont\fonts\ieVl2ZhZI2eCN5jzbjEETS9weq8-19K7DQ.woff2'
info: Microsoft.AspNetCore.Hosting.Internal.WebHost[2]
      Request finished in 92.832ms 200 text/plain
info: Microsoft.AspNetCore.Hosting.Internal.WebHost[2]
      Request finished in 97.3383ms 200 text/plain
info: Microsoft.AspNetCore.Hosting.Internal.WebHost[2]
      Request finished in 79.5656ms 200 text/plain
info: Microsoft.AspNetCore.Hosting.Internal.WebHost[1]
      Request starting HTTP/1.1 GET http://localhost:62432/lib/robotofont/fonts/ieVi2ZhZI2eCN5jzbjEETS9weq8-32meGCoYb8td.woff2  
info: Microsoft.AspNetCore.StaticFiles.StaticFileMiddleware[2]
      Sending file. Request path: '/lib/robotofont/fonts/ieVi2ZhZI2eCN5jzbjEETS9weq8-33mZGCQYbw.woff2'. Physical path: 'D:\work\Gsolution\QLTS_2025\BackEnd\Presentation\GS.Web\wwwroot\lib\robotofont\fonts\ieVi2ZhZI2eCN5jzbjEETS9weq8-33mZGCQYbw.woff2'
info: Microsoft.AspNetCore.Hosting.Internal.WebHost[1]
      Request starting HTTP/1.1 GET http://localhost:62432/lib/robotofont/fonts/ieVl2ZhZI2eCN5jzbjEETS9weq8-19y7DRs5.woff2  
info: Microsoft.AspNetCore.Hosting.Internal.WebHost[1]
      Request starting HTTP/1.1 GET http://localhost:62432/Themes/AppWork/Content/assets/vendor/fonts/ionicons/ionicons188f.woff?v=4.1.1  
info: Microsoft.AspNetCore.Hosting.Internal.WebHost[2]
      Request finished in 59.3828ms 200 font/woff2
info: Microsoft.AspNetCore.StaticFiles.StaticFileMiddleware[2]
      Sending file. Request path: '/AppWork/Content/assets/vendor/fonts/fontawesome/fa-regular-400.woff2'. Physical path: 'D:\work\Gsolution\QLTS_2025\BackEnd\Presentation\GS.Web\Themes\AppWork\Content\assets\vendor\fonts\fontawesome\fa-regular-400.woff2'
info: Microsoft.AspNetCore.Hosting.Internal.WebHost[1]
      Request starting HTTP/1.1 GET http://localhost:62432/lib/robotofont/fonts/ieVj2ZhZI2eCN5jzbjEETS9weq8-19eLDwM9.woff2  
info: Microsoft.AspNetCore.Hosting.Internal.WebHost[1]
      Request starting HTTP/1.1 GET http://localhost:62432/lib/robotofont/fonts/ieVi2ZhZI2eCN5jzbjEETS9weq8-32meGCQYbw.woff2  
info: Microsoft.AspNetCore.Hosting.Internal.WebHost[2]
      Request finished in 63.7726ms 200 font/woff2
info: Microsoft.AspNetCore.Hosting.Internal.WebHost[2]
      Request finished in 78.6883ms 200 font/woff2
info: Microsoft.AspNetCore.StaticFiles.StaticFileMiddleware[2]
      Sending file. Request path: '/lib/robotofont/fonts/ieVi2ZhZI2eCN5jzbjEETS9weq8-32meGCoYb8td.woff2'. Physical path: 'D:\work\Gsolution\QLTS_2025\BackEnd\Presentation\GS.Web\wwwroot\lib\robotofont\fonts\ieVi2ZhZI2eCN5jzbjEETS9weq8-32meGCoYb8td.woff2'
info: Microsoft.AspNetCore.StaticFiles.StaticFileMiddleware[2]
      Sending file. Request path: '/lib/robotofont/fonts/ieVl2ZhZI2eCN5jzbjEETS9weq8-19y7DRs5.woff2'. Physical path: 'D:\work\Gsolution\QLTS_2025\BackEnd\Presentation\GS.Web\wwwroot\lib\robotofont\fonts\ieVl2ZhZI2eCN5jzbjEETS9weq8-19y7DRs5.woff2'
info: Microsoft.AspNetCore.Hosting.Internal.WebHost[1]
      Request starting HTTP/1.1 GET http://localhost:62432/lib/robotofont/fonts/ieVi2ZhZI2eCN5jzbjEETS9weq8-33mZGCoYb8td.woff2  
info: Microsoft.AspNetCore.Hosting.Internal.WebHost[1]
      Request starting HTTP/1.1 GET http://localhost:62432/Widget/GiaTriSoLuongTaiSanTheoLoaiHinhVaDonVi  
info: Microsoft.AspNetCore.StaticFiles.StaticFileMiddleware[2]
      Sending file. Request path: '/lib/robotofont/fonts/ieVj2ZhZI2eCN5jzbjEETS9weq8-19eLDwM9.woff2'. Physical path: 'D:\work\Gsolution\QLTS_2025\BackEnd\Presentation\GS.Web\wwwroot\lib\robotofont\fonts\ieVj2ZhZI2eCN5jzbjEETS9weq8-19eLDwM9.woff2'
info: Microsoft.AspNetCore.StaticFiles.StaticFileMiddleware[2]
      Sending file. Request path: '/lib/robotofont/fonts/ieVi2ZhZI2eCN5jzbjEETS9weq8-32meGCQYbw.woff2'. Physical path: 'D:\work\Gsolution\QLTS_2025\BackEnd\Presentation\GS.Web\wwwroot\lib\robotofont\fonts\ieVi2ZhZI2eCN5jzbjEETS9weq8-32meGCQYbw.woff2'
info: Microsoft.AspNetCore.Hosting.Internal.WebHost[2]
      Request finished in 42.7931ms 200 font/woff2
info: Microsoft.AspNetCore.StaticFiles.StaticFileMiddleware[2]
      Sending file. Request path: '/AppWork/Content/assets/vendor/fonts/ionicons/ionicons188f.woff'. Physical path: 'D:\work\Gsolution\QLTS_2025\BackEnd\Presentation\GS.Web\Themes\AppWork\Content\assets\vendor\fonts\ionicons\ionicons188f.woff'
info: Microsoft.AspNetCore.Hosting.Internal.WebHost[2]
      Request finished in 40.5812ms 200 font/woff2
info: Microsoft.AspNetCore.Hosting.Internal.WebHost[2]
      Request finished in 64.6212ms 200 font/woff2
info: Microsoft.AspNetCore.Hosting.Internal.WebHost[2]
      Request finished in 44.9074ms 200 font/woff2
info: Microsoft.AspNetCore.Mvc.Internal.ControllerActionInvoker[1]
      Route matched with {action = "GiaTriSoLuongTaiSanTheoLoaiHinhVaDonVi", controller = "Widget"}. Executing action GS.Web.Controllers.WidgetController.GiaTriSoLuongTaiSanTheoLoaiHinhVaDonVi (GS.Web)
info: Microsoft.AspNetCore.StaticFiles.StaticFileMiddleware[2]
      Sending file. Request path: '/lib/robotofont/fonts/ieVi2ZhZI2eCN5jzbjEETS9weq8-33mZGCoYb8td.woff2'. Physical path: 'D:\work\Gsolution\QLTS_2025\BackEnd\Presentation\GS.Web\wwwroot\lib\robotofont\fonts\ieVi2ZhZI2eCN5jzbjEETS9weq8-33mZGCoYb8td.woff2'
info: Microsoft.AspNetCore.Hosting.Internal.WebHost[2]
      Request finished in 73.113ms 200 application/font-woff
info: Microsoft.AspNetCore.Hosting.Internal.WebHost[1]
      Request starting HTTP/1.1 GET http://localhost:62432/TaiSan/CanhBaoDuLieuTaiSan  
info: Microsoft.AspNetCore.Hosting.Internal.WebHost[1]
      Request starting HTTP/1.1 GET http://localhost:62432/Home/GetTLHD  
info: Microsoft.AspNetCore.Hosting.Internal.WebHost[2]
      Request finished in 53.6187ms 200 font/woff2
info: Microsoft.AspNetCore.Hosting.Internal.WebHost[1]
      Request starting HTTP/1.1 GET http://localhost:62432/lib/robotofont/fonts/ieVi2ZhZI2eCN5jzbjEETS9weq8-32meGCsYb8td.woff2  
info: Microsoft.AspNetCore.Hosting.Internal.WebHost[1]
      Request starting HTTP/1.1 GET http://localhost:62432/lib/robotofont/fonts/ieVl2ZhZI2eCN5jzbjEETS9weq8-1927DRs5.woff2  
info: Microsoft.AspNetCore.Hosting.Internal.WebHost[1]
      Request starting HTTP/1.1 GET http://localhost:62432/lib/robotofont/fonts/ieVi2ZhZI2eCN5jzbjEETS9weq8-33mZGCsYb8td.woff2  
info: Microsoft.AspNetCore.Mvc.Internal.ControllerActionInvoker[1]
      Executing action method GS.Web.Controllers.WidgetController.GiaTriSoLuongTaiSanTheoLoaiHinhVaDonVi (GS.Web) - Validation state: Valid
info: Microsoft.AspNetCore.Mvc.Internal.ControllerActionInvoker[1]
      Route matched with {action = "GetTLHD", controller = "Home"}. Executing action GS.Web.Controllers.HomeController.GetTLHD (GS.Web)
info: Microsoft.AspNetCore.Mvc.Internal.ControllerActionInvoker[1]
      Executing action method GS.Web.Controllers.HomeController.GetTLHD (GS.Web) - Validation state: Valid
info: Microsoft.AspNetCore.StaticFiles.StaticFileMiddleware[2]
      Sending file. Request path: '/lib/robotofont/fonts/ieVl2ZhZI2eCN5jzbjEETS9weq8-1927DRs5.woff2'. Physical path: 'D:\work\Gsolution\QLTS_2025\BackEnd\Presentation\GS.Web\wwwroot\lib\robotofont\fonts\ieVl2ZhZI2eCN5jzbjEETS9weq8-1927DRs5.woff2'
info: Microsoft.AspNetCore.StaticFiles.StaticFileMiddleware[2]
      Sending file. Request path: '/lib/robotofont/fonts/ieVi2ZhZI2eCN5jzbjEETS9weq8-32meGCsYb8td.woff2'. Physical path: 'D:\work\Gsolution\QLTS_2025\BackEnd\Presentation\GS.Web\wwwroot\lib\robotofont\fonts\ieVi2ZhZI2eCN5jzbjEETS9weq8-32meGCsYb8td.woff2'
info: Microsoft.AspNetCore.Hosting.Internal.WebHost[2]
      Request finished in 30.4728ms 200 font/woff2
info: Microsoft.AspNetCore.Hosting.Internal.WebHost[2]
      Request finished in 34.3544ms 200 font/woff2
info: Microsoft.AspNetCore.StaticFiles.StaticFileMiddleware[2]
      Sending file. Request path: '/lib/robotofont/fonts/ieVi2ZhZI2eCN5jzbjEETS9weq8-33mZGCsYb8td.woff2'. Physical path: 'D:\work\Gsolution\QLTS_2025\BackEnd\Presentation\GS.Web\wwwroot\lib\robotofont\fonts\ieVi2ZhZI2eCN5jzbjEETS9weq8-33mZGCsYb8td.woff2'
info: Microsoft.EntityFrameworkCore.Infrastructure[10403]
      Entity Framework Core 2.2.6-servicing-10079 initialized 'GSObjectContext' using provider 'Oracle.EntityFrameworkCore' with options: using lazy-loading proxies 
info: Microsoft.EntityFrameworkCore.Infrastructure[10403]
      Entity Framework Core 2.2.6-servicing-10079 initialized 'GSObjectContext' using provider 'Oracle.EntityFrameworkCore' with options: using lazy-loading proxies 
info: Microsoft.AspNetCore.Hosting.Internal.WebHost[2]
      Request finished in 40.4346ms 200 font/woff2
info: Microsoft.AspNetCore.Mvc.Internal.ControllerActionInvoker[1]
      Route matched with {action = "CanhBaoDuLieuTaiSan", controller = "TaiSan"}. Executing action GS.Web.Controllers.TaiSanController.CanhBaoDuLieuTaiSan (GS.Web)
info: Microsoft.EntityFrameworkCore.Database.Command[20101]
      Executed DbCommand (5ms) [Parameters=[:get_Item_0='?' (DbType = Decimal)], CommandType='Text', CommandTimeout='0']
      SELECT "e"."ID", "e"."DON_VI_ID", "e"."GIA_TRI", "e"."TEN"
      FROM "QL_CAU_HINH" "e"
      WHERE "e"."ID" = :get_Item_0
      FETCH FIRST 1 ROWS ONLY
info: Microsoft.AspNetCore.Mvc.Internal.ControllerActionInvoker[2]
      Executed action method GS.Web.Controllers.HomeController.GetTLHD (GS.Web), returned result Microsoft.AspNetCore.Mvc.JsonResult in 102.3947ms.
info: Microsoft.AspNetCore.StaticFiles.StaticFileMiddleware[2]
      Sending file. Request path: '/lib/amcharts4/core.js.map'. Physical path: 'D:\work\Gsolution\QLTS_2025\BackEnd\Presentation\GS.Web\wwwroot\lib\amcharts4\core.js.map'
info: Microsoft.AspNetCore.Hosting.Internal.WebHost[2]
      Request finished in 336.2033ms 200 text/plain
info: Microsoft.AspNetCore.Mvc.Formatters.Json.Internal.JsonResultExecutor[1]
      Executing JsonResult, writing value of type 'System.String'.
info: Microsoft.AspNetCore.Mvc.Internal.ControllerActionInvoker[2]
      Executed action GS.Web.Controllers.HomeController.GetTLHD (GS.Web) in 138.5896ms
info: Microsoft.AspNetCore.Hosting.Internal.WebHost[2]
      Request finished in 174.5794ms 200 application/json; charset=utf-8
info: Microsoft.EntityFrameworkCore.Database.Command[20101]
      Executed DbCommand (5ms) [Parameters=[:get_Item_0='?' (DbType = Decimal)], CommandType='Text', CommandTimeout='0']
      SELECT "e"."ID", "e"."CURRENT_DON_VI_ID", "e"."DB_ID", "e"."EMAIL", "e"."GHI_CHU", "e"."GUID", "e"."IP_TRUY_CAP", "e"."IS_QUAN_TRI", "e"."MAT_KHAU", "e"."MAT_KHAU_KEY", "e"."MA_CAN_BO", "e"."MOBILE", "e"."NGAY_TAO", "e"."NGAY_TRUY_CAP", "e"."NGUOI_TAO", "e"."NGUON_ID", "e"."PASSWORD_HASH", "e"."TEN_DANG_NHAP", "e"."TEN_DAY_DU", "e"."TMP_MAT_KHAU", "e"."TRANG_THAI_ID", "e"."UNG_DUNG"
      FROM "QL_NGUOI_DUNG" "e"
      WHERE "e"."ID" = :get_Item_0
      FETCH FIRST 1 ROWS ONLY
info: Microsoft.AspNetCore.Mvc.Internal.ControllerActionInvoker[1]
      Executing action method GS.Web.Controllers.TaiSanController.CanhBaoDuLieuTaiSan (GS.Web) - Validation state: Valid
info: Microsoft.EntityFrameworkCore.Infrastructure[10403]
      Entity Framework Core 2.2.6-servicing-10079 initialized 'GSObjectContext' using provider 'Oracle.EntityFrameworkCore' with options: using lazy-loading proxies 
info: Microsoft.EntityFrameworkCore.Database.Command[20101]
      Executed DbCommand (18ms) [Parameters=[], CommandType='Text', CommandTimeout='0']
      SELECT "c"."ID"
      FROM "DM_DON_VI" "c"
      WHERE (CAST(LENGTH("c"."MA") AS NUMBER(10)) = 3) AND (COALESCE("c"."TRANG_THAI_ID", 0) = 1)
info: Microsoft.AspNetCore.StaticFiles.StaticFileMiddleware[2]
      Sending file. Request path: '/lib/kendo/2019.1.115/kendo.all.min.js.map'. Physical path: 'D:\work\Gsolution\QLTS_2025\BackEnd\Presentation\GS.Web\wwwroot\lib\kendo\2019.1.115\kendo.all.min.js.map'
info: Microsoft.AspNetCore.Hosting.Internal.WebHost[2]
      Request finished in 490.6563ms 200 text/plain
info: Microsoft.EntityFrameworkCore.Database.Command[20101]
      Executed DbCommand (8ms) [Parameters=[:get_Item_0='?' (DbType = Decimal)], CommandType='Text', CommandTimeout='0']
      SELECT "e"."VAI_TRO_ID", "e"."NGUOI_DUNG_ID"
      FROM "QL_VAI_TRO_NGUOI_DUNG" "e"
      WHERE "e"."NGUOI_DUNG_ID" = :get_Item_0
info: Microsoft.EntityFrameworkCore.Database.Command[20101]
      Executed DbCommand (6ms) [Parameters=[:get_Item_0='?' (DbType = Decimal)], CommandType='Text', CommandTimeout='0']
      SELECT "e"."ID", "e"."MA", "e"."NGAY_TAO", "e"."TEN"
      FROM "QL_VAI_TRO" "e"
      WHERE "e"."ID" = :get_Item_0
info: Microsoft.EntityFrameworkCore.Database.Command[20101]
      Executed DbCommand (8ms) [Parameters=[:nguoiDungID_0='?' (DbType = Decimal)], CommandType='Text', CommandTimeout='0']
      SELECT DISTINCT "c"."DON_VI_ID"
      FROM "QL_NGUOI_DUNG_DON_VI" "c"
      WHERE "c"."NGUOI_DUNG_ID" = :nguoiDungID_0
info: Microsoft.EntityFrameworkCore.Database.Command[20101]
      Executed DbCommand (6ms) [Parameters=[:get_Item_0='?' (DbType = Decimal)], CommandType='Text', CommandTimeout='0']
      SELECT "e"."ID", "e"."CAP_DON_VI_ID", "e"."CHE_DO_HACH_TOAN_ID", "e"."CO_TAI_SAN", "e"."CQTC_MA", "e"."DA_CO_QUYET_DINH_GIAO_VON", "e"."DB_ID", "e"."DIA_BAN_ID", "e"."DIA_CHI", "e"."DIEN_THOAI", "e"."DON_VI_HIEN_THI", "e"."FAX", "e"."HUYEN_ID", "e"."IS_TSQUAN_LY_CHU_KY_SO", "e"."IS_TSQUAN_LY_NHU_TSCD", "e"."IS_XAC_NHAN_DU_LIEU", "e"."KHONG_CHUYEN_MA", "e"."LA_BAN_QL_DU_AN", "e"."LA_DON_VI_NHAP_LIEU", "e"."LA_DON_VI_TU_CHU_TAI_CHINH", "e"."LIST_FILE_XAC_NHAN", "e"."LOAI_CAP_DON_VI_ID", "e"."LOAI_DON_VI_ID", "e"."MA", "e"."MA_BO", "e"."MA_CHUONG", "e"."MA_DIA_BAN", "e"."MA_DVQHNS", "e"."MA_HUYEN", "e"."MA_TINH", "e"."NGAY_CAP_NHAT", "e"."NGAY_QUYET_DINH", "e"."NGAY_QUYET_DINH_GIAO_VON", "e"."NGAY_TAO", "e"."NGAY_XAC_NHAN", "e"."NGUOI_CAP_NHAT_ID", "e"."NGUOI_TAO_ID", "e"."NHOM_DON_VI_ID", "e"."OLD_CAP_DON_VI_ID", "e"."PARENT_ID", "e"."SO_QUYET_DINH", "e"."SO_QUYET_DINH_GIAO_VON", "e"."TEN", "e"."TINH_ID", "e"."TRANG_THAI_DONG_BO_ID", "e"."TRANG_THAI_ID", "e"."TRANG_THAI_THAY_DOI_ID", "e"."TREE_LEVEL", "e"."TREE_NODE", "e"."XA_ID"
      FROM "DM_DON_VI" "e"
      WHERE "e"."ID" = :get_Item_0
      FETCH FIRST 1 ROWS ONLY
info: Microsoft.EntityFrameworkCore.Database.Command[20101]
      Executed DbCommand (6ms) [Parameters=[:get_Item_0='?' (DbType = Decimal)], CommandType='Text', CommandTimeout='0']
      SELECT "e"."ID", "e"."MA", "e"."NGAY_TAO", "e"."TEN"
      FROM "QL_VAI_TRO" "e"
      WHERE "e"."ID" = :get_Item_0
info: Microsoft.EntityFrameworkCore.Database.Command[20101]
      Executed DbCommand (6ms) [Parameters=[:get_Item_0='?' (DbType = Decimal)], CommandType='Text', CommandTimeout='0']
      SELECT "e"."ID", "e"."MA", "e"."NGAY_TAO", "e"."TEN"
      FROM "QL_VAI_TRO" "e"
      WHERE "e"."ID" = :get_Item_0
info: Microsoft.EntityFrameworkCore.Database.Command[20101]
      Executed DbCommand (7ms) [Parameters=[:partialViewName_0='?' (Size = 2000)], CommandType='Text', CommandTimeout='0']
      SELECT "c"."ID", "c"."CAU_HINH", "c"."MO_TA", "c"."PARTIAL_VIEW_NAME", "c"."TEN"
      FROM "QL_WIDGET" "c"
      WHERE "c"."PARTIAL_VIEW_NAME" = :partialViewName_0
      FETCH FIRST 1 ROWS ONLY
info: Microsoft.EntityFrameworkCore.Database.Command[20101]
      Executed DbCommand (6ms) [Parameters=[:widget_ID_0='?' (DbType = Decimal)], CommandType='Text', CommandTimeout='0']
      SELECT "c"."VAI_TRO_ID"
      FROM "QL_VAI_TRO_WIDGET" "c"
      WHERE "c"."WIDGET_ID" = :widget_ID_0
warn: Microsoft.EntityFrameworkCore.Query[20500]
      The LINQ expression 'Sum()' could not be translated and will be evaluated locally.
info: Microsoft.EntityFrameworkCore.Database.Command[20101]
      Executed DbCommand (7ms) [Parameters=[donvi='?' (DbType = Decimal), TBL_OUT='?' (Direction = Output) (DbType = Object)], CommandType='Text', CommandTimeout='0']
      BEGIN PK_DASHBOARD.SP_GIA_TRI_SO_LUONG_TAISAN_THEO_LOAI_HINH_VA_DON_VI( :donvi, :TBL_OUT); END;
warn: Microsoft.EntityFrameworkCore.Query[20500]
      The LINQ expression 'Sum()' could not be translated and will be evaluated locally.
info: Microsoft.EntityFrameworkCore.Database.Command[20101]
      Executed DbCommand (7ms) [Parameters=[donvi='?' (DbType = Decimal), TBL_OUT='?' (Direction = Output) (DbType = Object)], CommandType='Text', CommandTimeout='0']
      BEGIN PK_DASHBOARD.SP_GIA_TRI_SO_LUONG_TAISAN_THEO_LOAI_HINH_VA_DON_VI( :donvi, :TBL_OUT); END;
info: Microsoft.EntityFrameworkCore.Database.Command[20101]
      Executed DbCommand (6ms) [Parameters=[donvi='?' (DbType = Decimal), TBL_OUT='?' (Direction = Output) (DbType = Object)], CommandType='Text', CommandTimeout='0']
      BEGIN PK_DASHBOARD.SP_GIA_TRI_SO_LUONG_TAISAN_THEO_LOAI_HINH_VA_DON_VI( :donvi, :TBL_OUT); END;
info: Microsoft.EntityFrameworkCore.Database.Command[20101]
      Executed DbCommand (5ms) [Parameters=[:Ma_0='?' (Size = 2000)], CommandType='Text', CommandTimeout='0']
      SELECT "l"."GIA_TRI"
      FROM "QL_NHAN_HIEN_THI" "l"
      WHERE "l"."MA" = :Ma_0
      FETCH FIRST 1 ROWS ONLY
info: Microsoft.EntityFrameworkCore.Database.Command[20101]
      Executed DbCommand (6ms) [Parameters=[:Ma_0='?' (Size = 2000)], CommandType='Text', CommandTimeout='0']
      SELECT "l"."GIA_TRI"
      FROM "QL_NHAN_HIEN_THI" "l"
      WHERE "l"."MA" = :Ma_0
      FETCH FIRST 1 ROWS ONLY
info: Microsoft.EntityFrameworkCore.Database.Command[20101]
      Executed DbCommand (4ms) [Parameters=[:Ma_0='?' (Size = 2000)], CommandType='Text', CommandTimeout='0']
      SELECT "l"."GIA_TRI"
      FROM "QL_NHAN_HIEN_THI" "l"
      WHERE "l"."MA" = :Ma_0
      FETCH FIRST 1 ROWS ONLY
info: Microsoft.EntityFrameworkCore.Database.Command[20101]
      Executed DbCommand (7ms) [Parameters=[:Ma_0='?' (Size = 2000)], CommandType='Text', CommandTimeout='0']
      SELECT "l"."GIA_TRI"
      FROM "QL_NHAN_HIEN_THI" "l"
      WHERE "l"."MA" = :Ma_0
      FETCH FIRST 1 ROWS ONLY
info: Microsoft.EntityFrameworkCore.Database.Command[20101]
      Executed DbCommand (7ms) [Parameters=[:Ma_0='?' (Size = 2000)], CommandType='Text', CommandTimeout='0']
      SELECT "l"."GIA_TRI"
      FROM "QL_NHAN_HIEN_THI" "l"
      WHERE "l"."MA" = :Ma_0
      FETCH FIRST 1 ROWS ONLY
info: Microsoft.EntityFrameworkCore.Database.Command[20101]
      Executed DbCommand (197ms) [Parameters=[:maChuong_0='?' (Size = 2000)], CommandType='Text', CommandTimeout='0']
      SELECT COUNT(*)
      FROM "DMDC_DON_VI_NGAN_SACH" "c"
      LEFT JOIN (
          SELECT "c0".*
          FROM "DM_DON_VI" "c0"
          WHERE "c0"."MA_CHUONG" = :maChuong_0
      ) "t" ON "c"."MA" = "t"."MA_DVQHNS"
      WHERE ("c"."CHUONG" = :maChuong_0) AND "t"."ID" IS NULL
info: Microsoft.EntityFrameworkCore.Database.Command[20101]
      Executed DbCommand (7ms) [Parameters=[:Ma_0='?' (Size = 2000)], CommandType='Text', CommandTimeout='0']
      SELECT "l"."GIA_TRI"
      FROM "QL_NHAN_HIEN_THI" "l"
      WHERE "l"."MA" = :Ma_0
      FETCH FIRST 1 ROWS ONLY
info: Microsoft.AspNetCore.Mvc.Internal.ControllerActionInvoker[2]
      Executed action method GS.Web.Controllers.TaiSanController.CanhBaoDuLieuTaiSan (GS.Web), returned result Microsoft.AspNetCore.Mvc.ViewResult in 506.5873ms.
info: Microsoft.EntityFrameworkCore.Database.Command[20101]
      Executed DbCommand (6ms) [Parameters=[:Ma_0='?' (Size = 2000)], CommandType='Text', CommandTimeout='0']
      SELECT "l"."GIA_TRI"
      FROM "QL_NHAN_HIEN_THI" "l"
      WHERE "l"."MA" = :Ma_0
      FETCH FIRST 1 ROWS ONLY
info: Microsoft.EntityFrameworkCore.Database.Command[20101]
      Executed DbCommand (4ms) [Parameters=[:Ma_0='?' (Size = 2000)], CommandType='Text', CommandTimeout='0']
      SELECT "l"."GIA_TRI"
      FROM "QL_NHAN_HIEN_THI" "l"
      WHERE "l"."MA" = :Ma_0
      FETCH FIRST 1 ROWS ONLY
info: Microsoft.EntityFrameworkCore.Database.Command[20101]
      Executed DbCommand (310ms) [Parameters=[:Ma_0='?' (Size = 2000)], CommandType='Text', CommandTimeout='0']
      SELECT "l"."GIA_TRI"
      FROM "QL_NHAN_HIEN_THI" "l"
      WHERE "l"."MA" = :Ma_0
      FETCH FIRST 1 ROWS ONLY
info: Microsoft.EntityFrameworkCore.Database.Command[20101]
      Executed DbCommand (3ms) [Parameters=[:Ma_0='?' (Size = 2000)], CommandType='Text', CommandTimeout='0']
      SELECT "l"."GIA_TRI"
      FROM "QL_NHAN_HIEN_THI" "l"
      WHERE "l"."MA" = :Ma_0
      FETCH FIRST 1 ROWS ONLY
info: Microsoft.AspNetCore.Mvc.Internal.ControllerActionInvoker[2]
      Executed action method GS.Web.Controllers.WidgetController.GiaTriSoLuongTaiSanTheoLoaiHinhVaDonVi (GS.Web), returned result Microsoft.AspNetCore.Mvc.JsonResult in 1085.3544ms.
info: Microsoft.AspNetCore.Mvc.Formatters.Json.Internal.JsonResultExecutor[1]
      Executing JsonResult, writing value of type 'GS.Core.Domain.Common.MessageReturn'.
info: Microsoft.AspNetCore.Mvc.Internal.ControllerActionInvoker[2]
      Executed action GS.Web.Controllers.WidgetController.GiaTriSoLuongTaiSanTheoLoaiHinhVaDonVi (GS.Web) in 1142.4467ms
info: Microsoft.AspNetCore.Hosting.Internal.WebHost[2]
      Request finished in 1200.7713ms 200 application/json; charset=utf-8
info: Microsoft.AspNetCore.Mvc.ViewFeatures.ViewResultExecutor[1]
      Executing ViewResult, running view CanhBaoDuLieuTaiSan.
info: Microsoft.AspNetCore.Mvc.ViewFeatures.ViewResultExecutor[4]
      Executed ViewResult - view CanhBaoDuLieuTaiSan executed in 1056.5467ms.
info: Microsoft.AspNetCore.Mvc.Internal.ControllerActionInvoker[2]
      Executed action GS.Web.Controllers.TaiSanController.CanhBaoDuLieuTaiSan (GS.Web) in 1696.8556ms
info: Microsoft.AspNetCore.Hosting.Internal.WebHost[2]
      Request finished in 1812.9117ms 200 text/html; charset=utf-8
info: Microsoft.AspNetCore.Hosting.Internal.WebHost[1]
      Request starting HTTP/1.1 GET http://localhost:62432/TaiSan  
info: Microsoft.AspNetCore.Mvc.Internal.ControllerActionInvoker[1]
      Route matched with {action = "NhapLieu", controller = "TaiSan"}. Executing action GS.Web.Controllers.TaiSanController.NhapLieu (GS.Web)
info: Microsoft.AspNetCore.Mvc.Internal.ControllerActionInvoker[1]
      Executing action method GS.Web.Controllers.TaiSanController.NhapLieu (GS.Web) - Validation state: Valid
info: Microsoft.AspNetCore.Mvc.Internal.ControllerActionInvoker[2]
      Executed action method GS.Web.Controllers.TaiSanController.NhapLieu (GS.Web), returned result Microsoft.AspNetCore.Mvc.ViewResult in 1.8099ms.
info: Microsoft.AspNetCore.Mvc.ViewFeatures.ViewResultExecutor[1]
      Executing ViewResult, running view NhapLieu.
info: Microsoft.EntityFrameworkCore.Infrastructure[10403]
      Entity Framework Core 2.2.6-servicing-10079 initialized 'GSObjectContext' using provider 'Oracle.EntityFrameworkCore' with options: using lazy-loading proxies 
info: Microsoft.EntityFrameworkCore.Database.Command[20101]
      Executed DbCommand (4ms) [Parameters=[:Ma_0='?' (Size = 2000)], CommandType='Text', CommandTimeout='0']
      SELECT "l"."GIA_TRI"
      FROM "QL_NHAN_HIEN_THI" "l"
      WHERE "l"."MA" = :Ma_0
      FETCH FIRST 1 ROWS ONLY
info: Microsoft.EntityFrameworkCore.Database.Command[20101]
      Executed DbCommand (4ms) [Parameters=[:nguoiDung_ID_0='?' (DbType = Decimal)], CommandType='Text', CommandTimeout='0']
      SELECT "c"."VAI_TRO_ID"
      FROM "QL_VAI_TRO_NGUOI_DUNG" "c"
      WHERE "c"."NGUOI_DUNG_ID" = :nguoiDung_ID_0
info: Microsoft.EntityFrameworkCore.Database.Command[20101]
      Executed DbCommand (3ms) [Parameters=[:Ma_0='?' (Size = 2000)], CommandType='Text', CommandTimeout='0']
      SELECT "l"."GIA_TRI"
      FROM "QL_NHAN_HIEN_THI" "l"
      WHERE "l"."MA" = :Ma_0
      FETCH FIRST 1 ROWS ONLY
info: Microsoft.EntityFrameworkCore.Database.Command[20101]
      Executed DbCommand (3ms) [Parameters=[:nguoiDung_ID_0='?' (DbType = Decimal)], CommandType='Text', CommandTimeout='0']
      SELECT "c"."VAI_TRO_ID"
      FROM "QL_VAI_TRO_NGUOI_DUNG" "c"
      WHERE "c"."NGUOI_DUNG_ID" = :nguoiDung_ID_0
info: Microsoft.EntityFrameworkCore.Database.Command[20101]
      Executed DbCommand (3ms) [Parameters=[:Ma_0='?' (Size = 2000)], CommandType='Text', CommandTimeout='0']
      SELECT "l"."GIA_TRI"
      FROM "QL_NHAN_HIEN_THI" "l"
      WHERE "l"."MA" = :Ma_0
      FETCH FIRST 1 ROWS ONLY
info: Microsoft.EntityFrameworkCore.Database.Command[20101]
      Executed DbCommand (3ms) [Parameters=[:nguoiDung_ID_0='?' (DbType = Decimal)], CommandType='Text', CommandTimeout='0']
      SELECT "c"."VAI_TRO_ID"
      FROM "QL_VAI_TRO_NGUOI_DUNG" "c"
      WHERE "c"."NGUOI_DUNG_ID" = :nguoiDung_ID_0
info: Microsoft.EntityFrameworkCore.Database.Command[20101]
      Executed DbCommand (3ms) [Parameters=[:Ma_0='?' (Size = 2000)], CommandType='Text', CommandTimeout='0']
      SELECT "l"."GIA_TRI"
      FROM "QL_NHAN_HIEN_THI" "l"
      WHERE "l"."MA" = :Ma_0
      FETCH FIRST 1 ROWS ONLY
info: Microsoft.EntityFrameworkCore.Database.Command[20101]
      Executed DbCommand (4ms) [Parameters=[:nguoiDung_ID_0='?' (DbType = Decimal)], CommandType='Text', CommandTimeout='0']
      SELECT "c"."VAI_TRO_ID"
      FROM "QL_VAI_TRO_NGUOI_DUNG" "c"
      WHERE "c"."NGUOI_DUNG_ID" = :nguoiDung_ID_0
info: Microsoft.EntityFrameworkCore.Database.Command[20101]
      Executed DbCommand (3ms) [Parameters=[:Ma_0='?' (Size = 2000)], CommandType='Text', CommandTimeout='0']
      SELECT "l"."GIA_TRI"
      FROM "QL_NHAN_HIEN_THI" "l"
      WHERE "l"."MA" = :Ma_0
      FETCH FIRST 1 ROWS ONLY
info: Microsoft.EntityFrameworkCore.Database.Command[20101]
      Executed DbCommand (3ms) [Parameters=[:nguoiDung_ID_0='?' (DbType = Decimal)], CommandType='Text', CommandTimeout='0']
      SELECT "c"."VAI_TRO_ID"
      FROM "QL_VAI_TRO_NGUOI_DUNG" "c"
      WHERE "c"."NGUOI_DUNG_ID" = :nguoiDung_ID_0
info: Microsoft.EntityFrameworkCore.Database.Command[20101]
      Executed DbCommand (4ms) [Parameters=[:Ma_0='?' (Size = 2000)], CommandType='Text', CommandTimeout='0']
      SELECT "l"."GIA_TRI"
      FROM "QL_NHAN_HIEN_THI" "l"
      WHERE "l"."MA" = :Ma_0
      FETCH FIRST 1 ROWS ONLY
info: Microsoft.EntityFrameworkCore.Database.Command[20101]
      Executed DbCommand (3ms) [Parameters=[:nguoiDung_ID_0='?' (DbType = Decimal)], CommandType='Text', CommandTimeout='0']
      SELECT "c"."VAI_TRO_ID"
      FROM "QL_VAI_TRO_NGUOI_DUNG" "c"
      WHERE "c"."NGUOI_DUNG_ID" = :nguoiDung_ID_0
info: Microsoft.EntityFrameworkCore.Database.Command[20101]
      Executed DbCommand (3ms) [Parameters=[:Ma_0='?' (Size = 2000)], CommandType='Text', CommandTimeout='0']
      SELECT "l"."GIA_TRI"
      FROM "QL_NHAN_HIEN_THI" "l"
      WHERE "l"."MA" = :Ma_0
      FETCH FIRST 1 ROWS ONLY
info: Microsoft.EntityFrameworkCore.Database.Command[20101]
      Executed DbCommand (4ms) [Parameters=[:nguoiDung_ID_0='?' (DbType = Decimal)], CommandType='Text', CommandTimeout='0']
      SELECT "c"."VAI_TRO_ID"
      FROM "QL_VAI_TRO_NGUOI_DUNG" "c"
      WHERE "c"."NGUOI_DUNG_ID" = :nguoiDung_ID_0
info: Microsoft.EntityFrameworkCore.Database.Command[20101]
      Executed DbCommand (4ms) [Parameters=[:Ma_0='?' (Size = 2000)], CommandType='Text', CommandTimeout='0']
      SELECT "l"."GIA_TRI"
      FROM "QL_NHAN_HIEN_THI" "l"
      WHERE "l"."MA" = :Ma_0
      FETCH FIRST 1 ROWS ONLY
info: Microsoft.EntityFrameworkCore.Database.Command[20101]
      Executed DbCommand (3ms) [Parameters=[:nguoiDung_ID_0='?' (DbType = Decimal)], CommandType='Text', CommandTimeout='0']
      SELECT "c"."VAI_TRO_ID"
      FROM "QL_VAI_TRO_NGUOI_DUNG" "c"
      WHERE "c"."NGUOI_DUNG_ID" = :nguoiDung_ID_0
info: Microsoft.EntityFrameworkCore.Database.Command[20101]
      Executed DbCommand (4ms) [Parameters=[:Ma_0='?' (Size = 2000)], CommandType='Text', CommandTimeout='0']
      SELECT "l"."GIA_TRI"
      FROM "QL_NHAN_HIEN_THI" "l"
      WHERE "l"."MA" = :Ma_0
      FETCH FIRST 1 ROWS ONLY
info: Microsoft.EntityFrameworkCore.Database.Command[20101]
      Executed DbCommand (3ms) [Parameters=[:nguoiDung_ID_0='?' (DbType = Decimal)], CommandType='Text', CommandTimeout='0']
      SELECT "c"."VAI_TRO_ID"
      FROM "QL_VAI_TRO_NGUOI_DUNG" "c"
      WHERE "c"."NGUOI_DUNG_ID" = :nguoiDung_ID_0
info: Microsoft.EntityFrameworkCore.Database.Command[20101]
      Executed DbCommand (2ms) [Parameters=[:Ma_0='?' (Size = 2000)], CommandType='Text', CommandTimeout='0']
      SELECT "l"."GIA_TRI"
      FROM "QL_NHAN_HIEN_THI" "l"
      WHERE "l"."MA" = :Ma_0
      FETCH FIRST 1 ROWS ONLY
info: Microsoft.EntityFrameworkCore.Database.Command[20101]
      Executed DbCommand (2ms) [Parameters=[:nguoiDung_ID_0='?' (DbType = Decimal)], CommandType='Text', CommandTimeout='0']
      SELECT "c"."VAI_TRO_ID"
      FROM "QL_VAI_TRO_NGUOI_DUNG" "c"
      WHERE "c"."NGUOI_DUNG_ID" = :nguoiDung_ID_0
info: Microsoft.EntityFrameworkCore.Database.Command[20101]
      Executed DbCommand (3ms) [Parameters=[:Ma_0='?' (Size = 2000)], CommandType='Text', CommandTimeout='0']
      SELECT "l"."GIA_TRI"
      FROM "QL_NHAN_HIEN_THI" "l"
      WHERE "l"."MA" = :Ma_0
      FETCH FIRST 1 ROWS ONLY
info: Microsoft.EntityFrameworkCore.Database.Command[20101]
      Executed DbCommand (6ms) [Parameters=[:nguoiDung_ID_0='?' (DbType = Decimal)], CommandType='Text', CommandTimeout='0']
      SELECT "c"."VAI_TRO_ID"
      FROM "QL_VAI_TRO_NGUOI_DUNG" "c"
      WHERE "c"."NGUOI_DUNG_ID" = :nguoiDung_ID_0
info: Microsoft.EntityFrameworkCore.Database.Command[20101]
      Executed DbCommand (11ms) [Parameters=[:Ma_0='?' (Size = 2000)], CommandType='Text', CommandTimeout='0']
      SELECT "l"."GIA_TRI"
      FROM "QL_NHAN_HIEN_THI" "l"
      WHERE "l"."MA" = :Ma_0
      FETCH FIRST 1 ROWS ONLY
info: Microsoft.EntityFrameworkCore.Database.Command[20101]
      Executed DbCommand (16ms) [Parameters=[:nguoiDung_ID_0='?' (DbType = Decimal)], CommandType='Text', CommandTimeout='0']
      SELECT "c"."VAI_TRO_ID"
      FROM "QL_VAI_TRO_NGUOI_DUNG" "c"
      WHERE "c"."NGUOI_DUNG_ID" = :nguoiDung_ID_0
info: Microsoft.EntityFrameworkCore.Database.Command[20101]
      Executed DbCommand (3ms) [Parameters=[:nguoiDung_ID_0='?' (DbType = Decimal)], CommandType='Text', CommandTimeout='0']
      SELECT "c"."VAI_TRO_ID"
      FROM "QL_VAI_TRO_NGUOI_DUNG" "c"
      WHERE "c"."NGUOI_DUNG_ID" = :nguoiDung_ID_0
info: Microsoft.EntityFrameworkCore.Database.Command[20101]
      Executed DbCommand (3ms) [Parameters=[:Ma_0='?' (Size = 2000)], CommandType='Text', CommandTimeout='0']
      SELECT "l"."GIA_TRI"
      FROM "QL_NHAN_HIEN_THI" "l"
      WHERE "l"."MA" = :Ma_0
      FETCH FIRST 1 ROWS ONLY
info: Microsoft.EntityFrameworkCore.Database.Command[20101]
      Executed DbCommand (2ms) [Parameters=[:nguoiDung_ID_0='?' (DbType = Decimal)], CommandType='Text', CommandTimeout='0']
      SELECT "c"."VAI_TRO_ID"
      FROM "QL_VAI_TRO_NGUOI_DUNG" "c"
      WHERE "c"."NGUOI_DUNG_ID" = :nguoiDung_ID_0
info: Microsoft.EntityFrameworkCore.Database.Command[20101]
      Executed DbCommand (2ms) [Parameters=[:Ma_0='?' (Size = 2000)], CommandType='Text', CommandTimeout='0']
      SELECT "l"."GIA_TRI"
      FROM "QL_NHAN_HIEN_THI" "l"
      WHERE "l"."MA" = :Ma_0
      FETCH FIRST 1 ROWS ONLY
info: Microsoft.EntityFrameworkCore.Database.Command[20101]
      Executed DbCommand (9ms) [Parameters=[:nguoiDung_ID_0='?' (DbType = Decimal)], CommandType='Text', CommandTimeout='0']
      SELECT "c"."VAI_TRO_ID"
      FROM "QL_VAI_TRO_NGUOI_DUNG" "c"
      WHERE "c"."NGUOI_DUNG_ID" = :nguoiDung_ID_0
info: Microsoft.EntityFrameworkCore.Database.Command[20101]
      Executed DbCommand (10ms) [Parameters=[:Ma_0='?' (Size = 2000)], CommandType='Text', CommandTimeout='0']
      SELECT "l"."GIA_TRI"
      FROM "QL_NHAN_HIEN_THI" "l"
      WHERE "l"."MA" = :Ma_0
      FETCH FIRST 1 ROWS ONLY
info: Microsoft.EntityFrameworkCore.Database.Command[20101]
      Executed DbCommand (10ms) [Parameters=[:nguoiDung_ID_0='?' (DbType = Decimal)], CommandType='Text', CommandTimeout='0']
      SELECT "c"."VAI_TRO_ID"
      FROM "QL_VAI_TRO_NGUOI_DUNG" "c"
      WHERE "c"."NGUOI_DUNG_ID" = :nguoiDung_ID_0
info: Microsoft.EntityFrameworkCore.Database.Command[20101]
      Executed DbCommand (6ms) [Parameters=[:Ma_0='?' (Size = 2000)], CommandType='Text', CommandTimeout='0']
      SELECT "l"."GIA_TRI"
      FROM "QL_NHAN_HIEN_THI" "l"
      WHERE "l"."MA" = :Ma_0
      FETCH FIRST 1 ROWS ONLY
info: Microsoft.EntityFrameworkCore.Database.Command[20101]
      Executed DbCommand (2ms) [Parameters=[:nguoiDung_ID_0='?' (DbType = Decimal)], CommandType='Text', CommandTimeout='0']
      SELECT "c"."VAI_TRO_ID"
      FROM "QL_VAI_TRO_NGUOI_DUNG" "c"
      WHERE "c"."NGUOI_DUNG_ID" = :nguoiDung_ID_0
info: Microsoft.EntityFrameworkCore.Database.Command[20101]
      Executed DbCommand (2ms) [Parameters=[:Ma_0='?' (Size = 2000)], CommandType='Text', CommandTimeout='0']
      SELECT "l"."GIA_TRI"
      FROM "QL_NHAN_HIEN_THI" "l"
      WHERE "l"."MA" = :Ma_0
      FETCH FIRST 1 ROWS ONLY
info: Microsoft.EntityFrameworkCore.Database.Command[20101]
      Executed DbCommand (2ms) [Parameters=[:nguoiDung_ID_0='?' (DbType = Decimal)], CommandType='Text', CommandTimeout='0']
      SELECT "c"."VAI_TRO_ID"
      FROM "QL_VAI_TRO_NGUOI_DUNG" "c"
      WHERE "c"."NGUOI_DUNG_ID" = :nguoiDung_ID_0
info: Microsoft.EntityFrameworkCore.Database.Command[20101]
      Executed DbCommand (7ms) [Parameters=[:Ma_0='?' (Size = 2000)], CommandType='Text', CommandTimeout='0']
      SELECT "l"."GIA_TRI"
      FROM "QL_NHAN_HIEN_THI" "l"
      WHERE "l"."MA" = :Ma_0
      FETCH FIRST 1 ROWS ONLY
info: Microsoft.EntityFrameworkCore.Database.Command[20101]
      Executed DbCommand (9ms) [Parameters=[:nguoiDung_ID_0='?' (DbType = Decimal)], CommandType='Text', CommandTimeout='0']
      SELECT "c"."VAI_TRO_ID"
      FROM "QL_VAI_TRO_NGUOI_DUNG" "c"
      WHERE "c"."NGUOI_DUNG_ID" = :nguoiDung_ID_0
info: Microsoft.EntityFrameworkCore.Database.Command[20101]
      Executed DbCommand (10ms) [Parameters=[:Ma_0='?' (Size = 2000)], CommandType='Text', CommandTimeout='0']
      SELECT "l"."GIA_TRI"
      FROM "QL_NHAN_HIEN_THI" "l"
      WHERE "l"."MA" = :Ma_0
      FETCH FIRST 1 ROWS ONLY
info: Microsoft.EntityFrameworkCore.Database.Command[20101]
      Executed DbCommand (2ms) [Parameters=[:nguoiDung_ID_0='?' (DbType = Decimal)], CommandType='Text', CommandTimeout='0']
      SELECT "c"."VAI_TRO_ID"
      FROM "QL_VAI_TRO_NGUOI_DUNG" "c"
      WHERE "c"."NGUOI_DUNG_ID" = :nguoiDung_ID_0
info: Microsoft.EntityFrameworkCore.Database.Command[20101]
      Executed DbCommand (2ms) [Parameters=[:Ma_0='?' (Size = 2000)], CommandType='Text', CommandTimeout='0']
      SELECT "l"."GIA_TRI"
      FROM "QL_NHAN_HIEN_THI" "l"
      WHERE "l"."MA" = :Ma_0
      FETCH FIRST 1 ROWS ONLY
info: Microsoft.EntityFrameworkCore.Database.Command[20101]
      Executed DbCommand (2ms) [Parameters=[:nguoiDung_ID_0='?' (DbType = Decimal)], CommandType='Text', CommandTimeout='0']
      SELECT "c"."VAI_TRO_ID"
      FROM "QL_VAI_TRO_NGUOI_DUNG" "c"
      WHERE "c"."NGUOI_DUNG_ID" = :nguoiDung_ID_0
info: Microsoft.EntityFrameworkCore.Database.Command[20101]
      Executed DbCommand (2ms) [Parameters=[:Ma_0='?' (Size = 2000)], CommandType='Text', CommandTimeout='0']
      SELECT "l"."GIA_TRI"
      FROM "QL_NHAN_HIEN_THI" "l"
      WHERE "l"."MA" = :Ma_0
      FETCH FIRST 1 ROWS ONLY
info: Microsoft.EntityFrameworkCore.Database.Command[20101]
      Executed DbCommand (13ms) [Parameters=[:nguoiDung_ID_0='?' (DbType = Decimal)], CommandType='Text', CommandTimeout='0']
      SELECT "c"."VAI_TRO_ID"
      FROM "QL_VAI_TRO_NGUOI_DUNG" "c"
      WHERE "c"."NGUOI_DUNG_ID" = :nguoiDung_ID_0
info: Microsoft.EntityFrameworkCore.Database.Command[20101]
      Executed DbCommand (10ms) [Parameters=[:Ma_0='?' (Size = 2000)], CommandType='Text', CommandTimeout='0']
      SELECT "l"."GIA_TRI"
      FROM "QL_NHAN_HIEN_THI" "l"
      WHERE "l"."MA" = :Ma_0
      FETCH FIRST 1 ROWS ONLY
info: Microsoft.EntityFrameworkCore.Database.Command[20101]
      Executed DbCommand (9ms) [Parameters=[:nguoiDung_ID_0='?' (DbType = Decimal)], CommandType='Text', CommandTimeout='0']
      SELECT "c"."VAI_TRO_ID"
      FROM "QL_VAI_TRO_NGUOI_DUNG" "c"
      WHERE "c"."NGUOI_DUNG_ID" = :nguoiDung_ID_0
info: Microsoft.EntityFrameworkCore.Database.Command[20101]
      Executed DbCommand (2ms) [Parameters=[:Ma_0='?' (Size = 2000)], CommandType='Text', CommandTimeout='0']
      SELECT "l"."GIA_TRI"
      FROM "QL_NHAN_HIEN_THI" "l"
      WHERE "l"."MA" = :Ma_0
      FETCH FIRST 1 ROWS ONLY
info: Microsoft.EntityFrameworkCore.Database.Command[20101]
      Executed DbCommand (2ms) [Parameters=[:nguoiDung_ID_0='?' (DbType = Decimal)], CommandType='Text', CommandTimeout='0']
      SELECT "c"."VAI_TRO_ID"
      FROM "QL_VAI_TRO_NGUOI_DUNG" "c"
      WHERE "c"."NGUOI_DUNG_ID" = :nguoiDung_ID_0
info: Microsoft.EntityFrameworkCore.Database.Command[20101]
      Executed DbCommand (2ms) [Parameters=[:Ma_0='?' (Size = 2000)], CommandType='Text', CommandTimeout='0']
      SELECT "l"."GIA_TRI"
      FROM "QL_NHAN_HIEN_THI" "l"
      WHERE "l"."MA" = :Ma_0
      FETCH FIRST 1 ROWS ONLY
info: Microsoft.EntityFrameworkCore.Database.Command[20101]
      Executed DbCommand (2ms) [Parameters=[:nguoiDung_ID_0='?' (DbType = Decimal)], CommandType='Text', CommandTimeout='0']
      SELECT "c"."VAI_TRO_ID"
      FROM "QL_VAI_TRO_NGUOI_DUNG" "c"
      WHERE "c"."NGUOI_DUNG_ID" = :nguoiDung_ID_0
info: Microsoft.EntityFrameworkCore.Database.Command[20101]
      Executed DbCommand (15ms) [Parameters=[:Ma_0='?' (Size = 2000)], CommandType='Text', CommandTimeout='0']
      SELECT "l"."GIA_TRI"
      FROM "QL_NHAN_HIEN_THI" "l"
      WHERE "l"."MA" = :Ma_0
      FETCH FIRST 1 ROWS ONLY
info: Microsoft.EntityFrameworkCore.Database.Command[20101]
      Executed DbCommand (10ms) [Parameters=[:nguoiDung_ID_0='?' (DbType = Decimal)], CommandType='Text', CommandTimeout='0']
      SELECT "c"."VAI_TRO_ID"
      FROM "QL_VAI_TRO_NGUOI_DUNG" "c"
      WHERE "c"."NGUOI_DUNG_ID" = :nguoiDung_ID_0
info: Microsoft.EntityFrameworkCore.Database.Command[20101]
      Executed DbCommand (11ms) [Parameters=[:Ma_0='?' (Size = 2000)], CommandType='Text', CommandTimeout='0']
      SELECT "l"."GIA_TRI"
      FROM "QL_NHAN_HIEN_THI" "l"
      WHERE "l"."MA" = :Ma_0
      FETCH FIRST 1 ROWS ONLY
info: Microsoft.EntityFrameworkCore.Database.Command[20101]
      Executed DbCommand (2ms) [Parameters=[:nguoiDung_ID_0='?' (DbType = Decimal)], CommandType='Text', CommandTimeout='0']
      SELECT "c"."VAI_TRO_ID"
      FROM "QL_VAI_TRO_NGUOI_DUNG" "c"
      WHERE "c"."NGUOI_DUNG_ID" = :nguoiDung_ID_0
info: Microsoft.EntityFrameworkCore.Database.Command[20101]
      Executed DbCommand (2ms) [Parameters=[:Ma_0='?' (Size = 2000)], CommandType='Text', CommandTimeout='0']
      SELECT "l"."GIA_TRI"
      FROM "QL_NHAN_HIEN_THI" "l"
      WHERE "l"."MA" = :Ma_0
      FETCH FIRST 1 ROWS ONLY
info: Microsoft.EntityFrameworkCore.Database.Command[20101]
      Executed DbCommand (2ms) [Parameters=[:nguoiDung_ID_0='?' (DbType = Decimal)], CommandType='Text', CommandTimeout='0']
      SELECT "c"."VAI_TRO_ID"
      FROM "QL_VAI_TRO_NGUOI_DUNG" "c"
      WHERE "c"."NGUOI_DUNG_ID" = :nguoiDung_ID_0
info: Microsoft.EntityFrameworkCore.Database.Command[20101]
      Executed DbCommand (3ms) [Parameters=[:Ma_0='?' (Size = 2000)], CommandType='Text', CommandTimeout='0']
      SELECT "l"."GIA_TRI"
      FROM "QL_NHAN_HIEN_THI" "l"
      WHERE "l"."MA" = :Ma_0
      FETCH FIRST 1 ROWS ONLY
info: Microsoft.EntityFrameworkCore.Database.Command[20101]
      Executed DbCommand (14ms) [Parameters=[:nguoiDung_ID_0='?' (DbType = Decimal)], CommandType='Text', CommandTimeout='0']
      SELECT "c"."VAI_TRO_ID"
      FROM "QL_VAI_TRO_NGUOI_DUNG" "c"
      WHERE "c"."NGUOI_DUNG_ID" = :nguoiDung_ID_0
info: Microsoft.EntityFrameworkCore.Database.Command[20101]
      Executed DbCommand (11ms) [Parameters=[:Ma_0='?' (Size = 2000)], CommandType='Text', CommandTimeout='0']
      SELECT "l"."GIA_TRI"
      FROM "QL_NHAN_HIEN_THI" "l"
      WHERE "l"."MA" = :Ma_0
      FETCH FIRST 1 ROWS ONLY
info: Microsoft.EntityFrameworkCore.Database.Command[20101]
      Executed DbCommand (9ms) [Parameters=[:nguoiDung_ID_0='?' (DbType = Decimal)], CommandType='Text', CommandTimeout='0']
      SELECT "c"."VAI_TRO_ID"
      FROM "QL_VAI_TRO_NGUOI_DUNG" "c"
      WHERE "c"."NGUOI_DUNG_ID" = :nguoiDung_ID_0
info: Microsoft.EntityFrameworkCore.Database.Command[20101]
      Executed DbCommand (3ms) [Parameters=[:Ma_0='?' (Size = 2000)], CommandType='Text', CommandTimeout='0']
      SELECT "l"."GIA_TRI"
      FROM "QL_NHAN_HIEN_THI" "l"
      WHERE "l"."MA" = :Ma_0
      FETCH FIRST 1 ROWS ONLY
info: Microsoft.EntityFrameworkCore.Database.Command[20101]
      Executed DbCommand (2ms) [Parameters=[:nguoiDung_ID_0='?' (DbType = Decimal)], CommandType='Text', CommandTimeout='0']
      SELECT "c"."VAI_TRO_ID"
      FROM "QL_VAI_TRO_NGUOI_DUNG" "c"
      WHERE "c"."NGUOI_DUNG_ID" = :nguoiDung_ID_0
info: Microsoft.EntityFrameworkCore.Database.Command[20101]
      Executed DbCommand (3ms) [Parameters=[:Ma_0='?' (Size = 2000)], CommandType='Text', CommandTimeout='0']
      SELECT "l"."GIA_TRI"
      FROM "QL_NHAN_HIEN_THI" "l"
      WHERE "l"."MA" = :Ma_0
      FETCH FIRST 1 ROWS ONLY
info: Microsoft.EntityFrameworkCore.Database.Command[20101]
      Executed DbCommand (2ms) [Parameters=[:nguoiDung_ID_0='?' (DbType = Decimal)], CommandType='Text', CommandTimeout='0']
      SELECT "c"."VAI_TRO_ID"
      FROM "QL_VAI_TRO_NGUOI_DUNG" "c"
      WHERE "c"."NGUOI_DUNG_ID" = :nguoiDung_ID_0
info: Microsoft.EntityFrameworkCore.Database.Command[20101]
      Executed DbCommand (11ms) [Parameters=[:Ma_0='?' (Size = 2000)], CommandType='Text', CommandTimeout='0']
      SELECT "l"."GIA_TRI"
      FROM "QL_NHAN_HIEN_THI" "l"
      WHERE "l"."MA" = :Ma_0
      FETCH FIRST 1 ROWS ONLY
info: Microsoft.EntityFrameworkCore.Database.Command[20101]
      Executed DbCommand (10ms) [Parameters=[:nguoiDung_ID_0='?' (DbType = Decimal)], CommandType='Text', CommandTimeout='0']
      SELECT "c"."VAI_TRO_ID"
      FROM "QL_VAI_TRO_NGUOI_DUNG" "c"
      WHERE "c"."NGUOI_DUNG_ID" = :nguoiDung_ID_0
info: Microsoft.EntityFrameworkCore.Database.Command[20101]
      Executed DbCommand (11ms) [Parameters=[:Ma_0='?' (Size = 2000)], CommandType='Text', CommandTimeout='0']
      SELECT "l"."GIA_TRI"
      FROM "QL_NHAN_HIEN_THI" "l"
      WHERE "l"."MA" = :Ma_0
      FETCH FIRST 1 ROWS ONLY
info: Microsoft.EntityFrameworkCore.Database.Command[20101]
      Executed DbCommand (2ms) [Parameters=[:nguoiDung_ID_0='?' (DbType = Decimal)], CommandType='Text', CommandTimeout='0']
      SELECT "c"."VAI_TRO_ID"
      FROM "QL_VAI_TRO_NGUOI_DUNG" "c"
      WHERE "c"."NGUOI_DUNG_ID" = :nguoiDung_ID_0
info: Microsoft.EntityFrameworkCore.Database.Command[20101]
      Executed DbCommand (2ms) [Parameters=[:Ma_0='?' (Size = 2000)], CommandType='Text', CommandTimeout='0']
      SELECT "l"."GIA_TRI"
      FROM "QL_NHAN_HIEN_THI" "l"
      WHERE "l"."MA" = :Ma_0
      FETCH FIRST 1 ROWS ONLY
info: Microsoft.EntityFrameworkCore.Database.Command[20101]
      Executed DbCommand (2ms) [Parameters=[:nguoiDung_ID_0='?' (DbType = Decimal)], CommandType='Text', CommandTimeout='0']
      SELECT "c"."VAI_TRO_ID"
      FROM "QL_VAI_TRO_NGUOI_DUNG" "c"
      WHERE "c"."NGUOI_DUNG_ID" = :nguoiDung_ID_0
info: Microsoft.EntityFrameworkCore.Database.Command[20101]
      Executed DbCommand (2ms) [Parameters=[:Ma_0='?' (Size = 2000)], CommandType='Text', CommandTimeout='0']
      SELECT "l"."GIA_TRI"
      FROM "QL_NHAN_HIEN_THI" "l"
      WHERE "l"."MA" = :Ma_0
      FETCH FIRST 1 ROWS ONLY
info: Microsoft.EntityFrameworkCore.Database.Command[20101]
      Executed DbCommand (14ms) [Parameters=[:nguoiDung_ID_0='?' (DbType = Decimal)], CommandType='Text', CommandTimeout='0']
      SELECT "c"."VAI_TRO_ID"
      FROM "QL_VAI_TRO_NGUOI_DUNG" "c"
      WHERE "c"."NGUOI_DUNG_ID" = :nguoiDung_ID_0
info: Microsoft.EntityFrameworkCore.Database.Command[20101]
      Executed DbCommand (11ms) [Parameters=[:Ma_0='?' (Size = 2000)], CommandType='Text', CommandTimeout='0']
      SELECT "l"."GIA_TRI"
      FROM "QL_NHAN_HIEN_THI" "l"
      WHERE "l"."MA" = :Ma_0
      FETCH FIRST 1 ROWS ONLY
info: Microsoft.EntityFrameworkCore.Database.Command[20101]
      Executed DbCommand (9ms) [Parameters=[:nguoiDung_ID_0='?' (DbType = Decimal)], CommandType='Text', CommandTimeout='0']
      SELECT "c"."VAI_TRO_ID"
      FROM "QL_VAI_TRO_NGUOI_DUNG" "c"
      WHERE "c"."NGUOI_DUNG_ID" = :nguoiDung_ID_0
info: Microsoft.EntityFrameworkCore.Database.Command[20101]
      Executed DbCommand (3ms) [Parameters=[:Ma_0='?' (Size = 2000)], CommandType='Text', CommandTimeout='0']
      SELECT "l"."GIA_TRI"
      FROM "QL_NHAN_HIEN_THI" "l"
      WHERE "l"."MA" = :Ma_0
      FETCH FIRST 1 ROWS ONLY
info: Microsoft.EntityFrameworkCore.Database.Command[20101]
      Executed DbCommand (2ms) [Parameters=[:nguoiDung_ID_0='?' (DbType = Decimal)], CommandType='Text', CommandTimeout='0']
      SELECT "c"."VAI_TRO_ID"
      FROM "QL_VAI_TRO_NGUOI_DUNG" "c"
      WHERE "c"."NGUOI_DUNG_ID" = :nguoiDung_ID_0
info: Microsoft.EntityFrameworkCore.Database.Command[20101]
      Executed DbCommand (3ms) [Parameters=[:Ma_0='?' (Size = 2000)], CommandType='Text', CommandTimeout='0']
      SELECT "l"."GIA_TRI"
      FROM "QL_NHAN_HIEN_THI" "l"
      WHERE "l"."MA" = :Ma_0
      FETCH FIRST 1 ROWS ONLY
info: Microsoft.EntityFrameworkCore.Database.Command[20101]
      Executed DbCommand (2ms) [Parameters=[:nguoiDung_ID_0='?' (DbType = Decimal)], CommandType='Text', CommandTimeout='0']
      SELECT "c"."VAI_TRO_ID"
      FROM "QL_VAI_TRO_NGUOI_DUNG" "c"
      WHERE "c"."NGUOI_DUNG_ID" = :nguoiDung_ID_0
info: Microsoft.EntityFrameworkCore.Database.Command[20101]
      Executed DbCommand (14ms) [Parameters=[:Ma_0='?' (Size = 2000)], CommandType='Text', CommandTimeout='0']
      SELECT "l"."GIA_TRI"
      FROM "QL_NHAN_HIEN_THI" "l"
      WHERE "l"."MA" = :Ma_0
      FETCH FIRST 1 ROWS ONLY
info: Microsoft.EntityFrameworkCore.Database.Command[20101]
      Executed DbCommand (8ms) [Parameters=[:nguoiDung_ID_0='?' (DbType = Decimal)], CommandType='Text', CommandTimeout='0']
      SELECT "c"."VAI_TRO_ID"
      FROM "QL_VAI_TRO_NGUOI_DUNG" "c"
      WHERE "c"."NGUOI_DUNG_ID" = :nguoiDung_ID_0
info: Microsoft.EntityFrameworkCore.Database.Command[20101]
      Executed DbCommand (11ms) [Parameters=[:Ma_0='?' (Size = 2000)], CommandType='Text', CommandTimeout='0']
      SELECT "l"."GIA_TRI"
      FROM "QL_NHAN_HIEN_THI" "l"
      WHERE "l"."MA" = :Ma_0
      FETCH FIRST 1 ROWS ONLY
info: Microsoft.EntityFrameworkCore.Database.Command[20101]
      Executed DbCommand (2ms) [Parameters=[:nguoiDung_ID_0='?' (DbType = Decimal)], CommandType='Text', CommandTimeout='0']
      SELECT "c"."VAI_TRO_ID"
      FROM "QL_VAI_TRO_NGUOI_DUNG" "c"
      WHERE "c"."NGUOI_DUNG_ID" = :nguoiDung_ID_0
info: Microsoft.EntityFrameworkCore.Database.Command[20101]
      Executed DbCommand (2ms) [Parameters=[:Ma_0='?' (Size = 2000)], CommandType='Text', CommandTimeout='0']
      SELECT "l"."GIA_TRI"
      FROM "QL_NHAN_HIEN_THI" "l"
      WHERE "l"."MA" = :Ma_0
      FETCH FIRST 1 ROWS ONLY
info: Microsoft.EntityFrameworkCore.Database.Command[20101]
      Executed DbCommand (2ms) [Parameters=[:nguoiDung_ID_0='?' (DbType = Decimal)], CommandType='Text', CommandTimeout='0']
      SELECT "c"."VAI_TRO_ID"
      FROM "QL_VAI_TRO_NGUOI_DUNG" "c"
      WHERE "c"."NGUOI_DUNG_ID" = :nguoiDung_ID_0
info: Microsoft.EntityFrameworkCore.Database.Command[20101]
      Executed DbCommand (2ms) [Parameters=[:Ma_0='?' (Size = 2000)], CommandType='Text', CommandTimeout='0']
      SELECT "l"."GIA_TRI"
      FROM "QL_NHAN_HIEN_THI" "l"
      WHERE "l"."MA" = :Ma_0
      FETCH FIRST 1 ROWS ONLY
info: Microsoft.EntityFrameworkCore.Database.Command[20101]
      Executed DbCommand (17ms) [Parameters=[:nguoiDung_ID_0='?' (DbType = Decimal)], CommandType='Text', CommandTimeout='0']
      SELECT "c"."VAI_TRO_ID"
      FROM "QL_VAI_TRO_NGUOI_DUNG" "c"
      WHERE "c"."NGUOI_DUNG_ID" = :nguoiDung_ID_0
info: Microsoft.EntityFrameworkCore.Database.Command[20101]
      Executed DbCommand (2ms) [Parameters=[:Ma_0='?' (Size = 2000)], CommandType='Text', CommandTimeout='0']
      SELECT "l"."GIA_TRI"
      FROM "QL_NHAN_HIEN_THI" "l"
      WHERE "l"."MA" = :Ma_0
      FETCH FIRST 1 ROWS ONLY
info: Microsoft.EntityFrameworkCore.Database.Command[20101]
      Executed DbCommand (3ms) [Parameters=[:nguoiDung_ID_0='?' (DbType = Decimal)], CommandType='Text', CommandTimeout='0']
      SELECT "c"."VAI_TRO_ID"
      FROM "QL_VAI_TRO_NGUOI_DUNG" "c"
      WHERE "c"."NGUOI_DUNG_ID" = :nguoiDung_ID_0
info: Microsoft.EntityFrameworkCore.Database.Command[20101]
      Executed DbCommand (2ms) [Parameters=[:Ma_0='?' (Size = 2000)], CommandType='Text', CommandTimeout='0']
      SELECT "l"."GIA_TRI"
      FROM "QL_NHAN_HIEN_THI" "l"
      WHERE "l"."MA" = :Ma_0
      FETCH FIRST 1 ROWS ONLY
info: Microsoft.EntityFrameworkCore.Database.Command[20101]
      Executed DbCommand (4ms) [Parameters=[:nguoiDung_ID_0='?' (DbType = Decimal)], CommandType='Text', CommandTimeout='0']
      SELECT "c"."VAI_TRO_ID"
      FROM "QL_VAI_TRO_NGUOI_DUNG" "c"
      WHERE "c"."NGUOI_DUNG_ID" = :nguoiDung_ID_0
info: Microsoft.EntityFrameworkCore.Database.Command[20101]
      Executed DbCommand (2ms) [Parameters=[:Ma_0='?' (Size = 2000)], CommandType='Text', CommandTimeout='0']
      SELECT "l"."GIA_TRI"
      FROM "QL_NHAN_HIEN_THI" "l"
      WHERE "l"."MA" = :Ma_0
      FETCH FIRST 1 ROWS ONLY
info: Microsoft.EntityFrameworkCore.Database.Command[20101]
      Executed DbCommand (2ms) [Parameters=[:nguoiDung_ID_0='?' (DbType = Decimal)], CommandType='Text', CommandTimeout='0']
      SELECT "c"."VAI_TRO_ID"
      FROM "QL_VAI_TRO_NGUOI_DUNG" "c"
      WHERE "c"."NGUOI_DUNG_ID" = :nguoiDung_ID_0
info: Microsoft.EntityFrameworkCore.Database.Command[20101]
      Executed DbCommand (3ms) [Parameters=[:Ma_0='?' (Size = 2000)], CommandType='Text', CommandTimeout='0']
      SELECT "l"."GIA_TRI"
      FROM "QL_NHAN_HIEN_THI" "l"
      WHERE "l"."MA" = :Ma_0
      FETCH FIRST 1 ROWS ONLY
info: Microsoft.EntityFrameworkCore.Database.Command[20101]
      Executed DbCommand (2ms) [Parameters=[:nguoiDung_ID_0='?' (DbType = Decimal)], CommandType='Text', CommandTimeout='0']
      SELECT "c"."VAI_TRO_ID"
      FROM "QL_VAI_TRO_NGUOI_DUNG" "c"
      WHERE "c"."NGUOI_DUNG_ID" = :nguoiDung_ID_0
info: Microsoft.EntityFrameworkCore.Database.Command[20101]
      Executed DbCommand (3ms) [Parameters=[:Ma_0='?' (Size = 2000)], CommandType='Text', CommandTimeout='0']
      SELECT "l"."GIA_TRI"
      FROM "QL_NHAN_HIEN_THI" "l"
      WHERE "l"."MA" = :Ma_0
      FETCH FIRST 1 ROWS ONLY
info: Microsoft.EntityFrameworkCore.Database.Command[20101]
      Executed DbCommand (3ms) [Parameters=[:nguoiDung_ID_0='?' (DbType = Decimal)], CommandType='Text', CommandTimeout='0']
      SELECT "c"."VAI_TRO_ID"
      FROM "QL_VAI_TRO_NGUOI_DUNG" "c"
      WHERE "c"."NGUOI_DUNG_ID" = :nguoiDung_ID_0
info: Microsoft.EntityFrameworkCore.Database.Command[20101]
      Executed DbCommand (3ms) [Parameters=[:Ma_0='?' (Size = 2000)], CommandType='Text', CommandTimeout='0']
      SELECT "l"."GIA_TRI"
      FROM "QL_NHAN_HIEN_THI" "l"
      WHERE "l"."MA" = :Ma_0
      FETCH FIRST 1 ROWS ONLY
info: Microsoft.EntityFrameworkCore.Database.Command[20101]
      Executed DbCommand (2ms) [Parameters=[:nguoiDung_ID_0='?' (DbType = Decimal)], CommandType='Text', CommandTimeout='0']
      SELECT "c"."VAI_TRO_ID"
      FROM "QL_VAI_TRO_NGUOI_DUNG" "c"
      WHERE "c"."NGUOI_DUNG_ID" = :nguoiDung_ID_0
info: Microsoft.EntityFrameworkCore.Database.Command[20101]
      Executed DbCommand (3ms) [Parameters=[:Ma_0='?' (Size = 2000)], CommandType='Text', CommandTimeout='0']
      SELECT "l"."GIA_TRI"
      FROM "QL_NHAN_HIEN_THI" "l"
      WHERE "l"."MA" = :Ma_0
      FETCH FIRST 1 ROWS ONLY
info: Microsoft.EntityFrameworkCore.Database.Command[20101]
      Executed DbCommand (3ms) [Parameters=[:nguoiDung_ID_0='?' (DbType = Decimal)], CommandType='Text', CommandTimeout='0']
      SELECT "c"."VAI_TRO_ID"
      FROM "QL_VAI_TRO_NGUOI_DUNG" "c"
      WHERE "c"."NGUOI_DUNG_ID" = :nguoiDung_ID_0
info: Microsoft.EntityFrameworkCore.Database.Command[20101]
      Executed DbCommand (2ms) [Parameters=[:Ma_0='?' (Size = 2000)], CommandType='Text', CommandTimeout='0']
      SELECT "l"."GIA_TRI"
      FROM "QL_NHAN_HIEN_THI" "l"
      WHERE "l"."MA" = :Ma_0
      FETCH FIRST 1 ROWS ONLY
info: Microsoft.EntityFrameworkCore.Database.Command[20101]
      Executed DbCommand (2ms) [Parameters=[:nguoiDung_ID_0='?' (DbType = Decimal)], CommandType='Text', CommandTimeout='0']
      SELECT "c"."VAI_TRO_ID"
      FROM "QL_VAI_TRO_NGUOI_DUNG" "c"
      WHERE "c"."NGUOI_DUNG_ID" = :nguoiDung_ID_0
info: Microsoft.EntityFrameworkCore.Database.Command[20101]
      Executed DbCommand (3ms) [Parameters=[:Ma_0='?' (Size = 2000)], CommandType='Text', CommandTimeout='0']
      SELECT "l"."GIA_TRI"
      FROM "QL_NHAN_HIEN_THI" "l"
      WHERE "l"."MA" = :Ma_0
      FETCH FIRST 1 ROWS ONLY
info: Microsoft.EntityFrameworkCore.Database.Command[20101]
      Executed DbCommand (2ms) [Parameters=[:nguoiDung_ID_0='?' (DbType = Decimal)], CommandType='Text', CommandTimeout='0']
      SELECT "c"."VAI_TRO_ID"
      FROM "QL_VAI_TRO_NGUOI_DUNG" "c"
      WHERE "c"."NGUOI_DUNG_ID" = :nguoiDung_ID_0
info: Microsoft.EntityFrameworkCore.Database.Command[20101]
      Executed DbCommand (2ms) [Parameters=[:Ma_0='?' (Size = 2000)], CommandType='Text', CommandTimeout='0']
      SELECT "l"."GIA_TRI"
      FROM "QL_NHAN_HIEN_THI" "l"
      WHERE "l"."MA" = :Ma_0
      FETCH FIRST 1 ROWS ONLY
info: Microsoft.EntityFrameworkCore.Database.Command[20101]
      Executed DbCommand (2ms) [Parameters=[:nguoiDung_ID_0='?' (DbType = Decimal)], CommandType='Text', CommandTimeout='0']
      SELECT "c"."VAI_TRO_ID"
      FROM "QL_VAI_TRO_NGUOI_DUNG" "c"
      WHERE "c"."NGUOI_DUNG_ID" = :nguoiDung_ID_0
info: Microsoft.EntityFrameworkCore.Database.Command[20101]
      Executed DbCommand (2ms) [Parameters=[:Ma_0='?' (Size = 2000)], CommandType='Text', CommandTimeout='0']
      SELECT "l"."GIA_TRI"
      FROM "QL_NHAN_HIEN_THI" "l"
      WHERE "l"."MA" = :Ma_0
      FETCH FIRST 1 ROWS ONLY
info: Microsoft.EntityFrameworkCore.Database.Command[20101]
      Executed DbCommand (2ms) [Parameters=[:nguoiDung_ID_0='?' (DbType = Decimal)], CommandType='Text', CommandTimeout='0']
      SELECT "c"."VAI_TRO_ID"
      FROM "QL_VAI_TRO_NGUOI_DUNG" "c"
      WHERE "c"."NGUOI_DUNG_ID" = :nguoiDung_ID_0
info: Microsoft.EntityFrameworkCore.Database.Command[20101]
      Executed DbCommand (2ms) [Parameters=[:Ma_0='?' (Size = 2000)], CommandType='Text', CommandTimeout='0']
      SELECT "l"."GIA_TRI"
      FROM "QL_NHAN_HIEN_THI" "l"
      WHERE "l"."MA" = :Ma_0
      FETCH FIRST 1 ROWS ONLY
info: Microsoft.EntityFrameworkCore.Database.Command[20101]
      Executed DbCommand (2ms) [Parameters=[:nguoiDung_ID_0='?' (DbType = Decimal)], CommandType='Text', CommandTimeout='0']
      SELECT "c"."VAI_TRO_ID"
      FROM "QL_VAI_TRO_NGUOI_DUNG" "c"
      WHERE "c"."NGUOI_DUNG_ID" = :nguoiDung_ID_0
info: Microsoft.EntityFrameworkCore.Database.Command[20101]
      Executed DbCommand (2ms) [Parameters=[:Ma_0='?' (Size = 2000)], CommandType='Text', CommandTimeout='0']
      SELECT "l"."GIA_TRI"
      FROM "QL_NHAN_HIEN_THI" "l"
      WHERE "l"."MA" = :Ma_0
      FETCH FIRST 1 ROWS ONLY
info: Microsoft.EntityFrameworkCore.Database.Command[20101]
      Executed DbCommand (3ms) [Parameters=[:nguoiDung_ID_0='?' (DbType = Decimal)], CommandType='Text', CommandTimeout='0']
      SELECT "c"."VAI_TRO_ID"
      FROM "QL_VAI_TRO_NGUOI_DUNG" "c"
      WHERE "c"."NGUOI_DUNG_ID" = :nguoiDung_ID_0
info: Microsoft.EntityFrameworkCore.Database.Command[20101]
      Executed DbCommand (2ms) [Parameters=[:Ma_0='?' (Size = 2000)], CommandType='Text', CommandTimeout='0']
      SELECT "l"."GIA_TRI"
      FROM "QL_NHAN_HIEN_THI" "l"
      WHERE "l"."MA" = :Ma_0
      FETCH FIRST 1 ROWS ONLY
info: Microsoft.EntityFrameworkCore.Database.Command[20101]
      Executed DbCommand (3ms) [Parameters=[:nguoiDung_ID_0='?' (DbType = Decimal)], CommandType='Text', CommandTimeout='0']
      SELECT "c"."VAI_TRO_ID"
      FROM "QL_VAI_TRO_NGUOI_DUNG" "c"
      WHERE "c"."NGUOI_DUNG_ID" = :nguoiDung_ID_0
info: Microsoft.EntityFrameworkCore.Database.Command[20101]
      Executed DbCommand (3ms) [Parameters=[:Ma_0='?' (Size = 2000)], CommandType='Text', CommandTimeout='0']
      SELECT "l"."GIA_TRI"
      FROM "QL_NHAN_HIEN_THI" "l"
      WHERE "l"."MA" = :Ma_0
      FETCH FIRST 1 ROWS ONLY
info: Microsoft.EntityFrameworkCore.Database.Command[20101]
      Executed DbCommand (3ms) [Parameters=[:nguoiDung_ID_0='?' (DbType = Decimal)], CommandType='Text', CommandTimeout='0']
      SELECT "c"."VAI_TRO_ID"
      FROM "QL_VAI_TRO_NGUOI_DUNG" "c"
      WHERE "c"."NGUOI_DUNG_ID" = :nguoiDung_ID_0
info: Microsoft.EntityFrameworkCore.Database.Command[20101]
      Executed DbCommand (3ms) [Parameters=[:Ma_0='?' (Size = 2000)], CommandType='Text', CommandTimeout='0']
      SELECT "l"."GIA_TRI"
      FROM "QL_NHAN_HIEN_THI" "l"
      WHERE "l"."MA" = :Ma_0
      FETCH FIRST 1 ROWS ONLY
info: Microsoft.EntityFrameworkCore.Database.Command[20101]
      Executed DbCommand (2ms) [Parameters=[:nguoiDung_ID_0='?' (DbType = Decimal)], CommandType='Text', CommandTimeout='0']
      SELECT "c"."VAI_TRO_ID"
      FROM "QL_VAI_TRO_NGUOI_DUNG" "c"
      WHERE "c"."NGUOI_DUNG_ID" = :nguoiDung_ID_0
info: Microsoft.EntityFrameworkCore.Database.Command[20101]
      Executed DbCommand (3ms) [Parameters=[:Ma_0='?' (Size = 2000)], CommandType='Text', CommandTimeout='0']
      SELECT "l"."GIA_TRI"
      FROM "QL_NHAN_HIEN_THI" "l"
      WHERE "l"."MA" = :Ma_0
      FETCH FIRST 1 ROWS ONLY
info: Microsoft.EntityFrameworkCore.Database.Command[20101]
      Executed DbCommand (2ms) [Parameters=[:nguoiDung_ID_0='?' (DbType = Decimal)], CommandType='Text', CommandTimeout='0']
      SELECT "c"."VAI_TRO_ID"
      FROM "QL_VAI_TRO_NGUOI_DUNG" "c"
      WHERE "c"."NGUOI_DUNG_ID" = :nguoiDung_ID_0
info: Microsoft.EntityFrameworkCore.Database.Command[20101]
      Executed DbCommand (3ms) [Parameters=[:Ma_0='?' (Size = 2000)], CommandType='Text', CommandTimeout='0']
      SELECT "l"."GIA_TRI"
      FROM "QL_NHAN_HIEN_THI" "l"
      WHERE "l"."MA" = :Ma_0
      FETCH FIRST 1 ROWS ONLY
info: Microsoft.EntityFrameworkCore.Database.Command[20101]
      Executed DbCommand (2ms) [Parameters=[:nguoiDung_ID_0='?' (DbType = Decimal)], CommandType='Text', CommandTimeout='0']
      SELECT "c"."VAI_TRO_ID"
      FROM "QL_VAI_TRO_NGUOI_DUNG" "c"
      WHERE "c"."NGUOI_DUNG_ID" = :nguoiDung_ID_0
info: Microsoft.EntityFrameworkCore.Database.Command[20101]
      Executed DbCommand (3ms) [Parameters=[:Ma_0='?' (Size = 2000)], CommandType='Text', CommandTimeout='0']
      SELECT "l"."GIA_TRI"
      FROM "QL_NHAN_HIEN_THI" "l"
      WHERE "l"."MA" = :Ma_0
      FETCH FIRST 1 ROWS ONLY
info: Microsoft.EntityFrameworkCore.Database.Command[20101]
      Executed DbCommand (3ms) [Parameters=[:nguoiDung_ID_0='?' (DbType = Decimal)], CommandType='Text', CommandTimeout='0']
      SELECT "c"."VAI_TRO_ID"
      FROM "QL_VAI_TRO_NGUOI_DUNG" "c"
      WHERE "c"."NGUOI_DUNG_ID" = :nguoiDung_ID_0
info: Microsoft.EntityFrameworkCore.Database.Command[20101]
      Executed DbCommand (58ms) [Parameters=[:donViId_0='?' (DbType = Decimal)], CommandType='Text', CommandTimeout='0']
      SELECT COUNT(*)
      FROM "DM_DON_VI" "p"
      WHERE ((("p"."PARENT_ID" = :donViId_0) AND ("p"."LA_BAN_QL_DU_AN" = 1)) OR (("p"."ID" = :donViId_0) AND ("p"."LOAI_DON_VI_ID" = 15.0))) OR (("p"."ID" = :donViId_0) AND ("p"."LA_BAN_QL_DU_AN" = 1))
info: Microsoft.EntityFrameworkCore.Database.Command[20101]
      Executed DbCommand (3ms) [Parameters=[:Ma_0='?' (Size = 2000)], CommandType='Text', CommandTimeout='0']
      SELECT "l"."GIA_TRI"
      FROM "QL_NHAN_HIEN_THI" "l"
      WHERE "l"."MA" = :Ma_0
      FETCH FIRST 1 ROWS ONLY
info: Microsoft.EntityFrameworkCore.Database.Command[20101]
      Executed DbCommand (2ms) [Parameters=[:nguoiDung_ID_0='?' (DbType = Decimal)], CommandType='Text', CommandTimeout='0']
      SELECT "c"."VAI_TRO_ID"
      FROM "QL_VAI_TRO_NGUOI_DUNG" "c"
      WHERE "c"."NGUOI_DUNG_ID" = :nguoiDung_ID_0
info: Microsoft.EntityFrameworkCore.Database.Command[20101]
      Executed DbCommand (3ms) [Parameters=[:Ma_0='?' (Size = 2000)], CommandType='Text', CommandTimeout='0']
      SELECT "l"."GIA_TRI"
      FROM "QL_NHAN_HIEN_THI" "l"
      WHERE "l"."MA" = :Ma_0
      FETCH FIRST 1 ROWS ONLY
info: Microsoft.EntityFrameworkCore.Database.Command[20101]
      Executed DbCommand (2ms) [Parameters=[:nguoiDung_ID_0='?' (DbType = Decimal)], CommandType='Text', CommandTimeout='0']
      SELECT "c"."VAI_TRO_ID"
      FROM "QL_VAI_TRO_NGUOI_DUNG" "c"
      WHERE "c"."NGUOI_DUNG_ID" = :nguoiDung_ID_0
info: Microsoft.EntityFrameworkCore.Database.Command[20101]
      Executed DbCommand (3ms) [Parameters=[:Ma_0='?' (Size = 2000)], CommandType='Text', CommandTimeout='0']
      SELECT "l"."GIA_TRI"
      FROM "QL_NHAN_HIEN_THI" "l"
      WHERE "l"."MA" = :Ma_0
      FETCH FIRST 1 ROWS ONLY
info: Microsoft.EntityFrameworkCore.Database.Command[20101]
      Executed DbCommand (3ms) [Parameters=[:nguoiDung_ID_0='?' (DbType = Decimal)], CommandType='Text', CommandTimeout='0']
      SELECT "c"."VAI_TRO_ID"
      FROM "QL_VAI_TRO_NGUOI_DUNG" "c"
      WHERE "c"."NGUOI_DUNG_ID" = :nguoiDung_ID_0
info: Microsoft.EntityFrameworkCore.Database.Command[20101]
      Executed DbCommand (3ms) [Parameters=[:Ma_0='?' (Size = 2000)], CommandType='Text', CommandTimeout='0']
      SELECT "l"."GIA_TRI"
      FROM "QL_NHAN_HIEN_THI" "l"
      WHERE "l"."MA" = :Ma_0
      FETCH FIRST 1 ROWS ONLY
info: Microsoft.EntityFrameworkCore.Database.Command[20101]
      Executed DbCommand (4ms) [Parameters=[:nguoiDung_ID_0='?' (DbType = Decimal)], CommandType='Text', CommandTimeout='0']
      SELECT "c"."VAI_TRO_ID"
      FROM "QL_VAI_TRO_NGUOI_DUNG" "c"
      WHERE "c"."NGUOI_DUNG_ID" = :nguoiDung_ID_0
info: Microsoft.EntityFrameworkCore.Database.Command[20101]
      Executed DbCommand (3ms) [Parameters=[:Ma_0='?' (Size = 2000)], CommandType='Text', CommandTimeout='0']
      SELECT "l"."GIA_TRI"
      FROM "QL_NHAN_HIEN_THI" "l"
      WHERE "l"."MA" = :Ma_0
      FETCH FIRST 1 ROWS ONLY
info: Microsoft.EntityFrameworkCore.Database.Command[20101]
      Executed DbCommand (2ms) [Parameters=[:nguoiDung_ID_0='?' (DbType = Decimal)], CommandType='Text', CommandTimeout='0']
      SELECT "c"."VAI_TRO_ID"
      FROM "QL_VAI_TRO_NGUOI_DUNG" "c"
      WHERE "c"."NGUOI_DUNG_ID" = :nguoiDung_ID_0
info: Microsoft.EntityFrameworkCore.Database.Command[20101]
      Executed DbCommand (3ms) [Parameters=[:Ma_0='?' (Size = 2000)], CommandType='Text', CommandTimeout='0']
      SELECT "l"."GIA_TRI"
      FROM "QL_NHAN_HIEN_THI" "l"
      WHERE "l"."MA" = :Ma_0
      FETCH FIRST 1 ROWS ONLY
info: Microsoft.EntityFrameworkCore.Database.Command[20101]
      Executed DbCommand (2ms) [Parameters=[:nguoiDung_ID_0='?' (DbType = Decimal)], CommandType='Text', CommandTimeout='0']
      SELECT "c"."VAI_TRO_ID"
      FROM "QL_VAI_TRO_NGUOI_DUNG" "c"
      WHERE "c"."NGUOI_DUNG_ID" = :nguoiDung_ID_0
info: Microsoft.EntityFrameworkCore.Database.Command[20101]
      Executed DbCommand (3ms) [Parameters=[:Ma_0='?' (Size = 2000)], CommandType='Text', CommandTimeout='0']
      SELECT "l"."GIA_TRI"
      FROM "QL_NHAN_HIEN_THI" "l"
      WHERE "l"."MA" = :Ma_0
      FETCH FIRST 1 ROWS ONLY
info: Microsoft.EntityFrameworkCore.Database.Command[20101]
      Executed DbCommand (2ms) [Parameters=[:nguoiDung_ID_0='?' (DbType = Decimal)], CommandType='Text', CommandTimeout='0']
      SELECT "c"."VAI_TRO_ID"
      FROM "QL_VAI_TRO_NGUOI_DUNG" "c"
      WHERE "c"."NGUOI_DUNG_ID" = :nguoiDung_ID_0
info: Microsoft.EntityFrameworkCore.Database.Command[20101]
      Executed DbCommand (3ms) [Parameters=[:Ma_0='?' (Size = 2000)], CommandType='Text', CommandTimeout='0']
      SELECT "l"."GIA_TRI"
      FROM "QL_NHAN_HIEN_THI" "l"
      WHERE "l"."MA" = :Ma_0
      FETCH FIRST 1 ROWS ONLY
info: Microsoft.EntityFrameworkCore.Database.Command[20101]
      Executed DbCommand (2ms) [Parameters=[:nguoiDung_ID_0='?' (DbType = Decimal)], CommandType='Text', CommandTimeout='0']
      SELECT "c"."VAI_TRO_ID"
      FROM "QL_VAI_TRO_NGUOI_DUNG" "c"
      WHERE "c"."NGUOI_DUNG_ID" = :nguoiDung_ID_0
info: Microsoft.EntityFrameworkCore.Database.Command[20101]
      Executed DbCommand (3ms) [Parameters=[:Ma_0='?' (Size = 2000)], CommandType='Text', CommandTimeout='0']
      SELECT "l"."GIA_TRI"
      FROM "QL_NHAN_HIEN_THI" "l"
      WHERE "l"."MA" = :Ma_0
      FETCH FIRST 1 ROWS ONLY
info: Microsoft.EntityFrameworkCore.Database.Command[20101]
      Executed DbCommand (2ms) [Parameters=[:nguoiDung_ID_0='?' (DbType = Decimal)], CommandType='Text', CommandTimeout='0']
      SELECT "c"."VAI_TRO_ID"
      FROM "QL_VAI_TRO_NGUOI_DUNG" "c"
      WHERE "c"."NGUOI_DUNG_ID" = :nguoiDung_ID_0
info: Microsoft.EntityFrameworkCore.Database.Command[20101]
      Executed DbCommand (2ms) [Parameters=[:Ma_0='?' (Size = 2000)], CommandType='Text', CommandTimeout='0']
      SELECT "l"."GIA_TRI"
      FROM "QL_NHAN_HIEN_THI" "l"
      WHERE "l"."MA" = :Ma_0
      FETCH FIRST 1 ROWS ONLY
info: Microsoft.EntityFrameworkCore.Database.Command[20101]
      Executed DbCommand (2ms) [Parameters=[:nguoiDung_ID_0='?' (DbType = Decimal)], CommandType='Text', CommandTimeout='0']
      SELECT "c"."VAI_TRO_ID"
      FROM "QL_VAI_TRO_NGUOI_DUNG" "c"
      WHERE "c"."NGUOI_DUNG_ID" = :nguoiDung_ID_0
info: Microsoft.EntityFrameworkCore.Database.Command[20101]
      Executed DbCommand (2ms) [Parameters=[:Ma_0='?' (Size = 2000)], CommandType='Text', CommandTimeout='0']
      SELECT "l"."GIA_TRI"
      FROM "QL_NHAN_HIEN_THI" "l"
      WHERE "l"."MA" = :Ma_0
      FETCH FIRST 1 ROWS ONLY
info: Microsoft.EntityFrameworkCore.Database.Command[20101]
      Executed DbCommand (2ms) [Parameters=[:nguoiDung_ID_0='?' (DbType = Decimal)], CommandType='Text', CommandTimeout='0']
      SELECT "c"."VAI_TRO_ID"
      FROM "QL_VAI_TRO_NGUOI_DUNG" "c"
      WHERE "c"."NGUOI_DUNG_ID" = :nguoiDung_ID_0
info: Microsoft.EntityFrameworkCore.Database.Command[20101]
      Executed DbCommand (3ms) [Parameters=[:Ma_0='?' (Size = 2000)], CommandType='Text', CommandTimeout='0']
      SELECT "l"."GIA_TRI"
      FROM "QL_NHAN_HIEN_THI" "l"
      WHERE "l"."MA" = :Ma_0
      FETCH FIRST 1 ROWS ONLY
info: Microsoft.EntityFrameworkCore.Database.Command[20101]
      Executed DbCommand (2ms) [Parameters=[:nguoiDung_ID_0='?' (DbType = Decimal)], CommandType='Text', CommandTimeout='0']
      SELECT "c"."VAI_TRO_ID"
      FROM "QL_VAI_TRO_NGUOI_DUNG" "c"
      WHERE "c"."NGUOI_DUNG_ID" = :nguoiDung_ID_0
info: Microsoft.EntityFrameworkCore.Database.Command[20101]
      Executed DbCommand (2ms) [Parameters=[:Ma_0='?' (Size = 2000)], CommandType='Text', CommandTimeout='0']
      SELECT "l"."GIA_TRI"
      FROM "QL_NHAN_HIEN_THI" "l"
      WHERE "l"."MA" = :Ma_0
      FETCH FIRST 1 ROWS ONLY
info: Microsoft.EntityFrameworkCore.Database.Command[20101]
      Executed DbCommand (2ms) [Parameters=[:nguoiDung_ID_0='?' (DbType = Decimal)], CommandType='Text', CommandTimeout='0']
      SELECT "c"."VAI_TRO_ID"
      FROM "QL_VAI_TRO_NGUOI_DUNG" "c"
      WHERE "c"."NGUOI_DUNG_ID" = :nguoiDung_ID_0
info: Microsoft.EntityFrameworkCore.Database.Command[20101]
      Executed DbCommand (2ms) [Parameters=[:Ma_0='?' (Size = 2000)], CommandType='Text', CommandTimeout='0']
      SELECT "l"."GIA_TRI"
      FROM "QL_NHAN_HIEN_THI" "l"
      WHERE "l"."MA" = :Ma_0
      FETCH FIRST 1 ROWS ONLY
info: Microsoft.EntityFrameworkCore.Database.Command[20101]
      Executed DbCommand (2ms) [Parameters=[:nguoiDung_ID_0='?' (DbType = Decimal)], CommandType='Text', CommandTimeout='0']
      SELECT "c"."VAI_TRO_ID"
      FROM "QL_VAI_TRO_NGUOI_DUNG" "c"
      WHERE "c"."NGUOI_DUNG_ID" = :nguoiDung_ID_0
info: Microsoft.EntityFrameworkCore.Database.Command[20101]
      Executed DbCommand (15ms) [Parameters=[:Ma_0='?' (Size = 2000)], CommandType='Text', CommandTimeout='0']
      SELECT "l"."GIA_TRI"
      FROM "QL_NHAN_HIEN_THI" "l"
      WHERE "l"."MA" = :Ma_0
      FETCH FIRST 1 ROWS ONLY
info: Microsoft.EntityFrameworkCore.Database.Command[20101]
      Executed DbCommand (8ms) [Parameters=[:nguoiDung_ID_0='?' (DbType = Decimal)], CommandType='Text', CommandTimeout='0']
      SELECT "c"."VAI_TRO_ID"
      FROM "QL_VAI_TRO_NGUOI_DUNG" "c"
      WHERE "c"."NGUOI_DUNG_ID" = :nguoiDung_ID_0
info: Microsoft.EntityFrameworkCore.Database.Command[20101]
      Executed DbCommand (2ms) [Parameters=[:Ma_0='?' (Size = 2000)], CommandType='Text', CommandTimeout='0']
      SELECT "l"."GIA_TRI"
      FROM "QL_NHAN_HIEN_THI" "l"
      WHERE "l"."MA" = :Ma_0
      FETCH FIRST 1 ROWS ONLY
info: Microsoft.EntityFrameworkCore.Database.Command[20101]
      Executed DbCommand (2ms) [Parameters=[:nguoiDung_ID_0='?' (DbType = Decimal)], CommandType='Text', CommandTimeout='0']
      SELECT "c"."VAI_TRO_ID"
      FROM "QL_VAI_TRO_NGUOI_DUNG" "c"
      WHERE "c"."NGUOI_DUNG_ID" = :nguoiDung_ID_0
info: Microsoft.EntityFrameworkCore.Database.Command[20101]
      Executed DbCommand (3ms) [Parameters=[:Ma_0='?' (Size = 2000)], CommandType='Text', CommandTimeout='0']
      SELECT "l"."GIA_TRI"
      FROM "QL_NHAN_HIEN_THI" "l"
      WHERE "l"."MA" = :Ma_0
      FETCH FIRST 1 ROWS ONLY
info: Microsoft.EntityFrameworkCore.Database.Command[20101]
      Executed DbCommand (4ms) [Parameters=[:nguoiDung_ID_0='?' (DbType = Decimal)], CommandType='Text', CommandTimeout='0']
      SELECT "c"."VAI_TRO_ID"
      FROM "QL_VAI_TRO_NGUOI_DUNG" "c"
      WHERE "c"."NGUOI_DUNG_ID" = :nguoiDung_ID_0
info: Microsoft.EntityFrameworkCore.Database.Command[20101]
      Executed DbCommand (10ms) [Parameters=[:Ma_0='?' (Size = 2000)], CommandType='Text', CommandTimeout='0']
      SELECT "l"."GIA_TRI"
      FROM "QL_NHAN_HIEN_THI" "l"
      WHERE "l"."MA" = :Ma_0
      FETCH FIRST 1 ROWS ONLY
info: Microsoft.EntityFrameworkCore.Database.Command[20101]
      Executed DbCommand (12ms) [Parameters=[:nguoiDung_ID_0='?' (DbType = Decimal)], CommandType='Text', CommandTimeout='0']
      SELECT "c"."VAI_TRO_ID"
      FROM "QL_VAI_TRO_NGUOI_DUNG" "c"
      WHERE "c"."NGUOI_DUNG_ID" = :nguoiDung_ID_0
info: Microsoft.EntityFrameworkCore.Database.Command[20101]
      Executed DbCommand (7ms) [Parameters=[:Ma_0='?' (Size = 2000)], CommandType='Text', CommandTimeout='0']
      SELECT "l"."GIA_TRI"
      FROM "QL_NHAN_HIEN_THI" "l"
      WHERE "l"."MA" = :Ma_0
      FETCH FIRST 1 ROWS ONLY
info: Microsoft.EntityFrameworkCore.Database.Command[20101]
      Executed DbCommand (2ms) [Parameters=[:nguoiDung_ID_0='?' (DbType = Decimal)], CommandType='Text', CommandTimeout='0']
      SELECT "c"."VAI_TRO_ID"
      FROM "QL_VAI_TRO_NGUOI_DUNG" "c"
      WHERE "c"."NGUOI_DUNG_ID" = :nguoiDung_ID_0
info: Microsoft.EntityFrameworkCore.Database.Command[20101]
      Executed DbCommand (3ms) [Parameters=[:Ma_0='?' (Size = 2000)], CommandType='Text', CommandTimeout='0']
      SELECT "l"."GIA_TRI"
      FROM "QL_NHAN_HIEN_THI" "l"
      WHERE "l"."MA" = :Ma_0
      FETCH FIRST 1 ROWS ONLY
info: Microsoft.EntityFrameworkCore.Database.Command[20101]
      Executed DbCommand (2ms) [Parameters=[:nguoiDung_ID_0='?' (DbType = Decimal)], CommandType='Text', CommandTimeout='0']
      SELECT "c"."VAI_TRO_ID"
      FROM "QL_VAI_TRO_NGUOI_DUNG" "c"
      WHERE "c"."NGUOI_DUNG_ID" = :nguoiDung_ID_0
info: Microsoft.EntityFrameworkCore.Database.Command[20101]
      Executed DbCommand (4ms) [Parameters=[:Ma_0='?' (Size = 2000)], CommandType='Text', CommandTimeout='0']
      SELECT "l"."GIA_TRI"
      FROM "QL_NHAN_HIEN_THI" "l"
      WHERE "l"."MA" = :Ma_0
      FETCH FIRST 1 ROWS ONLY
info: Microsoft.EntityFrameworkCore.Database.Command[20101]
      Executed DbCommand (11ms) [Parameters=[:nguoiDung_ID_0='?' (DbType = Decimal)], CommandType='Text', CommandTimeout='0']
      SELECT "c"."VAI_TRO_ID"
      FROM "QL_VAI_TRO_NGUOI_DUNG" "c"
      WHERE "c"."NGUOI_DUNG_ID" = :nguoiDung_ID_0
info: Microsoft.EntityFrameworkCore.Database.Command[20101]
      Executed DbCommand (9ms) [Parameters=[:Ma_0='?' (Size = 2000)], CommandType='Text', CommandTimeout='0']
      SELECT "l"."GIA_TRI"
      FROM "QL_NHAN_HIEN_THI" "l"
      WHERE "l"."MA" = :Ma_0
      FETCH FIRST 1 ROWS ONLY
info: Microsoft.EntityFrameworkCore.Database.Command[20101]
      Executed DbCommand (9ms) [Parameters=[:nguoiDung_ID_0='?' (DbType = Decimal)], CommandType='Text', CommandTimeout='0']
      SELECT "c"."VAI_TRO_ID"
      FROM "QL_VAI_TRO_NGUOI_DUNG" "c"
      WHERE "c"."NGUOI_DUNG_ID" = :nguoiDung_ID_0
info: Microsoft.EntityFrameworkCore.Database.Command[20101]
      Executed DbCommand (3ms) [Parameters=[:Ma_0='?' (Size = 2000)], CommandType='Text', CommandTimeout='0']
      SELECT "l"."GIA_TRI"
      FROM "QL_NHAN_HIEN_THI" "l"
      WHERE "l"."MA" = :Ma_0
      FETCH FIRST 1 ROWS ONLY
info: Microsoft.EntityFrameworkCore.Database.Command[20101]
      Executed DbCommand (2ms) [Parameters=[:nguoiDung_ID_0='?' (DbType = Decimal)], CommandType='Text', CommandTimeout='0']
      SELECT "c"."VAI_TRO_ID"
      FROM "QL_VAI_TRO_NGUOI_DUNG" "c"
      WHERE "c"."NGUOI_DUNG_ID" = :nguoiDung_ID_0
info: Microsoft.EntityFrameworkCore.Database.Command[20101]
      Executed DbCommand (2ms) [Parameters=[:Ma_0='?' (Size = 2000)], CommandType='Text', CommandTimeout='0']
      SELECT "l"."GIA_TRI"
      FROM "QL_NHAN_HIEN_THI" "l"
      WHERE "l"."MA" = :Ma_0
      FETCH FIRST 1 ROWS ONLY
info: Microsoft.EntityFrameworkCore.Database.Command[20101]
      Executed DbCommand (11ms) [Parameters=[:nguoiDung_ID_0='?' (DbType = Decimal)], CommandType='Text', CommandTimeout='0']
      SELECT "c"."VAI_TRO_ID"
      FROM "QL_VAI_TRO_NGUOI_DUNG" "c"
      WHERE "c"."NGUOI_DUNG_ID" = :nguoiDung_ID_0
info: Microsoft.EntityFrameworkCore.Database.Command[20101]
      Executed DbCommand (4ms) [Parameters=[:Ma_0='?' (Size = 2000)], CommandType='Text', CommandTimeout='0']
      SELECT "l"."GIA_TRI"
      FROM "QL_NHAN_HIEN_THI" "l"
      WHERE "l"."MA" = :Ma_0
      FETCH FIRST 1 ROWS ONLY
info: Microsoft.EntityFrameworkCore.Database.Command[20101]
      Executed DbCommand (10ms) [Parameters=[:nguoiDung_ID_0='?' (DbType = Decimal)], CommandType='Text', CommandTimeout='0']
      SELECT "c"."VAI_TRO_ID"
      FROM "QL_VAI_TRO_NGUOI_DUNG" "c"
      WHERE "c"."NGUOI_DUNG_ID" = :nguoiDung_ID_0
info: Microsoft.EntityFrameworkCore.Database.Command[20101]
      Executed DbCommand (11ms) [Parameters=[:Ma_0='?' (Size = 2000)], CommandType='Text', CommandTimeout='0']
      SELECT "l"."GIA_TRI"
      FROM "QL_NHAN_HIEN_THI" "l"
      WHERE "l"."MA" = :Ma_0
      FETCH FIRST 1 ROWS ONLY
info: Microsoft.EntityFrameworkCore.Database.Command[20101]
      Executed DbCommand (8ms) [Parameters=[:nguoiDung_ID_0='?' (DbType = Decimal)], CommandType='Text', CommandTimeout='0']
      SELECT "c"."VAI_TRO_ID"
      FROM "QL_VAI_TRO_NGUOI_DUNG" "c"
      WHERE "c"."NGUOI_DUNG_ID" = :nguoiDung_ID_0
info: Microsoft.EntityFrameworkCore.Database.Command[20101]
      Executed DbCommand (3ms) [Parameters=[:Ma_0='?' (Size = 2000)], CommandType='Text', CommandTimeout='0']
      SELECT "l"."GIA_TRI"
      FROM "QL_NHAN_HIEN_THI" "l"
      WHERE "l"."MA" = :Ma_0
      FETCH FIRST 1 ROWS ONLY
info: Microsoft.EntityFrameworkCore.Database.Command[20101]
      Executed DbCommand (2ms) [Parameters=[:nguoiDung_ID_0='?' (DbType = Decimal)], CommandType='Text', CommandTimeout='0']
      SELECT "c"."VAI_TRO_ID"
      FROM "QL_VAI_TRO_NGUOI_DUNG" "c"
      WHERE "c"."NGUOI_DUNG_ID" = :nguoiDung_ID_0
info: Microsoft.EntityFrameworkCore.Database.Command[20101]
      Executed DbCommand (9ms) [Parameters=[:Ma_0='?' (Size = 2000)], CommandType='Text', CommandTimeout='0']
      SELECT "l"."GIA_TRI"
      FROM "QL_NHAN_HIEN_THI" "l"
      WHERE "l"."MA" = :Ma_0
      FETCH FIRST 1 ROWS ONLY
info: Microsoft.EntityFrameworkCore.Database.Command[20101]
      Executed DbCommand (8ms) [Parameters=[:nguoiDung_ID_0='?' (DbType = Decimal)], CommandType='Text', CommandTimeout='0']
      SELECT "c"."VAI_TRO_ID"
      FROM "QL_VAI_TRO_NGUOI_DUNG" "c"
      WHERE "c"."NGUOI_DUNG_ID" = :nguoiDung_ID_0
info: Microsoft.EntityFrameworkCore.Database.Command[20101]
      Executed DbCommand (10ms) [Parameters=[:Ma_0='?' (Size = 2000)], CommandType='Text', CommandTimeout='0']
      SELECT "l"."GIA_TRI"
      FROM "QL_NHAN_HIEN_THI" "l"
      WHERE "l"."MA" = :Ma_0
      FETCH FIRST 1 ROWS ONLY
info: Microsoft.EntityFrameworkCore.Database.Command[20101]
      Executed DbCommand (10ms) [Parameters=[:nguoiDung_ID_0='?' (DbType = Decimal)], CommandType='Text', CommandTimeout='0']
      SELECT "c"."VAI_TRO_ID"
      FROM "QL_VAI_TRO_NGUOI_DUNG" "c"
      WHERE "c"."NGUOI_DUNG_ID" = :nguoiDung_ID_0
info: Microsoft.EntityFrameworkCore.Database.Command[20101]
      Executed DbCommand (48ms) [Parameters=[:donViId_0='?' (DbType = Decimal)], CommandType='Text', CommandTimeout='0']
      SELECT COUNT(*)
      FROM "DM_DON_VI" "p"
      WHERE ((("p"."PARENT_ID" = :donViId_0) AND ("p"."LA_BAN_QL_DU_AN" = 1)) OR (("p"."ID" = :donViId_0) AND ("p"."LOAI_DON_VI_ID" = 15.0))) OR (("p"."ID" = :donViId_0) AND ("p"."LA_BAN_QL_DU_AN" = 1))
info: Microsoft.EntityFrameworkCore.Database.Command[20101]
      Executed DbCommand (3ms) [Parameters=[:Ma_0='?' (Size = 2000)], CommandType='Text', CommandTimeout='0']
      SELECT "l"."GIA_TRI"
      FROM "QL_NHAN_HIEN_THI" "l"
      WHERE "l"."MA" = :Ma_0
      FETCH FIRST 1 ROWS ONLY
info: Microsoft.EntityFrameworkCore.Database.Command[20101]
      Executed DbCommand (3ms) [Parameters=[:nguoiDung_ID_0='?' (DbType = Decimal)], CommandType='Text', CommandTimeout='0']
      SELECT "c"."VAI_TRO_ID"
      FROM "QL_VAI_TRO_NGUOI_DUNG" "c"
      WHERE "c"."NGUOI_DUNG_ID" = :nguoiDung_ID_0
info: Microsoft.EntityFrameworkCore.Database.Command[20101]
      Executed DbCommand (59ms) [Parameters=[:donViId_0='?' (DbType = Decimal)], CommandType='Text', CommandTimeout='0']
      SELECT COUNT(*)
      FROM "DM_DON_VI" "p"
      WHERE ((("p"."PARENT_ID" = :donViId_0) AND ("p"."LA_BAN_QL_DU_AN" = 1)) OR (("p"."ID" = :donViId_0) AND ("p"."LOAI_DON_VI_ID" = 15.0))) OR (("p"."ID" = :donViId_0) AND ("p"."LA_BAN_QL_DU_AN" = 1))
info: Microsoft.EntityFrameworkCore.Database.Command[20101]
      Executed DbCommand (3ms) [Parameters=[:Ma_0='?' (Size = 2000)], CommandType='Text', CommandTimeout='0']
      SELECT "l"."GIA_TRI"
      FROM "QL_NHAN_HIEN_THI" "l"
      WHERE "l"."MA" = :Ma_0
      FETCH FIRST 1 ROWS ONLY
info: Microsoft.EntityFrameworkCore.Database.Command[20101]
      Executed DbCommand (3ms) [Parameters=[:nguoiDung_ID_0='?' (DbType = Decimal)], CommandType='Text', CommandTimeout='0']
      SELECT "c"."VAI_TRO_ID"
      FROM "QL_VAI_TRO_NGUOI_DUNG" "c"
      WHERE "c"."NGUOI_DUNG_ID" = :nguoiDung_ID_0
info: Microsoft.EntityFrameworkCore.Database.Command[20101]
      Executed DbCommand (60ms) [Parameters=[:donViId_0='?' (DbType = Decimal)], CommandType='Text', CommandTimeout='0']
      SELECT COUNT(*)
      FROM "DM_DON_VI" "p"
      WHERE ((("p"."PARENT_ID" = :donViId_0) AND ("p"."LA_BAN_QL_DU_AN" = 1)) OR (("p"."ID" = :donViId_0) AND ("p"."LOAI_DON_VI_ID" = 15.0))) OR (("p"."ID" = :donViId_0) AND ("p"."LA_BAN_QL_DU_AN" = 1))
info: Microsoft.EntityFrameworkCore.Database.Command[20101]
      Executed DbCommand (2ms) [Parameters=[:nguoiDung_ID_0='?' (DbType = Decimal)], CommandType='Text', CommandTimeout='0']
      SELECT "c"."VAI_TRO_ID"
      FROM "QL_VAI_TRO_NGUOI_DUNG" "c"
      WHERE "c"."NGUOI_DUNG_ID" = :nguoiDung_ID_0
info: Microsoft.EntityFrameworkCore.Database.Command[20101]
      Executed DbCommand (57ms) [Parameters=[:donViId_0='?' (DbType = Decimal)], CommandType='Text', CommandTimeout='0']
      SELECT COUNT(*)
      FROM "DM_DON_VI" "p"
      WHERE ((("p"."PARENT_ID" = :donViId_0) AND ("p"."LA_BAN_QL_DU_AN" = 1)) OR (("p"."ID" = :donViId_0) AND ("p"."LOAI_DON_VI_ID" = 15.0))) OR (("p"."ID" = :donViId_0) AND ("p"."LA_BAN_QL_DU_AN" = 1))
info: Microsoft.EntityFrameworkCore.Database.Command[20101]
      Executed DbCommand (4ms) [Parameters=[:nguoiDung_ID_0='?' (DbType = Decimal)], CommandType='Text', CommandTimeout='0']
      SELECT "c"."VAI_TRO_ID"
      FROM "QL_VAI_TRO_NGUOI_DUNG" "c"
      WHERE "c"."NGUOI_DUNG_ID" = :nguoiDung_ID_0
info: Microsoft.EntityFrameworkCore.Database.Command[20101]
      Executed DbCommand (57ms) [Parameters=[:donViId_0='?' (DbType = Decimal)], CommandType='Text', CommandTimeout='0']
      SELECT COUNT(*)
      FROM "DM_DON_VI" "p"
      WHERE ((("p"."PARENT_ID" = :donViId_0) AND ("p"."LA_BAN_QL_DU_AN" = 1)) OR (("p"."ID" = :donViId_0) AND ("p"."LOAI_DON_VI_ID" = 15.0))) OR (("p"."ID" = :donViId_0) AND ("p"."LA_BAN_QL_DU_AN" = 1))
info: Microsoft.EntityFrameworkCore.Database.Command[20101]
      Executed DbCommand (2ms) [Parameters=[:nguoiDung_ID_0='?' (DbType = Decimal)], CommandType='Text', CommandTimeout='0']
      SELECT "c"."VAI_TRO_ID"
      FROM "QL_VAI_TRO_NGUOI_DUNG" "c"
      WHERE "c"."NGUOI_DUNG_ID" = :nguoiDung_ID_0
info: Microsoft.EntityFrameworkCore.Database.Command[20101]
      Executed DbCommand (57ms) [Parameters=[:donViId_0='?' (DbType = Decimal)], CommandType='Text', CommandTimeout='0']
      SELECT COUNT(*)
      FROM "DM_DON_VI" "p"
      WHERE ((("p"."PARENT_ID" = :donViId_0) AND ("p"."LA_BAN_QL_DU_AN" = 1)) OR (("p"."ID" = :donViId_0) AND ("p"."LOAI_DON_VI_ID" = 15.0))) OR (("p"."ID" = :donViId_0) AND ("p"."LA_BAN_QL_DU_AN" = 1))
info: Microsoft.EntityFrameworkCore.Database.Command[20101]
      Executed DbCommand (4ms) [Parameters=[:nguoiDung_ID_0='?' (DbType = Decimal)], CommandType='Text', CommandTimeout='0']
      SELECT "c"."VAI_TRO_ID"
      FROM "QL_VAI_TRO_NGUOI_DUNG" "c"
      WHERE "c"."NGUOI_DUNG_ID" = :nguoiDung_ID_0
info: Microsoft.EntityFrameworkCore.Database.Command[20101]
      Executed DbCommand (61ms) [Parameters=[:donViId_0='?' (DbType = Decimal)], CommandType='Text', CommandTimeout='0']
      SELECT COUNT(*)
      FROM "DM_DON_VI" "p"
      WHERE ((("p"."PARENT_ID" = :donViId_0) AND ("p"."LA_BAN_QL_DU_AN" = 1)) OR (("p"."ID" = :donViId_0) AND ("p"."LOAI_DON_VI_ID" = 15.0))) OR (("p"."ID" = :donViId_0) AND ("p"."LA_BAN_QL_DU_AN" = 1))
info: Microsoft.EntityFrameworkCore.Database.Command[20101]
      Executed DbCommand (3ms) [Parameters=[:Ma_0='?' (Size = 2000)], CommandType='Text', CommandTimeout='0']
      SELECT "l"."GIA_TRI"
      FROM "QL_NHAN_HIEN_THI" "l"
      WHERE "l"."MA" = :Ma_0
      FETCH FIRST 1 ROWS ONLY
info: Microsoft.EntityFrameworkCore.Database.Command[20101]
      Executed DbCommand (2ms) [Parameters=[:nguoiDung_ID_0='?' (DbType = Decimal)], CommandType='Text', CommandTimeout='0']
      SELECT "c"."VAI_TRO_ID"
      FROM "QL_VAI_TRO_NGUOI_DUNG" "c"
      WHERE "c"."NGUOI_DUNG_ID" = :nguoiDung_ID_0
info: Microsoft.EntityFrameworkCore.Database.Command[20101]
      Executed DbCommand (2ms) [Parameters=[:Ma_0='?' (Size = 2000)], CommandType='Text', CommandTimeout='0']
      SELECT "l"."GIA_TRI"
      FROM "QL_NHAN_HIEN_THI" "l"
      WHERE "l"."MA" = :Ma_0
      FETCH FIRST 1 ROWS ONLY
info: Microsoft.EntityFrameworkCore.Database.Command[20101]
      Executed DbCommand (2ms) [Parameters=[:nguoiDung_ID_0='?' (DbType = Decimal)], CommandType='Text', CommandTimeout='0']
      SELECT "c"."VAI_TRO_ID"
      FROM "QL_VAI_TRO_NGUOI_DUNG" "c"
      WHERE "c"."NGUOI_DUNG_ID" = :nguoiDung_ID_0
info: Microsoft.EntityFrameworkCore.Database.Command[20101]
      Executed DbCommand (2ms) [Parameters=[:Ma_0='?' (Size = 2000)], CommandType='Text', CommandTimeout='0']
      SELECT "l"."GIA_TRI"
      FROM "QL_NHAN_HIEN_THI" "l"
      WHERE "l"."MA" = :Ma_0
      FETCH FIRST 1 ROWS ONLY
info: Microsoft.EntityFrameworkCore.Database.Command[20101]
      Executed DbCommand (2ms) [Parameters=[:nguoiDung_ID_0='?' (DbType = Decimal)], CommandType='Text', CommandTimeout='0']
      SELECT "c"."VAI_TRO_ID"
      FROM "QL_VAI_TRO_NGUOI_DUNG" "c"
      WHERE "c"."NGUOI_DUNG_ID" = :nguoiDung_ID_0
info: Microsoft.EntityFrameworkCore.Database.Command[20101]
      Executed DbCommand (2ms) [Parameters=[:Ma_0='?' (Size = 2000)], CommandType='Text', CommandTimeout='0']
      SELECT "l"."GIA_TRI"
      FROM "QL_NHAN_HIEN_THI" "l"
      WHERE "l"."MA" = :Ma_0
      FETCH FIRST 1 ROWS ONLY
info: Microsoft.EntityFrameworkCore.Database.Command[20101]
      Executed DbCommand (2ms) [Parameters=[:nguoiDung_ID_0='?' (DbType = Decimal)], CommandType='Text', CommandTimeout='0']
      SELECT "c"."VAI_TRO_ID"
      FROM "QL_VAI_TRO_NGUOI_DUNG" "c"
      WHERE "c"."NGUOI_DUNG_ID" = :nguoiDung_ID_0
info: Microsoft.EntityFrameworkCore.Database.Command[20101]
      Executed DbCommand (2ms) [Parameters=[:Ma_0='?' (Size = 2000)], CommandType='Text', CommandTimeout='0']
      SELECT "l"."GIA_TRI"
      FROM "QL_NHAN_HIEN_THI" "l"
      WHERE "l"."MA" = :Ma_0
      FETCH FIRST 1 ROWS ONLY
info: Microsoft.EntityFrameworkCore.Database.Command[20101]
      Executed DbCommand (2ms) [Parameters=[:nguoiDung_ID_0='?' (DbType = Decimal)], CommandType='Text', CommandTimeout='0']
      SELECT "c"."VAI_TRO_ID"
      FROM "QL_VAI_TRO_NGUOI_DUNG" "c"
      WHERE "c"."NGUOI_DUNG_ID" = :nguoiDung_ID_0
info: Microsoft.EntityFrameworkCore.Database.Command[20101]
      Executed DbCommand (3ms) [Parameters=[:Ma_0='?' (Size = 2000)], CommandType='Text', CommandTimeout='0']
      SELECT "l"."GIA_TRI"
      FROM "QL_NHAN_HIEN_THI" "l"
      WHERE "l"."MA" = :Ma_0
      FETCH FIRST 1 ROWS ONLY
info: Microsoft.EntityFrameworkCore.Database.Command[20101]
      Executed DbCommand (2ms) [Parameters=[:nguoiDung_ID_0='?' (DbType = Decimal)], CommandType='Text', CommandTimeout='0']
      SELECT "c"."VAI_TRO_ID"
      FROM "QL_VAI_TRO_NGUOI_DUNG" "c"
      WHERE "c"."NGUOI_DUNG_ID" = :nguoiDung_ID_0
info: Microsoft.EntityFrameworkCore.Database.Command[20101]
      Executed DbCommand (2ms) [Parameters=[:Ma_0='?' (Size = 2000)], CommandType='Text', CommandTimeout='0']
      SELECT "l"."GIA_TRI"
      FROM "QL_NHAN_HIEN_THI" "l"
      WHERE "l"."MA" = :Ma_0
      FETCH FIRST 1 ROWS ONLY
info: Microsoft.EntityFrameworkCore.Database.Command[20101]
      Executed DbCommand (2ms) [Parameters=[:nguoiDung_ID_0='?' (DbType = Decimal)], CommandType='Text', CommandTimeout='0']
      SELECT "c"."VAI_TRO_ID"
      FROM "QL_VAI_TRO_NGUOI_DUNG" "c"
      WHERE "c"."NGUOI_DUNG_ID" = :nguoiDung_ID_0
info: Microsoft.EntityFrameworkCore.Database.Command[20101]
      Executed DbCommand (3ms) [Parameters=[:Ma_0='?' (Size = 2000)], CommandType='Text', CommandTimeout='0']
      SELECT "l"."GIA_TRI"
      FROM "QL_NHAN_HIEN_THI" "l"
      WHERE "l"."MA" = :Ma_0
      FETCH FIRST 1 ROWS ONLY
info: Microsoft.EntityFrameworkCore.Database.Command[20101]
      Executed DbCommand (2ms) [Parameters=[:nguoiDung_ID_0='?' (DbType = Decimal)], CommandType='Text', CommandTimeout='0']
      SELECT "c"."VAI_TRO_ID"
      FROM "QL_VAI_TRO_NGUOI_DUNG" "c"
      WHERE "c"."NGUOI_DUNG_ID" = :nguoiDung_ID_0
info: Microsoft.EntityFrameworkCore.Database.Command[20101]
      Executed DbCommand (3ms) [Parameters=[:Ma_0='?' (Size = 2000)], CommandType='Text', CommandTimeout='0']
      SELECT "l"."GIA_TRI"
      FROM "QL_NHAN_HIEN_THI" "l"
      WHERE "l"."MA" = :Ma_0
      FETCH FIRST 1 ROWS ONLY
info: Microsoft.EntityFrameworkCore.Database.Command[20101]
      Executed DbCommand (2ms) [Parameters=[:nguoiDung_ID_0='?' (DbType = Decimal)], CommandType='Text', CommandTimeout='0']
      SELECT "c"."VAI_TRO_ID"
      FROM "QL_VAI_TRO_NGUOI_DUNG" "c"
      WHERE "c"."NGUOI_DUNG_ID" = :nguoiDung_ID_0
info: Microsoft.EntityFrameworkCore.Database.Command[20101]
      Executed DbCommand (3ms) [Parameters=[:Ma_0='?' (Size = 2000)], CommandType='Text', CommandTimeout='0']
      SELECT "l"."GIA_TRI"
      FROM "QL_NHAN_HIEN_THI" "l"
      WHERE "l"."MA" = :Ma_0
      FETCH FIRST 1 ROWS ONLY
info: Microsoft.EntityFrameworkCore.Database.Command[20101]
      Executed DbCommand (2ms) [Parameters=[:nguoiDung_ID_0='?' (DbType = Decimal)], CommandType='Text', CommandTimeout='0']
      SELECT "c"."VAI_TRO_ID"
      FROM "QL_VAI_TRO_NGUOI_DUNG" "c"
      WHERE "c"."NGUOI_DUNG_ID" = :nguoiDung_ID_0
info: Microsoft.EntityFrameworkCore.Database.Command[20101]
      Executed DbCommand (2ms) [Parameters=[:Ma_0='?' (Size = 2000)], CommandType='Text', CommandTimeout='0']
      SELECT "l"."GIA_TRI"
      FROM "QL_NHAN_HIEN_THI" "l"
      WHERE "l"."MA" = :Ma_0
      FETCH FIRST 1 ROWS ONLY
info: Microsoft.EntityFrameworkCore.Database.Command[20101]
      Executed DbCommand (2ms) [Parameters=[:nguoiDung_ID_0='?' (DbType = Decimal)], CommandType='Text', CommandTimeout='0']
      SELECT "c"."VAI_TRO_ID"
      FROM "QL_VAI_TRO_NGUOI_DUNG" "c"
      WHERE "c"."NGUOI_DUNG_ID" = :nguoiDung_ID_0
info: Microsoft.EntityFrameworkCore.Database.Command[20101]
      Executed DbCommand (2ms) [Parameters=[:Ma_0='?' (Size = 2000)], CommandType='Text', CommandTimeout='0']
      SELECT "l"."GIA_TRI"
      FROM "QL_NHAN_HIEN_THI" "l"
      WHERE "l"."MA" = :Ma_0
      FETCH FIRST 1 ROWS ONLY
info: Microsoft.EntityFrameworkCore.Database.Command[20101]
      Executed DbCommand (2ms) [Parameters=[:nguoiDung_ID_0='?' (DbType = Decimal)], CommandType='Text', CommandTimeout='0']
      SELECT "c"."VAI_TRO_ID"
      FROM "QL_VAI_TRO_NGUOI_DUNG" "c"
      WHERE "c"."NGUOI_DUNG_ID" = :nguoiDung_ID_0
info: Microsoft.EntityFrameworkCore.Database.Command[20101]
      Executed DbCommand (2ms) [Parameters=[:Ma_0='?' (Size = 2000)], CommandType='Text', CommandTimeout='0']
      SELECT "l"."GIA_TRI"
      FROM "QL_NHAN_HIEN_THI" "l"
      WHERE "l"."MA" = :Ma_0
      FETCH FIRST 1 ROWS ONLY
info: Microsoft.EntityFrameworkCore.Database.Command[20101]
      Executed DbCommand (3ms) [Parameters=[:nguoiDung_ID_0='?' (DbType = Decimal)], CommandType='Text', CommandTimeout='0']
      SELECT "c"."VAI_TRO_ID"
      FROM "QL_VAI_TRO_NGUOI_DUNG" "c"
      WHERE "c"."NGUOI_DUNG_ID" = :nguoiDung_ID_0
info: Microsoft.EntityFrameworkCore.Database.Command[20101]
      Executed DbCommand (3ms) [Parameters=[:Ma_0='?' (Size = 2000)], CommandType='Text', CommandTimeout='0']
      SELECT "l"."GIA_TRI"
      FROM "QL_NHAN_HIEN_THI" "l"
      WHERE "l"."MA" = :Ma_0
      FETCH FIRST 1 ROWS ONLY
info: Microsoft.EntityFrameworkCore.Database.Command[20101]
      Executed DbCommand (3ms) [Parameters=[:nguoiDung_ID_0='?' (DbType = Decimal)], CommandType='Text', CommandTimeout='0']
      SELECT "c"."VAI_TRO_ID"
      FROM "QL_VAI_TRO_NGUOI_DUNG" "c"
      WHERE "c"."NGUOI_DUNG_ID" = :nguoiDung_ID_0
info: Microsoft.EntityFrameworkCore.Database.Command[20101]
      Executed DbCommand (2ms) [Parameters=[:Ma_0='?' (Size = 2000)], CommandType='Text', CommandTimeout='0']
      SELECT "l"."GIA_TRI"
      FROM "QL_NHAN_HIEN_THI" "l"
      WHERE "l"."MA" = :Ma_0
      FETCH FIRST 1 ROWS ONLY
info: Microsoft.EntityFrameworkCore.Database.Command[20101]
      Executed DbCommand (2ms) [Parameters=[:nguoiDung_ID_0='?' (DbType = Decimal)], CommandType='Text', CommandTimeout='0']
      SELECT "c"."VAI_TRO_ID"
      FROM "QL_VAI_TRO_NGUOI_DUNG" "c"
      WHERE "c"."NGUOI_DUNG_ID" = :nguoiDung_ID_0
info: Microsoft.EntityFrameworkCore.Database.Command[20101]
      Executed DbCommand (3ms) [Parameters=[:Ma_0='?' (Size = 2000)], CommandType='Text', CommandTimeout='0']
      SELECT "l"."GIA_TRI"
      FROM "QL_NHAN_HIEN_THI" "l"
      WHERE "l"."MA" = :Ma_0
      FETCH FIRST 1 ROWS ONLY
info: Microsoft.EntityFrameworkCore.Database.Command[20101]
      Executed DbCommand (2ms) [Parameters=[:nguoiDung_ID_0='?' (DbType = Decimal)], CommandType='Text', CommandTimeout='0']
      SELECT "c"."VAI_TRO_ID"
      FROM "QL_VAI_TRO_NGUOI_DUNG" "c"
      WHERE "c"."NGUOI_DUNG_ID" = :nguoiDung_ID_0
info: Microsoft.EntityFrameworkCore.Database.Command[20101]
      Executed DbCommand (2ms) [Parameters=[:Ma_0='?' (Size = 2000)], CommandType='Text', CommandTimeout='0']
      SELECT "l"."GIA_TRI"
      FROM "QL_NHAN_HIEN_THI" "l"
      WHERE "l"."MA" = :Ma_0
      FETCH FIRST 1 ROWS ONLY
info: Microsoft.EntityFrameworkCore.Database.Command[20101]
      Executed DbCommand (2ms) [Parameters=[:nguoiDung_ID_0='?' (DbType = Decimal)], CommandType='Text', CommandTimeout='0']
      SELECT "c"."VAI_TRO_ID"
      FROM "QL_VAI_TRO_NGUOI_DUNG" "c"
      WHERE "c"."NGUOI_DUNG_ID" = :nguoiDung_ID_0
info: Microsoft.EntityFrameworkCore.Database.Command[20101]
      Executed DbCommand (2ms) [Parameters=[:Ma_0='?' (Size = 2000)], CommandType='Text', CommandTimeout='0']
      SELECT "l"."GIA_TRI"
      FROM "QL_NHAN_HIEN_THI" "l"
      WHERE "l"."MA" = :Ma_0
      FETCH FIRST 1 ROWS ONLY
info: Microsoft.EntityFrameworkCore.Database.Command[20101]
      Executed DbCommand (2ms) [Parameters=[:nguoiDung_ID_0='?' (DbType = Decimal)], CommandType='Text', CommandTimeout='0']
      SELECT "c"."VAI_TRO_ID"
      FROM "QL_VAI_TRO_NGUOI_DUNG" "c"
      WHERE "c"."NGUOI_DUNG_ID" = :nguoiDung_ID_0
info: Microsoft.EntityFrameworkCore.Database.Command[20101]
      Executed DbCommand (3ms) [Parameters=[:Ma_0='?' (Size = 2000)], CommandType='Text', CommandTimeout='0']
      SELECT "l"."GIA_TRI"
      FROM "QL_NHAN_HIEN_THI" "l"
      WHERE "l"."MA" = :Ma_0
      FETCH FIRST 1 ROWS ONLY
info: Microsoft.EntityFrameworkCore.Database.Command[20101]
      Executed DbCommand (2ms) [Parameters=[:Ma_0='?' (Size = 2000)], CommandType='Text', CommandTimeout='0']
      SELECT "l"."GIA_TRI"
      FROM "QL_NHAN_HIEN_THI" "l"
      WHERE "l"."MA" = :Ma_0
      FETCH FIRST 1 ROWS ONLY
info: Microsoft.EntityFrameworkCore.Database.Command[20101]
      Executed DbCommand (2ms) [Parameters=[:Ma_0='?' (Size = 2000)], CommandType='Text', CommandTimeout='0']
      SELECT "l"."GIA_TRI"
      FROM "QL_NHAN_HIEN_THI" "l"
      WHERE "l"."MA" = :Ma_0
      FETCH FIRST 1 ROWS ONLY
info: Microsoft.EntityFrameworkCore.Database.Command[20101]
      Executed DbCommand (3ms) [Parameters=[:Ma_0='?' (Size = 2000)], CommandType='Text', CommandTimeout='0']
      SELECT "l"."GIA_TRI"
      FROM "QL_NHAN_HIEN_THI" "l"
      WHERE "l"."MA" = :Ma_0
      FETCH FIRST 1 ROWS ONLY
info: Microsoft.EntityFrameworkCore.Database.Command[20101]
      Executed DbCommand (2ms) [Parameters=[:Ma_0='?' (Size = 2000)], CommandType='Text', CommandTimeout='0']
      SELECT "l"."GIA_TRI"
      FROM "QL_NHAN_HIEN_THI" "l"
      WHERE "l"."MA" = :Ma_0
      FETCH FIRST 1 ROWS ONLY
info: Microsoft.EntityFrameworkCore.Database.Command[20101]
      Executed DbCommand (2ms) [Parameters=[:nguoiDung_ID_0='?' (DbType = Decimal)], CommandType='Text', CommandTimeout='0']
      SELECT "c"."VAI_TRO_ID"
      FROM "QL_VAI_TRO_NGUOI_DUNG" "c"
      WHERE "c"."NGUOI_DUNG_ID" = :nguoiDung_ID_0
info: Microsoft.EntityFrameworkCore.Database.Command[20101]
      Executed DbCommand (3ms) [Parameters=[:Ma_0='?' (Size = 2000)], CommandType='Text', CommandTimeout='0']
      SELECT "l"."GIA_TRI"
      FROM "QL_NHAN_HIEN_THI" "l"
      WHERE "l"."MA" = :Ma_0
      FETCH FIRST 1 ROWS ONLY
info: Microsoft.EntityFrameworkCore.Database.Command[20101]
      Executed DbCommand (2ms) [Parameters=[:Ma_0='?' (Size = 2000)], CommandType='Text', CommandTimeout='0']
      SELECT "l"."GIA_TRI"
      FROM "QL_NHAN_HIEN_THI" "l"
      WHERE "l"."MA" = :Ma_0
      FETCH FIRST 1 ROWS ONLY
info: Microsoft.EntityFrameworkCore.Database.Command[20101]
      Executed DbCommand (2ms) [Parameters=[:Ma_0='?' (Size = 2000)], CommandType='Text', CommandTimeout='0']
      SELECT "l"."GIA_TRI"
      FROM "QL_NHAN_HIEN_THI" "l"
      WHERE "l"."MA" = :Ma_0
      FETCH FIRST 1 ROWS ONLY
info: Microsoft.EntityFrameworkCore.Database.Command[20101]
      Executed DbCommand (2ms) [Parameters=[:nguoiDung_ID_0='?' (DbType = Decimal)], CommandType='Text', CommandTimeout='0']
      SELECT "c"."VAI_TRO_ID"
      FROM "QL_VAI_TRO_NGUOI_DUNG" "c"
      WHERE "c"."NGUOI_DUNG_ID" = :nguoiDung_ID_0
info: Microsoft.EntityFrameworkCore.Database.Command[20101]
      Executed DbCommand (2ms) [Parameters=[:Ma_0='?' (Size = 2000)], CommandType='Text', CommandTimeout='0']
      SELECT "l"."GIA_TRI"
      FROM "QL_NHAN_HIEN_THI" "l"
      WHERE "l"."MA" = :Ma_0
      FETCH FIRST 1 ROWS ONLY
info: Microsoft.EntityFrameworkCore.Database.Command[20101]
      Executed DbCommand (3ms) [Parameters=[:Ma_0='?' (Size = 2000)], CommandType='Text', CommandTimeout='0']
      SELECT "l"."GIA_TRI"
      FROM "QL_NHAN_HIEN_THI" "l"
      WHERE "l"."MA" = :Ma_0
      FETCH FIRST 1 ROWS ONLY
info: Microsoft.EntityFrameworkCore.Database.Command[20101]
      Executed DbCommand (2ms) [Parameters=[:Ma_0='?' (Size = 2000)], CommandType='Text', CommandTimeout='0']
      SELECT "l"."GIA_TRI"
      FROM "QL_NHAN_HIEN_THI" "l"
      WHERE "l"."MA" = :Ma_0
      FETCH FIRST 1 ROWS ONLY
info: Microsoft.EntityFrameworkCore.Database.Command[20101]
      Executed DbCommand (2ms) [Parameters=[:nguoiDung_ID_0='?' (DbType = Decimal)], CommandType='Text', CommandTimeout='0']
      SELECT "c"."VAI_TRO_ID"
      FROM "QL_VAI_TRO_NGUOI_DUNG" "c"
      WHERE "c"."NGUOI_DUNG_ID" = :nguoiDung_ID_0
info: Microsoft.EntityFrameworkCore.Database.Command[20101]
      Executed DbCommand (3ms) [Parameters=[:Ma_0='?' (Size = 2000)], CommandType='Text', CommandTimeout='0']
      SELECT "l"."GIA_TRI"
      FROM "QL_NHAN_HIEN_THI" "l"
      WHERE "l"."MA" = :Ma_0
      FETCH FIRST 1 ROWS ONLY
info: Microsoft.EntityFrameworkCore.Database.Command[20101]
      Executed DbCommand (2ms) [Parameters=[:Ma_0='?' (Size = 2000)], CommandType='Text', CommandTimeout='0']
      SELECT "l"."GIA_TRI"
      FROM "QL_NHAN_HIEN_THI" "l"
      WHERE "l"."MA" = :Ma_0
      FETCH FIRST 1 ROWS ONLY
info: Microsoft.EntityFrameworkCore.Database.Command[20101]
      Executed DbCommand (2ms) [Parameters=[:nguoiDung_ID_0='?' (DbType = Decimal)], CommandType='Text', CommandTimeout='0']
      SELECT "c"."VAI_TRO_ID"
      FROM "QL_VAI_TRO_NGUOI_DUNG" "c"
      WHERE "c"."NGUOI_DUNG_ID" = :nguoiDung_ID_0
info: Microsoft.EntityFrameworkCore.Database.Command[20101]
      Executed DbCommand (3ms) [Parameters=[:Ma_0='?' (Size = 2000)], CommandType='Text', CommandTimeout='0']
      SELECT "l"."GIA_TRI"
      FROM "QL_NHAN_HIEN_THI" "l"
      WHERE "l"."MA" = :Ma_0
      FETCH FIRST 1 ROWS ONLY
info: Microsoft.EntityFrameworkCore.Database.Command[20101]
      Executed DbCommand (2ms) [Parameters=[:nguoiDung_ID_0='?' (DbType = Decimal)], CommandType='Text', CommandTimeout='0']
      SELECT "c"."VAI_TRO_ID"
      FROM "QL_VAI_TRO_NGUOI_DUNG" "c"
      WHERE "c"."NGUOI_DUNG_ID" = :nguoiDung_ID_0
info: Microsoft.EntityFrameworkCore.Database.Command[20101]
      Executed DbCommand (3ms) [Parameters=[:Ma_0='?' (Size = 2000)], CommandType='Text', CommandTimeout='0']
      SELECT "l"."GIA_TRI"
      FROM "QL_NHAN_HIEN_THI" "l"
      WHERE "l"."MA" = :Ma_0
      FETCH FIRST 1 ROWS ONLY
info: Microsoft.EntityFrameworkCore.Database.Command[20101]
      Executed DbCommand (2ms) [Parameters=[:nguoiDung_ID_0='?' (DbType = Decimal)], CommandType='Text', CommandTimeout='0']
      SELECT "c"."VAI_TRO_ID"
      FROM "QL_VAI_TRO_NGUOI_DUNG" "c"
      WHERE "c"."NGUOI_DUNG_ID" = :nguoiDung_ID_0
info: Microsoft.EntityFrameworkCore.Database.Command[20101]
      Executed DbCommand (4ms) [Parameters=[:Ma_0='?' (Size = 2000)], CommandType='Text', CommandTimeout='0']
      SELECT "l"."GIA_TRI"
      FROM "QL_NHAN_HIEN_THI" "l"
      WHERE "l"."MA" = :Ma_0
      FETCH FIRST 1 ROWS ONLY
info: Microsoft.EntityFrameworkCore.Database.Command[20101]
      Executed DbCommand (2ms) [Parameters=[:nguoiDung_ID_0='?' (DbType = Decimal)], CommandType='Text', CommandTimeout='0']
      SELECT "c"."VAI_TRO_ID"
      FROM "QL_VAI_TRO_NGUOI_DUNG" "c"
      WHERE "c"."NGUOI_DUNG_ID" = :nguoiDung_ID_0
info: Microsoft.EntityFrameworkCore.Database.Command[20101]
      Executed DbCommand (2ms) [Parameters=[:Ma_0='?' (Size = 2000)], CommandType='Text', CommandTimeout='0']
      SELECT "l"."GIA_TRI"
      FROM "QL_NHAN_HIEN_THI" "l"
      WHERE "l"."MA" = :Ma_0
      FETCH FIRST 1 ROWS ONLY
info: Microsoft.EntityFrameworkCore.Database.Command[20101]
      Executed DbCommand (3ms) [Parameters=[:nguoiDung_ID_0='?' (DbType = Decimal)], CommandType='Text', CommandTimeout='0']
      SELECT "c"."VAI_TRO_ID"
      FROM "QL_VAI_TRO_NGUOI_DUNG" "c"
      WHERE "c"."NGUOI_DUNG_ID" = :nguoiDung_ID_0
info: Microsoft.EntityFrameworkCore.Database.Command[20101]
      Executed DbCommand (3ms) [Parameters=[:Ma_0='?' (Size = 2000)], CommandType='Text', CommandTimeout='0']
      SELECT "l"."GIA_TRI"
      FROM "QL_NHAN_HIEN_THI" "l"
      WHERE "l"."MA" = :Ma_0
      FETCH FIRST 1 ROWS ONLY
info: Microsoft.EntityFrameworkCore.Database.Command[20101]
      Executed DbCommand (2ms) [Parameters=[:nguoiDung_ID_0='?' (DbType = Decimal)], CommandType='Text', CommandTimeout='0']
      SELECT "c"."VAI_TRO_ID"
      FROM "QL_VAI_TRO_NGUOI_DUNG" "c"
      WHERE "c"."NGUOI_DUNG_ID" = :nguoiDung_ID_0
info: Microsoft.EntityFrameworkCore.Database.Command[20101]
      Executed DbCommand (3ms) [Parameters=[:Ma_0='?' (Size = 2000)], CommandType='Text', CommandTimeout='0']
      SELECT "l"."GIA_TRI"
      FROM "QL_NHAN_HIEN_THI" "l"
      WHERE "l"."MA" = :Ma_0
      FETCH FIRST 1 ROWS ONLY
info: Microsoft.EntityFrameworkCore.Database.Command[20101]
      Executed DbCommand (3ms) [Parameters=[:Ma_0='?' (Size = 2000)], CommandType='Text', CommandTimeout='0']
      SELECT "l"."GIA_TRI"
      FROM "QL_NHAN_HIEN_THI" "l"
      WHERE "l"."MA" = :Ma_0
      FETCH FIRST 1 ROWS ONLY
info: Microsoft.EntityFrameworkCore.Database.Command[20101]
      Executed DbCommand (3ms) [Parameters=[:Ma_0='?' (Size = 2000)], CommandType='Text', CommandTimeout='0']
      SELECT "l"."GIA_TRI"
      FROM "QL_NHAN_HIEN_THI" "l"
      WHERE "l"."MA" = :Ma_0
      FETCH FIRST 1 ROWS ONLY
info: Microsoft.EntityFrameworkCore.Database.Command[20101]
      Executed DbCommand (3ms) [Parameters=[:Ma_0='?' (Size = 2000)], CommandType='Text', CommandTimeout='0']
      SELECT "l"."GIA_TRI"
      FROM "QL_NHAN_HIEN_THI" "l"
      WHERE "l"."MA" = :Ma_0
      FETCH FIRST 1 ROWS ONLY
info: Microsoft.EntityFrameworkCore.Database.Command[20101]
      Executed DbCommand (2ms) [Parameters=[:nguoiDung_ID_0='?' (DbType = Decimal)], CommandType='Text', CommandTimeout='0']
      SELECT "c"."VAI_TRO_ID"
      FROM "QL_VAI_TRO_NGUOI_DUNG" "c"
      WHERE "c"."NGUOI_DUNG_ID" = :nguoiDung_ID_0
info: Microsoft.EntityFrameworkCore.Database.Command[20101]
      Executed DbCommand (3ms) [Parameters=[:Ma_0='?' (Size = 2000)], CommandType='Text', CommandTimeout='0']
      SELECT "l"."GIA_TRI"
      FROM "QL_NHAN_HIEN_THI" "l"
      WHERE "l"."MA" = :Ma_0
      FETCH FIRST 1 ROWS ONLY
info: Microsoft.EntityFrameworkCore.Database.Command[20101]
      Executed DbCommand (2ms) [Parameters=[:nguoiDung_ID_0='?' (DbType = Decimal)], CommandType='Text', CommandTimeout='0']
      SELECT "c"."VAI_TRO_ID"
      FROM "QL_VAI_TRO_NGUOI_DUNG" "c"
      WHERE "c"."NGUOI_DUNG_ID" = :nguoiDung_ID_0
info: Microsoft.EntityFrameworkCore.Database.Command[20101]
      Executed DbCommand (2ms) [Parameters=[:Ma_0='?' (Size = 2000)], CommandType='Text', CommandTimeout='0']
      SELECT "l"."GIA_TRI"
      FROM "QL_NHAN_HIEN_THI" "l"
      WHERE "l"."MA" = :Ma_0
      FETCH FIRST 1 ROWS ONLY
info: Microsoft.EntityFrameworkCore.Database.Command[20101]
      Executed DbCommand (2ms) [Parameters=[:nguoiDung_ID_0='?' (DbType = Decimal)], CommandType='Text', CommandTimeout='0']
      SELECT "c"."VAI_TRO_ID"
      FROM "QL_VAI_TRO_NGUOI_DUNG" "c"
      WHERE "c"."NGUOI_DUNG_ID" = :nguoiDung_ID_0
info: Microsoft.EntityFrameworkCore.Database.Command[20101]
      Executed DbCommand (3ms) [Parameters=[:Ma_0='?' (Size = 2000)], CommandType='Text', CommandTimeout='0']
      SELECT "l"."GIA_TRI"
      FROM "QL_NHAN_HIEN_THI" "l"
      WHERE "l"."MA" = :Ma_0
      FETCH FIRST 1 ROWS ONLY
info: Microsoft.EntityFrameworkCore.Database.Command[20101]
      Executed DbCommand (2ms) [Parameters=[:nguoiDung_ID_0='?' (DbType = Decimal)], CommandType='Text', CommandTimeout='0']
      SELECT "c"."VAI_TRO_ID"
      FROM "QL_VAI_TRO_NGUOI_DUNG" "c"
      WHERE "c"."NGUOI_DUNG_ID" = :nguoiDung_ID_0
info: Microsoft.EntityFrameworkCore.Database.Command[20101]
      Executed DbCommand (4ms) [Parameters=[:Ma_0='?' (Size = 2000)], CommandType='Text', CommandTimeout='0']
      SELECT "l"."GIA_TRI"
      FROM "QL_NHAN_HIEN_THI" "l"
      WHERE "l"."MA" = :Ma_0
      FETCH FIRST 1 ROWS ONLY
info: Microsoft.EntityFrameworkCore.Database.Command[20101]
      Executed DbCommand (2ms) [Parameters=[:nguoiDung_ID_0='?' (DbType = Decimal)], CommandType='Text', CommandTimeout='0']
      SELECT "c"."VAI_TRO_ID"
      FROM "QL_VAI_TRO_NGUOI_DUNG" "c"
      WHERE "c"."NGUOI_DUNG_ID" = :nguoiDung_ID_0
info: Microsoft.EntityFrameworkCore.Database.Command[20101]
      Executed DbCommand (4ms) [Parameters=[:Ma_0='?' (Size = 2000)], CommandType='Text', CommandTimeout='0']
      SELECT "l"."GIA_TRI"
      FROM "QL_NHAN_HIEN_THI" "l"
      WHERE "l"."MA" = :Ma_0
      FETCH FIRST 1 ROWS ONLY
info: Microsoft.EntityFrameworkCore.Database.Command[20101]
      Executed DbCommand (2ms) [Parameters=[:nguoiDung_ID_0='?' (DbType = Decimal)], CommandType='Text', CommandTimeout='0']
      SELECT "c"."VAI_TRO_ID"
      FROM "QL_VAI_TRO_NGUOI_DUNG" "c"
      WHERE "c"."NGUOI_DUNG_ID" = :nguoiDung_ID_0
info: Microsoft.EntityFrameworkCore.Database.Command[20101]
      Executed DbCommand (3ms) [Parameters=[:Ma_0='?' (Size = 2000)], CommandType='Text', CommandTimeout='0']
      SELECT "l"."GIA_TRI"
      FROM "QL_NHAN_HIEN_THI" "l"
      WHERE "l"."MA" = :Ma_0
      FETCH FIRST 1 ROWS ONLY
info: Microsoft.EntityFrameworkCore.Database.Command[20101]
      Executed DbCommand (2ms) [Parameters=[:nguoiDung_ID_0='?' (DbType = Decimal)], CommandType='Text', CommandTimeout='0']
      SELECT "c"."VAI_TRO_ID"
      FROM "QL_VAI_TRO_NGUOI_DUNG" "c"
      WHERE "c"."NGUOI_DUNG_ID" = :nguoiDung_ID_0
info: Microsoft.EntityFrameworkCore.Database.Command[20101]
      Executed DbCommand (3ms) [Parameters=[:Ma_0='?' (Size = 2000)], CommandType='Text', CommandTimeout='0']
      SELECT "l"."GIA_TRI"
      FROM "QL_NHAN_HIEN_THI" "l"
      WHERE "l"."MA" = :Ma_0
      FETCH FIRST 1 ROWS ONLY
info: Microsoft.EntityFrameworkCore.Database.Command[20101]
      Executed DbCommand (3ms) [Parameters=[:nguoiDung_ID_0='?' (DbType = Decimal)], CommandType='Text', CommandTimeout='0']
      SELECT "c"."VAI_TRO_ID"
      FROM "QL_VAI_TRO_NGUOI_DUNG" "c"
      WHERE "c"."NGUOI_DUNG_ID" = :nguoiDung_ID_0
info: Microsoft.EntityFrameworkCore.Database.Command[20101]
      Executed DbCommand (3ms) [Parameters=[:Ma_0='?' (Size = 2000)], CommandType='Text', CommandTimeout='0']
      SELECT "l"."GIA_TRI"
      FROM "QL_NHAN_HIEN_THI" "l"
      WHERE "l"."MA" = :Ma_0
      FETCH FIRST 1 ROWS ONLY
info: Microsoft.EntityFrameworkCore.Database.Command[20101]
      Executed DbCommand (2ms) [Parameters=[:nguoiDung_ID_0='?' (DbType = Decimal)], CommandType='Text', CommandTimeout='0']
      SELECT "c"."VAI_TRO_ID"
      FROM "QL_VAI_TRO_NGUOI_DUNG" "c"
      WHERE "c"."NGUOI_DUNG_ID" = :nguoiDung_ID_0
info: Microsoft.EntityFrameworkCore.Database.Command[20101]
      Executed DbCommand (3ms) [Parameters=[:Ma_0='?' (Size = 2000)], CommandType='Text', CommandTimeout='0']
      SELECT "l"."GIA_TRI"
      FROM "QL_NHAN_HIEN_THI" "l"
      WHERE "l"."MA" = :Ma_0
      FETCH FIRST 1 ROWS ONLY
info: Microsoft.EntityFrameworkCore.Database.Command[20101]
      Executed DbCommand (2ms) [Parameters=[:nguoiDung_ID_0='?' (DbType = Decimal)], CommandType='Text', CommandTimeout='0']
      SELECT "c"."VAI_TRO_ID"
      FROM "QL_VAI_TRO_NGUOI_DUNG" "c"
      WHERE "c"."NGUOI_DUNG_ID" = :nguoiDung_ID_0
info: Microsoft.EntityFrameworkCore.Database.Command[20101]
      Executed DbCommand (3ms) [Parameters=[:Ma_0='?' (Size = 2000)], CommandType='Text', CommandTimeout='0']
      SELECT "l"."GIA_TRI"
      FROM "QL_NHAN_HIEN_THI" "l"
      WHERE "l"."MA" = :Ma_0
      FETCH FIRST 1 ROWS ONLY
info: Microsoft.EntityFrameworkCore.Database.Command[20101]
      Executed DbCommand (3ms) [Parameters=[:nguoiDung_ID_0='?' (DbType = Decimal)], CommandType='Text', CommandTimeout='0']
      SELECT "c"."VAI_TRO_ID"
      FROM "QL_VAI_TRO_NGUOI_DUNG" "c"
      WHERE "c"."NGUOI_DUNG_ID" = :nguoiDung_ID_0
info: Microsoft.EntityFrameworkCore.Database.Command[20101]
      Executed DbCommand (3ms) [Parameters=[:Ma_0='?' (Size = 2000)], CommandType='Text', CommandTimeout='0']
      SELECT "l"."GIA_TRI"
      FROM "QL_NHAN_HIEN_THI" "l"
      WHERE "l"."MA" = :Ma_0
      FETCH FIRST 1 ROWS ONLY
info: Microsoft.EntityFrameworkCore.Database.Command[20101]
      Executed DbCommand (2ms) [Parameters=[:nguoiDung_ID_0='?' (DbType = Decimal)], CommandType='Text', CommandTimeout='0']
      SELECT "c"."VAI_TRO_ID"
      FROM "QL_VAI_TRO_NGUOI_DUNG" "c"
      WHERE "c"."NGUOI_DUNG_ID" = :nguoiDung_ID_0
info: Microsoft.EntityFrameworkCore.Database.Command[20101]
      Executed DbCommand (3ms) [Parameters=[:Ma_0='?' (Size = 2000)], CommandType='Text', CommandTimeout='0']
      SELECT "l"."GIA_TRI"
      FROM "QL_NHAN_HIEN_THI" "l"
      WHERE "l"."MA" = :Ma_0
      FETCH FIRST 1 ROWS ONLY
info: Microsoft.EntityFrameworkCore.Database.Command[20101]
      Executed DbCommand (2ms) [Parameters=[:nguoiDung_ID_0='?' (DbType = Decimal)], CommandType='Text', CommandTimeout='0']
      SELECT "c"."VAI_TRO_ID"
      FROM "QL_VAI_TRO_NGUOI_DUNG" "c"
      WHERE "c"."NGUOI_DUNG_ID" = :nguoiDung_ID_0
info: Microsoft.EntityFrameworkCore.Database.Command[20101]
      Executed DbCommand (3ms) [Parameters=[:Ma_0='?' (Size = 2000)], CommandType='Text', CommandTimeout='0']
      SELECT "l"."GIA_TRI"
      FROM "QL_NHAN_HIEN_THI" "l"
      WHERE "l"."MA" = :Ma_0
      FETCH FIRST 1 ROWS ONLY
info: Microsoft.EntityFrameworkCore.Database.Command[20101]
      Executed DbCommand (2ms) [Parameters=[:nguoiDung_ID_0='?' (DbType = Decimal)], CommandType='Text', CommandTimeout='0']
      SELECT "c"."VAI_TRO_ID"
      FROM "QL_VAI_TRO_NGUOI_DUNG" "c"
      WHERE "c"."NGUOI_DUNG_ID" = :nguoiDung_ID_0
info: Microsoft.EntityFrameworkCore.Database.Command[20101]
      Executed DbCommand (2ms) [Parameters=[:Ma_0='?' (Size = 2000)], CommandType='Text', CommandTimeout='0']
      SELECT "l"."GIA_TRI"
      FROM "QL_NHAN_HIEN_THI" "l"
      WHERE "l"."MA" = :Ma_0
      FETCH FIRST 1 ROWS ONLY
info: Microsoft.EntityFrameworkCore.Database.Command[20101]
      Executed DbCommand (2ms) [Parameters=[:nguoiDung_ID_0='?' (DbType = Decimal)], CommandType='Text', CommandTimeout='0']
      SELECT "c"."VAI_TRO_ID"
      FROM "QL_VAI_TRO_NGUOI_DUNG" "c"
      WHERE "c"."NGUOI_DUNG_ID" = :nguoiDung_ID_0
info: Microsoft.EntityFrameworkCore.Database.Command[20101]
      Executed DbCommand (3ms) [Parameters=[:Ma_0='?' (Size = 2000)], CommandType='Text', CommandTimeout='0']
      SELECT "l"."GIA_TRI"
      FROM "QL_NHAN_HIEN_THI" "l"
      WHERE "l"."MA" = :Ma_0
      FETCH FIRST 1 ROWS ONLY
info: Microsoft.EntityFrameworkCore.Database.Command[20101]
      Executed DbCommand (3ms) [Parameters=[:Ma_0='?' (Size = 2000)], CommandType='Text', CommandTimeout='0']
      SELECT "l"."GIA_TRI"
      FROM "QL_NHAN_HIEN_THI" "l"
      WHERE "l"."MA" = :Ma_0
      FETCH FIRST 1 ROWS ONLY
info: Microsoft.EntityFrameworkCore.Database.Command[20101]
      Executed DbCommand (3ms) [Parameters=[:Ma_0='?' (Size = 2000)], CommandType='Text', CommandTimeout='0']
      SELECT "l"."GIA_TRI"
      FROM "QL_NHAN_HIEN_THI" "l"
      WHERE "l"."MA" = :Ma_0
      FETCH FIRST 1 ROWS ONLY
info: Microsoft.EntityFrameworkCore.Database.Command[20101]
      Executed DbCommand (3ms) [Parameters=[:Ma_0='?' (Size = 2000)], CommandType='Text', CommandTimeout='0']
      SELECT "l"."GIA_TRI"
      FROM "QL_NHAN_HIEN_THI" "l"
      WHERE "l"."MA" = :Ma_0
      FETCH FIRST 1 ROWS ONLY
info: Microsoft.EntityFrameworkCore.Database.Command[20101]
      Executed DbCommand (4ms) [Parameters=[:Ma_0='?' (Size = 2000)], CommandType='Text', CommandTimeout='0']
      SELECT "l"."GIA_TRI"
      FROM "QL_NHAN_HIEN_THI" "l"
      WHERE "l"."MA" = :Ma_0
      FETCH FIRST 1 ROWS ONLY
info: Microsoft.EntityFrameworkCore.Database.Command[20101]
      Executed DbCommand (3ms) [Parameters=[:Ma_0='?' (Size = 2000)], CommandType='Text', CommandTimeout='0']
      SELECT "l"."GIA_TRI"
      FROM "QL_NHAN_HIEN_THI" "l"
      WHERE "l"."MA" = :Ma_0
      FETCH FIRST 1 ROWS ONLY
info: Microsoft.EntityFrameworkCore.Database.Command[20101]
      Executed DbCommand (3ms) [Parameters=[:nguoiDung_ID_0='?' (DbType = Decimal)], CommandType='Text', CommandTimeout='0']
      SELECT "c"."VAI_TRO_ID"
      FROM "QL_VAI_TRO_NGUOI_DUNG" "c"
      WHERE "c"."NGUOI_DUNG_ID" = :nguoiDung_ID_0
info: Microsoft.EntityFrameworkCore.Database.Command[20101]
      Executed DbCommand (3ms) [Parameters=[:Ma_0='?' (Size = 2000)], CommandType='Text', CommandTimeout='0']
      SELECT "l"."GIA_TRI"
      FROM "QL_NHAN_HIEN_THI" "l"
      WHERE "l"."MA" = :Ma_0
      FETCH FIRST 1 ROWS ONLY
info: Microsoft.EntityFrameworkCore.Database.Command[20101]
      Executed DbCommand (2ms) [Parameters=[:nguoiDung_ID_0='?' (DbType = Decimal)], CommandType='Text', CommandTimeout='0']
      SELECT "c"."VAI_TRO_ID"
      FROM "QL_VAI_TRO_NGUOI_DUNG" "c"
      WHERE "c"."NGUOI_DUNG_ID" = :nguoiDung_ID_0
info: Microsoft.EntityFrameworkCore.Database.Command[20101]
      Executed DbCommand (2ms) [Parameters=[:nguoiDung_ID_0='?' (DbType = Decimal)], CommandType='Text', CommandTimeout='0']
      SELECT "c"."VAI_TRO_ID"
      FROM "QL_VAI_TRO_NGUOI_DUNG" "c"
      WHERE "c"."NGUOI_DUNG_ID" = :nguoiDung_ID_0
info: Microsoft.EntityFrameworkCore.Database.Command[20101]
      Executed DbCommand (2ms) [Parameters=[:Ma_0='?' (Size = 2000)], CommandType='Text', CommandTimeout='0']
      SELECT "l"."GIA_TRI"
      FROM "QL_NHAN_HIEN_THI" "l"
      WHERE "l"."MA" = :Ma_0
      FETCH FIRST 1 ROWS ONLY
info: Microsoft.EntityFrameworkCore.Database.Command[20101]
      Executed DbCommand (3ms) [Parameters=[:nguoiDung_ID_0='?' (DbType = Decimal)], CommandType='Text', CommandTimeout='0']
      SELECT "c"."VAI_TRO_ID"
      FROM "QL_VAI_TRO_NGUOI_DUNG" "c"
      WHERE "c"."NGUOI_DUNG_ID" = :nguoiDung_ID_0
info: Microsoft.EntityFrameworkCore.Database.Command[20101]
      Executed DbCommand (3ms) [Parameters=[:Ma_0='?' (Size = 2000)], CommandType='Text', CommandTimeout='0']
      SELECT "l"."GIA_TRI"
      FROM "QL_NHAN_HIEN_THI" "l"
      WHERE "l"."MA" = :Ma_0
      FETCH FIRST 1 ROWS ONLY
info: Microsoft.EntityFrameworkCore.Database.Command[20101]
      Executed DbCommand (2ms) [Parameters=[:nguoiDung_ID_0='?' (DbType = Decimal)], CommandType='Text', CommandTimeout='0']
      SELECT "c"."VAI_TRO_ID"
      FROM "QL_VAI_TRO_NGUOI_DUNG" "c"
      WHERE "c"."NGUOI_DUNG_ID" = :nguoiDung_ID_0
info: Microsoft.EntityFrameworkCore.Database.Command[20101]
      Executed DbCommand (2ms) [Parameters=[:nguoiDung_ID_0='?' (DbType = Decimal)], CommandType='Text', CommandTimeout='0']
      SELECT "c"."VAI_TRO_ID"
      FROM "QL_VAI_TRO_NGUOI_DUNG" "c"
      WHERE "c"."NGUOI_DUNG_ID" = :nguoiDung_ID_0
info: Microsoft.EntityFrameworkCore.Database.Command[20101]
      Executed DbCommand (3ms) [Parameters=[:Ma_0='?' (Size = 2000)], CommandType='Text', CommandTimeout='0']
      SELECT "l"."GIA_TRI"
      FROM "QL_NHAN_HIEN_THI" "l"
      WHERE "l"."MA" = :Ma_0
      FETCH FIRST 1 ROWS ONLY
info: Microsoft.EntityFrameworkCore.Database.Command[20101]
      Executed DbCommand (2ms) [Parameters=[:nguoiDung_ID_0='?' (DbType = Decimal)], CommandType='Text', CommandTimeout='0']
      SELECT "c"."VAI_TRO_ID"
      FROM "QL_VAI_TRO_NGUOI_DUNG" "c"
      WHERE "c"."NGUOI_DUNG_ID" = :nguoiDung_ID_0
info: Microsoft.EntityFrameworkCore.Database.Command[20101]
      Executed DbCommand (2ms) [Parameters=[:Ma_0='?' (Size = 2000)], CommandType='Text', CommandTimeout='0']
      SELECT "l"."GIA_TRI"
      FROM "QL_NHAN_HIEN_THI" "l"
      WHERE "l"."MA" = :Ma_0
      FETCH FIRST 1 ROWS ONLY
info: Microsoft.EntityFrameworkCore.Database.Command[20101]
      Executed DbCommand (2ms) [Parameters=[:nguoiDung_ID_0='?' (DbType = Decimal)], CommandType='Text', CommandTimeout='0']
      SELECT "c"."VAI_TRO_ID"
      FROM "QL_VAI_TRO_NGUOI_DUNG" "c"
      WHERE "c"."NGUOI_DUNG_ID" = :nguoiDung_ID_0
info: Microsoft.EntityFrameworkCore.Database.Command[20101]
      Executed DbCommand (2ms) [Parameters=[:Ma_0='?' (Size = 2000)], CommandType='Text', CommandTimeout='0']
      SELECT "l"."GIA_TRI"
      FROM "QL_NHAN_HIEN_THI" "l"
      WHERE "l"."MA" = :Ma_0
      FETCH FIRST 1 ROWS ONLY
info: Microsoft.EntityFrameworkCore.Database.Command[20101]
      Executed DbCommand (2ms) [Parameters=[:nguoiDung_ID_0='?' (DbType = Decimal)], CommandType='Text', CommandTimeout='0']
      SELECT "c"."VAI_TRO_ID"
      FROM "QL_VAI_TRO_NGUOI_DUNG" "c"
      WHERE "c"."NGUOI_DUNG_ID" = :nguoiDung_ID_0
info: Microsoft.EntityFrameworkCore.Database.Command[20101]
      Executed DbCommand (3ms) [Parameters=[:Ma_0='?' (Size = 2000)], CommandType='Text', CommandTimeout='0']
      SELECT "l"."GIA_TRI"
      FROM "QL_NHAN_HIEN_THI" "l"
      WHERE "l"."MA" = :Ma_0
      FETCH FIRST 1 ROWS ONLY
info: Microsoft.EntityFrameworkCore.Database.Command[20101]
      Executed DbCommand (2ms) [Parameters=[:nguoiDung_ID_0='?' (DbType = Decimal)], CommandType='Text', CommandTimeout='0']
      SELECT "c"."VAI_TRO_ID"
      FROM "QL_VAI_TRO_NGUOI_DUNG" "c"
      WHERE "c"."NGUOI_DUNG_ID" = :nguoiDung_ID_0
info: Microsoft.EntityFrameworkCore.Database.Command[20101]
      Executed DbCommand (3ms) [Parameters=[:Ma_0='?' (Size = 2000)], CommandType='Text', CommandTimeout='0']
      SELECT "l"."GIA_TRI"
      FROM "QL_NHAN_HIEN_THI" "l"
      WHERE "l"."MA" = :Ma_0
      FETCH FIRST 1 ROWS ONLY
info: Microsoft.EntityFrameworkCore.Database.Command[20101]
      Executed DbCommand (2ms) [Parameters=[:nguoiDung_ID_0='?' (DbType = Decimal)], CommandType='Text', CommandTimeout='0']
      SELECT "c"."VAI_TRO_ID"
      FROM "QL_VAI_TRO_NGUOI_DUNG" "c"
      WHERE "c"."NGUOI_DUNG_ID" = :nguoiDung_ID_0
info: Microsoft.EntityFrameworkCore.Database.Command[20101]
      Executed DbCommand (3ms) [Parameters=[:Ma_0='?' (Size = 2000)], CommandType='Text', CommandTimeout='0']
      SELECT "l"."GIA_TRI"
      FROM "QL_NHAN_HIEN_THI" "l"
      WHERE "l"."MA" = :Ma_0
      FETCH FIRST 1 ROWS ONLY
info: Microsoft.EntityFrameworkCore.Database.Command[20101]
      Executed DbCommand (2ms) [Parameters=[:nguoiDung_ID_0='?' (DbType = Decimal)], CommandType='Text', CommandTimeout='0']
      SELECT "c"."VAI_TRO_ID"
      FROM "QL_VAI_TRO_NGUOI_DUNG" "c"
      WHERE "c"."NGUOI_DUNG_ID" = :nguoiDung_ID_0
info: Microsoft.EntityFrameworkCore.Database.Command[20101]
      Executed DbCommand (2ms) [Parameters=[:Ma_0='?' (Size = 2000)], CommandType='Text', CommandTimeout='0']
      SELECT "l"."GIA_TRI"
      FROM "QL_NHAN_HIEN_THI" "l"
      WHERE "l"."MA" = :Ma_0
      FETCH FIRST 1 ROWS ONLY
info: Microsoft.EntityFrameworkCore.Database.Command[20101]
      Executed DbCommand (2ms) [Parameters=[:nguoiDung_ID_0='?' (DbType = Decimal)], CommandType='Text', CommandTimeout='0']
      SELECT "c"."VAI_TRO_ID"
      FROM "QL_VAI_TRO_NGUOI_DUNG" "c"
      WHERE "c"."NGUOI_DUNG_ID" = :nguoiDung_ID_0
info: Microsoft.EntityFrameworkCore.Database.Command[20101]
      Executed DbCommand (3ms) [Parameters=[:Ma_0='?' (Size = 2000)], CommandType='Text', CommandTimeout='0']
      SELECT "l"."GIA_TRI"
      FROM "QL_NHAN_HIEN_THI" "l"
      WHERE "l"."MA" = :Ma_0
      FETCH FIRST 1 ROWS ONLY
info: Microsoft.EntityFrameworkCore.Database.Command[20101]
      Executed DbCommand (1ms) [Parameters=[:nguoiDung_ID_0='?' (DbType = Decimal)], CommandType='Text', CommandTimeout='0']
      SELECT "c"."VAI_TRO_ID"
      FROM "QL_VAI_TRO_NGUOI_DUNG" "c"
      WHERE "c"."NGUOI_DUNG_ID" = :nguoiDung_ID_0
info: Microsoft.EntityFrameworkCore.Database.Command[20101]
      Executed DbCommand (2ms) [Parameters=[:Ma_0='?' (Size = 2000)], CommandType='Text', CommandTimeout='0']
      SELECT "l"."GIA_TRI"
      FROM "QL_NHAN_HIEN_THI" "l"
      WHERE "l"."MA" = :Ma_0
      FETCH FIRST 1 ROWS ONLY
info: Microsoft.EntityFrameworkCore.Database.Command[20101]
      Executed DbCommand (2ms) [Parameters=[:nguoiDung_ID_0='?' (DbType = Decimal)], CommandType='Text', CommandTimeout='0']
      SELECT "c"."VAI_TRO_ID"
      FROM "QL_VAI_TRO_NGUOI_DUNG" "c"
      WHERE "c"."NGUOI_DUNG_ID" = :nguoiDung_ID_0
info: Microsoft.EntityFrameworkCore.Database.Command[20101]
      Executed DbCommand (2ms) [Parameters=[:Ma_0='?' (Size = 2000)], CommandType='Text', CommandTimeout='0']
      SELECT "l"."GIA_TRI"
      FROM "QL_NHAN_HIEN_THI" "l"
      WHERE "l"."MA" = :Ma_0
      FETCH FIRST 1 ROWS ONLY
info: Microsoft.EntityFrameworkCore.Database.Command[20101]
      Executed DbCommand (2ms) [Parameters=[:nguoiDung_ID_0='?' (DbType = Decimal)], CommandType='Text', CommandTimeout='0']
      SELECT "c"."VAI_TRO_ID"
      FROM "QL_VAI_TRO_NGUOI_DUNG" "c"
      WHERE "c"."NGUOI_DUNG_ID" = :nguoiDung_ID_0
info: Microsoft.EntityFrameworkCore.Database.Command[20101]
      Executed DbCommand (2ms) [Parameters=[:Ma_0='?' (Size = 2000)], CommandType='Text', CommandTimeout='0']
      SELECT "l"."GIA_TRI"
      FROM "QL_NHAN_HIEN_THI" "l"
      WHERE "l"."MA" = :Ma_0
      FETCH FIRST 1 ROWS ONLY
info: Microsoft.EntityFrameworkCore.Database.Command[20101]
      Executed DbCommand (2ms) [Parameters=[:nguoiDung_ID_0='?' (DbType = Decimal)], CommandType='Text', CommandTimeout='0']
      SELECT "c"."VAI_TRO_ID"
      FROM "QL_VAI_TRO_NGUOI_DUNG" "c"
      WHERE "c"."NGUOI_DUNG_ID" = :nguoiDung_ID_0
info: Microsoft.EntityFrameworkCore.Database.Command[20101]
      Executed DbCommand (2ms) [Parameters=[:Ma_0='?' (Size = 2000)], CommandType='Text', CommandTimeout='0']
      SELECT "l"."GIA_TRI"
      FROM "QL_NHAN_HIEN_THI" "l"
      WHERE "l"."MA" = :Ma_0
      FETCH FIRST 1 ROWS ONLY
info: Microsoft.EntityFrameworkCore.Database.Command[20101]
      Executed DbCommand (2ms) [Parameters=[:nguoiDung_ID_0='?' (DbType = Decimal)], CommandType='Text', CommandTimeout='0']
      SELECT "c"."VAI_TRO_ID"
      FROM "QL_VAI_TRO_NGUOI_DUNG" "c"
      WHERE "c"."NGUOI_DUNG_ID" = :nguoiDung_ID_0
info: Microsoft.EntityFrameworkCore.Database.Command[20101]
      Executed DbCommand (3ms) [Parameters=[:Ma_0='?' (Size = 2000)], CommandType='Text', CommandTimeout='0']
      SELECT "l"."GIA_TRI"
      FROM "QL_NHAN_HIEN_THI" "l"
      WHERE "l"."MA" = :Ma_0
      FETCH FIRST 1 ROWS ONLY
info: Microsoft.EntityFrameworkCore.Database.Command[20101]
      Executed DbCommand (2ms) [Parameters=[:nguoiDung_ID_0='?' (DbType = Decimal)], CommandType='Text', CommandTimeout='0']
      SELECT "c"."VAI_TRO_ID"
      FROM "QL_VAI_TRO_NGUOI_DUNG" "c"
      WHERE "c"."NGUOI_DUNG_ID" = :nguoiDung_ID_0
info: Microsoft.EntityFrameworkCore.Database.Command[20101]
      Executed DbCommand (2ms) [Parameters=[:Ma_0='?' (Size = 2000)], CommandType='Text', CommandTimeout='0']
      SELECT "l"."GIA_TRI"
      FROM "QL_NHAN_HIEN_THI" "l"
      WHERE "l"."MA" = :Ma_0
      FETCH FIRST 1 ROWS ONLY
info: Microsoft.EntityFrameworkCore.Database.Command[20101]
      Executed DbCommand (2ms) [Parameters=[:nguoiDung_ID_0='?' (DbType = Decimal)], CommandType='Text', CommandTimeout='0']
      SELECT "c"."VAI_TRO_ID"
      FROM "QL_VAI_TRO_NGUOI_DUNG" "c"
      WHERE "c"."NGUOI_DUNG_ID" = :nguoiDung_ID_0
info: Microsoft.EntityFrameworkCore.Database.Command[20101]
      Executed DbCommand (2ms) [Parameters=[:Ma_0='?' (Size = 2000)], CommandType='Text', CommandTimeout='0']
      SELECT "l"."GIA_TRI"
      FROM "QL_NHAN_HIEN_THI" "l"
      WHERE "l"."MA" = :Ma_0
      FETCH FIRST 1 ROWS ONLY
info: Microsoft.EntityFrameworkCore.Database.Command[20101]
      Executed DbCommand (2ms) [Parameters=[:nguoiDung_ID_0='?' (DbType = Decimal)], CommandType='Text', CommandTimeout='0']
      SELECT "c"."VAI_TRO_ID"
      FROM "QL_VAI_TRO_NGUOI_DUNG" "c"
      WHERE "c"."NGUOI_DUNG_ID" = :nguoiDung_ID_0
info: Microsoft.EntityFrameworkCore.Database.Command[20101]
      Executed DbCommand (63ms) [Parameters=[:donViId_0='?' (DbType = Decimal)], CommandType='Text', CommandTimeout='0']
      SELECT COUNT(*)
      FROM "DM_DON_VI" "p"
      WHERE ((("p"."PARENT_ID" = :donViId_0) AND ("p"."LA_BAN_QL_DU_AN" = 1)) OR (("p"."ID" = :donViId_0) AND ("p"."LOAI_DON_VI_ID" = 15.0))) OR (("p"."ID" = :donViId_0) AND ("p"."LA_BAN_QL_DU_AN" = 1))
info: Microsoft.EntityFrameworkCore.Database.Command[20101]
      Executed DbCommand (4ms) [Parameters=[:Ma_0='?' (Size = 2000)], CommandType='Text', CommandTimeout='0']
      SELECT "l"."GIA_TRI"
      FROM "QL_NHAN_HIEN_THI" "l"
      WHERE "l"."MA" = :Ma_0
      FETCH FIRST 1 ROWS ONLY
info: Microsoft.EntityFrameworkCore.Database.Command[20101]
      Executed DbCommand (2ms) [Parameters=[:nguoiDung_ID_0='?' (DbType = Decimal)], CommandType='Text', CommandTimeout='0']
      SELECT "c"."VAI_TRO_ID"
      FROM "QL_VAI_TRO_NGUOI_DUNG" "c"
      WHERE "c"."NGUOI_DUNG_ID" = :nguoiDung_ID_0
info: Microsoft.EntityFrameworkCore.Database.Command[20101]
      Executed DbCommand (3ms) [Parameters=[:Ma_0='?' (Size = 2000)], CommandType='Text', CommandTimeout='0']
      SELECT "l"."GIA_TRI"
      FROM "QL_NHAN_HIEN_THI" "l"
      WHERE "l"."MA" = :Ma_0
      FETCH FIRST 1 ROWS ONLY
info: Microsoft.EntityFrameworkCore.Database.Command[20101]
      Executed DbCommand (2ms) [Parameters=[:nguoiDung_ID_0='?' (DbType = Decimal)], CommandType='Text', CommandTimeout='0']
      SELECT "c"."VAI_TRO_ID"
      FROM "QL_VAI_TRO_NGUOI_DUNG" "c"
      WHERE "c"."NGUOI_DUNG_ID" = :nguoiDung_ID_0
info: Microsoft.EntityFrameworkCore.Database.Command[20101]
      Executed DbCommand (5ms) [Parameters=[:Ma_0='?' (Size = 2000)], CommandType='Text', CommandTimeout='0']
      SELECT "l"."GIA_TRI"
      FROM "QL_NHAN_HIEN_THI" "l"
      WHERE "l"."MA" = :Ma_0
      FETCH FIRST 1 ROWS ONLY
info: Microsoft.EntityFrameworkCore.Database.Command[20101]
      Executed DbCommand (5ms) [Parameters=[:nguoiDung_ID_0='?' (DbType = Decimal)], CommandType='Text', CommandTimeout='0']
      SELECT "c"."VAI_TRO_ID"
      FROM "QL_VAI_TRO_NGUOI_DUNG" "c"
      WHERE "c"."NGUOI_DUNG_ID" = :nguoiDung_ID_0
info: Microsoft.EntityFrameworkCore.Database.Command[20101]
      Executed DbCommand (5ms) [Parameters=[:Ma_0='?' (Size = 2000)], CommandType='Text', CommandTimeout='0']
      SELECT "l"."GIA_TRI"
      FROM "QL_NHAN_HIEN_THI" "l"
      WHERE "l"."MA" = :Ma_0
      FETCH FIRST 1 ROWS ONLY
info: Microsoft.EntityFrameworkCore.Database.Command[20101]
      Executed DbCommand (2ms) [Parameters=[:nguoiDung_ID_0='?' (DbType = Decimal)], CommandType='Text', CommandTimeout='0']
      SELECT "c"."VAI_TRO_ID"
      FROM "QL_VAI_TRO_NGUOI_DUNG" "c"
      WHERE "c"."NGUOI_DUNG_ID" = :nguoiDung_ID_0
info: Microsoft.EntityFrameworkCore.Database.Command[20101]
      Executed DbCommand (3ms) [Parameters=[:Ma_0='?' (Size = 2000)], CommandType='Text', CommandTimeout='0']
      SELECT "l"."GIA_TRI"
      FROM "QL_NHAN_HIEN_THI" "l"
      WHERE "l"."MA" = :Ma_0
      FETCH FIRST 1 ROWS ONLY
info: Microsoft.EntityFrameworkCore.Database.Command[20101]
      Executed DbCommand (3ms) [Parameters=[:nguoiDung_ID_0='?' (DbType = Decimal)], CommandType='Text', CommandTimeout='0']
      SELECT "c"."VAI_TRO_ID"
      FROM "QL_VAI_TRO_NGUOI_DUNG" "c"
      WHERE "c"."NGUOI_DUNG_ID" = :nguoiDung_ID_0
info: Microsoft.EntityFrameworkCore.Database.Command[20101]
      Executed DbCommand (7ms) [Parameters=[:Ma_0='?' (Size = 2000)], CommandType='Text', CommandTimeout='0']
      SELECT "l"."GIA_TRI"
      FROM "QL_NHAN_HIEN_THI" "l"
      WHERE "l"."MA" = :Ma_0
      FETCH FIRST 1 ROWS ONLY
info: Microsoft.EntityFrameworkCore.Database.Command[20101]
      Executed DbCommand (6ms) [Parameters=[:nguoiDung_ID_0='?' (DbType = Decimal)], CommandType='Text', CommandTimeout='0']
      SELECT "c"."VAI_TRO_ID"
      FROM "QL_VAI_TRO_NGUOI_DUNG" "c"
      WHERE "c"."NGUOI_DUNG_ID" = :nguoiDung_ID_0
info: Microsoft.EntityFrameworkCore.Database.Command[20101]
      Executed DbCommand (6ms) [Parameters=[:Ma_0='?' (Size = 2000)], CommandType='Text', CommandTimeout='0']
      SELECT "l"."GIA_TRI"
      FROM "QL_NHAN_HIEN_THI" "l"
      WHERE "l"."MA" = :Ma_0
      FETCH FIRST 1 ROWS ONLY
info: Microsoft.EntityFrameworkCore.Database.Command[20101]
      Executed DbCommand (3ms) [Parameters=[:nguoiDung_ID_0='?' (DbType = Decimal)], CommandType='Text', CommandTimeout='0']
      SELECT "c"."VAI_TRO_ID"
      FROM "QL_VAI_TRO_NGUOI_DUNG" "c"
      WHERE "c"."NGUOI_DUNG_ID" = :nguoiDung_ID_0
info: Microsoft.EntityFrameworkCore.Database.Command[20101]
      Executed DbCommand (3ms) [Parameters=[:Ma_0='?' (Size = 2000)], CommandType='Text', CommandTimeout='0']
      SELECT "l"."GIA_TRI"
      FROM "QL_NHAN_HIEN_THI" "l"
      WHERE "l"."MA" = :Ma_0
      FETCH FIRST 1 ROWS ONLY
info: Microsoft.EntityFrameworkCore.Database.Command[20101]
      Executed DbCommand (2ms) [Parameters=[:nguoiDung_ID_0='?' (DbType = Decimal)], CommandType='Text', CommandTimeout='0']
      SELECT "c"."VAI_TRO_ID"
      FROM "QL_VAI_TRO_NGUOI_DUNG" "c"
      WHERE "c"."NGUOI_DUNG_ID" = :nguoiDung_ID_0
info: Microsoft.EntityFrameworkCore.Database.Command[20101]
      Executed DbCommand (3ms) [Parameters=[:Ma_0='?' (Size = 2000)], CommandType='Text', CommandTimeout='0']
      SELECT "l"."GIA_TRI"
      FROM "QL_NHAN_HIEN_THI" "l"
      WHERE "l"."MA" = :Ma_0
      FETCH FIRST 1 ROWS ONLY
info: Microsoft.EntityFrameworkCore.Database.Command[20101]
      Executed DbCommand (2ms) [Parameters=[:nguoiDung_ID_0='?' (DbType = Decimal)], CommandType='Text', CommandTimeout='0']
      SELECT "c"."VAI_TRO_ID"
      FROM "QL_VAI_TRO_NGUOI_DUNG" "c"
      WHERE "c"."NGUOI_DUNG_ID" = :nguoiDung_ID_0
info: Microsoft.EntityFrameworkCore.Database.Command[20101]
      Executed DbCommand (3ms) [Parameters=[:guid_0='?' (DbType = Binary)], CommandType='Text', CommandTimeout='0']
      SELECT "c"."ID", "c"."CURRENT_DON_VI_ID", "c"."DB_ID", "c"."EMAIL", "c"."GHI_CHU", "c"."GUID", "c"."IP_TRUY_CAP", "c"."IS_QUAN_TRI", "c"."MAT_KHAU", "c"."MAT_KHAU_KEY", "c"."MA_CAN_BO", "c"."MOBILE", "c"."NGAY_TAO", "c"."NGAY_TRUY_CAP", "c"."NGUOI_TAO", "c"."NGUON_ID", "c"."PASSWORD_HASH", "c"."TEN_DANG_NHAP", "c"."TEN_DAY_DU", "c"."TMP_MAT_KHAU", "c"."TRANG_THAI_ID", "c"."UNG_DUNG"
      FROM "QL_NGUOI_DUNG" "c"
      WHERE "c"."GUID" = :guid_0
      FETCH FIRST 1 ROWS ONLY
info: Microsoft.EntityFrameworkCore.Database.Command[20101]
      Executed DbCommand (3ms) [Parameters=[:nguoiDung_ID_0='?' (DbType = Int32)], CommandType='Text', CommandTimeout='0']
      SELECT "p"."ID", "p"."DATA_JSON", "p"."DB_QUEUE_PROCESS_ID", "p"."DON_VI_ID", "p"."FILE_TYPE", "p"."GUID", "p"."GUID_FILE", "p"."MA_BAO_CAO", "p"."MODEL_DATA_TYPE", "p"."NGAY_TAO", "p"."NGUOI_TAO_ID", "p"."REPORT_CLASS", "p"."RESPONSE", "p"."SEARCH_MODEL_CLASS", "p"."SEARCH_MODEL_JSON", "p"."STATEMENT", "p"."TIME_END_GET_DATA", "p"."TIME_START_GET_DATA", "p"."TRANG_THAI_ID", "p"."TYPE_QUEUE_PROCESS_ID"
      FROM "BC_QUEUE_PROCESS" "p"
      WHERE "p"."NGUOI_TAO_ID" = :nguoiDung_ID_0
      ORDER BY "p"."ID" DESC
      FETCH FIRST 1 ROWS ONLY
info: Microsoft.EntityFrameworkCore.Database.Command[20101]
      Executed DbCommand (3ms) [Parameters=[:Ma_0='?' (Size = 2000)], CommandType='Text', CommandTimeout='0']
      SELECT "l"."GIA_TRI"
      FROM "QL_NHAN_HIEN_THI" "l"
      WHERE "l"."MA" = :Ma_0
      FETCH FIRST 1 ROWS ONLY
info: Microsoft.EntityFrameworkCore.Database.Command[20101]
      Executed DbCommand (3ms) [Parameters=[:Ma_0='?' (Size = 2000)], CommandType='Text', CommandTimeout='0']
      SELECT "l"."GIA_TRI"
      FROM "QL_NHAN_HIEN_THI" "l"
      WHERE "l"."MA" = :Ma_0
      FETCH FIRST 1 ROWS ONLY
info: Microsoft.EntityFrameworkCore.Database.Command[20101]
      Executed DbCommand (3ms) [Parameters=[:Ma_0='?' (Size = 2000)], CommandType='Text', CommandTimeout='0']
      SELECT "l"."GIA_TRI"
      FROM "QL_NHAN_HIEN_THI" "l"
      WHERE "l"."MA" = :Ma_0
      FETCH FIRST 1 ROWS ONLY
info: Microsoft.EntityFrameworkCore.Database.Command[20101]
      Executed DbCommand (4ms) [Parameters=[:Ma_0='?' (Size = 2000)], CommandType='Text', CommandTimeout='0']
      SELECT "l"."GIA_TRI"
      FROM "QL_NHAN_HIEN_THI" "l"
      WHERE "l"."MA" = :Ma_0
      FETCH FIRST 1 ROWS ONLY
info: Microsoft.AspNetCore.Mvc.ViewFeatures.ViewResultExecutor[4]
      Executed ViewResult - view NhapLieu executed in 5060.8825ms.
info: Microsoft.AspNetCore.Mvc.Internal.ControllerActionInvoker[2]
      Executed action GS.Web.Controllers.TaiSanController.NhapLieu (GS.Web) in 5070.7237ms
info: Microsoft.AspNetCore.Hosting.Internal.WebHost[2]
      Request finished in 5128.5838ms 200 text/html; charset=utf-8
info: Microsoft.AspNetCore.Hosting.Internal.WebHost[1]
      Request starting HTTP/1.1 GET http://localhost:62432/Home/GetTLHD  
info: Microsoft.AspNetCore.Mvc.Internal.ControllerActionInvoker[1]
      Route matched with {action = "GetTLHD", controller = "Home"}. Executing action GS.Web.Controllers.HomeController.GetTLHD (GS.Web)
info: Microsoft.AspNetCore.Mvc.Internal.ControllerActionInvoker[1]
      Executing action method GS.Web.Controllers.HomeController.GetTLHD (GS.Web) - Validation state: Valid
info: Microsoft.EntityFrameworkCore.Infrastructure[10403]
      Entity Framework Core 2.2.6-servicing-10079 initialized 'GSObjectContext' using provider 'Oracle.EntityFrameworkCore' with options: using lazy-loading proxies 
info: Microsoft.EntityFrameworkCore.Database.Command[20101]
      Executed DbCommand (4ms) [Parameters=[:get_Item_0='?' (DbType = Decimal)], CommandType='Text', CommandTimeout='0']
      SELECT "e"."ID", "e"."DON_VI_ID", "e"."GIA_TRI", "e"."TEN"
      FROM "QL_CAU_HINH" "e"
      WHERE "e"."ID" = :get_Item_0
      FETCH FIRST 1 ROWS ONLY
info: Microsoft.AspNetCore.Mvc.Internal.ControllerActionInvoker[2]
      Executed action method GS.Web.Controllers.HomeController.GetTLHD (GS.Web), returned result Microsoft.AspNetCore.Mvc.JsonResult in 19.1851ms.
info: Microsoft.AspNetCore.Mvc.Formatters.Json.Internal.JsonResultExecutor[1]
      Executing JsonResult, writing value of type 'System.String'.
info: Microsoft.AspNetCore.Mvc.Internal.ControllerActionInvoker[2]
      Executed action GS.Web.Controllers.HomeController.GetTLHD (GS.Web) in 28.487ms
info: Microsoft.AspNetCore.Hosting.Internal.WebHost[2]
      Request finished in 50.0422ms 200 application/json; charset=utf-8
info: Microsoft.AspNetCore.Hosting.Internal.WebHost[1]
      Request starting HTTP/1.1 GET http://localhost:62432/TaiSan/ChonLoaiTaiSan?isTangMoi=false  
info: Microsoft.AspNetCore.Mvc.Internal.ControllerActionInvoker[1]
      Route matched with {action = "ChonLoaiTaiSan", controller = "TaiSan"}. Executing action GS.Web.Controllers.TaiSanController.ChonLoaiTaiSan (GS.Web)
info: Microsoft.AspNetCore.Mvc.Internal.ControllerActionInvoker[1]
      Executing action method GS.Web.Controllers.TaiSanController.ChonLoaiTaiSan (GS.Web) with arguments (False, False) - Validation state: Valid
info: Microsoft.EntityFrameworkCore.Infrastructure[10403]
      Entity Framework Core 2.2.6-servicing-10079 initialized 'GSObjectContext' using provider 'Oracle.EntityFrameworkCore' with options: using lazy-loading proxies 
info: Microsoft.EntityFrameworkCore.Database.Command[20101]
      Executed DbCommand (3ms) [Parameters=[:Ma_0='?' (Size = 2000)], CommandType='Text', CommandTimeout='0']
      SELECT "l"."GIA_TRI"
      FROM "QL_NHAN_HIEN_THI" "l"
      WHERE "l"."MA" = :Ma_0
      FETCH FIRST 1 ROWS ONLY
info: Microsoft.EntityFrameworkCore.Database.Command[20101]
      Executed DbCommand (3ms) [Parameters=[:Ma_0='?' (Size = 2000)], CommandType='Text', CommandTimeout='0']
      SELECT "l"."GIA_TRI"
      FROM "QL_NHAN_HIEN_THI" "l"
      WHERE "l"."MA" = :Ma_0
      FETCH FIRST 1 ROWS ONLY
info: Microsoft.EntityFrameworkCore.Database.Command[20101]
      Executed DbCommand (2ms) [Parameters=[:Ma_0='?' (Size = 2000)], CommandType='Text', CommandTimeout='0']
      SELECT "l"."GIA_TRI"
      FROM "QL_NHAN_HIEN_THI" "l"
      WHERE "l"."MA" = :Ma_0
      FETCH FIRST 1 ROWS ONLY
info: Microsoft.EntityFrameworkCore.Database.Command[20101]
      Executed DbCommand (3ms) [Parameters=[:Ma_0='?' (Size = 2000)], CommandType='Text', CommandTimeout='0']
      SELECT "l"."GIA_TRI"
      FROM "QL_NHAN_HIEN_THI" "l"
      WHERE "l"."MA" = :Ma_0
      FETCH FIRST 1 ROWS ONLY
info: Microsoft.EntityFrameworkCore.Database.Command[20101]
      Executed DbCommand (3ms) [Parameters=[:Ma_0='?' (Size = 2000)], CommandType='Text', CommandTimeout='0']
      SELECT "l"."GIA_TRI"
      FROM "QL_NHAN_HIEN_THI" "l"
      WHERE "l"."MA" = :Ma_0
      FETCH FIRST 1 ROWS ONLY
info: Microsoft.EntityFrameworkCore.Database.Command[20101]
      Executed DbCommand (2ms) [Parameters=[:Ma_0='?' (Size = 2000)], CommandType='Text', CommandTimeout='0']
      SELECT "l"."GIA_TRI"
      FROM "QL_NHAN_HIEN_THI" "l"
      WHERE "l"."MA" = :Ma_0
      FETCH FIRST 1 ROWS ONLY
info: Microsoft.EntityFrameworkCore.Database.Command[20101]
      Executed DbCommand (3ms) [Parameters=[:Ma_0='?' (Size = 2000)], CommandType='Text', CommandTimeout='0']
      SELECT "l"."GIA_TRI"
      FROM "QL_NHAN_HIEN_THI" "l"
      WHERE "l"."MA" = :Ma_0
      FETCH FIRST 1 ROWS ONLY
info: Microsoft.EntityFrameworkCore.Database.Command[20101]
      Executed DbCommand (3ms) [Parameters=[:Ma_0='?' (Size = 2000)], CommandType='Text', CommandTimeout='0']
      SELECT "l"."GIA_TRI"
      FROM "QL_NHAN_HIEN_THI" "l"
      WHERE "l"."MA" = :Ma_0
      FETCH FIRST 1 ROWS ONLY
info: Microsoft.EntityFrameworkCore.Database.Command[20101]
      Executed DbCommand (3ms) [Parameters=[:Ma_0='?' (Size = 2000)], CommandType='Text', CommandTimeout='0']
      SELECT "l"."GIA_TRI"
      FROM "QL_NHAN_HIEN_THI" "l"
      WHERE "l"."MA" = :Ma_0
      FETCH FIRST 1 ROWS ONLY
info: Microsoft.EntityFrameworkCore.Database.Command[20101]
      Executed DbCommand (3ms) [Parameters=[:Ma_0='?' (Size = 2000)], CommandType='Text', CommandTimeout='0']
      SELECT "l"."GIA_TRI"
      FROM "QL_NHAN_HIEN_THI" "l"
      WHERE "l"."MA" = :Ma_0
      FETCH FIRST 1 ROWS ONLY
info: Microsoft.EntityFrameworkCore.Database.Command[20101]
      Executed DbCommand (3ms) [Parameters=[:Ma_0='?' (Size = 2000)], CommandType='Text', CommandTimeout='0']
      SELECT "l"."GIA_TRI"
      FROM "QL_NHAN_HIEN_THI" "l"
      WHERE "l"."MA" = :Ma_0
      FETCH FIRST 1 ROWS ONLY
info: Microsoft.EntityFrameworkCore.Database.Command[20101]
      Executed DbCommand (3ms) [Parameters=[:Ma_0='?' (Size = 2000)], CommandType='Text', CommandTimeout='0']
      SELECT "l"."GIA_TRI"
      FROM "QL_NHAN_HIEN_THI" "l"
      WHERE "l"."MA" = :Ma_0
      FETCH FIRST 1 ROWS ONLY
info: Microsoft.EntityFrameworkCore.Database.Command[20101]
      Executed DbCommand (3ms) [Parameters=[:get_Item_0='?' (DbType = Decimal)], CommandType='Text', CommandTimeout='0']
      SELECT "e"."ID", "e"."CAP_DON_VI_ID", "e"."CHE_DO_HACH_TOAN_ID", "e"."CO_TAI_SAN", "e"."CQTC_MA", "e"."DA_CO_QUYET_DINH_GIAO_VON", "e"."DB_ID", "e"."DIA_BAN_ID", "e"."DIA_CHI", "e"."DIEN_THOAI", "e"."DON_VI_HIEN_THI", "e"."FAX", "e"."HUYEN_ID", "e"."IS_TSQUAN_LY_CHU_KY_SO", "e"."IS_TSQUAN_LY_NHU_TSCD", "e"."IS_XAC_NHAN_DU_LIEU", "e"."KHONG_CHUYEN_MA", "e"."LA_BAN_QL_DU_AN", "e"."LA_DON_VI_NHAP_LIEU", "e"."LA_DON_VI_TU_CHU_TAI_CHINH", "e"."LIST_FILE_XAC_NHAN", "e"."LOAI_CAP_DON_VI_ID", "e"."LOAI_DON_VI_ID", "e"."MA", "e"."MA_BO", "e"."MA_CHUONG", "e"."MA_DIA_BAN", "e"."MA_DVQHNS", "e"."MA_HUYEN", "e"."MA_TINH", "e"."NGAY_CAP_NHAT", "e"."NGAY_QUYET_DINH", "e"."NGAY_QUYET_DINH_GIAO_VON", "e"."NGAY_TAO", "e"."NGAY_XAC_NHAN", "e"."NGUOI_CAP_NHAT_ID", "e"."NGUOI_TAO_ID", "e"."NHOM_DON_VI_ID", "e"."OLD_CAP_DON_VI_ID", "e"."PARENT_ID", "e"."SO_QUYET_DINH", "e"."SO_QUYET_DINH_GIAO_VON", "e"."TEN", "e"."TINH_ID", "e"."TRANG_THAI_DONG_BO_ID", "e"."TRANG_THAI_ID", "e"."TRANG_THAI_THAY_DOI_ID", "e"."TREE_LEVEL", "e"."TREE_NODE", "e"."XA_ID"
      FROM "DM_DON_VI" "e"
      WHERE "e"."ID" = :get_Item_0
      FETCH FIRST 1 ROWS ONLY
info: Microsoft.EntityFrameworkCore.Database.Command[20101]
      Executed DbCommand (33ms) [Parameters=[:TREE_NODE_LON_NHAT_0='?' (Size = 2000)], CommandType='Text', CommandTimeout='0']
      SELECT "p"."ID", "p"."CAP_DON_VI_ID", "p"."CHE_DO_HACH_TOAN_ID", "p"."CO_TAI_SAN", "p"."CQTC_MA", "p"."DA_CO_QUYET_DINH_GIAO_VON", "p"."DB_ID", "p"."DIA_BAN_ID", "p"."DIA_CHI", "p"."DIEN_THOAI", "p"."DON_VI_HIEN_THI", "p"."FAX", "p"."HUYEN_ID", "p"."IS_TSQUAN_LY_CHU_KY_SO", "p"."IS_TSQUAN_LY_NHU_TSCD", "p"."IS_XAC_NHAN_DU_LIEU", "p"."KHONG_CHUYEN_MA", "p"."LA_BAN_QL_DU_AN", "p"."LA_DON_VI_NHAP_LIEU", "p"."LA_DON_VI_TU_CHU_TAI_CHINH", "p"."LIST_FILE_XAC_NHAN", "p"."LOAI_CAP_DON_VI_ID", "p"."LOAI_DON_VI_ID", "p"."MA", "p"."MA_BO", "p"."MA_CHUONG", "p"."MA_DIA_BAN", "p"."MA_DVQHNS", "p"."MA_HUYEN", "p"."MA_TINH", "p"."NGAY_CAP_NHAT", "p"."NGAY_QUYET_DINH", "p"."NGAY_QUYET_DINH_GIAO_VON", "p"."NGAY_TAO", "p"."NGAY_XAC_NHAN", "p"."NGUOI_CAP_NHAT_ID", "p"."NGUOI_TAO_ID", "p"."NHOM_DON_VI_ID", "p"."OLD_CAP_DON_VI_ID", "p"."PARENT_ID", "p"."SO_QUYET_DINH", "p"."SO_QUYET_DINH_GIAO_VON", "p"."TEN", "p"."TINH_ID", "p"."TRANG_THAI_DONG_BO_ID", "p"."TRANG_THAI_ID", "p"."TRANG_THAI_THAY_DOI_ID", "p"."TREE_LEVEL", "p"."TREE_NODE", "p"."XA_ID"
      FROM "DM_DON_VI" "p"
      WHERE ("p"."TREE_NODE" = :TREE_NODE_LON_NHAT_0) AND (("p"."TRANG_THAI_ID" <> 0) OR "p"."TRANG_THAI_ID" IS NULL)
      FETCH FIRST 1 ROWS ONLY
info: Microsoft.EntityFrameworkCore.Database.Command[20101]
      Executed DbCommand (16ms) [Parameters=[], CommandType='Text', CommandTimeout='0']
      SELECT "c"."ID"
      FROM "DM_DON_VI" "c"
      WHERE (CAST(LENGTH("c"."MA") AS NUMBER(10)) = 3) AND (COALESCE("c"."TRANG_THAI_ID", 0) = 1)
info: Microsoft.EntityFrameworkCore.Database.Command[20101]
      Executed DbCommand (3ms) [Parameters=[:donViCapTren_ID_0='?' (DbType = Decimal)], CommandType='Text', CommandTimeout='0']
      SELECT CASE
          WHEN EXISTS (
              SELECT 1
              FROM "DM_LOAI_TAI_SAN_DON_VI" "c"
              WHERE ("c"."LOAI_HINH_TAI_SAN_ID" = 10.0) AND ("c"."DON_VI_ID" = :donViCapTren_ID_0))
          THEN 1 ELSE 0
      END FROM DUAL
info: Microsoft.EntityFrameworkCore.Database.Command[20101]
      Executed DbCommand (34ms) [Parameters=[:TREE_NODE_LON_NHAT_0='?' (Size = 2000)], CommandType='Text', CommandTimeout='0']
      SELECT "p"."ID", "p"."CAP_DON_VI_ID", "p"."CHE_DO_HACH_TOAN_ID", "p"."CO_TAI_SAN", "p"."CQTC_MA", "p"."DA_CO_QUYET_DINH_GIAO_VON", "p"."DB_ID", "p"."DIA_BAN_ID", "p"."DIA_CHI", "p"."DIEN_THOAI", "p"."DON_VI_HIEN_THI", "p"."FAX", "p"."HUYEN_ID", "p"."IS_TSQUAN_LY_CHU_KY_SO", "p"."IS_TSQUAN_LY_NHU_TSCD", "p"."IS_XAC_NHAN_DU_LIEU", "p"."KHONG_CHUYEN_MA", "p"."LA_BAN_QL_DU_AN", "p"."LA_DON_VI_NHAP_LIEU", "p"."LA_DON_VI_TU_CHU_TAI_CHINH", "p"."LIST_FILE_XAC_NHAN", "p"."LOAI_CAP_DON_VI_ID", "p"."LOAI_DON_VI_ID", "p"."MA", "p"."MA_BO", "p"."MA_CHUONG", "p"."MA_DIA_BAN", "p"."MA_DVQHNS", "p"."MA_HUYEN", "p"."MA_TINH", "p"."NGAY_CAP_NHAT", "p"."NGAY_QUYET_DINH", "p"."NGAY_QUYET_DINH_GIAO_VON", "p"."NGAY_TAO", "p"."NGAY_XAC_NHAN", "p"."NGUOI_CAP_NHAT_ID", "p"."NGUOI_TAO_ID", "p"."NHOM_DON_VI_ID", "p"."OLD_CAP_DON_VI_ID", "p"."PARENT_ID", "p"."SO_QUYET_DINH", "p"."SO_QUYET_DINH_GIAO_VON", "p"."TEN", "p"."TINH_ID", "p"."TRANG_THAI_DONG_BO_ID", "p"."TRANG_THAI_ID", "p"."TRANG_THAI_THAY_DOI_ID", "p"."TREE_LEVEL", "p"."TREE_NODE", "p"."XA_ID"
      FROM "DM_DON_VI" "p"
      WHERE ("p"."TREE_NODE" = :TREE_NODE_LON_NHAT_0) AND (("p"."TRANG_THAI_ID" <> 0) OR "p"."TRANG_THAI_ID" IS NULL)
      FETCH FIRST 1 ROWS ONLY
info: Microsoft.EntityFrameworkCore.Database.Command[20101]
      Executed DbCommand (4ms) [Parameters=[:get_Item_0='?' (DbType = Decimal)], CommandType='Text', CommandTimeout='0']
      SELECT "e"."ID", "e"."CAP_DON_VI_ID", "e"."CHE_DO_HACH_TOAN_ID", "e"."CO_TAI_SAN", "e"."CQTC_MA", "e"."DA_CO_QUYET_DINH_GIAO_VON", "e"."DB_ID", "e"."DIA_BAN_ID", "e"."DIA_CHI", "e"."DIEN_THOAI", "e"."DON_VI_HIEN_THI", "e"."FAX", "e"."HUYEN_ID", "e"."IS_TSQUAN_LY_CHU_KY_SO", "e"."IS_TSQUAN_LY_NHU_TSCD", "e"."IS_XAC_NHAN_DU_LIEU", "e"."KHONG_CHUYEN_MA", "e"."LA_BAN_QL_DU_AN", "e"."LA_DON_VI_NHAP_LIEU", "e"."LA_DON_VI_TU_CHU_TAI_CHINH", "e"."LIST_FILE_XAC_NHAN", "e"."LOAI_CAP_DON_VI_ID", "e"."LOAI_DON_VI_ID", "e"."MA", "e"."MA_BO", "e"."MA_CHUONG", "e"."MA_DIA_BAN", "e"."MA_DVQHNS", "e"."MA_HUYEN", "e"."MA_TINH", "e"."NGAY_CAP_NHAT", "e"."NGAY_QUYET_DINH", "e"."NGAY_QUYET_DINH_GIAO_VON", "e"."NGAY_TAO", "e"."NGAY_XAC_NHAN", "e"."NGUOI_CAP_NHAT_ID", "e"."NGUOI_TAO_ID", "e"."NHOM_DON_VI_ID", "e"."OLD_CAP_DON_VI_ID", "e"."PARENT_ID", "e"."SO_QUYET_DINH", "e"."SO_QUYET_DINH_GIAO_VON", "e"."TEN", "e"."TINH_ID", "e"."TRANG_THAI_DONG_BO_ID", "e"."TRANG_THAI_ID", "e"."TRANG_THAI_THAY_DOI_ID", "e"."TREE_LEVEL", "e"."TREE_NODE", "e"."XA_ID"
      FROM "DM_DON_VI" "e"
      WHERE "e"."ID" = :get_Item_0
      FETCH FIRST 1 ROWS ONLY
info: Microsoft.AspNetCore.Mvc.Internal.ControllerActionInvoker[2]
      Executed action method GS.Web.Controllers.TaiSanController.ChonLoaiTaiSan (GS.Web), returned result Microsoft.AspNetCore.Mvc.ViewResult in 337.9211ms.
info: Microsoft.AspNetCore.Mvc.ViewFeatures.ViewResultExecutor[1]
      Executing ViewResult, running view ChonLoaiTaiSan.
info: Microsoft.EntityFrameworkCore.Database.Command[20101]
      Executed DbCommand (3ms) [Parameters=[:Ma_0='?' (Size = 2000)], CommandType='Text', CommandTimeout='0']
      SELECT "l"."GIA_TRI"
      FROM "QL_NHAN_HIEN_THI" "l"
      WHERE "l"."MA" = :Ma_0
      FETCH FIRST 1 ROWS ONLY
info: Microsoft.EntityFrameworkCore.Database.Command[20101]
      Executed DbCommand (3ms) [Parameters=[:nguoiDung_ID_0='?' (DbType = Decimal)], CommandType='Text', CommandTimeout='0']
      SELECT "c"."VAI_TRO_ID"
      FROM "QL_VAI_TRO_NGUOI_DUNG" "c"
      WHERE "c"."NGUOI_DUNG_ID" = :nguoiDung_ID_0
info: Microsoft.EntityFrameworkCore.Database.Command[20101]
      Executed DbCommand (2ms) [Parameters=[:Ma_0='?' (Size = 2000)], CommandType='Text', CommandTimeout='0']
      SELECT "l"."GIA_TRI"
      FROM "QL_NHAN_HIEN_THI" "l"
      WHERE "l"."MA" = :Ma_0
      FETCH FIRST 1 ROWS ONLY
info: Microsoft.EntityFrameworkCore.Database.Command[20101]
      Executed DbCommand (2ms) [Parameters=[:nguoiDung_ID_0='?' (DbType = Decimal)], CommandType='Text', CommandTimeout='0']
      SELECT "c"."VAI_TRO_ID"
      FROM "QL_VAI_TRO_NGUOI_DUNG" "c"
      WHERE "c"."NGUOI_DUNG_ID" = :nguoiDung_ID_0
info: Microsoft.EntityFrameworkCore.Database.Command[20101]
      Executed DbCommand (2ms) [Parameters=[:Ma_0='?' (Size = 2000)], CommandType='Text', CommandTimeout='0']
      SELECT "l"."GIA_TRI"
      FROM "QL_NHAN_HIEN_THI" "l"
      WHERE "l"."MA" = :Ma_0
      FETCH FIRST 1 ROWS ONLY
info: Microsoft.EntityFrameworkCore.Database.Command[20101]
      Executed DbCommand (2ms) [Parameters=[:nguoiDung_ID_0='?' (DbType = Decimal)], CommandType='Text', CommandTimeout='0']
      SELECT "c"."VAI_TRO_ID"
      FROM "QL_VAI_TRO_NGUOI_DUNG" "c"
      WHERE "c"."NGUOI_DUNG_ID" = :nguoiDung_ID_0
info: Microsoft.EntityFrameworkCore.Database.Command[20101]
      Executed DbCommand (2ms) [Parameters=[:Ma_0='?' (Size = 2000)], CommandType='Text', CommandTimeout='0']
      SELECT "l"."GIA_TRI"
      FROM "QL_NHAN_HIEN_THI" "l"
      WHERE "l"."MA" = :Ma_0
      FETCH FIRST 1 ROWS ONLY
info: Microsoft.EntityFrameworkCore.Database.Command[20101]
      Executed DbCommand (2ms) [Parameters=[:nguoiDung_ID_0='?' (DbType = Decimal)], CommandType='Text', CommandTimeout='0']
      SELECT "c"."VAI_TRO_ID"
      FROM "QL_VAI_TRO_NGUOI_DUNG" "c"
      WHERE "c"."NGUOI_DUNG_ID" = :nguoiDung_ID_0
info: Microsoft.EntityFrameworkCore.Database.Command[20101]
      Executed DbCommand (2ms) [Parameters=[:Ma_0='?' (Size = 2000)], CommandType='Text', CommandTimeout='0']
      SELECT "l"."GIA_TRI"
      FROM "QL_NHAN_HIEN_THI" "l"
      WHERE "l"."MA" = :Ma_0
      FETCH FIRST 1 ROWS ONLY
info: Microsoft.EntityFrameworkCore.Database.Command[20101]
      Executed DbCommand (2ms) [Parameters=[:nguoiDung_ID_0='?' (DbType = Decimal)], CommandType='Text', CommandTimeout='0']
      SELECT "c"."VAI_TRO_ID"
      FROM "QL_VAI_TRO_NGUOI_DUNG" "c"
      WHERE "c"."NGUOI_DUNG_ID" = :nguoiDung_ID_0
info: Microsoft.EntityFrameworkCore.Database.Command[20101]
      Executed DbCommand (2ms) [Parameters=[:Ma_0='?' (Size = 2000)], CommandType='Text', CommandTimeout='0']
      SELECT "l"."GIA_TRI"
      FROM "QL_NHAN_HIEN_THI" "l"
      WHERE "l"."MA" = :Ma_0
      FETCH FIRST 1 ROWS ONLY
info: Microsoft.EntityFrameworkCore.Database.Command[20101]
      Executed DbCommand (2ms) [Parameters=[:nguoiDung_ID_0='?' (DbType = Decimal)], CommandType='Text', CommandTimeout='0']
      SELECT "c"."VAI_TRO_ID"
      FROM "QL_VAI_TRO_NGUOI_DUNG" "c"
      WHERE "c"."NGUOI_DUNG_ID" = :nguoiDung_ID_0
info: Microsoft.EntityFrameworkCore.Database.Command[20101]
      Executed DbCommand (3ms) [Parameters=[:Ma_0='?' (Size = 2000)], CommandType='Text', CommandTimeout='0']
      SELECT "l"."GIA_TRI"
      FROM "QL_NHAN_HIEN_THI" "l"
      WHERE "l"."MA" = :Ma_0
      FETCH FIRST 1 ROWS ONLY
info: Microsoft.EntityFrameworkCore.Database.Command[20101]
      Executed DbCommand (2ms) [Parameters=[:nguoiDung_ID_0='?' (DbType = Decimal)], CommandType='Text', CommandTimeout='0']
      SELECT "c"."VAI_TRO_ID"
      FROM "QL_VAI_TRO_NGUOI_DUNG" "c"
      WHERE "c"."NGUOI_DUNG_ID" = :nguoiDung_ID_0
info: Microsoft.EntityFrameworkCore.Database.Command[20101]
      Executed DbCommand (3ms) [Parameters=[:Ma_0='?' (Size = 2000)], CommandType='Text', CommandTimeout='0']
      SELECT "l"."GIA_TRI"
      FROM "QL_NHAN_HIEN_THI" "l"
      WHERE "l"."MA" = :Ma_0
      FETCH FIRST 1 ROWS ONLY
info: Microsoft.EntityFrameworkCore.Database.Command[20101]
      Executed DbCommand (2ms) [Parameters=[:nguoiDung_ID_0='?' (DbType = Decimal)], CommandType='Text', CommandTimeout='0']
      SELECT "c"."VAI_TRO_ID"
      FROM "QL_VAI_TRO_NGUOI_DUNG" "c"
      WHERE "c"."NGUOI_DUNG_ID" = :nguoiDung_ID_0
info: Microsoft.EntityFrameworkCore.Database.Command[20101]
      Executed DbCommand (3ms) [Parameters=[:Ma_0='?' (Size = 2000)], CommandType='Text', CommandTimeout='0']
      SELECT "l"."GIA_TRI"
      FROM "QL_NHAN_HIEN_THI" "l"
      WHERE "l"."MA" = :Ma_0
      FETCH FIRST 1 ROWS ONLY
info: Microsoft.EntityFrameworkCore.Database.Command[20101]
      Executed DbCommand (3ms) [Parameters=[:nguoiDung_ID_0='?' (DbType = Decimal)], CommandType='Text', CommandTimeout='0']
      SELECT "c"."VAI_TRO_ID"
      FROM "QL_VAI_TRO_NGUOI_DUNG" "c"
      WHERE "c"."NGUOI_DUNG_ID" = :nguoiDung_ID_0
info: Microsoft.EntityFrameworkCore.Database.Command[20101]
      Executed DbCommand (2ms) [Parameters=[:Ma_0='?' (Size = 2000)], CommandType='Text', CommandTimeout='0']
      SELECT "l"."GIA_TRI"
      FROM "QL_NHAN_HIEN_THI" "l"
      WHERE "l"."MA" = :Ma_0
      FETCH FIRST 1 ROWS ONLY
info: Microsoft.EntityFrameworkCore.Database.Command[20101]
      Executed DbCommand (2ms) [Parameters=[:nguoiDung_ID_0='?' (DbType = Decimal)], CommandType='Text', CommandTimeout='0']
      SELECT "c"."VAI_TRO_ID"
      FROM "QL_VAI_TRO_NGUOI_DUNG" "c"
      WHERE "c"."NGUOI_DUNG_ID" = :nguoiDung_ID_0
info: Microsoft.EntityFrameworkCore.Database.Command[20101]
      Executed DbCommand (3ms) [Parameters=[:Ma_0='?' (Size = 2000)], CommandType='Text', CommandTimeout='0']
      SELECT "l"."GIA_TRI"
      FROM "QL_NHAN_HIEN_THI" "l"
      WHERE "l"."MA" = :Ma_0
      FETCH FIRST 1 ROWS ONLY
info: Microsoft.EntityFrameworkCore.Database.Command[20101]
      Executed DbCommand (2ms) [Parameters=[:nguoiDung_ID_0='?' (DbType = Decimal)], CommandType='Text', CommandTimeout='0']
      SELECT "c"."VAI_TRO_ID"
      FROM "QL_VAI_TRO_NGUOI_DUNG" "c"
      WHERE "c"."NGUOI_DUNG_ID" = :nguoiDung_ID_0
info: Microsoft.EntityFrameworkCore.Database.Command[20101]
      Executed DbCommand (2ms) [Parameters=[:Ma_0='?' (Size = 2000)], CommandType='Text', CommandTimeout='0']
      SELECT "l"."GIA_TRI"
      FROM "QL_NHAN_HIEN_THI" "l"
      WHERE "l"."MA" = :Ma_0
      FETCH FIRST 1 ROWS ONLY
info: Microsoft.EntityFrameworkCore.Database.Command[20101]
      Executed DbCommand (2ms) [Parameters=[:nguoiDung_ID_0='?' (DbType = Decimal)], CommandType='Text', CommandTimeout='0']
      SELECT "c"."VAI_TRO_ID"
      FROM "QL_VAI_TRO_NGUOI_DUNG" "c"
      WHERE "c"."NGUOI_DUNG_ID" = :nguoiDung_ID_0
info: Microsoft.EntityFrameworkCore.Database.Command[20101]
      Executed DbCommand (2ms) [Parameters=[:nguoiDung_ID_0='?' (DbType = Decimal)], CommandType='Text', CommandTimeout='0']
      SELECT "c"."VAI_TRO_ID"
      FROM "QL_VAI_TRO_NGUOI_DUNG" "c"
      WHERE "c"."NGUOI_DUNG_ID" = :nguoiDung_ID_0
info: Microsoft.EntityFrameworkCore.Database.Command[20101]
      Executed DbCommand (2ms) [Parameters=[:Ma_0='?' (Size = 2000)], CommandType='Text', CommandTimeout='0']
      SELECT "l"."GIA_TRI"
      FROM "QL_NHAN_HIEN_THI" "l"
      WHERE "l"."MA" = :Ma_0
      FETCH FIRST 1 ROWS ONLY
info: Microsoft.EntityFrameworkCore.Database.Command[20101]
      Executed DbCommand (2ms) [Parameters=[:nguoiDung_ID_0='?' (DbType = Decimal)], CommandType='Text', CommandTimeout='0']
      SELECT "c"."VAI_TRO_ID"
      FROM "QL_VAI_TRO_NGUOI_DUNG" "c"
      WHERE "c"."NGUOI_DUNG_ID" = :nguoiDung_ID_0
info: Microsoft.EntityFrameworkCore.Database.Command[20101]
      Executed DbCommand (2ms) [Parameters=[:Ma_0='?' (Size = 2000)], CommandType='Text', CommandTimeout='0']
      SELECT "l"."GIA_TRI"
      FROM "QL_NHAN_HIEN_THI" "l"
      WHERE "l"."MA" = :Ma_0
      FETCH FIRST 1 ROWS ONLY
info: Microsoft.EntityFrameworkCore.Database.Command[20101]
      Executed DbCommand (2ms) [Parameters=[:nguoiDung_ID_0='?' (DbType = Decimal)], CommandType='Text', CommandTimeout='0']
      SELECT "c"."VAI_TRO_ID"
      FROM "QL_VAI_TRO_NGUOI_DUNG" "c"
      WHERE "c"."NGUOI_DUNG_ID" = :nguoiDung_ID_0
info: Microsoft.EntityFrameworkCore.Database.Command[20101]
      Executed DbCommand (3ms) [Parameters=[:Ma_0='?' (Size = 2000)], CommandType='Text', CommandTimeout='0']
      SELECT "l"."GIA_TRI"
      FROM "QL_NHAN_HIEN_THI" "l"
      WHERE "l"."MA" = :Ma_0
      FETCH FIRST 1 ROWS ONLY
info: Microsoft.EntityFrameworkCore.Database.Command[20101]
      Executed DbCommand (2ms) [Parameters=[:nguoiDung_ID_0='?' (DbType = Decimal)], CommandType='Text', CommandTimeout='0']
      SELECT "c"."VAI_TRO_ID"
      FROM "QL_VAI_TRO_NGUOI_DUNG" "c"
      WHERE "c"."NGUOI_DUNG_ID" = :nguoiDung_ID_0
info: Microsoft.EntityFrameworkCore.Database.Command[20101]
      Executed DbCommand (3ms) [Parameters=[:Ma_0='?' (Size = 2000)], CommandType='Text', CommandTimeout='0']
      SELECT "l"."GIA_TRI"
      FROM "QL_NHAN_HIEN_THI" "l"
      WHERE "l"."MA" = :Ma_0
      FETCH FIRST 1 ROWS ONLY
info: Microsoft.EntityFrameworkCore.Database.Command[20101]
      Executed DbCommand (2ms) [Parameters=[:nguoiDung_ID_0='?' (DbType = Decimal)], CommandType='Text', CommandTimeout='0']
      SELECT "c"."VAI_TRO_ID"
      FROM "QL_VAI_TRO_NGUOI_DUNG" "c"
      WHERE "c"."NGUOI_DUNG_ID" = :nguoiDung_ID_0
info: Microsoft.EntityFrameworkCore.Database.Command[20101]
      Executed DbCommand (2ms) [Parameters=[:Ma_0='?' (Size = 2000)], CommandType='Text', CommandTimeout='0']
      SELECT "l"."GIA_TRI"
      FROM "QL_NHAN_HIEN_THI" "l"
      WHERE "l"."MA" = :Ma_0
      FETCH FIRST 1 ROWS ONLY
info: Microsoft.EntityFrameworkCore.Database.Command[20101]
      Executed DbCommand (2ms) [Parameters=[:nguoiDung_ID_0='?' (DbType = Decimal)], CommandType='Text', CommandTimeout='0']
      SELECT "c"."VAI_TRO_ID"
      FROM "QL_VAI_TRO_NGUOI_DUNG" "c"
      WHERE "c"."NGUOI_DUNG_ID" = :nguoiDung_ID_0
info: Microsoft.EntityFrameworkCore.Database.Command[20101]
      Executed DbCommand (3ms) [Parameters=[:Ma_0='?' (Size = 2000)], CommandType='Text', CommandTimeout='0']
      SELECT "l"."GIA_TRI"
      FROM "QL_NHAN_HIEN_THI" "l"
      WHERE "l"."MA" = :Ma_0
      FETCH FIRST 1 ROWS ONLY
info: Microsoft.EntityFrameworkCore.Database.Command[20101]
      Executed DbCommand (3ms) [Parameters=[:nguoiDung_ID_0='?' (DbType = Decimal)], CommandType='Text', CommandTimeout='0']
      SELECT "c"."VAI_TRO_ID"
      FROM "QL_VAI_TRO_NGUOI_DUNG" "c"
      WHERE "c"."NGUOI_DUNG_ID" = :nguoiDung_ID_0
info: Microsoft.EntityFrameworkCore.Database.Command[20101]
      Executed DbCommand (3ms) [Parameters=[:Ma_0='?' (Size = 2000)], CommandType='Text', CommandTimeout='0']
      SELECT "l"."GIA_TRI"
      FROM "QL_NHAN_HIEN_THI" "l"
      WHERE "l"."MA" = :Ma_0
      FETCH FIRST 1 ROWS ONLY
info: Microsoft.EntityFrameworkCore.Database.Command[20101]
      Executed DbCommand (3ms) [Parameters=[:nguoiDung_ID_0='?' (DbType = Decimal)], CommandType='Text', CommandTimeout='0']
      SELECT "c"."VAI_TRO_ID"
      FROM "QL_VAI_TRO_NGUOI_DUNG" "c"
      WHERE "c"."NGUOI_DUNG_ID" = :nguoiDung_ID_0
info: Microsoft.EntityFrameworkCore.Database.Command[20101]
      Executed DbCommand (3ms) [Parameters=[:Ma_0='?' (Size = 2000)], CommandType='Text', CommandTimeout='0']
      SELECT "l"."GIA_TRI"
      FROM "QL_NHAN_HIEN_THI" "l"
      WHERE "l"."MA" = :Ma_0
      FETCH FIRST 1 ROWS ONLY
info: Microsoft.EntityFrameworkCore.Database.Command[20101]
      Executed DbCommand (2ms) [Parameters=[:nguoiDung_ID_0='?' (DbType = Decimal)], CommandType='Text', CommandTimeout='0']
      SELECT "c"."VAI_TRO_ID"
      FROM "QL_VAI_TRO_NGUOI_DUNG" "c"
      WHERE "c"."NGUOI_DUNG_ID" = :nguoiDung_ID_0
info: Microsoft.EntityFrameworkCore.Database.Command[20101]
      Executed DbCommand (3ms) [Parameters=[:Ma_0='?' (Size = 2000)], CommandType='Text', CommandTimeout='0']
      SELECT "l"."GIA_TRI"
      FROM "QL_NHAN_HIEN_THI" "l"
      WHERE "l"."MA" = :Ma_0
      FETCH FIRST 1 ROWS ONLY
info: Microsoft.EntityFrameworkCore.Database.Command[20101]
      Executed DbCommand (2ms) [Parameters=[:nguoiDung_ID_0='?' (DbType = Decimal)], CommandType='Text', CommandTimeout='0']
      SELECT "c"."VAI_TRO_ID"
      FROM "QL_VAI_TRO_NGUOI_DUNG" "c"
      WHERE "c"."NGUOI_DUNG_ID" = :nguoiDung_ID_0
info: Microsoft.EntityFrameworkCore.Database.Command[20101]
      Executed DbCommand (3ms) [Parameters=[:Ma_0='?' (Size = 2000)], CommandType='Text', CommandTimeout='0']
      SELECT "l"."GIA_TRI"
      FROM "QL_NHAN_HIEN_THI" "l"
      WHERE "l"."MA" = :Ma_0
      FETCH FIRST 1 ROWS ONLY
info: Microsoft.EntityFrameworkCore.Database.Command[20101]
      Executed DbCommand (2ms) [Parameters=[:nguoiDung_ID_0='?' (DbType = Decimal)], CommandType='Text', CommandTimeout='0']
      SELECT "c"."VAI_TRO_ID"
      FROM "QL_VAI_TRO_NGUOI_DUNG" "c"
      WHERE "c"."NGUOI_DUNG_ID" = :nguoiDung_ID_0
info: Microsoft.EntityFrameworkCore.Database.Command[20101]
      Executed DbCommand (2ms) [Parameters=[:Ma_0='?' (Size = 2000)], CommandType='Text', CommandTimeout='0']
      SELECT "l"."GIA_TRI"
      FROM "QL_NHAN_HIEN_THI" "l"
      WHERE "l"."MA" = :Ma_0
      FETCH FIRST 1 ROWS ONLY
info: Microsoft.EntityFrameworkCore.Database.Command[20101]
      Executed DbCommand (2ms) [Parameters=[:nguoiDung_ID_0='?' (DbType = Decimal)], CommandType='Text', CommandTimeout='0']
      SELECT "c"."VAI_TRO_ID"
      FROM "QL_VAI_TRO_NGUOI_DUNG" "c"
      WHERE "c"."NGUOI_DUNG_ID" = :nguoiDung_ID_0
info: Microsoft.EntityFrameworkCore.Database.Command[20101]
      Executed DbCommand (2ms) [Parameters=[:Ma_0='?' (Size = 2000)], CommandType='Text', CommandTimeout='0']
      SELECT "l"."GIA_TRI"
      FROM "QL_NHAN_HIEN_THI" "l"
      WHERE "l"."MA" = :Ma_0
      FETCH FIRST 1 ROWS ONLY
info: Microsoft.EntityFrameworkCore.Database.Command[20101]
      Executed DbCommand (2ms) [Parameters=[:nguoiDung_ID_0='?' (DbType = Decimal)], CommandType='Text', CommandTimeout='0']
      SELECT "c"."VAI_TRO_ID"
      FROM "QL_VAI_TRO_NGUOI_DUNG" "c"
      WHERE "c"."NGUOI_DUNG_ID" = :nguoiDung_ID_0
info: Microsoft.EntityFrameworkCore.Database.Command[20101]
      Executed DbCommand (2ms) [Parameters=[:Ma_0='?' (Size = 2000)], CommandType='Text', CommandTimeout='0']
      SELECT "l"."GIA_TRI"
      FROM "QL_NHAN_HIEN_THI" "l"
      WHERE "l"."MA" = :Ma_0
      FETCH FIRST 1 ROWS ONLY
info: Microsoft.EntityFrameworkCore.Database.Command[20101]
      Executed DbCommand (2ms) [Parameters=[:nguoiDung_ID_0='?' (DbType = Decimal)], CommandType='Text', CommandTimeout='0']
      SELECT "c"."VAI_TRO_ID"
      FROM "QL_VAI_TRO_NGUOI_DUNG" "c"
      WHERE "c"."NGUOI_DUNG_ID" = :nguoiDung_ID_0
info: Microsoft.EntityFrameworkCore.Database.Command[20101]
      Executed DbCommand (2ms) [Parameters=[:Ma_0='?' (Size = 2000)], CommandType='Text', CommandTimeout='0']
      SELECT "l"."GIA_TRI"
      FROM "QL_NHAN_HIEN_THI" "l"
      WHERE "l"."MA" = :Ma_0
      FETCH FIRST 1 ROWS ONLY
info: Microsoft.EntityFrameworkCore.Database.Command[20101]
      Executed DbCommand (2ms) [Parameters=[:nguoiDung_ID_0='?' (DbType = Decimal)], CommandType='Text', CommandTimeout='0']
      SELECT "c"."VAI_TRO_ID"
      FROM "QL_VAI_TRO_NGUOI_DUNG" "c"
      WHERE "c"."NGUOI_DUNG_ID" = :nguoiDung_ID_0
info: Microsoft.EntityFrameworkCore.Database.Command[20101]
      Executed DbCommand (3ms) [Parameters=[:Ma_0='?' (Size = 2000)], CommandType='Text', CommandTimeout='0']
      SELECT "l"."GIA_TRI"
      FROM "QL_NHAN_HIEN_THI" "l"
      WHERE "l"."MA" = :Ma_0
      FETCH FIRST 1 ROWS ONLY
info: Microsoft.EntityFrameworkCore.Database.Command[20101]
      Executed DbCommand (2ms) [Parameters=[:nguoiDung_ID_0='?' (DbType = Decimal)], CommandType='Text', CommandTimeout='0']
      SELECT "c"."VAI_TRO_ID"
      FROM "QL_VAI_TRO_NGUOI_DUNG" "c"
      WHERE "c"."NGUOI_DUNG_ID" = :nguoiDung_ID_0
info: Microsoft.EntityFrameworkCore.Database.Command[20101]
      Executed DbCommand (3ms) [Parameters=[:Ma_0='?' (Size = 2000)], CommandType='Text', CommandTimeout='0']
      SELECT "l"."GIA_TRI"
      FROM "QL_NHAN_HIEN_THI" "l"
      WHERE "l"."MA" = :Ma_0
      FETCH FIRST 1 ROWS ONLY
info: Microsoft.EntityFrameworkCore.Database.Command[20101]
      Executed DbCommand (2ms) [Parameters=[:nguoiDung_ID_0='?' (DbType = Decimal)], CommandType='Text', CommandTimeout='0']
      SELECT "c"."VAI_TRO_ID"
      FROM "QL_VAI_TRO_NGUOI_DUNG" "c"
      WHERE "c"."NGUOI_DUNG_ID" = :nguoiDung_ID_0
info: Microsoft.EntityFrameworkCore.Database.Command[20101]
      Executed DbCommand (3ms) [Parameters=[:Ma_0='?' (Size = 2000)], CommandType='Text', CommandTimeout='0']
      SELECT "l"."GIA_TRI"
      FROM "QL_NHAN_HIEN_THI" "l"
      WHERE "l"."MA" = :Ma_0
      FETCH FIRST 1 ROWS ONLY
info: Microsoft.EntityFrameworkCore.Database.Command[20101]
      Executed DbCommand (2ms) [Parameters=[:nguoiDung_ID_0='?' (DbType = Decimal)], CommandType='Text', CommandTimeout='0']
      SELECT "c"."VAI_TRO_ID"
      FROM "QL_VAI_TRO_NGUOI_DUNG" "c"
      WHERE "c"."NGUOI_DUNG_ID" = :nguoiDung_ID_0
info: Microsoft.EntityFrameworkCore.Database.Command[20101]
      Executed DbCommand (3ms) [Parameters=[:Ma_0='?' (Size = 2000)], CommandType='Text', CommandTimeout='0']
      SELECT "l"."GIA_TRI"
      FROM "QL_NHAN_HIEN_THI" "l"
      WHERE "l"."MA" = :Ma_0
      FETCH FIRST 1 ROWS ONLY
info: Microsoft.EntityFrameworkCore.Database.Command[20101]
      Executed DbCommand (2ms) [Parameters=[:nguoiDung_ID_0='?' (DbType = Decimal)], CommandType='Text', CommandTimeout='0']
      SELECT "c"."VAI_TRO_ID"
      FROM "QL_VAI_TRO_NGUOI_DUNG" "c"
      WHERE "c"."NGUOI_DUNG_ID" = :nguoiDung_ID_0
info: Microsoft.EntityFrameworkCore.Database.Command[20101]
      Executed DbCommand (3ms) [Parameters=[:Ma_0='?' (Size = 2000)], CommandType='Text', CommandTimeout='0']
      SELECT "l"."GIA_TRI"
      FROM "QL_NHAN_HIEN_THI" "l"
      WHERE "l"."MA" = :Ma_0
      FETCH FIRST 1 ROWS ONLY
info: Microsoft.EntityFrameworkCore.Database.Command[20101]
      Executed DbCommand (3ms) [Parameters=[:nguoiDung_ID_0='?' (DbType = Decimal)], CommandType='Text', CommandTimeout='0']
      SELECT "c"."VAI_TRO_ID"
      FROM "QL_VAI_TRO_NGUOI_DUNG" "c"
      WHERE "c"."NGUOI_DUNG_ID" = :nguoiDung_ID_0
info: Microsoft.EntityFrameworkCore.Database.Command[20101]
      Executed DbCommand (3ms) [Parameters=[:Ma_0='?' (Size = 2000)], CommandType='Text', CommandTimeout='0']
      SELECT "l"."GIA_TRI"
      FROM "QL_NHAN_HIEN_THI" "l"
      WHERE "l"."MA" = :Ma_0
      FETCH FIRST 1 ROWS ONLY
info: Microsoft.EntityFrameworkCore.Database.Command[20101]
      Executed DbCommand (2ms) [Parameters=[:nguoiDung_ID_0='?' (DbType = Decimal)], CommandType='Text', CommandTimeout='0']
      SELECT "c"."VAI_TRO_ID"
      FROM "QL_VAI_TRO_NGUOI_DUNG" "c"
      WHERE "c"."NGUOI_DUNG_ID" = :nguoiDung_ID_0
info: Microsoft.EntityFrameworkCore.Database.Command[20101]
      Executed DbCommand (3ms) [Parameters=[:Ma_0='?' (Size = 2000)], CommandType='Text', CommandTimeout='0']
      SELECT "l"."GIA_TRI"
      FROM "QL_NHAN_HIEN_THI" "l"
      WHERE "l"."MA" = :Ma_0
      FETCH FIRST 1 ROWS ONLY
info: Microsoft.EntityFrameworkCore.Database.Command[20101]
      Executed DbCommand (3ms) [Parameters=[:nguoiDung_ID_0='?' (DbType = Decimal)], CommandType='Text', CommandTimeout='0']
      SELECT "c"."VAI_TRO_ID"
      FROM "QL_VAI_TRO_NGUOI_DUNG" "c"
      WHERE "c"."NGUOI_DUNG_ID" = :nguoiDung_ID_0
info: Microsoft.EntityFrameworkCore.Database.Command[20101]
      Executed DbCommand (3ms) [Parameters=[:Ma_0='?' (Size = 2000)], CommandType='Text', CommandTimeout='0']
      SELECT "l"."GIA_TRI"
      FROM "QL_NHAN_HIEN_THI" "l"
      WHERE "l"."MA" = :Ma_0
      FETCH FIRST 1 ROWS ONLY
info: Microsoft.EntityFrameworkCore.Database.Command[20101]
      Executed DbCommand (2ms) [Parameters=[:nguoiDung_ID_0='?' (DbType = Decimal)], CommandType='Text', CommandTimeout='0']
      SELECT "c"."VAI_TRO_ID"
      FROM "QL_VAI_TRO_NGUOI_DUNG" "c"
      WHERE "c"."NGUOI_DUNG_ID" = :nguoiDung_ID_0
info: Microsoft.EntityFrameworkCore.Database.Command[20101]
      Executed DbCommand (3ms) [Parameters=[:Ma_0='?' (Size = 2000)], CommandType='Text', CommandTimeout='0']
      SELECT "l"."GIA_TRI"
      FROM "QL_NHAN_HIEN_THI" "l"
      WHERE "l"."MA" = :Ma_0
      FETCH FIRST 1 ROWS ONLY
info: Microsoft.EntityFrameworkCore.Database.Command[20101]
      Executed DbCommand (3ms) [Parameters=[:nguoiDung_ID_0='?' (DbType = Decimal)], CommandType='Text', CommandTimeout='0']
      SELECT "c"."VAI_TRO_ID"
      FROM "QL_VAI_TRO_NGUOI_DUNG" "c"
      WHERE "c"."NGUOI_DUNG_ID" = :nguoiDung_ID_0
info: Microsoft.EntityFrameworkCore.Database.Command[20101]
      Executed DbCommand (3ms) [Parameters=[:Ma_0='?' (Size = 2000)], CommandType='Text', CommandTimeout='0']
      SELECT "l"."GIA_TRI"
      FROM "QL_NHAN_HIEN_THI" "l"
      WHERE "l"."MA" = :Ma_0
      FETCH FIRST 1 ROWS ONLY
info: Microsoft.EntityFrameworkCore.Database.Command[20101]
      Executed DbCommand (3ms) [Parameters=[:nguoiDung_ID_0='?' (DbType = Decimal)], CommandType='Text', CommandTimeout='0']
      SELECT "c"."VAI_TRO_ID"
      FROM "QL_VAI_TRO_NGUOI_DUNG" "c"
      WHERE "c"."NGUOI_DUNG_ID" = :nguoiDung_ID_0
info: Microsoft.EntityFrameworkCore.Database.Command[20101]
      Executed DbCommand (3ms) [Parameters=[:Ma_0='?' (Size = 2000)], CommandType='Text', CommandTimeout='0']
      SELECT "l"."GIA_TRI"
      FROM "QL_NHAN_HIEN_THI" "l"
      WHERE "l"."MA" = :Ma_0
      FETCH FIRST 1 ROWS ONLY
info: Microsoft.EntityFrameworkCore.Database.Command[20101]
      Executed DbCommand (2ms) [Parameters=[:nguoiDung_ID_0='?' (DbType = Decimal)], CommandType='Text', CommandTimeout='0']
      SELECT "c"."VAI_TRO_ID"
      FROM "QL_VAI_TRO_NGUOI_DUNG" "c"
      WHERE "c"."NGUOI_DUNG_ID" = :nguoiDung_ID_0
info: Microsoft.EntityFrameworkCore.Database.Command[20101]
      Executed DbCommand (3ms) [Parameters=[:Ma_0='?' (Size = 2000)], CommandType='Text', CommandTimeout='0']
      SELECT "l"."GIA_TRI"
      FROM "QL_NHAN_HIEN_THI" "l"
      WHERE "l"."MA" = :Ma_0
      FETCH FIRST 1 ROWS ONLY
info: Microsoft.EntityFrameworkCore.Database.Command[20101]
      Executed DbCommand (3ms) [Parameters=[:nguoiDung_ID_0='?' (DbType = Decimal)], CommandType='Text', CommandTimeout='0']
      SELECT "c"."VAI_TRO_ID"
      FROM "QL_VAI_TRO_NGUOI_DUNG" "c"
      WHERE "c"."NGUOI_DUNG_ID" = :nguoiDung_ID_0
info: Microsoft.EntityFrameworkCore.Database.Command[20101]
      Executed DbCommand (3ms) [Parameters=[:Ma_0='?' (Size = 2000)], CommandType='Text', CommandTimeout='0']
      SELECT "l"."GIA_TRI"
      FROM "QL_NHAN_HIEN_THI" "l"
      WHERE "l"."MA" = :Ma_0
      FETCH FIRST 1 ROWS ONLY
info: Microsoft.EntityFrameworkCore.Database.Command[20101]
      Executed DbCommand (2ms) [Parameters=[:nguoiDung_ID_0='?' (DbType = Decimal)], CommandType='Text', CommandTimeout='0']
      SELECT "c"."VAI_TRO_ID"
      FROM "QL_VAI_TRO_NGUOI_DUNG" "c"
      WHERE "c"."NGUOI_DUNG_ID" = :nguoiDung_ID_0
info: Microsoft.EntityFrameworkCore.Database.Command[20101]
      Executed DbCommand (3ms) [Parameters=[:Ma_0='?' (Size = 2000)], CommandType='Text', CommandTimeout='0']
      SELECT "l"."GIA_TRI"
      FROM "QL_NHAN_HIEN_THI" "l"
      WHERE "l"."MA" = :Ma_0
      FETCH FIRST 1 ROWS ONLY
info: Microsoft.EntityFrameworkCore.Database.Command[20101]
      Executed DbCommand (2ms) [Parameters=[:nguoiDung_ID_0='?' (DbType = Decimal)], CommandType='Text', CommandTimeout='0']
      SELECT "c"."VAI_TRO_ID"
      FROM "QL_VAI_TRO_NGUOI_DUNG" "c"
      WHERE "c"."NGUOI_DUNG_ID" = :nguoiDung_ID_0
info: Microsoft.EntityFrameworkCore.Database.Command[20101]
      Executed DbCommand (3ms) [Parameters=[:Ma_0='?' (Size = 2000)], CommandType='Text', CommandTimeout='0']
      SELECT "l"."GIA_TRI"
      FROM "QL_NHAN_HIEN_THI" "l"
      WHERE "l"."MA" = :Ma_0
      FETCH FIRST 1 ROWS ONLY
info: Microsoft.EntityFrameworkCore.Database.Command[20101]
      Executed DbCommand (2ms) [Parameters=[:nguoiDung_ID_0='?' (DbType = Decimal)], CommandType='Text', CommandTimeout='0']
      SELECT "c"."VAI_TRO_ID"
      FROM "QL_VAI_TRO_NGUOI_DUNG" "c"
      WHERE "c"."NGUOI_DUNG_ID" = :nguoiDung_ID_0
info: Microsoft.EntityFrameworkCore.Database.Command[20101]
      Executed DbCommand (2ms) [Parameters=[:Ma_0='?' (Size = 2000)], CommandType='Text', CommandTimeout='0']
      SELECT "l"."GIA_TRI"
      FROM "QL_NHAN_HIEN_THI" "l"
      WHERE "l"."MA" = :Ma_0
      FETCH FIRST 1 ROWS ONLY
info: Microsoft.EntityFrameworkCore.Database.Command[20101]
      Executed DbCommand (2ms) [Parameters=[:nguoiDung_ID_0='?' (DbType = Decimal)], CommandType='Text', CommandTimeout='0']
      SELECT "c"."VAI_TRO_ID"
      FROM "QL_VAI_TRO_NGUOI_DUNG" "c"
      WHERE "c"."NGUOI_DUNG_ID" = :nguoiDung_ID_0
info: Microsoft.EntityFrameworkCore.Database.Command[20101]
      Executed DbCommand (2ms) [Parameters=[:Ma_0='?' (Size = 2000)], CommandType='Text', CommandTimeout='0']
      SELECT "l"."GIA_TRI"
      FROM "QL_NHAN_HIEN_THI" "l"
      WHERE "l"."MA" = :Ma_0
      FETCH FIRST 1 ROWS ONLY
info: Microsoft.EntityFrameworkCore.Database.Command[20101]
      Executed DbCommand (2ms) [Parameters=[:nguoiDung_ID_0='?' (DbType = Decimal)], CommandType='Text', CommandTimeout='0']
      SELECT "c"."VAI_TRO_ID"
      FROM "QL_VAI_TRO_NGUOI_DUNG" "c"
      WHERE "c"."NGUOI_DUNG_ID" = :nguoiDung_ID_0
info: Microsoft.EntityFrameworkCore.Database.Command[20101]
      Executed DbCommand (2ms) [Parameters=[:Ma_0='?' (Size = 2000)], CommandType='Text', CommandTimeout='0']
      SELECT "l"."GIA_TRI"
      FROM "QL_NHAN_HIEN_THI" "l"
      WHERE "l"."MA" = :Ma_0
      FETCH FIRST 1 ROWS ONLY
info: Microsoft.EntityFrameworkCore.Database.Command[20101]
      Executed DbCommand (2ms) [Parameters=[:nguoiDung_ID_0='?' (DbType = Decimal)], CommandType='Text', CommandTimeout='0']
      SELECT "c"."VAI_TRO_ID"
      FROM "QL_VAI_TRO_NGUOI_DUNG" "c"
      WHERE "c"."NGUOI_DUNG_ID" = :nguoiDung_ID_0
info: Microsoft.EntityFrameworkCore.Database.Command[20101]
      Executed DbCommand (2ms) [Parameters=[:Ma_0='?' (Size = 2000)], CommandType='Text', CommandTimeout='0']
      SELECT "l"."GIA_TRI"
      FROM "QL_NHAN_HIEN_THI" "l"
      WHERE "l"."MA" = :Ma_0
      FETCH FIRST 1 ROWS ONLY
info: Microsoft.EntityFrameworkCore.Database.Command[20101]
      Executed DbCommand (2ms) [Parameters=[:nguoiDung_ID_0='?' (DbType = Decimal)], CommandType='Text', CommandTimeout='0']
      SELECT "c"."VAI_TRO_ID"
      FROM "QL_VAI_TRO_NGUOI_DUNG" "c"
      WHERE "c"."NGUOI_DUNG_ID" = :nguoiDung_ID_0
info: Microsoft.EntityFrameworkCore.Database.Command[20101]
      Executed DbCommand (3ms) [Parameters=[:Ma_0='?' (Size = 2000)], CommandType='Text', CommandTimeout='0']
      SELECT "l"."GIA_TRI"
      FROM "QL_NHAN_HIEN_THI" "l"
      WHERE "l"."MA" = :Ma_0
      FETCH FIRST 1 ROWS ONLY
info: Microsoft.EntityFrameworkCore.Database.Command[20101]
      Executed DbCommand (2ms) [Parameters=[:nguoiDung_ID_0='?' (DbType = Decimal)], CommandType='Text', CommandTimeout='0']
      SELECT "c"."VAI_TRO_ID"
      FROM "QL_VAI_TRO_NGUOI_DUNG" "c"
      WHERE "c"."NGUOI_DUNG_ID" = :nguoiDung_ID_0
info: Microsoft.EntityFrameworkCore.Database.Command[20101]
      Executed DbCommand (3ms) [Parameters=[:Ma_0='?' (Size = 2000)], CommandType='Text', CommandTimeout='0']
      SELECT "l"."GIA_TRI"
      FROM "QL_NHAN_HIEN_THI" "l"
      WHERE "l"."MA" = :Ma_0
      FETCH FIRST 1 ROWS ONLY
info: Microsoft.EntityFrameworkCore.Database.Command[20101]
      Executed DbCommand (2ms) [Parameters=[:nguoiDung_ID_0='?' (DbType = Decimal)], CommandType='Text', CommandTimeout='0']
      SELECT "c"."VAI_TRO_ID"
      FROM "QL_VAI_TRO_NGUOI_DUNG" "c"
      WHERE "c"."NGUOI_DUNG_ID" = :nguoiDung_ID_0
info: Microsoft.EntityFrameworkCore.Database.Command[20101]
      Executed DbCommand (2ms) [Parameters=[:Ma_0='?' (Size = 2000)], CommandType='Text', CommandTimeout='0']
      SELECT "l"."GIA_TRI"
      FROM "QL_NHAN_HIEN_THI" "l"
      WHERE "l"."MA" = :Ma_0
      FETCH FIRST 1 ROWS ONLY
info: Microsoft.EntityFrameworkCore.Database.Command[20101]
      Executed DbCommand (2ms) [Parameters=[:nguoiDung_ID_0='?' (DbType = Decimal)], CommandType='Text', CommandTimeout='0']
      SELECT "c"."VAI_TRO_ID"
      FROM "QL_VAI_TRO_NGUOI_DUNG" "c"
      WHERE "c"."NGUOI_DUNG_ID" = :nguoiDung_ID_0
info: Microsoft.EntityFrameworkCore.Database.Command[20101]
      Executed DbCommand (3ms) [Parameters=[:Ma_0='?' (Size = 2000)], CommandType='Text', CommandTimeout='0']
      SELECT "l"."GIA_TRI"
      FROM "QL_NHAN_HIEN_THI" "l"
      WHERE "l"."MA" = :Ma_0
      FETCH FIRST 1 ROWS ONLY
info: Microsoft.EntityFrameworkCore.Database.Command[20101]
      Executed DbCommand (2ms) [Parameters=[:nguoiDung_ID_0='?' (DbType = Decimal)], CommandType='Text', CommandTimeout='0']
      SELECT "c"."VAI_TRO_ID"
      FROM "QL_VAI_TRO_NGUOI_DUNG" "c"
      WHERE "c"."NGUOI_DUNG_ID" = :nguoiDung_ID_0
info: Microsoft.EntityFrameworkCore.Database.Command[20101]
      Executed DbCommand (2ms) [Parameters=[:Ma_0='?' (Size = 2000)], CommandType='Text', CommandTimeout='0']
      SELECT "l"."GIA_TRI"
      FROM "QL_NHAN_HIEN_THI" "l"
      WHERE "l"."MA" = :Ma_0
      FETCH FIRST 1 ROWS ONLY
info: Microsoft.EntityFrameworkCore.Database.Command[20101]
      Executed DbCommand (2ms) [Parameters=[:nguoiDung_ID_0='?' (DbType = Decimal)], CommandType='Text', CommandTimeout='0']
      SELECT "c"."VAI_TRO_ID"
      FROM "QL_VAI_TRO_NGUOI_DUNG" "c"
      WHERE "c"."NGUOI_DUNG_ID" = :nguoiDung_ID_0
info: Microsoft.EntityFrameworkCore.Database.Command[20101]
      Executed DbCommand (2ms) [Parameters=[:Ma_0='?' (Size = 2000)], CommandType='Text', CommandTimeout='0']
      SELECT "l"."GIA_TRI"
      FROM "QL_NHAN_HIEN_THI" "l"
      WHERE "l"."MA" = :Ma_0
      FETCH FIRST 1 ROWS ONLY
info: Microsoft.EntityFrameworkCore.Database.Command[20101]
      Executed DbCommand (2ms) [Parameters=[:nguoiDung_ID_0='?' (DbType = Decimal)], CommandType='Text', CommandTimeout='0']
      SELECT "c"."VAI_TRO_ID"
      FROM "QL_VAI_TRO_NGUOI_DUNG" "c"
      WHERE "c"."NGUOI_DUNG_ID" = :nguoiDung_ID_0
info: Microsoft.EntityFrameworkCore.Database.Command[20101]
      Executed DbCommand (3ms) [Parameters=[:Ma_0='?' (Size = 2000)], CommandType='Text', CommandTimeout='0']
      SELECT "l"."GIA_TRI"
      FROM "QL_NHAN_HIEN_THI" "l"
      WHERE "l"."MA" = :Ma_0
      FETCH FIRST 1 ROWS ONLY
info: Microsoft.EntityFrameworkCore.Database.Command[20101]
      Executed DbCommand (3ms) [Parameters=[:nguoiDung_ID_0='?' (DbType = Decimal)], CommandType='Text', CommandTimeout='0']
      SELECT "c"."VAI_TRO_ID"
      FROM "QL_VAI_TRO_NGUOI_DUNG" "c"
      WHERE "c"."NGUOI_DUNG_ID" = :nguoiDung_ID_0
info: Microsoft.EntityFrameworkCore.Database.Command[20101]
      Executed DbCommand (2ms) [Parameters=[:Ma_0='?' (Size = 2000)], CommandType='Text', CommandTimeout='0']
      SELECT "l"."GIA_TRI"
      FROM "QL_NHAN_HIEN_THI" "l"
      WHERE "l"."MA" = :Ma_0
      FETCH FIRST 1 ROWS ONLY
info: Microsoft.EntityFrameworkCore.Database.Command[20101]
      Executed DbCommand (2ms) [Parameters=[:nguoiDung_ID_0='?' (DbType = Decimal)], CommandType='Text', CommandTimeout='0']
      SELECT "c"."VAI_TRO_ID"
      FROM "QL_VAI_TRO_NGUOI_DUNG" "c"
      WHERE "c"."NGUOI_DUNG_ID" = :nguoiDung_ID_0
info: Microsoft.EntityFrameworkCore.Database.Command[20101]
      Executed DbCommand (2ms) [Parameters=[:Ma_0='?' (Size = 2000)], CommandType='Text', CommandTimeout='0']
      SELECT "l"."GIA_TRI"
      FROM "QL_NHAN_HIEN_THI" "l"
      WHERE "l"."MA" = :Ma_0
      FETCH FIRST 1 ROWS ONLY
info: Microsoft.EntityFrameworkCore.Database.Command[20101]
      Executed DbCommand (2ms) [Parameters=[:nguoiDung_ID_0='?' (DbType = Decimal)], CommandType='Text', CommandTimeout='0']
      SELECT "c"."VAI_TRO_ID"
      FROM "QL_VAI_TRO_NGUOI_DUNG" "c"
      WHERE "c"."NGUOI_DUNG_ID" = :nguoiDung_ID_0
info: Microsoft.EntityFrameworkCore.Database.Command[20101]
      Executed DbCommand (2ms) [Parameters=[:Ma_0='?' (Size = 2000)], CommandType='Text', CommandTimeout='0']
      SELECT "l"."GIA_TRI"
      FROM "QL_NHAN_HIEN_THI" "l"
      WHERE "l"."MA" = :Ma_0
      FETCH FIRST 1 ROWS ONLY
info: Microsoft.EntityFrameworkCore.Database.Command[20101]
      Executed DbCommand (2ms) [Parameters=[:nguoiDung_ID_0='?' (DbType = Decimal)], CommandType='Text', CommandTimeout='0']
      SELECT "c"."VAI_TRO_ID"
      FROM "QL_VAI_TRO_NGUOI_DUNG" "c"
      WHERE "c"."NGUOI_DUNG_ID" = :nguoiDung_ID_0
info: Microsoft.EntityFrameworkCore.Database.Command[20101]
      Executed DbCommand (2ms) [Parameters=[:Ma_0='?' (Size = 2000)], CommandType='Text', CommandTimeout='0']
      SELECT "l"."GIA_TRI"
      FROM "QL_NHAN_HIEN_THI" "l"
      WHERE "l"."MA" = :Ma_0
      FETCH FIRST 1 ROWS ONLY
info: Microsoft.EntityFrameworkCore.Database.Command[20101]
      Executed DbCommand (2ms) [Parameters=[:nguoiDung_ID_0='?' (DbType = Decimal)], CommandType='Text', CommandTimeout='0']
      SELECT "c"."VAI_TRO_ID"
      FROM "QL_VAI_TRO_NGUOI_DUNG" "c"
      WHERE "c"."NGUOI_DUNG_ID" = :nguoiDung_ID_0
info: Microsoft.EntityFrameworkCore.Database.Command[20101]
      Executed DbCommand (2ms) [Parameters=[:Ma_0='?' (Size = 2000)], CommandType='Text', CommandTimeout='0']
      SELECT "l"."GIA_TRI"
      FROM "QL_NHAN_HIEN_THI" "l"
      WHERE "l"."MA" = :Ma_0
      FETCH FIRST 1 ROWS ONLY
info: Microsoft.EntityFrameworkCore.Database.Command[20101]
      Executed DbCommand (2ms) [Parameters=[:nguoiDung_ID_0='?' (DbType = Decimal)], CommandType='Text', CommandTimeout='0']
      SELECT "c"."VAI_TRO_ID"
      FROM "QL_VAI_TRO_NGUOI_DUNG" "c"
      WHERE "c"."NGUOI_DUNG_ID" = :nguoiDung_ID_0
info: Microsoft.EntityFrameworkCore.Database.Command[20101]
      Executed DbCommand (3ms) [Parameters=[:Ma_0='?' (Size = 2000)], CommandType='Text', CommandTimeout='0']
      SELECT "l"."GIA_TRI"
      FROM "QL_NHAN_HIEN_THI" "l"
      WHERE "l"."MA" = :Ma_0
      FETCH FIRST 1 ROWS ONLY
info: Microsoft.EntityFrameworkCore.Database.Command[20101]
      Executed DbCommand (2ms) [Parameters=[:nguoiDung_ID_0='?' (DbType = Decimal)], CommandType='Text', CommandTimeout='0']
      SELECT "c"."VAI_TRO_ID"
      FROM "QL_VAI_TRO_NGUOI_DUNG" "c"
      WHERE "c"."NGUOI_DUNG_ID" = :nguoiDung_ID_0
info: Microsoft.EntityFrameworkCore.Database.Command[20101]
      Executed DbCommand (3ms) [Parameters=[:Ma_0='?' (Size = 2000)], CommandType='Text', CommandTimeout='0']
      SELECT "l"."GIA_TRI"
      FROM "QL_NHAN_HIEN_THI" "l"
      WHERE "l"."MA" = :Ma_0
      FETCH FIRST 1 ROWS ONLY
info: Microsoft.EntityFrameworkCore.Database.Command[20101]
      Executed DbCommand (3ms) [Parameters=[:nguoiDung_ID_0='?' (DbType = Decimal)], CommandType='Text', CommandTimeout='0']
      SELECT "c"."VAI_TRO_ID"
      FROM "QL_VAI_TRO_NGUOI_DUNG" "c"
      WHERE "c"."NGUOI_DUNG_ID" = :nguoiDung_ID_0
info: Microsoft.EntityFrameworkCore.Database.Command[20101]
      Executed DbCommand (3ms) [Parameters=[:Ma_0='?' (Size = 2000)], CommandType='Text', CommandTimeout='0']
      SELECT "l"."GIA_TRI"
      FROM "QL_NHAN_HIEN_THI" "l"
      WHERE "l"."MA" = :Ma_0
      FETCH FIRST 1 ROWS ONLY
info: Microsoft.EntityFrameworkCore.Database.Command[20101]
      Executed DbCommand (2ms) [Parameters=[:nguoiDung_ID_0='?' (DbType = Decimal)], CommandType='Text', CommandTimeout='0']
      SELECT "c"."VAI_TRO_ID"
      FROM "QL_VAI_TRO_NGUOI_DUNG" "c"
      WHERE "c"."NGUOI_DUNG_ID" = :nguoiDung_ID_0
info: Microsoft.EntityFrameworkCore.Database.Command[20101]
      Executed DbCommand (3ms) [Parameters=[:Ma_0='?' (Size = 2000)], CommandType='Text', CommandTimeout='0']
      SELECT "l"."GIA_TRI"
      FROM "QL_NHAN_HIEN_THI" "l"
      WHERE "l"."MA" = :Ma_0
      FETCH FIRST 1 ROWS ONLY
info: Microsoft.EntityFrameworkCore.Database.Command[20101]
      Executed DbCommand (3ms) [Parameters=[:nguoiDung_ID_0='?' (DbType = Decimal)], CommandType='Text', CommandTimeout='0']
      SELECT "c"."VAI_TRO_ID"
      FROM "QL_VAI_TRO_NGUOI_DUNG" "c"
      WHERE "c"."NGUOI_DUNG_ID" = :nguoiDung_ID_0
info: Microsoft.EntityFrameworkCore.Database.Command[20101]
      Executed DbCommand (60ms) [Parameters=[:donViId_0='?' (DbType = Decimal)], CommandType='Text', CommandTimeout='0']
      SELECT COUNT(*)
      FROM "DM_DON_VI" "p"
      WHERE ((("p"."PARENT_ID" = :donViId_0) AND ("p"."LA_BAN_QL_DU_AN" = 1)) OR (("p"."ID" = :donViId_0) AND ("p"."LOAI_DON_VI_ID" = 15.0))) OR (("p"."ID" = :donViId_0) AND ("p"."LA_BAN_QL_DU_AN" = 1))
info: Microsoft.EntityFrameworkCore.Database.Command[20101]
      Executed DbCommand (3ms) [Parameters=[:Ma_0='?' (Size = 2000)], CommandType='Text', CommandTimeout='0']
      SELECT "l"."GIA_TRI"
      FROM "QL_NHAN_HIEN_THI" "l"
      WHERE "l"."MA" = :Ma_0
      FETCH FIRST 1 ROWS ONLY
info: Microsoft.EntityFrameworkCore.Database.Command[20101]
      Executed DbCommand (2ms) [Parameters=[:nguoiDung_ID_0='?' (DbType = Decimal)], CommandType='Text', CommandTimeout='0']
      SELECT "c"."VAI_TRO_ID"
      FROM "QL_VAI_TRO_NGUOI_DUNG" "c"
      WHERE "c"."NGUOI_DUNG_ID" = :nguoiDung_ID_0
info: Microsoft.EntityFrameworkCore.Database.Command[20101]
      Executed DbCommand (2ms) [Parameters=[:Ma_0='?' (Size = 2000)], CommandType='Text', CommandTimeout='0']
      SELECT "l"."GIA_TRI"
      FROM "QL_NHAN_HIEN_THI" "l"
      WHERE "l"."MA" = :Ma_0
      FETCH FIRST 1 ROWS ONLY
info: Microsoft.EntityFrameworkCore.Database.Command[20101]
      Executed DbCommand (3ms) [Parameters=[:nguoiDung_ID_0='?' (DbType = Decimal)], CommandType='Text', CommandTimeout='0']
      SELECT "c"."VAI_TRO_ID"
      FROM "QL_VAI_TRO_NGUOI_DUNG" "c"
      WHERE "c"."NGUOI_DUNG_ID" = :nguoiDung_ID_0
info: Microsoft.EntityFrameworkCore.Database.Command[20101]
      Executed DbCommand (6ms) [Parameters=[:Ma_0='?' (Size = 2000)], CommandType='Text', CommandTimeout='0']
      SELECT "l"."GIA_TRI"
      FROM "QL_NHAN_HIEN_THI" "l"
      WHERE "l"."MA" = :Ma_0
      FETCH FIRST 1 ROWS ONLY
info: Microsoft.EntityFrameworkCore.Database.Command[20101]
      Executed DbCommand (6ms) [Parameters=[:nguoiDung_ID_0='?' (DbType = Decimal)], CommandType='Text', CommandTimeout='0']
      SELECT "c"."VAI_TRO_ID"
      FROM "QL_VAI_TRO_NGUOI_DUNG" "c"
      WHERE "c"."NGUOI_DUNG_ID" = :nguoiDung_ID_0
info: Microsoft.EntityFrameworkCore.Database.Command[20101]
      Executed DbCommand (4ms) [Parameters=[:Ma_0='?' (Size = 2000)], CommandType='Text', CommandTimeout='0']
      SELECT "l"."GIA_TRI"
      FROM "QL_NHAN_HIEN_THI" "l"
      WHERE "l"."MA" = :Ma_0
      FETCH FIRST 1 ROWS ONLY
info: Microsoft.EntityFrameworkCore.Database.Command[20101]
      Executed DbCommand (2ms) [Parameters=[:nguoiDung_ID_0='?' (DbType = Decimal)], CommandType='Text', CommandTimeout='0']
      SELECT "c"."VAI_TRO_ID"
      FROM "QL_VAI_TRO_NGUOI_DUNG" "c"
      WHERE "c"."NGUOI_DUNG_ID" = :nguoiDung_ID_0
info: Microsoft.EntityFrameworkCore.Database.Command[20101]
      Executed DbCommand (3ms) [Parameters=[:Ma_0='?' (Size = 2000)], CommandType='Text', CommandTimeout='0']
      SELECT "l"."GIA_TRI"
      FROM "QL_NHAN_HIEN_THI" "l"
      WHERE "l"."MA" = :Ma_0
      FETCH FIRST 1 ROWS ONLY
info: Microsoft.EntityFrameworkCore.Database.Command[20101]
      Executed DbCommand (2ms) [Parameters=[:nguoiDung_ID_0='?' (DbType = Decimal)], CommandType='Text', CommandTimeout='0']
      SELECT "c"."VAI_TRO_ID"
      FROM "QL_VAI_TRO_NGUOI_DUNG" "c"
      WHERE "c"."NGUOI_DUNG_ID" = :nguoiDung_ID_0
info: Microsoft.EntityFrameworkCore.Database.Command[20101]
      Executed DbCommand (2ms) [Parameters=[:Ma_0='?' (Size = 2000)], CommandType='Text', CommandTimeout='0']
      SELECT "l"."GIA_TRI"
      FROM "QL_NHAN_HIEN_THI" "l"
      WHERE "l"."MA" = :Ma_0
      FETCH FIRST 1 ROWS ONLY
info: Microsoft.EntityFrameworkCore.Database.Command[20101]
      Executed DbCommand (3ms) [Parameters=[:nguoiDung_ID_0='?' (DbType = Decimal)], CommandType='Text', CommandTimeout='0']
      SELECT "c"."VAI_TRO_ID"
      FROM "QL_VAI_TRO_NGUOI_DUNG" "c"
      WHERE "c"."NGUOI_DUNG_ID" = :nguoiDung_ID_0
info: Microsoft.EntityFrameworkCore.Database.Command[20101]
      Executed DbCommand (4ms) [Parameters=[:Ma_0='?' (Size = 2000)], CommandType='Text', CommandTimeout='0']
      SELECT "l"."GIA_TRI"
      FROM "QL_NHAN_HIEN_THI" "l"
      WHERE "l"."MA" = :Ma_0
      FETCH FIRST 1 ROWS ONLY
info: Microsoft.EntityFrameworkCore.Database.Command[20101]
      Executed DbCommand (6ms) [Parameters=[:nguoiDung_ID_0='?' (DbType = Decimal)], CommandType='Text', CommandTimeout='0']
      SELECT "c"."VAI_TRO_ID"
      FROM "QL_VAI_TRO_NGUOI_DUNG" "c"
      WHERE "c"."NGUOI_DUNG_ID" = :nguoiDung_ID_0
info: Microsoft.EntityFrameworkCore.Database.Command[20101]
      Executed DbCommand (4ms) [Parameters=[:Ma_0='?' (Size = 2000)], CommandType='Text', CommandTimeout='0']
      SELECT "l"."GIA_TRI"
      FROM "QL_NHAN_HIEN_THI" "l"
      WHERE "l"."MA" = :Ma_0
      FETCH FIRST 1 ROWS ONLY
info: Microsoft.EntityFrameworkCore.Database.Command[20101]
      Executed DbCommand (5ms) [Parameters=[:nguoiDung_ID_0='?' (DbType = Decimal)], CommandType='Text', CommandTimeout='0']
      SELECT "c"."VAI_TRO_ID"
      FROM "QL_VAI_TRO_NGUOI_DUNG" "c"
      WHERE "c"."NGUOI_DUNG_ID" = :nguoiDung_ID_0
info: Microsoft.EntityFrameworkCore.Database.Command[20101]
      Executed DbCommand (7ms) [Parameters=[:Ma_0='?' (Size = 2000)], CommandType='Text', CommandTimeout='0']
      SELECT "l"."GIA_TRI"
      FROM "QL_NHAN_HIEN_THI" "l"
      WHERE "l"."MA" = :Ma_0
      FETCH FIRST 1 ROWS ONLY
info: Microsoft.EntityFrameworkCore.Database.Command[20101]
      Executed DbCommand (2ms) [Parameters=[:nguoiDung_ID_0='?' (DbType = Decimal)], CommandType='Text', CommandTimeout='0']
      SELECT "c"."VAI_TRO_ID"
      FROM "QL_VAI_TRO_NGUOI_DUNG" "c"
      WHERE "c"."NGUOI_DUNG_ID" = :nguoiDung_ID_0
info: Microsoft.EntityFrameworkCore.Database.Command[20101]
      Executed DbCommand (2ms) [Parameters=[:Ma_0='?' (Size = 2000)], CommandType='Text', CommandTimeout='0']
      SELECT "l"."GIA_TRI"
      FROM "QL_NHAN_HIEN_THI" "l"
      WHERE "l"."MA" = :Ma_0
      FETCH FIRST 1 ROWS ONLY
info: Microsoft.EntityFrameworkCore.Database.Command[20101]
      Executed DbCommand (5ms) [Parameters=[:nguoiDung_ID_0='?' (DbType = Decimal)], CommandType='Text', CommandTimeout='0']
      SELECT "c"."VAI_TRO_ID"
      FROM "QL_VAI_TRO_NGUOI_DUNG" "c"
      WHERE "c"."NGUOI_DUNG_ID" = :nguoiDung_ID_0
info: Microsoft.EntityFrameworkCore.Database.Command[20101]
      Executed DbCommand (6ms) [Parameters=[:Ma_0='?' (Size = 2000)], CommandType='Text', CommandTimeout='0']
      SELECT "l"."GIA_TRI"
      FROM "QL_NHAN_HIEN_THI" "l"
      WHERE "l"."MA" = :Ma_0
      FETCH FIRST 1 ROWS ONLY
info: Microsoft.EntityFrameworkCore.Database.Command[20101]
      Executed DbCommand (4ms) [Parameters=[:nguoiDung_ID_0='?' (DbType = Decimal)], CommandType='Text', CommandTimeout='0']
      SELECT "c"."VAI_TRO_ID"
      FROM "QL_VAI_TRO_NGUOI_DUNG" "c"
      WHERE "c"."NGUOI_DUNG_ID" = :nguoiDung_ID_0
info: Microsoft.EntityFrameworkCore.Database.Command[20101]
      Executed DbCommand (316ms) [Parameters=[:Ma_0='?' (Size = 2000)], CommandType='Text', CommandTimeout='0']
      SELECT "l"."GIA_TRI"
      FROM "QL_NHAN_HIEN_THI" "l"
      WHERE "l"."MA" = :Ma_0
      FETCH FIRST 1 ROWS ONLY
info: Microsoft.EntityFrameworkCore.Database.Command[20101]
      Executed DbCommand (2ms) [Parameters=[:nguoiDung_ID_0='?' (DbType = Decimal)], CommandType='Text', CommandTimeout='0']
      SELECT "c"."VAI_TRO_ID"
      FROM "QL_VAI_TRO_NGUOI_DUNG" "c"
      WHERE "c"."NGUOI_DUNG_ID" = :nguoiDung_ID_0
info: Microsoft.EntityFrameworkCore.Database.Command[20101]
      Executed DbCommand (2ms) [Parameters=[:Ma_0='?' (Size = 2000)], CommandType='Text', CommandTimeout='0']
      SELECT "l"."GIA_TRI"
      FROM "QL_NHAN_HIEN_THI" "l"
      WHERE "l"."MA" = :Ma_0
      FETCH FIRST 1 ROWS ONLY
info: Microsoft.EntityFrameworkCore.Database.Command[20101]
      Executed DbCommand (2ms) [Parameters=[:nguoiDung_ID_0='?' (DbType = Decimal)], CommandType='Text', CommandTimeout='0']
      SELECT "c"."VAI_TRO_ID"
      FROM "QL_VAI_TRO_NGUOI_DUNG" "c"
      WHERE "c"."NGUOI_DUNG_ID" = :nguoiDung_ID_0
info: Microsoft.EntityFrameworkCore.Database.Command[20101]
      Executed DbCommand (3ms) [Parameters=[:Ma_0='?' (Size = 2000)], CommandType='Text', CommandTimeout='0']
      SELECT "l"."GIA_TRI"
      FROM "QL_NHAN_HIEN_THI" "l"
      WHERE "l"."MA" = :Ma_0
      FETCH FIRST 1 ROWS ONLY
info: Microsoft.EntityFrameworkCore.Database.Command[20101]
      Executed DbCommand (2ms) [Parameters=[:nguoiDung_ID_0='?' (DbType = Decimal)], CommandType='Text', CommandTimeout='0']
      SELECT "c"."VAI_TRO_ID"
      FROM "QL_VAI_TRO_NGUOI_DUNG" "c"
      WHERE "c"."NGUOI_DUNG_ID" = :nguoiDung_ID_0
info: Microsoft.EntityFrameworkCore.Database.Command[20101]
      Executed DbCommand (3ms) [Parameters=[:Ma_0='?' (Size = 2000)], CommandType='Text', CommandTimeout='0']
      SELECT "l"."GIA_TRI"
      FROM "QL_NHAN_HIEN_THI" "l"
      WHERE "l"."MA" = :Ma_0
      FETCH FIRST 1 ROWS ONLY
info: Microsoft.EntityFrameworkCore.Database.Command[20101]
      Executed DbCommand (3ms) [Parameters=[:nguoiDung_ID_0='?' (DbType = Decimal)], CommandType='Text', CommandTimeout='0']
      SELECT "c"."VAI_TRO_ID"
      FROM "QL_VAI_TRO_NGUOI_DUNG" "c"
      WHERE "c"."NGUOI_DUNG_ID" = :nguoiDung_ID_0
info: Microsoft.EntityFrameworkCore.Database.Command[20101]
      Executed DbCommand (2ms) [Parameters=[:Ma_0='?' (Size = 2000)], CommandType='Text', CommandTimeout='0']
      SELECT "l"."GIA_TRI"
      FROM "QL_NHAN_HIEN_THI" "l"
      WHERE "l"."MA" = :Ma_0
      FETCH FIRST 1 ROWS ONLY
info: Microsoft.EntityFrameworkCore.Database.Command[20101]
      Executed DbCommand (2ms) [Parameters=[:nguoiDung_ID_0='?' (DbType = Decimal)], CommandType='Text', CommandTimeout='0']
      SELECT "c"."VAI_TRO_ID"
      FROM "QL_VAI_TRO_NGUOI_DUNG" "c"
      WHERE "c"."NGUOI_DUNG_ID" = :nguoiDung_ID_0
info: Microsoft.EntityFrameworkCore.Database.Command[20101]
      Executed DbCommand (3ms) [Parameters=[:Ma_0='?' (Size = 2000)], CommandType='Text', CommandTimeout='0']
      SELECT "l"."GIA_TRI"
      FROM "QL_NHAN_HIEN_THI" "l"
      WHERE "l"."MA" = :Ma_0
      FETCH FIRST 1 ROWS ONLY
info: Microsoft.EntityFrameworkCore.Database.Command[20101]
      Executed DbCommand (3ms) [Parameters=[:nguoiDung_ID_0='?' (DbType = Decimal)], CommandType='Text', CommandTimeout='0']
      SELECT "c"."VAI_TRO_ID"
      FROM "QL_VAI_TRO_NGUOI_DUNG" "c"
      WHERE "c"."NGUOI_DUNG_ID" = :nguoiDung_ID_0
info: Microsoft.EntityFrameworkCore.Database.Command[20101]
      Executed DbCommand (3ms) [Parameters=[:Ma_0='?' (Size = 2000)], CommandType='Text', CommandTimeout='0']
      SELECT "l"."GIA_TRI"
      FROM "QL_NHAN_HIEN_THI" "l"
      WHERE "l"."MA" = :Ma_0
      FETCH FIRST 1 ROWS ONLY
info: Microsoft.EntityFrameworkCore.Database.Command[20101]
      Executed DbCommand (2ms) [Parameters=[:nguoiDung_ID_0='?' (DbType = Decimal)], CommandType='Text', CommandTimeout='0']
      SELECT "c"."VAI_TRO_ID"
      FROM "QL_VAI_TRO_NGUOI_DUNG" "c"
      WHERE "c"."NGUOI_DUNG_ID" = :nguoiDung_ID_0
info: Microsoft.EntityFrameworkCore.Database.Command[20101]
      Executed DbCommand (3ms) [Parameters=[:Ma_0='?' (Size = 2000)], CommandType='Text', CommandTimeout='0']
      SELECT "l"."GIA_TRI"
      FROM "QL_NHAN_HIEN_THI" "l"
      WHERE "l"."MA" = :Ma_0
      FETCH FIRST 1 ROWS ONLY
info: Microsoft.EntityFrameworkCore.Database.Command[20101]
      Executed DbCommand (2ms) [Parameters=[:nguoiDung_ID_0='?' (DbType = Decimal)], CommandType='Text', CommandTimeout='0']
      SELECT "c"."VAI_TRO_ID"
      FROM "QL_VAI_TRO_NGUOI_DUNG" "c"
      WHERE "c"."NGUOI_DUNG_ID" = :nguoiDung_ID_0
info: Microsoft.EntityFrameworkCore.Database.Command[20101]
      Executed DbCommand (3ms) [Parameters=[:Ma_0='?' (Size = 2000)], CommandType='Text', CommandTimeout='0']
      SELECT "l"."GIA_TRI"
      FROM "QL_NHAN_HIEN_THI" "l"
      WHERE "l"."MA" = :Ma_0
      FETCH FIRST 1 ROWS ONLY
info: Microsoft.EntityFrameworkCore.Database.Command[20101]
      Executed DbCommand (2ms) [Parameters=[:nguoiDung_ID_0='?' (DbType = Decimal)], CommandType='Text', CommandTimeout='0']
      SELECT "c"."VAI_TRO_ID"
      FROM "QL_VAI_TRO_NGUOI_DUNG" "c"
      WHERE "c"."NGUOI_DUNG_ID" = :nguoiDung_ID_0
info: Microsoft.EntityFrameworkCore.Database.Command[20101]
      Executed DbCommand (3ms) [Parameters=[:Ma_0='?' (Size = 2000)], CommandType='Text', CommandTimeout='0']
      SELECT "l"."GIA_TRI"
      FROM "QL_NHAN_HIEN_THI" "l"
      WHERE "l"."MA" = :Ma_0
      FETCH FIRST 1 ROWS ONLY
info: Microsoft.EntityFrameworkCore.Database.Command[20101]
      Executed DbCommand (2ms) [Parameters=[:nguoiDung_ID_0='?' (DbType = Decimal)], CommandType='Text', CommandTimeout='0']
      SELECT "c"."VAI_TRO_ID"
      FROM "QL_VAI_TRO_NGUOI_DUNG" "c"
      WHERE "c"."NGUOI_DUNG_ID" = :nguoiDung_ID_0
info: Microsoft.EntityFrameworkCore.Database.Command[20101]
      Executed DbCommand (3ms) [Parameters=[:Ma_0='?' (Size = 2000)], CommandType='Text', CommandTimeout='0']
      SELECT "l"."GIA_TRI"
      FROM "QL_NHAN_HIEN_THI" "l"
      WHERE "l"."MA" = :Ma_0
      FETCH FIRST 1 ROWS ONLY
info: Microsoft.EntityFrameworkCore.Database.Command[20101]
      Executed DbCommand (3ms) [Parameters=[:nguoiDung_ID_0='?' (DbType = Decimal)], CommandType='Text', CommandTimeout='0']
      SELECT "c"."VAI_TRO_ID"
      FROM "QL_VAI_TRO_NGUOI_DUNG" "c"
      WHERE "c"."NGUOI_DUNG_ID" = :nguoiDung_ID_0
info: Microsoft.EntityFrameworkCore.Database.Command[20101]
      Executed DbCommand (3ms) [Parameters=[:Ma_0='?' (Size = 2000)], CommandType='Text', CommandTimeout='0']
      SELECT "l"."GIA_TRI"
      FROM "QL_NHAN_HIEN_THI" "l"
      WHERE "l"."MA" = :Ma_0
      FETCH FIRST 1 ROWS ONLY
info: Microsoft.EntityFrameworkCore.Database.Command[20101]
      Executed DbCommand (2ms) [Parameters=[:nguoiDung_ID_0='?' (DbType = Decimal)], CommandType='Text', CommandTimeout='0']
      SELECT "c"."VAI_TRO_ID"
      FROM "QL_VAI_TRO_NGUOI_DUNG" "c"
      WHERE "c"."NGUOI_DUNG_ID" = :nguoiDung_ID_0
info: Microsoft.EntityFrameworkCore.Database.Command[20101]
      Executed DbCommand (2ms) [Parameters=[:Ma_0='?' (Size = 2000)], CommandType='Text', CommandTimeout='0']
      SELECT "l"."GIA_TRI"
      FROM "QL_NHAN_HIEN_THI" "l"
      WHERE "l"."MA" = :Ma_0
      FETCH FIRST 1 ROWS ONLY
info: Microsoft.EntityFrameworkCore.Database.Command[20101]
      Executed DbCommand (3ms) [Parameters=[:nguoiDung_ID_0='?' (DbType = Decimal)], CommandType='Text', CommandTimeout='0']
      SELECT "c"."VAI_TRO_ID"
      FROM "QL_VAI_TRO_NGUOI_DUNG" "c"
      WHERE "c"."NGUOI_DUNG_ID" = :nguoiDung_ID_0
info: Microsoft.EntityFrameworkCore.Database.Command[20101]
      Executed DbCommand (3ms) [Parameters=[:Ma_0='?' (Size = 2000)], CommandType='Text', CommandTimeout='0']
      SELECT "l"."GIA_TRI"
      FROM "QL_NHAN_HIEN_THI" "l"
      WHERE "l"."MA" = :Ma_0
      FETCH FIRST 1 ROWS ONLY
info: Microsoft.EntityFrameworkCore.Database.Command[20101]
      Executed DbCommand (2ms) [Parameters=[:nguoiDung_ID_0='?' (DbType = Decimal)], CommandType='Text', CommandTimeout='0']
      SELECT "c"."VAI_TRO_ID"
      FROM "QL_VAI_TRO_NGUOI_DUNG" "c"
      WHERE "c"."NGUOI_DUNG_ID" = :nguoiDung_ID_0
info: Microsoft.EntityFrameworkCore.Database.Command[20101]
      Executed DbCommand (3ms) [Parameters=[:Ma_0='?' (Size = 2000)], CommandType='Text', CommandTimeout='0']
      SELECT "l"."GIA_TRI"
      FROM "QL_NHAN_HIEN_THI" "l"
      WHERE "l"."MA" = :Ma_0
      FETCH FIRST 1 ROWS ONLY
info: Microsoft.EntityFrameworkCore.Database.Command[20101]
      Executed DbCommand (2ms) [Parameters=[:nguoiDung_ID_0='?' (DbType = Decimal)], CommandType='Text', CommandTimeout='0']
      SELECT "c"."VAI_TRO_ID"
      FROM "QL_VAI_TRO_NGUOI_DUNG" "c"
      WHERE "c"."NGUOI_DUNG_ID" = :nguoiDung_ID_0
info: Microsoft.EntityFrameworkCore.Database.Command[20101]
      Executed DbCommand (3ms) [Parameters=[:Ma_0='?' (Size = 2000)], CommandType='Text', CommandTimeout='0']
      SELECT "l"."GIA_TRI"
      FROM "QL_NHAN_HIEN_THI" "l"
      WHERE "l"."MA" = :Ma_0
      FETCH FIRST 1 ROWS ONLY
info: Microsoft.EntityFrameworkCore.Database.Command[20101]
      Executed DbCommand (3ms) [Parameters=[:nguoiDung_ID_0='?' (DbType = Decimal)], CommandType='Text', CommandTimeout='0']
      SELECT "c"."VAI_TRO_ID"
      FROM "QL_VAI_TRO_NGUOI_DUNG" "c"
      WHERE "c"."NGUOI_DUNG_ID" = :nguoiDung_ID_0
info: Microsoft.EntityFrameworkCore.Database.Command[20101]
      Executed DbCommand (4ms) [Parameters=[:Ma_0='?' (Size = 2000)], CommandType='Text', CommandTimeout='0']
      SELECT "l"."GIA_TRI"
      FROM "QL_NHAN_HIEN_THI" "l"
      WHERE "l"."MA" = :Ma_0
      FETCH FIRST 1 ROWS ONLY
info: Microsoft.EntityFrameworkCore.Database.Command[20101]
      Executed DbCommand (2ms) [Parameters=[:nguoiDung_ID_0='?' (DbType = Decimal)], CommandType='Text', CommandTimeout='0']
      SELECT "c"."VAI_TRO_ID"
      FROM "QL_VAI_TRO_NGUOI_DUNG" "c"
      WHERE "c"."NGUOI_DUNG_ID" = :nguoiDung_ID_0
info: Microsoft.EntityFrameworkCore.Database.Command[20101]
      Executed DbCommand (3ms) [Parameters=[:Ma_0='?' (Size = 2000)], CommandType='Text', CommandTimeout='0']
      SELECT "l"."GIA_TRI"
      FROM "QL_NHAN_HIEN_THI" "l"
      WHERE "l"."MA" = :Ma_0
      FETCH FIRST 1 ROWS ONLY
info: Microsoft.EntityFrameworkCore.Database.Command[20101]
      Executed DbCommand (3ms) [Parameters=[:nguoiDung_ID_0='?' (DbType = Decimal)], CommandType='Text', CommandTimeout='0']
      SELECT "c"."VAI_TRO_ID"
      FROM "QL_VAI_TRO_NGUOI_DUNG" "c"
      WHERE "c"."NGUOI_DUNG_ID" = :nguoiDung_ID_0
info: Microsoft.EntityFrameworkCore.Database.Command[20101]
      Executed DbCommand (58ms) [Parameters=[:donViId_0='?' (DbType = Decimal)], CommandType='Text', CommandTimeout='0']
      SELECT COUNT(*)
      FROM "DM_DON_VI" "p"
      WHERE ((("p"."PARENT_ID" = :donViId_0) AND ("p"."LA_BAN_QL_DU_AN" = 1)) OR (("p"."ID" = :donViId_0) AND ("p"."LOAI_DON_VI_ID" = 15.0))) OR (("p"."ID" = :donViId_0) AND ("p"."LA_BAN_QL_DU_AN" = 1))
info: Microsoft.EntityFrameworkCore.Database.Command[20101]
      Executed DbCommand (3ms) [Parameters=[:Ma_0='?' (Size = 2000)], CommandType='Text', CommandTimeout='0']
      SELECT "l"."GIA_TRI"
      FROM "QL_NHAN_HIEN_THI" "l"
      WHERE "l"."MA" = :Ma_0
      FETCH FIRST 1 ROWS ONLY
info: Microsoft.EntityFrameworkCore.Database.Command[20101]
      Executed DbCommand (2ms) [Parameters=[:nguoiDung_ID_0='?' (DbType = Decimal)], CommandType='Text', CommandTimeout='0']
      SELECT "c"."VAI_TRO_ID"
      FROM "QL_VAI_TRO_NGUOI_DUNG" "c"
      WHERE "c"."NGUOI_DUNG_ID" = :nguoiDung_ID_0
info: Microsoft.EntityFrameworkCore.Database.Command[20101]
      Executed DbCommand (58ms) [Parameters=[:donViId_0='?' (DbType = Decimal)], CommandType='Text', CommandTimeout='0']
      SELECT COUNT(*)
      FROM "DM_DON_VI" "p"
      WHERE ((("p"."PARENT_ID" = :donViId_0) AND ("p"."LA_BAN_QL_DU_AN" = 1)) OR (("p"."ID" = :donViId_0) AND ("p"."LOAI_DON_VI_ID" = 15.0))) OR (("p"."ID" = :donViId_0) AND ("p"."LA_BAN_QL_DU_AN" = 1))
info: Microsoft.EntityFrameworkCore.Database.Command[20101]
      Executed DbCommand (4ms) [Parameters=[:Ma_0='?' (Size = 2000)], CommandType='Text', CommandTimeout='0']
      SELECT "l"."GIA_TRI"
      FROM "QL_NHAN_HIEN_THI" "l"
      WHERE "l"."MA" = :Ma_0
      FETCH FIRST 1 ROWS ONLY
info: Microsoft.EntityFrameworkCore.Database.Command[20101]
      Executed DbCommand (3ms) [Parameters=[:nguoiDung_ID_0='?' (DbType = Decimal)], CommandType='Text', CommandTimeout='0']
      SELECT "c"."VAI_TRO_ID"
      FROM "QL_VAI_TRO_NGUOI_DUNG" "c"
      WHERE "c"."NGUOI_DUNG_ID" = :nguoiDung_ID_0
info: Microsoft.EntityFrameworkCore.Database.Command[20101]
      Executed DbCommand (58ms) [Parameters=[:donViId_0='?' (DbType = Decimal)], CommandType='Text', CommandTimeout='0']
      SELECT COUNT(*)
      FROM "DM_DON_VI" "p"
      WHERE ((("p"."PARENT_ID" = :donViId_0) AND ("p"."LA_BAN_QL_DU_AN" = 1)) OR (("p"."ID" = :donViId_0) AND ("p"."LOAI_DON_VI_ID" = 15.0))) OR (("p"."ID" = :donViId_0) AND ("p"."LA_BAN_QL_DU_AN" = 1))
info: Microsoft.EntityFrameworkCore.Database.Command[20101]
      Executed DbCommand (3ms) [Parameters=[:nguoiDung_ID_0='?' (DbType = Decimal)], CommandType='Text', CommandTimeout='0']
      SELECT "c"."VAI_TRO_ID"
      FROM "QL_VAI_TRO_NGUOI_DUNG" "c"
      WHERE "c"."NGUOI_DUNG_ID" = :nguoiDung_ID_0
info: Microsoft.EntityFrameworkCore.Database.Command[20101]
      Executed DbCommand (57ms) [Parameters=[:donViId_0='?' (DbType = Decimal)], CommandType='Text', CommandTimeout='0']
      SELECT COUNT(*)
      FROM "DM_DON_VI" "p"
      WHERE ((("p"."PARENT_ID" = :donViId_0) AND ("p"."LA_BAN_QL_DU_AN" = 1)) OR (("p"."ID" = :donViId_0) AND ("p"."LOAI_DON_VI_ID" = 15.0))) OR (("p"."ID" = :donViId_0) AND ("p"."LA_BAN_QL_DU_AN" = 1))
info: Microsoft.EntityFrameworkCore.Database.Command[20101]
      Executed DbCommand (3ms) [Parameters=[:nguoiDung_ID_0='?' (DbType = Decimal)], CommandType='Text', CommandTimeout='0']
      SELECT "c"."VAI_TRO_ID"
      FROM "QL_VAI_TRO_NGUOI_DUNG" "c"
      WHERE "c"."NGUOI_DUNG_ID" = :nguoiDung_ID_0
info: Microsoft.EntityFrameworkCore.Database.Command[20101]
      Executed DbCommand (56ms) [Parameters=[:donViId_0='?' (DbType = Decimal)], CommandType='Text', CommandTimeout='0']
      SELECT COUNT(*)
      FROM "DM_DON_VI" "p"
      WHERE ((("p"."PARENT_ID" = :donViId_0) AND ("p"."LA_BAN_QL_DU_AN" = 1)) OR (("p"."ID" = :donViId_0) AND ("p"."LOAI_DON_VI_ID" = 15.0))) OR (("p"."ID" = :donViId_0) AND ("p"."LA_BAN_QL_DU_AN" = 1))
info: Microsoft.EntityFrameworkCore.Database.Command[20101]
      Executed DbCommand (3ms) [Parameters=[:nguoiDung_ID_0='?' (DbType = Decimal)], CommandType='Text', CommandTimeout='0']
      SELECT "c"."VAI_TRO_ID"
      FROM "QL_VAI_TRO_NGUOI_DUNG" "c"
      WHERE "c"."NGUOI_DUNG_ID" = :nguoiDung_ID_0
info: Microsoft.EntityFrameworkCore.Database.Command[20101]
      Executed DbCommand (60ms) [Parameters=[:donViId_0='?' (DbType = Decimal)], CommandType='Text', CommandTimeout='0']
      SELECT COUNT(*)
      FROM "DM_DON_VI" "p"
      WHERE ((("p"."PARENT_ID" = :donViId_0) AND ("p"."LA_BAN_QL_DU_AN" = 1)) OR (("p"."ID" = :donViId_0) AND ("p"."LOAI_DON_VI_ID" = 15.0))) OR (("p"."ID" = :donViId_0) AND ("p"."LA_BAN_QL_DU_AN" = 1))
info: Microsoft.EntityFrameworkCore.Database.Command[20101]
      Executed DbCommand (3ms) [Parameters=[:nguoiDung_ID_0='?' (DbType = Decimal)], CommandType='Text', CommandTimeout='0']
      SELECT "c"."VAI_TRO_ID"
      FROM "QL_VAI_TRO_NGUOI_DUNG" "c"
      WHERE "c"."NGUOI_DUNG_ID" = :nguoiDung_ID_0
info: Microsoft.EntityFrameworkCore.Database.Command[20101]
      Executed DbCommand (57ms) [Parameters=[:donViId_0='?' (DbType = Decimal)], CommandType='Text', CommandTimeout='0']
      SELECT COUNT(*)
      FROM "DM_DON_VI" "p"
      WHERE ((("p"."PARENT_ID" = :donViId_0) AND ("p"."LA_BAN_QL_DU_AN" = 1)) OR (("p"."ID" = :donViId_0) AND ("p"."LOAI_DON_VI_ID" = 15.0))) OR (("p"."ID" = :donViId_0) AND ("p"."LA_BAN_QL_DU_AN" = 1))
info: Microsoft.EntityFrameworkCore.Database.Command[20101]
      Executed DbCommand (3ms) [Parameters=[:Ma_0='?' (Size = 2000)], CommandType='Text', CommandTimeout='0']
      SELECT "l"."GIA_TRI"
      FROM "QL_NHAN_HIEN_THI" "l"
      WHERE "l"."MA" = :Ma_0
      FETCH FIRST 1 ROWS ONLY
info: Microsoft.EntityFrameworkCore.Database.Command[20101]
      Executed DbCommand (3ms) [Parameters=[:nguoiDung_ID_0='?' (DbType = Decimal)], CommandType='Text', CommandTimeout='0']
      SELECT "c"."VAI_TRO_ID"
      FROM "QL_VAI_TRO_NGUOI_DUNG" "c"
      WHERE "c"."NGUOI_DUNG_ID" = :nguoiDung_ID_0
info: Microsoft.EntityFrameworkCore.Database.Command[20101]
      Executed DbCommand (3ms) [Parameters=[:Ma_0='?' (Size = 2000)], CommandType='Text', CommandTimeout='0']
      SELECT "l"."GIA_TRI"
      FROM "QL_NHAN_HIEN_THI" "l"
      WHERE "l"."MA" = :Ma_0
      FETCH FIRST 1 ROWS ONLY
info: Microsoft.EntityFrameworkCore.Database.Command[20101]
      Executed DbCommand (2ms) [Parameters=[:nguoiDung_ID_0='?' (DbType = Decimal)], CommandType='Text', CommandTimeout='0']
      SELECT "c"."VAI_TRO_ID"
      FROM "QL_VAI_TRO_NGUOI_DUNG" "c"
      WHERE "c"."NGUOI_DUNG_ID" = :nguoiDung_ID_0
info: Microsoft.EntityFrameworkCore.Database.Command[20101]
      Executed DbCommand (3ms) [Parameters=[:Ma_0='?' (Size = 2000)], CommandType='Text', CommandTimeout='0']
      SELECT "l"."GIA_TRI"
      FROM "QL_NHAN_HIEN_THI" "l"
      WHERE "l"."MA" = :Ma_0
      FETCH FIRST 1 ROWS ONLY
info: Microsoft.EntityFrameworkCore.Database.Command[20101]
      Executed DbCommand (3ms) [Parameters=[:nguoiDung_ID_0='?' (DbType = Decimal)], CommandType='Text', CommandTimeout='0']
      SELECT "c"."VAI_TRO_ID"
      FROM "QL_VAI_TRO_NGUOI_DUNG" "c"
      WHERE "c"."NGUOI_DUNG_ID" = :nguoiDung_ID_0
info: Microsoft.EntityFrameworkCore.Database.Command[20101]
      Executed DbCommand (3ms) [Parameters=[:Ma_0='?' (Size = 2000)], CommandType='Text', CommandTimeout='0']
      SELECT "l"."GIA_TRI"
      FROM "QL_NHAN_HIEN_THI" "l"
      WHERE "l"."MA" = :Ma_0
      FETCH FIRST 1 ROWS ONLY
info: Microsoft.EntityFrameworkCore.Database.Command[20101]
      Executed DbCommand (2ms) [Parameters=[:nguoiDung_ID_0='?' (DbType = Decimal)], CommandType='Text', CommandTimeout='0']
      SELECT "c"."VAI_TRO_ID"
      FROM "QL_VAI_TRO_NGUOI_DUNG" "c"
      WHERE "c"."NGUOI_DUNG_ID" = :nguoiDung_ID_0
info: Microsoft.EntityFrameworkCore.Database.Command[20101]
      Executed DbCommand (3ms) [Parameters=[:Ma_0='?' (Size = 2000)], CommandType='Text', CommandTimeout='0']
      SELECT "l"."GIA_TRI"
      FROM "QL_NHAN_HIEN_THI" "l"
      WHERE "l"."MA" = :Ma_0
      FETCH FIRST 1 ROWS ONLY
info: Microsoft.EntityFrameworkCore.Database.Command[20101]
      Executed DbCommand (3ms) [Parameters=[:nguoiDung_ID_0='?' (DbType = Decimal)], CommandType='Text', CommandTimeout='0']
      SELECT "c"."VAI_TRO_ID"
      FROM "QL_VAI_TRO_NGUOI_DUNG" "c"
      WHERE "c"."NGUOI_DUNG_ID" = :nguoiDung_ID_0
info: Microsoft.EntityFrameworkCore.Database.Command[20101]
      Executed DbCommand (3ms) [Parameters=[:Ma_0='?' (Size = 2000)], CommandType='Text', CommandTimeout='0']
      SELECT "l"."GIA_TRI"
      FROM "QL_NHAN_HIEN_THI" "l"
      WHERE "l"."MA" = :Ma_0
      FETCH FIRST 1 ROWS ONLY
info: Microsoft.EntityFrameworkCore.Database.Command[20101]
      Executed DbCommand (3ms) [Parameters=[:nguoiDung_ID_0='?' (DbType = Decimal)], CommandType='Text', CommandTimeout='0']
      SELECT "c"."VAI_TRO_ID"
      FROM "QL_VAI_TRO_NGUOI_DUNG" "c"
      WHERE "c"."NGUOI_DUNG_ID" = :nguoiDung_ID_0
info: Microsoft.EntityFrameworkCore.Database.Command[20101]
      Executed DbCommand (3ms) [Parameters=[:Ma_0='?' (Size = 2000)], CommandType='Text', CommandTimeout='0']
      SELECT "l"."GIA_TRI"
      FROM "QL_NHAN_HIEN_THI" "l"
      WHERE "l"."MA" = :Ma_0
      FETCH FIRST 1 ROWS ONLY
info: Microsoft.EntityFrameworkCore.Database.Command[20101]
      Executed DbCommand (4ms) [Parameters=[:nguoiDung_ID_0='?' (DbType = Decimal)], CommandType='Text', CommandTimeout='0']
      SELECT "c"."VAI_TRO_ID"
      FROM "QL_VAI_TRO_NGUOI_DUNG" "c"
      WHERE "c"."NGUOI_DUNG_ID" = :nguoiDung_ID_0
info: Microsoft.EntityFrameworkCore.Database.Command[20101]
      Executed DbCommand (3ms) [Parameters=[:Ma_0='?' (Size = 2000)], CommandType='Text', CommandTimeout='0']
      SELECT "l"."GIA_TRI"
      FROM "QL_NHAN_HIEN_THI" "l"
      WHERE "l"."MA" = :Ma_0
      FETCH FIRST 1 ROWS ONLY
info: Microsoft.EntityFrameworkCore.Database.Command[20101]
      Executed DbCommand (2ms) [Parameters=[:nguoiDung_ID_0='?' (DbType = Decimal)], CommandType='Text', CommandTimeout='0']
      SELECT "c"."VAI_TRO_ID"
      FROM "QL_VAI_TRO_NGUOI_DUNG" "c"
      WHERE "c"."NGUOI_DUNG_ID" = :nguoiDung_ID_0
info: Microsoft.EntityFrameworkCore.Database.Command[20101]
      Executed DbCommand (3ms) [Parameters=[:Ma_0='?' (Size = 2000)], CommandType='Text', CommandTimeout='0']
      SELECT "l"."GIA_TRI"
      FROM "QL_NHAN_HIEN_THI" "l"
      WHERE "l"."MA" = :Ma_0
      FETCH FIRST 1 ROWS ONLY
info: Microsoft.EntityFrameworkCore.Database.Command[20101]
      Executed DbCommand (3ms) [Parameters=[:nguoiDung_ID_0='?' (DbType = Decimal)], CommandType='Text', CommandTimeout='0']
      SELECT "c"."VAI_TRO_ID"
      FROM "QL_VAI_TRO_NGUOI_DUNG" "c"
      WHERE "c"."NGUOI_DUNG_ID" = :nguoiDung_ID_0
info: Microsoft.EntityFrameworkCore.Database.Command[20101]
      Executed DbCommand (3ms) [Parameters=[:Ma_0='?' (Size = 2000)], CommandType='Text', CommandTimeout='0']
      SELECT "l"."GIA_TRI"
      FROM "QL_NHAN_HIEN_THI" "l"
      WHERE "l"."MA" = :Ma_0
      FETCH FIRST 1 ROWS ONLY
info: Microsoft.EntityFrameworkCore.Database.Command[20101]
      Executed DbCommand (4ms) [Parameters=[:nguoiDung_ID_0='?' (DbType = Decimal)], CommandType='Text', CommandTimeout='0']
      SELECT "c"."VAI_TRO_ID"
      FROM "QL_VAI_TRO_NGUOI_DUNG" "c"
      WHERE "c"."NGUOI_DUNG_ID" = :nguoiDung_ID_0
info: Microsoft.EntityFrameworkCore.Database.Command[20101]
      Executed DbCommand (3ms) [Parameters=[:Ma_0='?' (Size = 2000)], CommandType='Text', CommandTimeout='0']
      SELECT "l"."GIA_TRI"
      FROM "QL_NHAN_HIEN_THI" "l"
      WHERE "l"."MA" = :Ma_0
      FETCH FIRST 1 ROWS ONLY
info: Microsoft.EntityFrameworkCore.Database.Command[20101]
      Executed DbCommand (11ms) [Parameters=[:nguoiDung_ID_0='?' (DbType = Decimal)], CommandType='Text', CommandTimeout='0']
      SELECT "c"."VAI_TRO_ID"
      FROM "QL_VAI_TRO_NGUOI_DUNG" "c"
      WHERE "c"."NGUOI_DUNG_ID" = :nguoiDung_ID_0
info: Microsoft.EntityFrameworkCore.Database.Command[20101]
      Executed DbCommand (4ms) [Parameters=[:Ma_0='?' (Size = 2000)], CommandType='Text', CommandTimeout='0']
      SELECT "l"."GIA_TRI"
      FROM "QL_NHAN_HIEN_THI" "l"
      WHERE "l"."MA" = :Ma_0
      FETCH FIRST 1 ROWS ONLY
info: Microsoft.EntityFrameworkCore.Database.Command[20101]
      Executed DbCommand (3ms) [Parameters=[:nguoiDung_ID_0='?' (DbType = Decimal)], CommandType='Text', CommandTimeout='0']
      SELECT "c"."VAI_TRO_ID"
      FROM "QL_VAI_TRO_NGUOI_DUNG" "c"
      WHERE "c"."NGUOI_DUNG_ID" = :nguoiDung_ID_0
info: Microsoft.EntityFrameworkCore.Database.Command[20101]
      Executed DbCommand (3ms) [Parameters=[:Ma_0='?' (Size = 2000)], CommandType='Text', CommandTimeout='0']
      SELECT "l"."GIA_TRI"
      FROM "QL_NHAN_HIEN_THI" "l"
      WHERE "l"."MA" = :Ma_0
      FETCH FIRST 1 ROWS ONLY
info: Microsoft.EntityFrameworkCore.Database.Command[20101]
      Executed DbCommand (2ms) [Parameters=[:nguoiDung_ID_0='?' (DbType = Decimal)], CommandType='Text', CommandTimeout='0']
      SELECT "c"."VAI_TRO_ID"
      FROM "QL_VAI_TRO_NGUOI_DUNG" "c"
      WHERE "c"."NGUOI_DUNG_ID" = :nguoiDung_ID_0
info: Microsoft.EntityFrameworkCore.Database.Command[20101]
      Executed DbCommand (3ms) [Parameters=[:Ma_0='?' (Size = 2000)], CommandType='Text', CommandTimeout='0']
      SELECT "l"."GIA_TRI"
      FROM "QL_NHAN_HIEN_THI" "l"
      WHERE "l"."MA" = :Ma_0
      FETCH FIRST 1 ROWS ONLY
info: Microsoft.EntityFrameworkCore.Database.Command[20101]
      Executed DbCommand (2ms) [Parameters=[:nguoiDung_ID_0='?' (DbType = Decimal)], CommandType='Text', CommandTimeout='0']
      SELECT "c"."VAI_TRO_ID"
      FROM "QL_VAI_TRO_NGUOI_DUNG" "c"
      WHERE "c"."NGUOI_DUNG_ID" = :nguoiDung_ID_0
info: Microsoft.EntityFrameworkCore.Database.Command[20101]
      Executed DbCommand (3ms) [Parameters=[:Ma_0='?' (Size = 2000)], CommandType='Text', CommandTimeout='0']
      SELECT "l"."GIA_TRI"
      FROM "QL_NHAN_HIEN_THI" "l"
      WHERE "l"."MA" = :Ma_0
      FETCH FIRST 1 ROWS ONLY
info: Microsoft.EntityFrameworkCore.Database.Command[20101]
      Executed DbCommand (4ms) [Parameters=[:nguoiDung_ID_0='?' (DbType = Decimal)], CommandType='Text', CommandTimeout='0']
      SELECT "c"."VAI_TRO_ID"
      FROM "QL_VAI_TRO_NGUOI_DUNG" "c"
      WHERE "c"."NGUOI_DUNG_ID" = :nguoiDung_ID_0
info: Microsoft.EntityFrameworkCore.Database.Command[20101]
      Executed DbCommand (3ms) [Parameters=[:Ma_0='?' (Size = 2000)], CommandType='Text', CommandTimeout='0']
      SELECT "l"."GIA_TRI"
      FROM "QL_NHAN_HIEN_THI" "l"
      WHERE "l"."MA" = :Ma_0
      FETCH FIRST 1 ROWS ONLY
info: Microsoft.EntityFrameworkCore.Database.Command[20101]
      Executed DbCommand (2ms) [Parameters=[:nguoiDung_ID_0='?' (DbType = Decimal)], CommandType='Text', CommandTimeout='0']
      SELECT "c"."VAI_TRO_ID"
      FROM "QL_VAI_TRO_NGUOI_DUNG" "c"
      WHERE "c"."NGUOI_DUNG_ID" = :nguoiDung_ID_0
info: Microsoft.EntityFrameworkCore.Database.Command[20101]
      Executed DbCommand (3ms) [Parameters=[:Ma_0='?' (Size = 2000)], CommandType='Text', CommandTimeout='0']
      SELECT "l"."GIA_TRI"
      FROM "QL_NHAN_HIEN_THI" "l"
      WHERE "l"."MA" = :Ma_0
      FETCH FIRST 1 ROWS ONLY
info: Microsoft.EntityFrameworkCore.Database.Command[20101]
      Executed DbCommand (3ms) [Parameters=[:nguoiDung_ID_0='?' (DbType = Decimal)], CommandType='Text', CommandTimeout='0']
      SELECT "c"."VAI_TRO_ID"
      FROM "QL_VAI_TRO_NGUOI_DUNG" "c"
      WHERE "c"."NGUOI_DUNG_ID" = :nguoiDung_ID_0
info: Microsoft.EntityFrameworkCore.Database.Command[20101]
      Executed DbCommand (2ms) [Parameters=[:Ma_0='?' (Size = 2000)], CommandType='Text', CommandTimeout='0']
      SELECT "l"."GIA_TRI"
      FROM "QL_NHAN_HIEN_THI" "l"
      WHERE "l"."MA" = :Ma_0
      FETCH FIRST 1 ROWS ONLY
info: Microsoft.EntityFrameworkCore.Database.Command[20101]
      Executed DbCommand (3ms) [Parameters=[:nguoiDung_ID_0='?' (DbType = Decimal)], CommandType='Text', CommandTimeout='0']
      SELECT "c"."VAI_TRO_ID"
      FROM "QL_VAI_TRO_NGUOI_DUNG" "c"
      WHERE "c"."NGUOI_DUNG_ID" = :nguoiDung_ID_0
info: Microsoft.EntityFrameworkCore.Database.Command[20101]
      Executed DbCommand (3ms) [Parameters=[:Ma_0='?' (Size = 2000)], CommandType='Text', CommandTimeout='0']
      SELECT "l"."GIA_TRI"
      FROM "QL_NHAN_HIEN_THI" "l"
      WHERE "l"."MA" = :Ma_0
      FETCH FIRST 1 ROWS ONLY
info: Microsoft.EntityFrameworkCore.Database.Command[20101]
      Executed DbCommand (3ms) [Parameters=[:Ma_0='?' (Size = 2000)], CommandType='Text', CommandTimeout='0']
      SELECT "l"."GIA_TRI"
      FROM "QL_NHAN_HIEN_THI" "l"
      WHERE "l"."MA" = :Ma_0
      FETCH FIRST 1 ROWS ONLY
info: Microsoft.EntityFrameworkCore.Database.Command[20101]
      Executed DbCommand (4ms) [Parameters=[:Ma_0='?' (Size = 2000)], CommandType='Text', CommandTimeout='0']
      SELECT "l"."GIA_TRI"
      FROM "QL_NHAN_HIEN_THI" "l"
      WHERE "l"."MA" = :Ma_0
      FETCH FIRST 1 ROWS ONLY
info: Microsoft.EntityFrameworkCore.Database.Command[20101]
      Executed DbCommand (2ms) [Parameters=[:Ma_0='?' (Size = 2000)], CommandType='Text', CommandTimeout='0']
      SELECT "l"."GIA_TRI"
      FROM "QL_NHAN_HIEN_THI" "l"
      WHERE "l"."MA" = :Ma_0
      FETCH FIRST 1 ROWS ONLY
info: Microsoft.EntityFrameworkCore.Database.Command[20101]
      Executed DbCommand (3ms) [Parameters=[:Ma_0='?' (Size = 2000)], CommandType='Text', CommandTimeout='0']
      SELECT "l"."GIA_TRI"
      FROM "QL_NHAN_HIEN_THI" "l"
      WHERE "l"."MA" = :Ma_0
      FETCH FIRST 1 ROWS ONLY
info: Microsoft.EntityFrameworkCore.Database.Command[20101]
      Executed DbCommand (2ms) [Parameters=[:nguoiDung_ID_0='?' (DbType = Decimal)], CommandType='Text', CommandTimeout='0']
      SELECT "c"."VAI_TRO_ID"
      FROM "QL_VAI_TRO_NGUOI_DUNG" "c"
      WHERE "c"."NGUOI_DUNG_ID" = :nguoiDung_ID_0
info: Microsoft.EntityFrameworkCore.Database.Command[20101]
      Executed DbCommand (3ms) [Parameters=[:Ma_0='?' (Size = 2000)], CommandType='Text', CommandTimeout='0']
      SELECT "l"."GIA_TRI"
      FROM "QL_NHAN_HIEN_THI" "l"
      WHERE "l"."MA" = :Ma_0
      FETCH FIRST 1 ROWS ONLY
info: Microsoft.EntityFrameworkCore.Database.Command[20101]
      Executed DbCommand (3ms) [Parameters=[:Ma_0='?' (Size = 2000)], CommandType='Text', CommandTimeout='0']
      SELECT "l"."GIA_TRI"
      FROM "QL_NHAN_HIEN_THI" "l"
      WHERE "l"."MA" = :Ma_0
      FETCH FIRST 1 ROWS ONLY
info: Microsoft.EntityFrameworkCore.Database.Command[20101]
      Executed DbCommand (3ms) [Parameters=[:Ma_0='?' (Size = 2000)], CommandType='Text', CommandTimeout='0']
      SELECT "l"."GIA_TRI"
      FROM "QL_NHAN_HIEN_THI" "l"
      WHERE "l"."MA" = :Ma_0
      FETCH FIRST 1 ROWS ONLY
info: Microsoft.EntityFrameworkCore.Database.Command[20101]
      Executed DbCommand (2ms) [Parameters=[:nguoiDung_ID_0='?' (DbType = Decimal)], CommandType='Text', CommandTimeout='0']
      SELECT "c"."VAI_TRO_ID"
      FROM "QL_VAI_TRO_NGUOI_DUNG" "c"
      WHERE "c"."NGUOI_DUNG_ID" = :nguoiDung_ID_0
info: Microsoft.EntityFrameworkCore.Database.Command[20101]
      Executed DbCommand (3ms) [Parameters=[:Ma_0='?' (Size = 2000)], CommandType='Text', CommandTimeout='0']
      SELECT "l"."GIA_TRI"
      FROM "QL_NHAN_HIEN_THI" "l"
      WHERE "l"."MA" = :Ma_0
      FETCH FIRST 1 ROWS ONLY
info: Microsoft.EntityFrameworkCore.Database.Command[20101]
      Executed DbCommand (3ms) [Parameters=[:Ma_0='?' (Size = 2000)], CommandType='Text', CommandTimeout='0']
      SELECT "l"."GIA_TRI"
      FROM "QL_NHAN_HIEN_THI" "l"
      WHERE "l"."MA" = :Ma_0
      FETCH FIRST 1 ROWS ONLY
info: Microsoft.EntityFrameworkCore.Database.Command[20101]
      Executed DbCommand (3ms) [Parameters=[:Ma_0='?' (Size = 2000)], CommandType='Text', CommandTimeout='0']
      SELECT "l"."GIA_TRI"
      FROM "QL_NHAN_HIEN_THI" "l"
      WHERE "l"."MA" = :Ma_0
      FETCH FIRST 1 ROWS ONLY
info: Microsoft.EntityFrameworkCore.Database.Command[20101]
      Executed DbCommand (2ms) [Parameters=[:nguoiDung_ID_0='?' (DbType = Decimal)], CommandType='Text', CommandTimeout='0']
      SELECT "c"."VAI_TRO_ID"
      FROM "QL_VAI_TRO_NGUOI_DUNG" "c"
      WHERE "c"."NGUOI_DUNG_ID" = :nguoiDung_ID_0
info: Microsoft.EntityFrameworkCore.Database.Command[20101]
      Executed DbCommand (3ms) [Parameters=[:Ma_0='?' (Size = 2000)], CommandType='Text', CommandTimeout='0']
      SELECT "l"."GIA_TRI"
      FROM "QL_NHAN_HIEN_THI" "l"
      WHERE "l"."MA" = :Ma_0
      FETCH FIRST 1 ROWS ONLY
info: Microsoft.EntityFrameworkCore.Database.Command[20101]
      Executed DbCommand (2ms) [Parameters=[:Ma_0='?' (Size = 2000)], CommandType='Text', CommandTimeout='0']
      SELECT "l"."GIA_TRI"
      FROM "QL_NHAN_HIEN_THI" "l"
      WHERE "l"."MA" = :Ma_0
      FETCH FIRST 1 ROWS ONLY
info: Microsoft.EntityFrameworkCore.Database.Command[20101]
      Executed DbCommand (2ms) [Parameters=[:nguoiDung_ID_0='?' (DbType = Decimal)], CommandType='Text', CommandTimeout='0']
      SELECT "c"."VAI_TRO_ID"
      FROM "QL_VAI_TRO_NGUOI_DUNG" "c"
      WHERE "c"."NGUOI_DUNG_ID" = :nguoiDung_ID_0
info: Microsoft.EntityFrameworkCore.Database.Command[20101]
      Executed DbCommand (3ms) [Parameters=[:Ma_0='?' (Size = 2000)], CommandType='Text', CommandTimeout='0']
      SELECT "l"."GIA_TRI"
      FROM "QL_NHAN_HIEN_THI" "l"
      WHERE "l"."MA" = :Ma_0
      FETCH FIRST 1 ROWS ONLY
info: Microsoft.EntityFrameworkCore.Database.Command[20101]
      Executed DbCommand (2ms) [Parameters=[:nguoiDung_ID_0='?' (DbType = Decimal)], CommandType='Text', CommandTimeout='0']
      SELECT "c"."VAI_TRO_ID"
      FROM "QL_VAI_TRO_NGUOI_DUNG" "c"
      WHERE "c"."NGUOI_DUNG_ID" = :nguoiDung_ID_0
info: Microsoft.EntityFrameworkCore.Database.Command[20101]
      Executed DbCommand (3ms) [Parameters=[:Ma_0='?' (Size = 2000)], CommandType='Text', CommandTimeout='0']
      SELECT "l"."GIA_TRI"
      FROM "QL_NHAN_HIEN_THI" "l"
      WHERE "l"."MA" = :Ma_0
      FETCH FIRST 1 ROWS ONLY
info: Microsoft.EntityFrameworkCore.Database.Command[20101]
      Executed DbCommand (2ms) [Parameters=[:nguoiDung_ID_0='?' (DbType = Decimal)], CommandType='Text', CommandTimeout='0']
      SELECT "c"."VAI_TRO_ID"
      FROM "QL_VAI_TRO_NGUOI_DUNG" "c"
      WHERE "c"."NGUOI_DUNG_ID" = :nguoiDung_ID_0
info: Microsoft.EntityFrameworkCore.Database.Command[20101]
      Executed DbCommand (3ms) [Parameters=[:Ma_0='?' (Size = 2000)], CommandType='Text', CommandTimeout='0']
      SELECT "l"."GIA_TRI"
      FROM "QL_NHAN_HIEN_THI" "l"
      WHERE "l"."MA" = :Ma_0
      FETCH FIRST 1 ROWS ONLY
info: Microsoft.EntityFrameworkCore.Database.Command[20101]
      Executed DbCommand (3ms) [Parameters=[:nguoiDung_ID_0='?' (DbType = Decimal)], CommandType='Text', CommandTimeout='0']
      SELECT "c"."VAI_TRO_ID"
      FROM "QL_VAI_TRO_NGUOI_DUNG" "c"
      WHERE "c"."NGUOI_DUNG_ID" = :nguoiDung_ID_0
info: Microsoft.EntityFrameworkCore.Database.Command[20101]
      Executed DbCommand (3ms) [Parameters=[:Ma_0='?' (Size = 2000)], CommandType='Text', CommandTimeout='0']
      SELECT "l"."GIA_TRI"
      FROM "QL_NHAN_HIEN_THI" "l"
      WHERE "l"."MA" = :Ma_0
      FETCH FIRST 1 ROWS ONLY
info: Microsoft.EntityFrameworkCore.Database.Command[20101]
      Executed DbCommand (3ms) [Parameters=[:nguoiDung_ID_0='?' (DbType = Decimal)], CommandType='Text', CommandTimeout='0']
      SELECT "c"."VAI_TRO_ID"
      FROM "QL_VAI_TRO_NGUOI_DUNG" "c"
      WHERE "c"."NGUOI_DUNG_ID" = :nguoiDung_ID_0
info: Microsoft.EntityFrameworkCore.Database.Command[20101]
      Executed DbCommand (3ms) [Parameters=[:Ma_0='?' (Size = 2000)], CommandType='Text', CommandTimeout='0']
      SELECT "l"."GIA_TRI"
      FROM "QL_NHAN_HIEN_THI" "l"
      WHERE "l"."MA" = :Ma_0
      FETCH FIRST 1 ROWS ONLY
info: Microsoft.EntityFrameworkCore.Database.Command[20101]
      Executed DbCommand (3ms) [Parameters=[:nguoiDung_ID_0='?' (DbType = Decimal)], CommandType='Text', CommandTimeout='0']
      SELECT "c"."VAI_TRO_ID"
      FROM "QL_VAI_TRO_NGUOI_DUNG" "c"
      WHERE "c"."NGUOI_DUNG_ID" = :nguoiDung_ID_0
info: Microsoft.EntityFrameworkCore.Database.Command[20101]
      Executed DbCommand (3ms) [Parameters=[:Ma_0='?' (Size = 2000)], CommandType='Text', CommandTimeout='0']
      SELECT "l"."GIA_TRI"
      FROM "QL_NHAN_HIEN_THI" "l"
      WHERE "l"."MA" = :Ma_0
      FETCH FIRST 1 ROWS ONLY
info: Microsoft.EntityFrameworkCore.Database.Command[20101]
      Executed DbCommand (3ms) [Parameters=[:Ma_0='?' (Size = 2000)], CommandType='Text', CommandTimeout='0']
      SELECT "l"."GIA_TRI"
      FROM "QL_NHAN_HIEN_THI" "l"
      WHERE "l"."MA" = :Ma_0
      FETCH FIRST 1 ROWS ONLY
info: Microsoft.EntityFrameworkCore.Database.Command[20101]
      Executed DbCommand (3ms) [Parameters=[:Ma_0='?' (Size = 2000)], CommandType='Text', CommandTimeout='0']
      SELECT "l"."GIA_TRI"
      FROM "QL_NHAN_HIEN_THI" "l"
      WHERE "l"."MA" = :Ma_0
      FETCH FIRST 1 ROWS ONLY
info: Microsoft.EntityFrameworkCore.Database.Command[20101]
      Executed DbCommand (3ms) [Parameters=[:Ma_0='?' (Size = 2000)], CommandType='Text', CommandTimeout='0']
      SELECT "l"."GIA_TRI"
      FROM "QL_NHAN_HIEN_THI" "l"
      WHERE "l"."MA" = :Ma_0
      FETCH FIRST 1 ROWS ONLY
info: Microsoft.EntityFrameworkCore.Database.Command[20101]
      Executed DbCommand (2ms) [Parameters=[:nguoiDung_ID_0='?' (DbType = Decimal)], CommandType='Text', CommandTimeout='0']
      SELECT "c"."VAI_TRO_ID"
      FROM "QL_VAI_TRO_NGUOI_DUNG" "c"
      WHERE "c"."NGUOI_DUNG_ID" = :nguoiDung_ID_0
info: Microsoft.EntityFrameworkCore.Database.Command[20101]
      Executed DbCommand (3ms) [Parameters=[:Ma_0='?' (Size = 2000)], CommandType='Text', CommandTimeout='0']
      SELECT "l"."GIA_TRI"
      FROM "QL_NHAN_HIEN_THI" "l"
      WHERE "l"."MA" = :Ma_0
      FETCH FIRST 1 ROWS ONLY
info: Microsoft.EntityFrameworkCore.Database.Command[20101]
      Executed DbCommand (4ms) [Parameters=[:nguoiDung_ID_0='?' (DbType = Decimal)], CommandType='Text', CommandTimeout='0']
      SELECT "c"."VAI_TRO_ID"
      FROM "QL_VAI_TRO_NGUOI_DUNG" "c"
      WHERE "c"."NGUOI_DUNG_ID" = :nguoiDung_ID_0
info: Microsoft.EntityFrameworkCore.Database.Command[20101]
      Executed DbCommand (3ms) [Parameters=[:Ma_0='?' (Size = 2000)], CommandType='Text', CommandTimeout='0']
      SELECT "l"."GIA_TRI"
      FROM "QL_NHAN_HIEN_THI" "l"
      WHERE "l"."MA" = :Ma_0
      FETCH FIRST 1 ROWS ONLY
info: Microsoft.EntityFrameworkCore.Database.Command[20101]
      Executed DbCommand (2ms) [Parameters=[:nguoiDung_ID_0='?' (DbType = Decimal)], CommandType='Text', CommandTimeout='0']
      SELECT "c"."VAI_TRO_ID"
      FROM "QL_VAI_TRO_NGUOI_DUNG" "c"
      WHERE "c"."NGUOI_DUNG_ID" = :nguoiDung_ID_0
info: Microsoft.EntityFrameworkCore.Database.Command[20101]
      Executed DbCommand (3ms) [Parameters=[:Ma_0='?' (Size = 2000)], CommandType='Text', CommandTimeout='0']
      SELECT "l"."GIA_TRI"
      FROM "QL_NHAN_HIEN_THI" "l"
      WHERE "l"."MA" = :Ma_0
      FETCH FIRST 1 ROWS ONLY
info: Microsoft.EntityFrameworkCore.Database.Command[20101]
      Executed DbCommand (3ms) [Parameters=[:nguoiDung_ID_0='?' (DbType = Decimal)], CommandType='Text', CommandTimeout='0']
      SELECT "c"."VAI_TRO_ID"
      FROM "QL_VAI_TRO_NGUOI_DUNG" "c"
      WHERE "c"."NGUOI_DUNG_ID" = :nguoiDung_ID_0
info: Microsoft.EntityFrameworkCore.Database.Command[20101]
      Executed DbCommand (3ms) [Parameters=[:Ma_0='?' (Size = 2000)], CommandType='Text', CommandTimeout='0']
      SELECT "l"."GIA_TRI"
      FROM "QL_NHAN_HIEN_THI" "l"
      WHERE "l"."MA" = :Ma_0
      FETCH FIRST 1 ROWS ONLY
info: Microsoft.EntityFrameworkCore.Database.Command[20101]
      Executed DbCommand (3ms) [Parameters=[:nguoiDung_ID_0='?' (DbType = Decimal)], CommandType='Text', CommandTimeout='0']
      SELECT "c"."VAI_TRO_ID"
      FROM "QL_VAI_TRO_NGUOI_DUNG" "c"
      WHERE "c"."NGUOI_DUNG_ID" = :nguoiDung_ID_0
info: Microsoft.EntityFrameworkCore.Database.Command[20101]
      Executed DbCommand (3ms) [Parameters=[:Ma_0='?' (Size = 2000)], CommandType='Text', CommandTimeout='0']
      SELECT "l"."GIA_TRI"
      FROM "QL_NHAN_HIEN_THI" "l"
      WHERE "l"."MA" = :Ma_0
      FETCH FIRST 1 ROWS ONLY
info: Microsoft.EntityFrameworkCore.Database.Command[20101]
      Executed DbCommand (4ms) [Parameters=[:nguoiDung_ID_0='?' (DbType = Decimal)], CommandType='Text', CommandTimeout='0']
      SELECT "c"."VAI_TRO_ID"
      FROM "QL_VAI_TRO_NGUOI_DUNG" "c"
      WHERE "c"."NGUOI_DUNG_ID" = :nguoiDung_ID_0
info: Microsoft.EntityFrameworkCore.Database.Command[20101]
      Executed DbCommand (3ms) [Parameters=[:Ma_0='?' (Size = 2000)], CommandType='Text', CommandTimeout='0']
      SELECT "l"."GIA_TRI"
      FROM "QL_NHAN_HIEN_THI" "l"
      WHERE "l"."MA" = :Ma_0
      FETCH FIRST 1 ROWS ONLY
info: Microsoft.EntityFrameworkCore.Database.Command[20101]
      Executed DbCommand (2ms) [Parameters=[:nguoiDung_ID_0='?' (DbType = Decimal)], CommandType='Text', CommandTimeout='0']
      SELECT "c"."VAI_TRO_ID"
      FROM "QL_VAI_TRO_NGUOI_DUNG" "c"
      WHERE "c"."NGUOI_DUNG_ID" = :nguoiDung_ID_0
info: Microsoft.EntityFrameworkCore.Database.Command[20101]
      Executed DbCommand (3ms) [Parameters=[:Ma_0='?' (Size = 2000)], CommandType='Text', CommandTimeout='0']
      SELECT "l"."GIA_TRI"
      FROM "QL_NHAN_HIEN_THI" "l"
      WHERE "l"."MA" = :Ma_0
      FETCH FIRST 1 ROWS ONLY
info: Microsoft.EntityFrameworkCore.Database.Command[20101]
      Executed DbCommand (2ms) [Parameters=[:nguoiDung_ID_0='?' (DbType = Decimal)], CommandType='Text', CommandTimeout='0']
      SELECT "c"."VAI_TRO_ID"
      FROM "QL_VAI_TRO_NGUOI_DUNG" "c"
      WHERE "c"."NGUOI_DUNG_ID" = :nguoiDung_ID_0
info: Microsoft.EntityFrameworkCore.Database.Command[20101]
      Executed DbCommand (3ms) [Parameters=[:Ma_0='?' (Size = 2000)], CommandType='Text', CommandTimeout='0']
      SELECT "l"."GIA_TRI"
      FROM "QL_NHAN_HIEN_THI" "l"
      WHERE "l"."MA" = :Ma_0
      FETCH FIRST 1 ROWS ONLY
info: Microsoft.EntityFrameworkCore.Database.Command[20101]
      Executed DbCommand (2ms) [Parameters=[:nguoiDung_ID_0='?' (DbType = Decimal)], CommandType='Text', CommandTimeout='0']
      SELECT "c"."VAI_TRO_ID"
      FROM "QL_VAI_TRO_NGUOI_DUNG" "c"
      WHERE "c"."NGUOI_DUNG_ID" = :nguoiDung_ID_0
info: Microsoft.EntityFrameworkCore.Database.Command[20101]
      Executed DbCommand (4ms) [Parameters=[:Ma_0='?' (Size = 2000)], CommandType='Text', CommandTimeout='0']
      SELECT "l"."GIA_TRI"
      FROM "QL_NHAN_HIEN_THI" "l"
      WHERE "l"."MA" = :Ma_0
      FETCH FIRST 1 ROWS ONLY
info: Microsoft.EntityFrameworkCore.Database.Command[20101]
      Executed DbCommand (2ms) [Parameters=[:nguoiDung_ID_0='?' (DbType = Decimal)], CommandType='Text', CommandTimeout='0']
      SELECT "c"."VAI_TRO_ID"
      FROM "QL_VAI_TRO_NGUOI_DUNG" "c"
      WHERE "c"."NGUOI_DUNG_ID" = :nguoiDung_ID_0
info: Microsoft.EntityFrameworkCore.Database.Command[20101]
      Executed DbCommand (3ms) [Parameters=[:Ma_0='?' (Size = 2000)], CommandType='Text', CommandTimeout='0']
      SELECT "l"."GIA_TRI"
      FROM "QL_NHAN_HIEN_THI" "l"
      WHERE "l"."MA" = :Ma_0
      FETCH FIRST 1 ROWS ONLY
info: Microsoft.EntityFrameworkCore.Database.Command[20101]
      Executed DbCommand (2ms) [Parameters=[:nguoiDung_ID_0='?' (DbType = Decimal)], CommandType='Text', CommandTimeout='0']
      SELECT "c"."VAI_TRO_ID"
      FROM "QL_VAI_TRO_NGUOI_DUNG" "c"
      WHERE "c"."NGUOI_DUNG_ID" = :nguoiDung_ID_0
info: Microsoft.EntityFrameworkCore.Database.Command[20101]
      Executed DbCommand (3ms) [Parameters=[:Ma_0='?' (Size = 2000)], CommandType='Text', CommandTimeout='0']
      SELECT "l"."GIA_TRI"
      FROM "QL_NHAN_HIEN_THI" "l"
      WHERE "l"."MA" = :Ma_0
      FETCH FIRST 1 ROWS ONLY
info: Microsoft.EntityFrameworkCore.Database.Command[20101]
      Executed DbCommand (3ms) [Parameters=[:nguoiDung_ID_0='?' (DbType = Decimal)], CommandType='Text', CommandTimeout='0']
      SELECT "c"."VAI_TRO_ID"
      FROM "QL_VAI_TRO_NGUOI_DUNG" "c"
      WHERE "c"."NGUOI_DUNG_ID" = :nguoiDung_ID_0
info: Microsoft.EntityFrameworkCore.Database.Command[20101]
      Executed DbCommand (3ms) [Parameters=[:Ma_0='?' (Size = 2000)], CommandType='Text', CommandTimeout='0']
      SELECT "l"."GIA_TRI"
      FROM "QL_NHAN_HIEN_THI" "l"
      WHERE "l"."MA" = :Ma_0
      FETCH FIRST 1 ROWS ONLY
info: Microsoft.EntityFrameworkCore.Database.Command[20101]
      Executed DbCommand (4ms) [Parameters=[:nguoiDung_ID_0='?' (DbType = Decimal)], CommandType='Text', CommandTimeout='0']
      SELECT "c"."VAI_TRO_ID"
      FROM "QL_VAI_TRO_NGUOI_DUNG" "c"
      WHERE "c"."NGUOI_DUNG_ID" = :nguoiDung_ID_0
info: Microsoft.EntityFrameworkCore.Database.Command[20101]
      Executed DbCommand (3ms) [Parameters=[:Ma_0='?' (Size = 2000)], CommandType='Text', CommandTimeout='0']
      SELECT "l"."GIA_TRI"
      FROM "QL_NHAN_HIEN_THI" "l"
      WHERE "l"."MA" = :Ma_0
      FETCH FIRST 1 ROWS ONLY
info: Microsoft.EntityFrameworkCore.Database.Command[20101]
      Executed DbCommand (3ms) [Parameters=[:nguoiDung_ID_0='?' (DbType = Decimal)], CommandType='Text', CommandTimeout='0']
      SELECT "c"."VAI_TRO_ID"
      FROM "QL_VAI_TRO_NGUOI_DUNG" "c"
      WHERE "c"."NGUOI_DUNG_ID" = :nguoiDung_ID_0
info: Microsoft.EntityFrameworkCore.Database.Command[20101]
      Executed DbCommand (4ms) [Parameters=[:Ma_0='?' (Size = 2000)], CommandType='Text', CommandTimeout='0']
      SELECT "l"."GIA_TRI"
      FROM "QL_NHAN_HIEN_THI" "l"
      WHERE "l"."MA" = :Ma_0
      FETCH FIRST 1 ROWS ONLY
info: Microsoft.EntityFrameworkCore.Database.Command[20101]
      Executed DbCommand (2ms) [Parameters=[:nguoiDung_ID_0='?' (DbType = Decimal)], CommandType='Text', CommandTimeout='0']
      SELECT "c"."VAI_TRO_ID"
      FROM "QL_VAI_TRO_NGUOI_DUNG" "c"
      WHERE "c"."NGUOI_DUNG_ID" = :nguoiDung_ID_0
info: Microsoft.EntityFrameworkCore.Database.Command[20101]
      Executed DbCommand (3ms) [Parameters=[:Ma_0='?' (Size = 2000)], CommandType='Text', CommandTimeout='0']
      SELECT "l"."GIA_TRI"
      FROM "QL_NHAN_HIEN_THI" "l"
      WHERE "l"."MA" = :Ma_0
      FETCH FIRST 1 ROWS ONLY
info: Microsoft.EntityFrameworkCore.Database.Command[20101]
      Executed DbCommand (3ms) [Parameters=[:Ma_0='?' (Size = 2000)], CommandType='Text', CommandTimeout='0']
      SELECT "l"."GIA_TRI"
      FROM "QL_NHAN_HIEN_THI" "l"
      WHERE "l"."MA" = :Ma_0
      FETCH FIRST 1 ROWS ONLY
info: Microsoft.EntityFrameworkCore.Database.Command[20101]
      Executed DbCommand (4ms) [Parameters=[:Ma_0='?' (Size = 2000)], CommandType='Text', CommandTimeout='0']
      SELECT "l"."GIA_TRI"
      FROM "QL_NHAN_HIEN_THI" "l"
      WHERE "l"."MA" = :Ma_0
      FETCH FIRST 1 ROWS ONLY
info: Microsoft.EntityFrameworkCore.Database.Command[20101]
      Executed DbCommand (2ms) [Parameters=[:Ma_0='?' (Size = 2000)], CommandType='Text', CommandTimeout='0']
      SELECT "l"."GIA_TRI"
      FROM "QL_NHAN_HIEN_THI" "l"
      WHERE "l"."MA" = :Ma_0
      FETCH FIRST 1 ROWS ONLY
info: Microsoft.EntityFrameworkCore.Database.Command[20101]
      Executed DbCommand (3ms) [Parameters=[:Ma_0='?' (Size = 2000)], CommandType='Text', CommandTimeout='0']
      SELECT "l"."GIA_TRI"
      FROM "QL_NHAN_HIEN_THI" "l"
      WHERE "l"."MA" = :Ma_0
      FETCH FIRST 1 ROWS ONLY
info: Microsoft.EntityFrameworkCore.Database.Command[20101]
      Executed DbCommand (3ms) [Parameters=[:Ma_0='?' (Size = 2000)], CommandType='Text', CommandTimeout='0']
      SELECT "l"."GIA_TRI"
      FROM "QL_NHAN_HIEN_THI" "l"
      WHERE "l"."MA" = :Ma_0
      FETCH FIRST 1 ROWS ONLY
info: Microsoft.EntityFrameworkCore.Database.Command[20101]
      Executed DbCommand (3ms) [Parameters=[:nguoiDung_ID_0='?' (DbType = Decimal)], CommandType='Text', CommandTimeout='0']
      SELECT "c"."VAI_TRO_ID"
      FROM "QL_VAI_TRO_NGUOI_DUNG" "c"
      WHERE "c"."NGUOI_DUNG_ID" = :nguoiDung_ID_0
info: Microsoft.EntityFrameworkCore.Database.Command[20101]
      Executed DbCommand (3ms) [Parameters=[:Ma_0='?' (Size = 2000)], CommandType='Text', CommandTimeout='0']
      SELECT "l"."GIA_TRI"
      FROM "QL_NHAN_HIEN_THI" "l"
      WHERE "l"."MA" = :Ma_0
      FETCH FIRST 1 ROWS ONLY
info: Microsoft.EntityFrameworkCore.Database.Command[20101]
      Executed DbCommand (3ms) [Parameters=[:nguoiDung_ID_0='?' (DbType = Decimal)], CommandType='Text', CommandTimeout='0']
      SELECT "c"."VAI_TRO_ID"
      FROM "QL_VAI_TRO_NGUOI_DUNG" "c"
      WHERE "c"."NGUOI_DUNG_ID" = :nguoiDung_ID_0
info: Microsoft.EntityFrameworkCore.Database.Command[20101]
      Executed DbCommand (3ms) [Parameters=[:nguoiDung_ID_0='?' (DbType = Decimal)], CommandType='Text', CommandTimeout='0']
      SELECT "c"."VAI_TRO_ID"
      FROM "QL_VAI_TRO_NGUOI_DUNG" "c"
      WHERE "c"."NGUOI_DUNG_ID" = :nguoiDung_ID_0
info: Microsoft.EntityFrameworkCore.Database.Command[20101]
      Executed DbCommand (5ms) [Parameters=[:Ma_0='?' (Size = 2000)], CommandType='Text', CommandTimeout='0']
      SELECT "l"."GIA_TRI"
      FROM "QL_NHAN_HIEN_THI" "l"
      WHERE "l"."MA" = :Ma_0
      FETCH FIRST 1 ROWS ONLY
info: Microsoft.EntityFrameworkCore.Database.Command[20101]
      Executed DbCommand (6ms) [Parameters=[:nguoiDung_ID_0='?' (DbType = Decimal)], CommandType='Text', CommandTimeout='0']
      SELECT "c"."VAI_TRO_ID"
      FROM "QL_VAI_TRO_NGUOI_DUNG" "c"
      WHERE "c"."NGUOI_DUNG_ID" = :nguoiDung_ID_0
info: Microsoft.EntityFrameworkCore.Database.Command[20101]
      Executed DbCommand (3ms) [Parameters=[:Ma_0='?' (Size = 2000)], CommandType='Text', CommandTimeout='0']
      SELECT "l"."GIA_TRI"
      FROM "QL_NHAN_HIEN_THI" "l"
      WHERE "l"."MA" = :Ma_0
      FETCH FIRST 1 ROWS ONLY
info: Microsoft.EntityFrameworkCore.Database.Command[20101]
      Executed DbCommand (2ms) [Parameters=[:nguoiDung_ID_0='?' (DbType = Decimal)], CommandType='Text', CommandTimeout='0']
      SELECT "c"."VAI_TRO_ID"
      FROM "QL_VAI_TRO_NGUOI_DUNG" "c"
      WHERE "c"."NGUOI_DUNG_ID" = :nguoiDung_ID_0
info: Microsoft.EntityFrameworkCore.Database.Command[20101]
      Executed DbCommand (3ms) [Parameters=[:nguoiDung_ID_0='?' (DbType = Decimal)], CommandType='Text', CommandTimeout='0']
      SELECT "c"."VAI_TRO_ID"
      FROM "QL_VAI_TRO_NGUOI_DUNG" "c"
      WHERE "c"."NGUOI_DUNG_ID" = :nguoiDung_ID_0
info: Microsoft.EntityFrameworkCore.Database.Command[20101]
      Executed DbCommand (5ms) [Parameters=[:Ma_0='?' (Size = 2000)], CommandType='Text', CommandTimeout='0']
      SELECT "l"."GIA_TRI"
      FROM "QL_NHAN_HIEN_THI" "l"
      WHERE "l"."MA" = :Ma_0
      FETCH FIRST 1 ROWS ONLY
info: Microsoft.EntityFrameworkCore.Database.Command[20101]
      Executed DbCommand (2ms) [Parameters=[:nguoiDung_ID_0='?' (DbType = Decimal)], CommandType='Text', CommandTimeout='0']
      SELECT "c"."VAI_TRO_ID"
      FROM "QL_VAI_TRO_NGUOI_DUNG" "c"
      WHERE "c"."NGUOI_DUNG_ID" = :nguoiDung_ID_0
info: Microsoft.EntityFrameworkCore.Database.Command[20101]
      Executed DbCommand (5ms) [Parameters=[:Ma_0='?' (Size = 2000)], CommandType='Text', CommandTimeout='0']
      SELECT "l"."GIA_TRI"
      FROM "QL_NHAN_HIEN_THI" "l"
      WHERE "l"."MA" = :Ma_0
      FETCH FIRST 1 ROWS ONLY
info: Microsoft.EntityFrameworkCore.Database.Command[20101]
      Executed DbCommand (5ms) [Parameters=[:nguoiDung_ID_0='?' (DbType = Decimal)], CommandType='Text', CommandTimeout='0']
      SELECT "c"."VAI_TRO_ID"
      FROM "QL_VAI_TRO_NGUOI_DUNG" "c"
      WHERE "c"."NGUOI_DUNG_ID" = :nguoiDung_ID_0
info: Microsoft.EntityFrameworkCore.Database.Command[20101]
      Executed DbCommand (3ms) [Parameters=[:Ma_0='?' (Size = 2000)], CommandType='Text', CommandTimeout='0']
      SELECT "l"."GIA_TRI"
      FROM "QL_NHAN_HIEN_THI" "l"
      WHERE "l"."MA" = :Ma_0
      FETCH FIRST 1 ROWS ONLY
info: Microsoft.EntityFrameworkCore.Database.Command[20101]
      Executed DbCommand (2ms) [Parameters=[:nguoiDung_ID_0='?' (DbType = Decimal)], CommandType='Text', CommandTimeout='0']
      SELECT "c"."VAI_TRO_ID"
      FROM "QL_VAI_TRO_NGUOI_DUNG" "c"
      WHERE "c"."NGUOI_DUNG_ID" = :nguoiDung_ID_0
info: Microsoft.EntityFrameworkCore.Database.Command[20101]
      Executed DbCommand (3ms) [Parameters=[:Ma_0='?' (Size = 2000)], CommandType='Text', CommandTimeout='0']
      SELECT "l"."GIA_TRI"
      FROM "QL_NHAN_HIEN_THI" "l"
      WHERE "l"."MA" = :Ma_0
      FETCH FIRST 1 ROWS ONLY
info: Microsoft.EntityFrameworkCore.Database.Command[20101]
      Executed DbCommand (2ms) [Parameters=[:nguoiDung_ID_0='?' (DbType = Decimal)], CommandType='Text', CommandTimeout='0']
      SELECT "c"."VAI_TRO_ID"
      FROM "QL_VAI_TRO_NGUOI_DUNG" "c"
      WHERE "c"."NGUOI_DUNG_ID" = :nguoiDung_ID_0
info: Microsoft.EntityFrameworkCore.Database.Command[20101]
      Executed DbCommand (3ms) [Parameters=[:Ma_0='?' (Size = 2000)], CommandType='Text', CommandTimeout='0']
      SELECT "l"."GIA_TRI"
      FROM "QL_NHAN_HIEN_THI" "l"
      WHERE "l"."MA" = :Ma_0
      FETCH FIRST 1 ROWS ONLY
info: Microsoft.EntityFrameworkCore.Database.Command[20101]
      Executed DbCommand (3ms) [Parameters=[:nguoiDung_ID_0='?' (DbType = Decimal)], CommandType='Text', CommandTimeout='0']
      SELECT "c"."VAI_TRO_ID"
      FROM "QL_VAI_TRO_NGUOI_DUNG" "c"
      WHERE "c"."NGUOI_DUNG_ID" = :nguoiDung_ID_0
info: Microsoft.EntityFrameworkCore.Database.Command[20101]
      Executed DbCommand (3ms) [Parameters=[:Ma_0='?' (Size = 2000)], CommandType='Text', CommandTimeout='0']
      SELECT "l"."GIA_TRI"
      FROM "QL_NHAN_HIEN_THI" "l"
      WHERE "l"."MA" = :Ma_0
      FETCH FIRST 1 ROWS ONLY
info: Microsoft.EntityFrameworkCore.Database.Command[20101]
      Executed DbCommand (2ms) [Parameters=[:nguoiDung_ID_0='?' (DbType = Decimal)], CommandType='Text', CommandTimeout='0']
      SELECT "c"."VAI_TRO_ID"
      FROM "QL_VAI_TRO_NGUOI_DUNG" "c"
      WHERE "c"."NGUOI_DUNG_ID" = :nguoiDung_ID_0
info: Microsoft.EntityFrameworkCore.Database.Command[20101]
      Executed DbCommand (4ms) [Parameters=[:Ma_0='?' (Size = 2000)], CommandType='Text', CommandTimeout='0']
      SELECT "l"."GIA_TRI"
      FROM "QL_NHAN_HIEN_THI" "l"
      WHERE "l"."MA" = :Ma_0
      FETCH FIRST 1 ROWS ONLY
info: Microsoft.EntityFrameworkCore.Database.Command[20101]
      Executed DbCommand (3ms) [Parameters=[:nguoiDung_ID_0='?' (DbType = Decimal)], CommandType='Text', CommandTimeout='0']
      SELECT "c"."VAI_TRO_ID"
      FROM "QL_VAI_TRO_NGUOI_DUNG" "c"
      WHERE "c"."NGUOI_DUNG_ID" = :nguoiDung_ID_0
info: Microsoft.EntityFrameworkCore.Database.Command[20101]
      Executed DbCommand (3ms) [Parameters=[:Ma_0='?' (Size = 2000)], CommandType='Text', CommandTimeout='0']
      SELECT "l"."GIA_TRI"
      FROM "QL_NHAN_HIEN_THI" "l"
      WHERE "l"."MA" = :Ma_0
      FETCH FIRST 1 ROWS ONLY
info: Microsoft.EntityFrameworkCore.Database.Command[20101]
      Executed DbCommand (2ms) [Parameters=[:nguoiDung_ID_0='?' (DbType = Decimal)], CommandType='Text', CommandTimeout='0']
      SELECT "c"."VAI_TRO_ID"
      FROM "QL_VAI_TRO_NGUOI_DUNG" "c"
      WHERE "c"."NGUOI_DUNG_ID" = :nguoiDung_ID_0
info: Microsoft.EntityFrameworkCore.Database.Command[20101]
      Executed DbCommand (4ms) [Parameters=[:Ma_0='?' (Size = 2000)], CommandType='Text', CommandTimeout='0']
      SELECT "l"."GIA_TRI"
      FROM "QL_NHAN_HIEN_THI" "l"
      WHERE "l"."MA" = :Ma_0
      FETCH FIRST 1 ROWS ONLY
info: Microsoft.EntityFrameworkCore.Database.Command[20101]
      Executed DbCommand (3ms) [Parameters=[:nguoiDung_ID_0='?' (DbType = Decimal)], CommandType='Text', CommandTimeout='0']
      SELECT "c"."VAI_TRO_ID"
      FROM "QL_VAI_TRO_NGUOI_DUNG" "c"
      WHERE "c"."NGUOI_DUNG_ID" = :nguoiDung_ID_0
info: Microsoft.EntityFrameworkCore.Database.Command[20101]
      Executed DbCommand (3ms) [Parameters=[:Ma_0='?' (Size = 2000)], CommandType='Text', CommandTimeout='0']
      SELECT "l"."GIA_TRI"
      FROM "QL_NHAN_HIEN_THI" "l"
      WHERE "l"."MA" = :Ma_0
      FETCH FIRST 1 ROWS ONLY
info: Microsoft.EntityFrameworkCore.Database.Command[20101]
      Executed DbCommand (2ms) [Parameters=[:nguoiDung_ID_0='?' (DbType = Decimal)], CommandType='Text', CommandTimeout='0']
      SELECT "c"."VAI_TRO_ID"
      FROM "QL_VAI_TRO_NGUOI_DUNG" "c"
      WHERE "c"."NGUOI_DUNG_ID" = :nguoiDung_ID_0
info: Microsoft.EntityFrameworkCore.Database.Command[20101]
      Executed DbCommand (3ms) [Parameters=[:Ma_0='?' (Size = 2000)], CommandType='Text', CommandTimeout='0']
      SELECT "l"."GIA_TRI"
      FROM "QL_NHAN_HIEN_THI" "l"
      WHERE "l"."MA" = :Ma_0
      FETCH FIRST 1 ROWS ONLY
info: Microsoft.EntityFrameworkCore.Database.Command[20101]
      Executed DbCommand (2ms) [Parameters=[:nguoiDung_ID_0='?' (DbType = Decimal)], CommandType='Text', CommandTimeout='0']
      SELECT "c"."VAI_TRO_ID"
      FROM "QL_VAI_TRO_NGUOI_DUNG" "c"
      WHERE "c"."NGUOI_DUNG_ID" = :nguoiDung_ID_0
info: Microsoft.EntityFrameworkCore.Database.Command[20101]
      Executed DbCommand (7ms) [Parameters=[:Ma_0='?' (Size = 2000)], CommandType='Text', CommandTimeout='0']
      SELECT "l"."GIA_TRI"
      FROM "QL_NHAN_HIEN_THI" "l"
      WHERE "l"."MA" = :Ma_0
      FETCH FIRST 1 ROWS ONLY
info: Microsoft.EntityFrameworkCore.Database.Command[20101]
      Executed DbCommand (4ms) [Parameters=[:nguoiDung_ID_0='?' (DbType = Decimal)], CommandType='Text', CommandTimeout='0']
      SELECT "c"."VAI_TRO_ID"
      FROM "QL_VAI_TRO_NGUOI_DUNG" "c"
      WHERE "c"."NGUOI_DUNG_ID" = :nguoiDung_ID_0
info: Microsoft.EntityFrameworkCore.Database.Command[20101]
      Executed DbCommand (3ms) [Parameters=[:Ma_0='?' (Size = 2000)], CommandType='Text', CommandTimeout='0']
      SELECT "l"."GIA_TRI"
      FROM "QL_NHAN_HIEN_THI" "l"
      WHERE "l"."MA" = :Ma_0
      FETCH FIRST 1 ROWS ONLY
info: Microsoft.EntityFrameworkCore.Database.Command[20101]
      Executed DbCommand (3ms) [Parameters=[:nguoiDung_ID_0='?' (DbType = Decimal)], CommandType='Text', CommandTimeout='0']
      SELECT "c"."VAI_TRO_ID"
      FROM "QL_VAI_TRO_NGUOI_DUNG" "c"
      WHERE "c"."NGUOI_DUNG_ID" = :nguoiDung_ID_0
info: Microsoft.EntityFrameworkCore.Database.Command[20101]
      Executed DbCommand (2ms) [Parameters=[:Ma_0='?' (Size = 2000)], CommandType='Text', CommandTimeout='0']
      SELECT "l"."GIA_TRI"
      FROM "QL_NHAN_HIEN_THI" "l"
      WHERE "l"."MA" = :Ma_0
      FETCH FIRST 1 ROWS ONLY
info: Microsoft.EntityFrameworkCore.Database.Command[20101]
      Executed DbCommand (3ms) [Parameters=[:nguoiDung_ID_0='?' (DbType = Decimal)], CommandType='Text', CommandTimeout='0']
      SELECT "c"."VAI_TRO_ID"
      FROM "QL_VAI_TRO_NGUOI_DUNG" "c"
      WHERE "c"."NGUOI_DUNG_ID" = :nguoiDung_ID_0
info: Microsoft.EntityFrameworkCore.Database.Command[20101]
      Executed DbCommand (3ms) [Parameters=[:Ma_0='?' (Size = 2000)], CommandType='Text', CommandTimeout='0']
      SELECT "l"."GIA_TRI"
      FROM "QL_NHAN_HIEN_THI" "l"
      WHERE "l"."MA" = :Ma_0
      FETCH FIRST 1 ROWS ONLY
info: Microsoft.EntityFrameworkCore.Database.Command[20101]
      Executed DbCommand (2ms) [Parameters=[:nguoiDung_ID_0='?' (DbType = Decimal)], CommandType='Text', CommandTimeout='0']
      SELECT "c"."VAI_TRO_ID"
      FROM "QL_VAI_TRO_NGUOI_DUNG" "c"
      WHERE "c"."NGUOI_DUNG_ID" = :nguoiDung_ID_0
info: Microsoft.EntityFrameworkCore.Database.Command[20101]
      Executed DbCommand (60ms) [Parameters=[:donViId_0='?' (DbType = Decimal)], CommandType='Text', CommandTimeout='0']
      SELECT COUNT(*)
      FROM "DM_DON_VI" "p"
      WHERE ((("p"."PARENT_ID" = :donViId_0) AND ("p"."LA_BAN_QL_DU_AN" = 1)) OR (("p"."ID" = :donViId_0) AND ("p"."LOAI_DON_VI_ID" = 15.0))) OR (("p"."ID" = :donViId_0) AND ("p"."LA_BAN_QL_DU_AN" = 1))
info: Microsoft.EntityFrameworkCore.Database.Command[20101]
      Executed DbCommand (3ms) [Parameters=[:Ma_0='?' (Size = 2000)], CommandType='Text', CommandTimeout='0']
      SELECT "l"."GIA_TRI"
      FROM "QL_NHAN_HIEN_THI" "l"
      WHERE "l"."MA" = :Ma_0
      FETCH FIRST 1 ROWS ONLY
info: Microsoft.EntityFrameworkCore.Database.Command[20101]
      Executed DbCommand (2ms) [Parameters=[:nguoiDung_ID_0='?' (DbType = Decimal)], CommandType='Text', CommandTimeout='0']
      SELECT "c"."VAI_TRO_ID"
      FROM "QL_VAI_TRO_NGUOI_DUNG" "c"
      WHERE "c"."NGUOI_DUNG_ID" = :nguoiDung_ID_0
info: Microsoft.EntityFrameworkCore.Database.Command[20101]
      Executed DbCommand (2ms) [Parameters=[:Ma_0='?' (Size = 2000)], CommandType='Text', CommandTimeout='0']
      SELECT "l"."GIA_TRI"
      FROM "QL_NHAN_HIEN_THI" "l"
      WHERE "l"."MA" = :Ma_0
      FETCH FIRST 1 ROWS ONLY
info: Microsoft.EntityFrameworkCore.Database.Command[20101]
      Executed DbCommand (3ms) [Parameters=[:nguoiDung_ID_0='?' (DbType = Decimal)], CommandType='Text', CommandTimeout='0']
      SELECT "c"."VAI_TRO_ID"
      FROM "QL_VAI_TRO_NGUOI_DUNG" "c"
      WHERE "c"."NGUOI_DUNG_ID" = :nguoiDung_ID_0
info: Microsoft.EntityFrameworkCore.Database.Command[20101]
      Executed DbCommand (3ms) [Parameters=[:Ma_0='?' (Size = 2000)], CommandType='Text', CommandTimeout='0']
      SELECT "l"."GIA_TRI"
      FROM "QL_NHAN_HIEN_THI" "l"
      WHERE "l"."MA" = :Ma_0
      FETCH FIRST 1 ROWS ONLY
info: Microsoft.EntityFrameworkCore.Database.Command[20101]
      Executed DbCommand (3ms) [Parameters=[:nguoiDung_ID_0='?' (DbType = Decimal)], CommandType='Text', CommandTimeout='0']
      SELECT "c"."VAI_TRO_ID"
      FROM "QL_VAI_TRO_NGUOI_DUNG" "c"
      WHERE "c"."NGUOI_DUNG_ID" = :nguoiDung_ID_0
info: Microsoft.EntityFrameworkCore.Database.Command[20101]
      Executed DbCommand (3ms) [Parameters=[:Ma_0='?' (Size = 2000)], CommandType='Text', CommandTimeout='0']
      SELECT "l"."GIA_TRI"
      FROM "QL_NHAN_HIEN_THI" "l"
      WHERE "l"."MA" = :Ma_0
      FETCH FIRST 1 ROWS ONLY
info: Microsoft.EntityFrameworkCore.Database.Command[20101]
      Executed DbCommand (2ms) [Parameters=[:nguoiDung_ID_0='?' (DbType = Decimal)], CommandType='Text', CommandTimeout='0']
      SELECT "c"."VAI_TRO_ID"
      FROM "QL_VAI_TRO_NGUOI_DUNG" "c"
      WHERE "c"."NGUOI_DUNG_ID" = :nguoiDung_ID_0
info: Microsoft.EntityFrameworkCore.Database.Command[20101]
      Executed DbCommand (3ms) [Parameters=[:Ma_0='?' (Size = 2000)], CommandType='Text', CommandTimeout='0']
      SELECT "l"."GIA_TRI"
      FROM "QL_NHAN_HIEN_THI" "l"
      WHERE "l"."MA" = :Ma_0
      FETCH FIRST 1 ROWS ONLY
info: Microsoft.EntityFrameworkCore.Database.Command[20101]
      Executed DbCommand (2ms) [Parameters=[:nguoiDung_ID_0='?' (DbType = Decimal)], CommandType='Text', CommandTimeout='0']
      SELECT "c"."VAI_TRO_ID"
      FROM "QL_VAI_TRO_NGUOI_DUNG" "c"
      WHERE "c"."NGUOI_DUNG_ID" = :nguoiDung_ID_0
info: Microsoft.EntityFrameworkCore.Database.Command[20101]
      Executed DbCommand (3ms) [Parameters=[:Ma_0='?' (Size = 2000)], CommandType='Text', CommandTimeout='0']
      SELECT "l"."GIA_TRI"
      FROM "QL_NHAN_HIEN_THI" "l"
      WHERE "l"."MA" = :Ma_0
      FETCH FIRST 1 ROWS ONLY
info: Microsoft.EntityFrameworkCore.Database.Command[20101]
      Executed DbCommand (2ms) [Parameters=[:nguoiDung_ID_0='?' (DbType = Decimal)], CommandType='Text', CommandTimeout='0']
      SELECT "c"."VAI_TRO_ID"
      FROM "QL_VAI_TRO_NGUOI_DUNG" "c"
      WHERE "c"."NGUOI_DUNG_ID" = :nguoiDung_ID_0
info: Microsoft.EntityFrameworkCore.Database.Command[20101]
      Executed DbCommand (4ms) [Parameters=[:Ma_0='?' (Size = 2000)], CommandType='Text', CommandTimeout='0']
      SELECT "l"."GIA_TRI"
      FROM "QL_NHAN_HIEN_THI" "l"
      WHERE "l"."MA" = :Ma_0
      FETCH FIRST 1 ROWS ONLY
info: Microsoft.EntityFrameworkCore.Database.Command[20101]
      Executed DbCommand (2ms) [Parameters=[:nguoiDung_ID_0='?' (DbType = Decimal)], CommandType='Text', CommandTimeout='0']
      SELECT "c"."VAI_TRO_ID"
      FROM "QL_VAI_TRO_NGUOI_DUNG" "c"
      WHERE "c"."NGUOI_DUNG_ID" = :nguoiDung_ID_0
info: Microsoft.EntityFrameworkCore.Database.Command[20101]
      Executed DbCommand (3ms) [Parameters=[:Ma_0='?' (Size = 2000)], CommandType='Text', CommandTimeout='0']
      SELECT "l"."GIA_TRI"
      FROM "QL_NHAN_HIEN_THI" "l"
      WHERE "l"."MA" = :Ma_0
      FETCH FIRST 1 ROWS ONLY
info: Microsoft.EntityFrameworkCore.Database.Command[20101]
      Executed DbCommand (2ms) [Parameters=[:nguoiDung_ID_0='?' (DbType = Decimal)], CommandType='Text', CommandTimeout='0']
      SELECT "c"."VAI_TRO_ID"
      FROM "QL_VAI_TRO_NGUOI_DUNG" "c"
      WHERE "c"."NGUOI_DUNG_ID" = :nguoiDung_ID_0
info: Microsoft.EntityFrameworkCore.Database.Command[20101]
      Executed DbCommand (3ms) [Parameters=[:Ma_0='?' (Size = 2000)], CommandType='Text', CommandTimeout='0']
      SELECT "l"."GIA_TRI"
      FROM "QL_NHAN_HIEN_THI" "l"
      WHERE "l"."MA" = :Ma_0
      FETCH FIRST 1 ROWS ONLY
info: Microsoft.EntityFrameworkCore.Database.Command[20101]
      Executed DbCommand (3ms) [Parameters=[:nguoiDung_ID_0='?' (DbType = Decimal)], CommandType='Text', CommandTimeout='0']
      SELECT "c"."VAI_TRO_ID"
      FROM "QL_VAI_TRO_NGUOI_DUNG" "c"
      WHERE "c"."NGUOI_DUNG_ID" = :nguoiDung_ID_0
info: Microsoft.EntityFrameworkCore.Database.Command[20101]
      Executed DbCommand (5ms) [Parameters=[:guid_0='?' (DbType = Binary)], CommandType='Text', CommandTimeout='0']
      SELECT "c"."ID", "c"."CURRENT_DON_VI_ID", "c"."DB_ID", "c"."EMAIL", "c"."GHI_CHU", "c"."GUID", "c"."IP_TRUY_CAP", "c"."IS_QUAN_TRI", "c"."MAT_KHAU", "c"."MAT_KHAU_KEY", "c"."MA_CAN_BO", "c"."MOBILE", "c"."NGAY_TAO", "c"."NGAY_TRUY_CAP", "c"."NGUOI_TAO", "c"."NGUON_ID", "c"."PASSWORD_HASH", "c"."TEN_DANG_NHAP", "c"."TEN_DAY_DU", "c"."TMP_MAT_KHAU", "c"."TRANG_THAI_ID", "c"."UNG_DUNG"
      FROM "QL_NGUOI_DUNG" "c"
      WHERE "c"."GUID" = :guid_0
      FETCH FIRST 1 ROWS ONLY
info: Microsoft.EntityFrameworkCore.Database.Command[20101]
      Executed DbCommand (2ms) [Parameters=[:nguoiDung_ID_0='?' (DbType = Int32)], CommandType='Text', CommandTimeout='0']
      SELECT "p"."ID", "p"."DATA_JSON", "p"."DB_QUEUE_PROCESS_ID", "p"."DON_VI_ID", "p"."FILE_TYPE", "p"."GUID", "p"."GUID_FILE", "p"."MA_BAO_CAO", "p"."MODEL_DATA_TYPE", "p"."NGAY_TAO", "p"."NGUOI_TAO_ID", "p"."REPORT_CLASS", "p"."RESPONSE", "p"."SEARCH_MODEL_CLASS", "p"."SEARCH_MODEL_JSON", "p"."STATEMENT", "p"."TIME_END_GET_DATA", "p"."TIME_START_GET_DATA", "p"."TRANG_THAI_ID", "p"."TYPE_QUEUE_PROCESS_ID"
      FROM "BC_QUEUE_PROCESS" "p"
      WHERE "p"."NGUOI_TAO_ID" = :nguoiDung_ID_0
      ORDER BY "p"."ID" DESC
      FETCH FIRST 1 ROWS ONLY
info: Microsoft.EntityFrameworkCore.Database.Command[20101]
      Executed DbCommand (3ms) [Parameters=[:Ma_0='?' (Size = 2000)], CommandType='Text', CommandTimeout='0']
      SELECT "l"."GIA_TRI"
      FROM "QL_NHAN_HIEN_THI" "l"
      WHERE "l"."MA" = :Ma_0
      FETCH FIRST 1 ROWS ONLY
info: Microsoft.EntityFrameworkCore.Database.Command[20101]
      Executed DbCommand (3ms) [Parameters=[:Ma_0='?' (Size = 2000)], CommandType='Text', CommandTimeout='0']
      SELECT "l"."GIA_TRI"
      FROM "QL_NHAN_HIEN_THI" "l"
      WHERE "l"."MA" = :Ma_0
      FETCH FIRST 1 ROWS ONLY
info: Microsoft.EntityFrameworkCore.Database.Command[20101]
      Executed DbCommand (3ms) [Parameters=[:Ma_0='?' (Size = 2000)], CommandType='Text', CommandTimeout='0']
      SELECT "l"."GIA_TRI"
      FROM "QL_NHAN_HIEN_THI" "l"
      WHERE "l"."MA" = :Ma_0
      FETCH FIRST 1 ROWS ONLY
info: Microsoft.EntityFrameworkCore.Database.Command[20101]
      Executed DbCommand (3ms) [Parameters=[:Ma_0='?' (Size = 2000)], CommandType='Text', CommandTimeout='0']
      SELECT "l"."GIA_TRI"
      FROM "QL_NHAN_HIEN_THI" "l"
      WHERE "l"."MA" = :Ma_0
      FETCH FIRST 1 ROWS ONLY
info: Microsoft.AspNetCore.Mvc.ViewFeatures.ViewResultExecutor[4]
      Executed ViewResult - view ChonLoaiTaiSan executed in 4350.935ms.
info: Microsoft.AspNetCore.Mvc.Internal.ControllerActionInvoker[2]
      Executed action GS.Web.Controllers.TaiSanController.ChonLoaiTaiSan (GS.Web) in 4706.041ms
info: Microsoft.AspNetCore.Hosting.Internal.WebHost[2]
      Request finished in 4721.4881ms 200 text/html; charset=utf-8
info: Microsoft.AspNetCore.Hosting.Internal.WebHost[1]
      Request starting HTTP/1.1 GET http://localhost:62432/Home/GetTLHD  
info: Microsoft.AspNetCore.Mvc.Internal.ControllerActionInvoker[1]
      Route matched with {action = "GetTLHD", controller = "Home"}. Executing action GS.Web.Controllers.HomeController.GetTLHD (GS.Web)
info: Microsoft.AspNetCore.Mvc.Internal.ControllerActionInvoker[1]
      Executing action method GS.Web.Controllers.HomeController.GetTLHD (GS.Web) - Validation state: Valid
info: Microsoft.EntityFrameworkCore.Infrastructure[10403]
      Entity Framework Core 2.2.6-servicing-10079 initialized 'GSObjectContext' using provider 'Oracle.EntityFrameworkCore' with options: using lazy-loading proxies 
info: Microsoft.EntityFrameworkCore.Database.Command[20101]
      Executed DbCommand (6ms) [Parameters=[:get_Item_0='?' (DbType = Decimal)], CommandType='Text', CommandTimeout='0']
      SELECT "e"."ID", "e"."DON_VI_ID", "e"."GIA_TRI", "e"."TEN"
      FROM "QL_CAU_HINH" "e"
      WHERE "e"."ID" = :get_Item_0
      FETCH FIRST 1 ROWS ONLY
info: Microsoft.AspNetCore.Mvc.Internal.ControllerActionInvoker[2]
      Executed action method GS.Web.Controllers.HomeController.GetTLHD (GS.Web), returned result Microsoft.AspNetCore.Mvc.JsonResult in 23.0215ms.
info: Microsoft.AspNetCore.Mvc.Formatters.Json.Internal.JsonResultExecutor[1]
      Executing JsonResult, writing value of type 'System.String'.
info: Microsoft.AspNetCore.Mvc.Internal.ControllerActionInvoker[2]
      Executed action GS.Web.Controllers.HomeController.GetTLHD (GS.Web) in 32.4763ms
info: Microsoft.AspNetCore.Hosting.Internal.WebHost[2]
      Request finished in 41.6426ms 200 application/json; charset=utf-8
info: Microsoft.AspNetCore.Hosting.Internal.WebHost[1]
      Request starting HTTP/1.1 GET http://localhost:62432/TaiSan/ChonLoaiTaiSan?isTangMoi=false  
info: Microsoft.AspNetCore.Mvc.Internal.ControllerActionInvoker[1]
      Route matched with {action = "ChonLoaiTaiSan", controller = "TaiSan"}. Executing action GS.Web.Controllers.TaiSanController.ChonLoaiTaiSan (GS.Web)
info: Microsoft.AspNetCore.Mvc.Internal.ControllerActionInvoker[1]
      Executing action method GS.Web.Controllers.TaiSanController.ChonLoaiTaiSan (GS.Web) with arguments (False, False) - Validation state: Valid
info: Microsoft.EntityFrameworkCore.Infrastructure[10403]
      Entity Framework Core 2.2.6-servicing-10079 initialized 'GSObjectContext' using provider 'Oracle.EntityFrameworkCore' with options: using lazy-loading proxies 
info: Microsoft.EntityFrameworkCore.Database.Command[20101]
      Executed DbCommand (15ms) [Parameters=[:Ma_0='?' (Size = 2000)], CommandType='Text', CommandTimeout='0']
      SELECT "l"."GIA_TRI"
      FROM "QL_NHAN_HIEN_THI" "l"
      WHERE "l"."MA" = :Ma_0
      FETCH FIRST 1 ROWS ONLY
info: Microsoft.EntityFrameworkCore.Database.Command[20101]
      Executed DbCommand (27ms) [Parameters=[:Ma_0='?' (Size = 2000)], CommandType='Text', CommandTimeout='0']
      SELECT "l"."GIA_TRI"
      FROM "QL_NHAN_HIEN_THI" "l"
      WHERE "l"."MA" = :Ma_0
      FETCH FIRST 1 ROWS ONLY
info: Microsoft.EntityFrameworkCore.Database.Command[20101]
      Executed DbCommand (316ms) [Parameters=[:Ma_0='?' (Size = 2000)], CommandType='Text', CommandTimeout='0']
      SELECT "l"."GIA_TRI"
      FROM "QL_NHAN_HIEN_THI" "l"
      WHERE "l"."MA" = :Ma_0
      FETCH FIRST 1 ROWS ONLY
info: Microsoft.EntityFrameworkCore.Database.Command[20101]
      Executed DbCommand (12ms) [Parameters=[:Ma_0='?' (Size = 2000)], CommandType='Text', CommandTimeout='0']
      SELECT "l"."GIA_TRI"
      FROM "QL_NHAN_HIEN_THI" "l"
      WHERE "l"."MA" = :Ma_0
      FETCH FIRST 1 ROWS ONLY
info: Microsoft.EntityFrameworkCore.Database.Command[20101]
      Executed DbCommand (10ms) [Parameters=[:Ma_0='?' (Size = 2000)], CommandType='Text', CommandTimeout='0']
      SELECT "l"."GIA_TRI"
      FROM "QL_NHAN_HIEN_THI" "l"
      WHERE "l"."MA" = :Ma_0
      FETCH FIRST 1 ROWS ONLY
info: Microsoft.EntityFrameworkCore.Database.Command[20101]
      Executed DbCommand (5ms) [Parameters=[:Ma_0='?' (Size = 2000)], CommandType='Text', CommandTimeout='0']
      SELECT "l"."GIA_TRI"
      FROM "QL_NHAN_HIEN_THI" "l"
      WHERE "l"."MA" = :Ma_0
      FETCH FIRST 1 ROWS ONLY
info: Microsoft.EntityFrameworkCore.Database.Command[20101]
      Executed DbCommand (10ms) [Parameters=[:Ma_0='?' (Size = 2000)], CommandType='Text', CommandTimeout='0']
      SELECT "l"."GIA_TRI"
      FROM "QL_NHAN_HIEN_THI" "l"
      WHERE "l"."MA" = :Ma_0
      FETCH FIRST 1 ROWS ONLY
info: Microsoft.EntityFrameworkCore.Database.Command[20101]
      Executed DbCommand (9ms) [Parameters=[:Ma_0='?' (Size = 2000)], CommandType='Text', CommandTimeout='0']
      SELECT "l"."GIA_TRI"
      FROM "QL_NHAN_HIEN_THI" "l"
      WHERE "l"."MA" = :Ma_0
      FETCH FIRST 1 ROWS ONLY
info: Microsoft.EntityFrameworkCore.Database.Command[20101]
      Executed DbCommand (10ms) [Parameters=[:Ma_0='?' (Size = 2000)], CommandType='Text', CommandTimeout='0']
      SELECT "l"."GIA_TRI"
      FROM "QL_NHAN_HIEN_THI" "l"
      WHERE "l"."MA" = :Ma_0
      FETCH FIRST 1 ROWS ONLY
info: Microsoft.EntityFrameworkCore.Database.Command[20101]
      Executed DbCommand (11ms) [Parameters=[:Ma_0='?' (Size = 2000)], CommandType='Text', CommandTimeout='0']
      SELECT "l"."GIA_TRI"
      FROM "QL_NHAN_HIEN_THI" "l"
      WHERE "l"."MA" = :Ma_0
      FETCH FIRST 1 ROWS ONLY
info: Microsoft.EntityFrameworkCore.Database.Command[20101]
      Executed DbCommand (9ms) [Parameters=[:Ma_0='?' (Size = 2000)], CommandType='Text', CommandTimeout='0']
      SELECT "l"."GIA_TRI"
      FROM "QL_NHAN_HIEN_THI" "l"
      WHERE "l"."MA" = :Ma_0
      FETCH FIRST 1 ROWS ONLY
info: Microsoft.EntityFrameworkCore.Database.Command[20101]
      Executed DbCommand (20ms) [Parameters=[:Ma_0='?' (Size = 2000)], CommandType='Text', CommandTimeout='0']
      SELECT "l"."GIA_TRI"
      FROM "QL_NHAN_HIEN_THI" "l"
      WHERE "l"."MA" = :Ma_0
      FETCH FIRST 1 ROWS ONLY
info: Microsoft.EntityFrameworkCore.Database.Command[20101]
      Executed DbCommand (8ms) [Parameters=[:get_Item_0='?' (DbType = Decimal)], CommandType='Text', CommandTimeout='0']
      SELECT "e"."ID", "e"."CAP_DON_VI_ID", "e"."CHE_DO_HACH_TOAN_ID", "e"."CO_TAI_SAN", "e"."CQTC_MA", "e"."DA_CO_QUYET_DINH_GIAO_VON", "e"."DB_ID", "e"."DIA_BAN_ID", "e"."DIA_CHI", "e"."DIEN_THOAI", "e"."DON_VI_HIEN_THI", "e"."FAX", "e"."HUYEN_ID", "e"."IS_TSQUAN_LY_CHU_KY_SO", "e"."IS_TSQUAN_LY_NHU_TSCD", "e"."IS_XAC_NHAN_DU_LIEU", "e"."KHONG_CHUYEN_MA", "e"."LA_BAN_QL_DU_AN", "e"."LA_DON_VI_NHAP_LIEU", "e"."LA_DON_VI_TU_CHU_TAI_CHINH", "e"."LIST_FILE_XAC_NHAN", "e"."LOAI_CAP_DON_VI_ID", "e"."LOAI_DON_VI_ID", "e"."MA", "e"."MA_BO", "e"."MA_CHUONG", "e"."MA_DIA_BAN", "e"."MA_DVQHNS", "e"."MA_HUYEN", "e"."MA_TINH", "e"."NGAY_CAP_NHAT", "e"."NGAY_QUYET_DINH", "e"."NGAY_QUYET_DINH_GIAO_VON", "e"."NGAY_TAO", "e"."NGAY_XAC_NHAN", "e"."NGUOI_CAP_NHAT_ID", "e"."NGUOI_TAO_ID", "e"."NHOM_DON_VI_ID", "e"."OLD_CAP_DON_VI_ID", "e"."PARENT_ID", "e"."SO_QUYET_DINH", "e"."SO_QUYET_DINH_GIAO_VON", "e"."TEN", "e"."TINH_ID", "e"."TRANG_THAI_DONG_BO_ID", "e"."TRANG_THAI_ID", "e"."TRANG_THAI_THAY_DOI_ID", "e"."TREE_LEVEL", "e"."TREE_NODE", "e"."XA_ID"
      FROM "DM_DON_VI" "e"
      WHERE "e"."ID" = :get_Item_0
      FETCH FIRST 1 ROWS ONLY
info: Microsoft.EntityFrameworkCore.Database.Command[20101]
      Executed DbCommand (53ms) [Parameters=[:TREE_NODE_LON_NHAT_0='?' (Size = 2000)], CommandType='Text', CommandTimeout='0']
      SELECT "p"."ID", "p"."CAP_DON_VI_ID", "p"."CHE_DO_HACH_TOAN_ID", "p"."CO_TAI_SAN", "p"."CQTC_MA", "p"."DA_CO_QUYET_DINH_GIAO_VON", "p"."DB_ID", "p"."DIA_BAN_ID", "p"."DIA_CHI", "p"."DIEN_THOAI", "p"."DON_VI_HIEN_THI", "p"."FAX", "p"."HUYEN_ID", "p"."IS_TSQUAN_LY_CHU_KY_SO", "p"."IS_TSQUAN_LY_NHU_TSCD", "p"."IS_XAC_NHAN_DU_LIEU", "p"."KHONG_CHUYEN_MA", "p"."LA_BAN_QL_DU_AN", "p"."LA_DON_VI_NHAP_LIEU", "p"."LA_DON_VI_TU_CHU_TAI_CHINH", "p"."LIST_FILE_XAC_NHAN", "p"."LOAI_CAP_DON_VI_ID", "p"."LOAI_DON_VI_ID", "p"."MA", "p"."MA_BO", "p"."MA_CHUONG", "p"."MA_DIA_BAN", "p"."MA_DVQHNS", "p"."MA_HUYEN", "p"."MA_TINH", "p"."NGAY_CAP_NHAT", "p"."NGAY_QUYET_DINH", "p"."NGAY_QUYET_DINH_GIAO_VON", "p"."NGAY_TAO", "p"."NGAY_XAC_NHAN", "p"."NGUOI_CAP_NHAT_ID", "p"."NGUOI_TAO_ID", "p"."NHOM_DON_VI_ID", "p"."OLD_CAP_DON_VI_ID", "p"."PARENT_ID", "p"."SO_QUYET_DINH", "p"."SO_QUYET_DINH_GIAO_VON", "p"."TEN", "p"."TINH_ID", "p"."TRANG_THAI_DONG_BO_ID", "p"."TRANG_THAI_ID", "p"."TRANG_THAI_THAY_DOI_ID", "p"."TREE_LEVEL", "p"."TREE_NODE", "p"."XA_ID"
      FROM "DM_DON_VI" "p"
      WHERE ("p"."TREE_NODE" = :TREE_NODE_LON_NHAT_0) AND (("p"."TRANG_THAI_ID" <> 0) OR "p"."TRANG_THAI_ID" IS NULL)
      FETCH FIRST 1 ROWS ONLY
info: Microsoft.EntityFrameworkCore.Database.Command[20101]
      Executed DbCommand (19ms) [Parameters=[], CommandType='Text', CommandTimeout='0']
      SELECT "c"."ID"
      FROM "DM_DON_VI" "c"
      WHERE (CAST(LENGTH("c"."MA") AS NUMBER(10)) = 3) AND (COALESCE("c"."TRANG_THAI_ID", 0) = 1)
info: Microsoft.EntityFrameworkCore.Database.Command[20101]
      Executed DbCommand (3ms) [Parameters=[:donViCapTren_ID_0='?' (DbType = Decimal)], CommandType='Text', CommandTimeout='0']
      SELECT CASE
          WHEN EXISTS (
              SELECT 1
              FROM "DM_LOAI_TAI_SAN_DON_VI" "c"
              WHERE ("c"."LOAI_HINH_TAI_SAN_ID" = 10.0) AND ("c"."DON_VI_ID" = :donViCapTren_ID_0))
          THEN 1 ELSE 0
      END FROM DUAL
info: Microsoft.EntityFrameworkCore.Database.Command[20101]
      Executed DbCommand (32ms) [Parameters=[:TREE_NODE_LON_NHAT_0='?' (Size = 2000)], CommandType='Text', CommandTimeout='0']
      SELECT "p"."ID", "p"."CAP_DON_VI_ID", "p"."CHE_DO_HACH_TOAN_ID", "p"."CO_TAI_SAN", "p"."CQTC_MA", "p"."DA_CO_QUYET_DINH_GIAO_VON", "p"."DB_ID", "p"."DIA_BAN_ID", "p"."DIA_CHI", "p"."DIEN_THOAI", "p"."DON_VI_HIEN_THI", "p"."FAX", "p"."HUYEN_ID", "p"."IS_TSQUAN_LY_CHU_KY_SO", "p"."IS_TSQUAN_LY_NHU_TSCD", "p"."IS_XAC_NHAN_DU_LIEU", "p"."KHONG_CHUYEN_MA", "p"."LA_BAN_QL_DU_AN", "p"."LA_DON_VI_NHAP_LIEU", "p"."LA_DON_VI_TU_CHU_TAI_CHINH", "p"."LIST_FILE_XAC_NHAN", "p"."LOAI_CAP_DON_VI_ID", "p"."LOAI_DON_VI_ID", "p"."MA", "p"."MA_BO", "p"."MA_CHUONG", "p"."MA_DIA_BAN", "p"."MA_DVQHNS", "p"."MA_HUYEN", "p"."MA_TINH", "p"."NGAY_CAP_NHAT", "p"."NGAY_QUYET_DINH", "p"."NGAY_QUYET_DINH_GIAO_VON", "p"."NGAY_TAO", "p"."NGAY_XAC_NHAN", "p"."NGUOI_CAP_NHAT_ID", "p"."NGUOI_TAO_ID", "p"."NHOM_DON_VI_ID", "p"."OLD_CAP_DON_VI_ID", "p"."PARENT_ID", "p"."SO_QUYET_DINH", "p"."SO_QUYET_DINH_GIAO_VON", "p"."TEN", "p"."TINH_ID", "p"."TRANG_THAI_DONG_BO_ID", "p"."TRANG_THAI_ID", "p"."TRANG_THAI_THAY_DOI_ID", "p"."TREE_LEVEL", "p"."TREE_NODE", "p"."XA_ID"
      FROM "DM_DON_VI" "p"
      WHERE ("p"."TREE_NODE" = :TREE_NODE_LON_NHAT_0) AND (("p"."TRANG_THAI_ID" <> 0) OR "p"."TRANG_THAI_ID" IS NULL)
      FETCH FIRST 1 ROWS ONLY
info: Microsoft.EntityFrameworkCore.Database.Command[20101]
      Executed DbCommand (3ms) [Parameters=[:get_Item_0='?' (DbType = Decimal)], CommandType='Text', CommandTimeout='0']
      SELECT "e"."ID", "e"."CAP_DON_VI_ID", "e"."CHE_DO_HACH_TOAN_ID", "e"."CO_TAI_SAN", "e"."CQTC_MA", "e"."DA_CO_QUYET_DINH_GIAO_VON", "e"."DB_ID", "e"."DIA_BAN_ID", "e"."DIA_CHI", "e"."DIEN_THOAI", "e"."DON_VI_HIEN_THI", "e"."FAX", "e"."HUYEN_ID", "e"."IS_TSQUAN_LY_CHU_KY_SO", "e"."IS_TSQUAN_LY_NHU_TSCD", "e"."IS_XAC_NHAN_DU_LIEU", "e"."KHONG_CHUYEN_MA", "e"."LA_BAN_QL_DU_AN", "e"."LA_DON_VI_NHAP_LIEU", "e"."LA_DON_VI_TU_CHU_TAI_CHINH", "e"."LIST_FILE_XAC_NHAN", "e"."LOAI_CAP_DON_VI_ID", "e"."LOAI_DON_VI_ID", "e"."MA", "e"."MA_BO", "e"."MA_CHUONG", "e"."MA_DIA_BAN", "e"."MA_DVQHNS", "e"."MA_HUYEN", "e"."MA_TINH", "e"."NGAY_CAP_NHAT", "e"."NGAY_QUYET_DINH", "e"."NGAY_QUYET_DINH_GIAO_VON", "e"."NGAY_TAO", "e"."NGAY_XAC_NHAN", "e"."NGUOI_CAP_NHAT_ID", "e"."NGUOI_TAO_ID", "e"."NHOM_DON_VI_ID", "e"."OLD_CAP_DON_VI_ID", "e"."PARENT_ID", "e"."SO_QUYET_DINH", "e"."SO_QUYET_DINH_GIAO_VON", "e"."TEN", "e"."TINH_ID", "e"."TRANG_THAI_DONG_BO_ID", "e"."TRANG_THAI_ID", "e"."TRANG_THAI_THAY_DOI_ID", "e"."TREE_LEVEL", "e"."TREE_NODE", "e"."XA_ID"
      FROM "DM_DON_VI" "e"
      WHERE "e"."ID" = :get_Item_0
      FETCH FIRST 1 ROWS ONLY
info: Microsoft.AspNetCore.Mvc.Internal.ControllerActionInvoker[2]
      Executed action method GS.Web.Controllers.TaiSanController.ChonLoaiTaiSan (GS.Web), returned result Microsoft.AspNetCore.Mvc.ViewResult in 777.7901ms.
info: Microsoft.AspNetCore.Mvc.ViewFeatures.ViewResultExecutor[1]
      Executing ViewResult, running view ChonLoaiTaiSan.
info: Microsoft.EntityFrameworkCore.Database.Command[20101]
      Executed DbCommand (11ms) [Parameters=[:Ma_0='?' (Size = 2000)], CommandType='Text', CommandTimeout='0']
      SELECT "l"."GIA_TRI"
      FROM "QL_NHAN_HIEN_THI" "l"
      WHERE "l"."MA" = :Ma_0
      FETCH FIRST 1 ROWS ONLY
info: Microsoft.EntityFrameworkCore.Database.Command[20101]
      Executed DbCommand (3ms) [Parameters=[:nguoiDung_ID_0='?' (DbType = Decimal)], CommandType='Text', CommandTimeout='0']
      SELECT "c"."VAI_TRO_ID"
      FROM "QL_VAI_TRO_NGUOI_DUNG" "c"
      WHERE "c"."NGUOI_DUNG_ID" = :nguoiDung_ID_0
info: Microsoft.EntityFrameworkCore.Database.Command[20101]
      Executed DbCommand (2ms) [Parameters=[:Ma_0='?' (Size = 2000)], CommandType='Text', CommandTimeout='0']
      SELECT "l"."GIA_TRI"
      FROM "QL_NHAN_HIEN_THI" "l"
      WHERE "l"."MA" = :Ma_0
      FETCH FIRST 1 ROWS ONLY
info: Microsoft.EntityFrameworkCore.Database.Command[20101]
      Executed DbCommand (4ms) [Parameters=[:nguoiDung_ID_0='?' (DbType = Decimal)], CommandType='Text', CommandTimeout='0']
      SELECT "c"."VAI_TRO_ID"
      FROM "QL_VAI_TRO_NGUOI_DUNG" "c"
      WHERE "c"."NGUOI_DUNG_ID" = :nguoiDung_ID_0
info: Microsoft.EntityFrameworkCore.Database.Command[20101]
      Executed DbCommand (2ms) [Parameters=[:Ma_0='?' (Size = 2000)], CommandType='Text', CommandTimeout='0']
      SELECT "l"."GIA_TRI"
      FROM "QL_NHAN_HIEN_THI" "l"
      WHERE "l"."MA" = :Ma_0
      FETCH FIRST 1 ROWS ONLY
info: Microsoft.EntityFrameworkCore.Database.Command[20101]
      Executed DbCommand (5ms) [Parameters=[:nguoiDung_ID_0='?' (DbType = Decimal)], CommandType='Text', CommandTimeout='0']
      SELECT "c"."VAI_TRO_ID"
      FROM "QL_VAI_TRO_NGUOI_DUNG" "c"
      WHERE "c"."NGUOI_DUNG_ID" = :nguoiDung_ID_0
info: Microsoft.EntityFrameworkCore.Database.Command[20101]
      Executed DbCommand (3ms) [Parameters=[:Ma_0='?' (Size = 2000)], CommandType='Text', CommandTimeout='0']
      SELECT "l"."GIA_TRI"
      FROM "QL_NHAN_HIEN_THI" "l"
      WHERE "l"."MA" = :Ma_0
      FETCH FIRST 1 ROWS ONLY
info: Microsoft.EntityFrameworkCore.Database.Command[20101]
      Executed DbCommand (2ms) [Parameters=[:nguoiDung_ID_0='?' (DbType = Decimal)], CommandType='Text', CommandTimeout='0']
      SELECT "c"."VAI_TRO_ID"
      FROM "QL_VAI_TRO_NGUOI_DUNG" "c"
      WHERE "c"."NGUOI_DUNG_ID" = :nguoiDung_ID_0
info: Microsoft.EntityFrameworkCore.Database.Command[20101]
      Executed DbCommand (5ms) [Parameters=[:Ma_0='?' (Size = 2000)], CommandType='Text', CommandTimeout='0']
      SELECT "l"."GIA_TRI"
      FROM "QL_NHAN_HIEN_THI" "l"
      WHERE "l"."MA" = :Ma_0
      FETCH FIRST 1 ROWS ONLY
info: Microsoft.EntityFrameworkCore.Database.Command[20101]
      Executed DbCommand (5ms) [Parameters=[:nguoiDung_ID_0='?' (DbType = Decimal)], CommandType='Text', CommandTimeout='0']
      SELECT "c"."VAI_TRO_ID"
      FROM "QL_VAI_TRO_NGUOI_DUNG" "c"
      WHERE "c"."NGUOI_DUNG_ID" = :nguoiDung_ID_0
info: Microsoft.EntityFrameworkCore.Database.Command[20101]
      Executed DbCommand (3ms) [Parameters=[:Ma_0='?' (Size = 2000)], CommandType='Text', CommandTimeout='0']
      SELECT "l"."GIA_TRI"
      FROM "QL_NHAN_HIEN_THI" "l"
      WHERE "l"."MA" = :Ma_0
      FETCH FIRST 1 ROWS ONLY
info: Microsoft.EntityFrameworkCore.Database.Command[20101]
      Executed DbCommand (3ms) [Parameters=[:nguoiDung_ID_0='?' (DbType = Decimal)], CommandType='Text', CommandTimeout='0']
      SELECT "c"."VAI_TRO_ID"
      FROM "QL_VAI_TRO_NGUOI_DUNG" "c"
      WHERE "c"."NGUOI_DUNG_ID" = :nguoiDung_ID_0
info: Microsoft.EntityFrameworkCore.Database.Command[20101]
      Executed DbCommand (5ms) [Parameters=[:Ma_0='?' (Size = 2000)], CommandType='Text', CommandTimeout='0']
      SELECT "l"."GIA_TRI"
      FROM "QL_NHAN_HIEN_THI" "l"
      WHERE "l"."MA" = :Ma_0
      FETCH FIRST 1 ROWS ONLY
info: Microsoft.EntityFrameworkCore.Database.Command[20101]
      Executed DbCommand (5ms) [Parameters=[:nguoiDung_ID_0='?' (DbType = Decimal)], CommandType='Text', CommandTimeout='0']
      SELECT "c"."VAI_TRO_ID"
      FROM "QL_VAI_TRO_NGUOI_DUNG" "c"
      WHERE "c"."NGUOI_DUNG_ID" = :nguoiDung_ID_0
info: Microsoft.EntityFrameworkCore.Database.Command[20101]
      Executed DbCommand (3ms) [Parameters=[:Ma_0='?' (Size = 2000)], CommandType='Text', CommandTimeout='0']
      SELECT "l"."GIA_TRI"
      FROM "QL_NHAN_HIEN_THI" "l"
      WHERE "l"."MA" = :Ma_0
      FETCH FIRST 1 ROWS ONLY
info: Microsoft.EntityFrameworkCore.Database.Command[20101]
      Executed DbCommand (8ms) [Parameters=[:nguoiDung_ID_0='?' (DbType = Decimal)], CommandType='Text', CommandTimeout='0']
      SELECT "c"."VAI_TRO_ID"
      FROM "QL_VAI_TRO_NGUOI_DUNG" "c"
      WHERE "c"."NGUOI_DUNG_ID" = :nguoiDung_ID_0
info: Microsoft.EntityFrameworkCore.Database.Command[20101]
      Executed DbCommand (7ms) [Parameters=[:Ma_0='?' (Size = 2000)], CommandType='Text', CommandTimeout='0']
      SELECT "l"."GIA_TRI"
      FROM "QL_NHAN_HIEN_THI" "l"
      WHERE "l"."MA" = :Ma_0
      FETCH FIRST 1 ROWS ONLY
info: Microsoft.EntityFrameworkCore.Database.Command[20101]
      Executed DbCommand (2ms) [Parameters=[:nguoiDung_ID_0='?' (DbType = Decimal)], CommandType='Text', CommandTimeout='0']
      SELECT "c"."VAI_TRO_ID"
      FROM "QL_VAI_TRO_NGUOI_DUNG" "c"
      WHERE "c"."NGUOI_DUNG_ID" = :nguoiDung_ID_0
info: Microsoft.EntityFrameworkCore.Database.Command[20101]
      Executed DbCommand (2ms) [Parameters=[:Ma_0='?' (Size = 2000)], CommandType='Text', CommandTimeout='0']
      SELECT "l"."GIA_TRI"
      FROM "QL_NHAN_HIEN_THI" "l"
      WHERE "l"."MA" = :Ma_0
      FETCH FIRST 1 ROWS ONLY
info: Microsoft.EntityFrameworkCore.Database.Command[20101]
      Executed DbCommand (2ms) [Parameters=[:nguoiDung_ID_0='?' (DbType = Decimal)], CommandType='Text', CommandTimeout='0']
      SELECT "c"."VAI_TRO_ID"
      FROM "QL_VAI_TRO_NGUOI_DUNG" "c"
      WHERE "c"."NGUOI_DUNG_ID" = :nguoiDung_ID_0
info: Microsoft.EntityFrameworkCore.Database.Command[20101]
      Executed DbCommand (2ms) [Parameters=[:Ma_0='?' (Size = 2000)], CommandType='Text', CommandTimeout='0']
      SELECT "l"."GIA_TRI"
      FROM "QL_NHAN_HIEN_THI" "l"
      WHERE "l"."MA" = :Ma_0
      FETCH FIRST 1 ROWS ONLY
info: Microsoft.EntityFrameworkCore.Database.Command[20101]
      Executed DbCommand (3ms) [Parameters=[:nguoiDung_ID_0='?' (DbType = Decimal)], CommandType='Text', CommandTimeout='0']
      SELECT "c"."VAI_TRO_ID"
      FROM "QL_VAI_TRO_NGUOI_DUNG" "c"
      WHERE "c"."NGUOI_DUNG_ID" = :nguoiDung_ID_0
info: Microsoft.EntityFrameworkCore.Database.Command[20101]
      Executed DbCommand (2ms) [Parameters=[:Ma_0='?' (Size = 2000)], CommandType='Text', CommandTimeout='0']
      SELECT "l"."GIA_TRI"
      FROM "QL_NHAN_HIEN_THI" "l"
      WHERE "l"."MA" = :Ma_0
      FETCH FIRST 1 ROWS ONLY
info: Microsoft.EntityFrameworkCore.Database.Command[20101]
      Executed DbCommand (2ms) [Parameters=[:nguoiDung_ID_0='?' (DbType = Decimal)], CommandType='Text', CommandTimeout='0']
      SELECT "c"."VAI_TRO_ID"
      FROM "QL_VAI_TRO_NGUOI_DUNG" "c"
      WHERE "c"."NGUOI_DUNG_ID" = :nguoiDung_ID_0
info: Microsoft.EntityFrameworkCore.Database.Command[20101]
      Executed DbCommand (2ms) [Parameters=[:nguoiDung_ID_0='?' (DbType = Decimal)], CommandType='Text', CommandTimeout='0']
      SELECT "c"."VAI_TRO_ID"
      FROM "QL_VAI_TRO_NGUOI_DUNG" "c"
      WHERE "c"."NGUOI_DUNG_ID" = :nguoiDung_ID_0
info: Microsoft.EntityFrameworkCore.Database.Command[20101]
      Executed DbCommand (3ms) [Parameters=[:Ma_0='?' (Size = 2000)], CommandType='Text', CommandTimeout='0']
      SELECT "l"."GIA_TRI"
      FROM "QL_NHAN_HIEN_THI" "l"
      WHERE "l"."MA" = :Ma_0
      FETCH FIRST 1 ROWS ONLY
info: Microsoft.EntityFrameworkCore.Database.Command[20101]
      Executed DbCommand (2ms) [Parameters=[:nguoiDung_ID_0='?' (DbType = Decimal)], CommandType='Text', CommandTimeout='0']
      SELECT "c"."VAI_TRO_ID"
      FROM "QL_VAI_TRO_NGUOI_DUNG" "c"
      WHERE "c"."NGUOI_DUNG_ID" = :nguoiDung_ID_0
info: Microsoft.EntityFrameworkCore.Database.Command[20101]
      Executed DbCommand (4ms) [Parameters=[:Ma_0='?' (Size = 2000)], CommandType='Text', CommandTimeout='0']
      SELECT "l"."GIA_TRI"
      FROM "QL_NHAN_HIEN_THI" "l"
      WHERE "l"."MA" = :Ma_0
      FETCH FIRST 1 ROWS ONLY
info: Microsoft.EntityFrameworkCore.Database.Command[20101]
      Executed DbCommand (309ms) [Parameters=[:nguoiDung_ID_0='?' (DbType = Decimal)], CommandType='Text', CommandTimeout='0']
      SELECT "c"."VAI_TRO_ID"
      FROM "QL_VAI_TRO_NGUOI_DUNG" "c"
      WHERE "c"."NGUOI_DUNG_ID" = :nguoiDung_ID_0
info: Microsoft.EntityFrameworkCore.Database.Command[20101]
      Executed DbCommand (4ms) [Parameters=[:Ma_0='?' (Size = 2000)], CommandType='Text', CommandTimeout='0']
      SELECT "l"."GIA_TRI"
      FROM "QL_NHAN_HIEN_THI" "l"
      WHERE "l"."MA" = :Ma_0
      FETCH FIRST 1 ROWS ONLY
info: Microsoft.EntityFrameworkCore.Database.Command[20101]
      Executed DbCommand (3ms) [Parameters=[:nguoiDung_ID_0='?' (DbType = Decimal)], CommandType='Text', CommandTimeout='0']
      SELECT "c"."VAI_TRO_ID"
      FROM "QL_VAI_TRO_NGUOI_DUNG" "c"
      WHERE "c"."NGUOI_DUNG_ID" = :nguoiDung_ID_0
info: Microsoft.EntityFrameworkCore.Database.Command[20101]
      Executed DbCommand (5ms) [Parameters=[:Ma_0='?' (Size = 2000)], CommandType='Text', CommandTimeout='0']
      SELECT "l"."GIA_TRI"
      FROM "QL_NHAN_HIEN_THI" "l"
      WHERE "l"."MA" = :Ma_0
      FETCH FIRST 1 ROWS ONLY
info: Microsoft.EntityFrameworkCore.Database.Command[20101]
      Executed DbCommand (5ms) [Parameters=[:nguoiDung_ID_0='?' (DbType = Decimal)], CommandType='Text', CommandTimeout='0']
      SELECT "c"."VAI_TRO_ID"
      FROM "QL_VAI_TRO_NGUOI_DUNG" "c"
      WHERE "c"."NGUOI_DUNG_ID" = :nguoiDung_ID_0
info: Microsoft.EntityFrameworkCore.Database.Command[20101]
      Executed DbCommand (2ms) [Parameters=[:Ma_0='?' (Size = 2000)], CommandType='Text', CommandTimeout='0']
      SELECT "l"."GIA_TRI"
      FROM "QL_NHAN_HIEN_THI" "l"
      WHERE "l"."MA" = :Ma_0
      FETCH FIRST 1 ROWS ONLY
info: Microsoft.EntityFrameworkCore.Database.Command[20101]
      Executed DbCommand (2ms) [Parameters=[:nguoiDung_ID_0='?' (DbType = Decimal)], CommandType='Text', CommandTimeout='0']
      SELECT "c"."VAI_TRO_ID"
      FROM "QL_VAI_TRO_NGUOI_DUNG" "c"
      WHERE "c"."NGUOI_DUNG_ID" = :nguoiDung_ID_0
info: Microsoft.EntityFrameworkCore.Database.Command[20101]
      Executed DbCommand (6ms) [Parameters=[:Ma_0='?' (Size = 2000)], CommandType='Text', CommandTimeout='0']
      SELECT "l"."GIA_TRI"
      FROM "QL_NHAN_HIEN_THI" "l"
      WHERE "l"."MA" = :Ma_0
      FETCH FIRST 1 ROWS ONLY
info: Microsoft.EntityFrameworkCore.Database.Command[20101]
      Executed DbCommand (8ms) [Parameters=[:nguoiDung_ID_0='?' (DbType = Decimal)], CommandType='Text', CommandTimeout='0']
      SELECT "c"."VAI_TRO_ID"
      FROM "QL_VAI_TRO_NGUOI_DUNG" "c"
      WHERE "c"."NGUOI_DUNG_ID" = :nguoiDung_ID_0
info: Microsoft.EntityFrameworkCore.Database.Command[20101]
      Executed DbCommand (3ms) [Parameters=[:Ma_0='?' (Size = 2000)], CommandType='Text', CommandTimeout='0']
      SELECT "l"."GIA_TRI"
      FROM "QL_NHAN_HIEN_THI" "l"
      WHERE "l"."MA" = :Ma_0
      FETCH FIRST 1 ROWS ONLY
info: Microsoft.EntityFrameworkCore.Database.Command[20101]
      Executed DbCommand (6ms) [Parameters=[:nguoiDung_ID_0='?' (DbType = Decimal)], CommandType='Text', CommandTimeout='0']
      SELECT "c"."VAI_TRO_ID"
      FROM "QL_VAI_TRO_NGUOI_DUNG" "c"
      WHERE "c"."NGUOI_DUNG_ID" = :nguoiDung_ID_0
info: Microsoft.EntityFrameworkCore.Database.Command[20101]
      Executed DbCommand (10ms) [Parameters=[:Ma_0='?' (Size = 2000)], CommandType='Text', CommandTimeout='0']
      SELECT "l"."GIA_TRI"
      FROM "QL_NHAN_HIEN_THI" "l"
      WHERE "l"."MA" = :Ma_0
      FETCH FIRST 1 ROWS ONLY
info: Microsoft.EntityFrameworkCore.Database.Command[20101]
      Executed DbCommand (5ms) [Parameters=[:nguoiDung_ID_0='?' (DbType = Decimal)], CommandType='Text', CommandTimeout='0']
      SELECT "c"."VAI_TRO_ID"
      FROM "QL_VAI_TRO_NGUOI_DUNG" "c"
      WHERE "c"."NGUOI_DUNG_ID" = :nguoiDung_ID_0
info: Microsoft.EntityFrameworkCore.Database.Command[20101]
      Executed DbCommand (6ms) [Parameters=[:Ma_0='?' (Size = 2000)], CommandType='Text', CommandTimeout='0']
      SELECT "l"."GIA_TRI"
      FROM "QL_NHAN_HIEN_THI" "l"
      WHERE "l"."MA" = :Ma_0
      FETCH FIRST 1 ROWS ONLY
info: Microsoft.EntityFrameworkCore.Database.Command[20101]
      Executed DbCommand (2ms) [Parameters=[:nguoiDung_ID_0='?' (DbType = Decimal)], CommandType='Text', CommandTimeout='0']
      SELECT "c"."VAI_TRO_ID"
      FROM "QL_VAI_TRO_NGUOI_DUNG" "c"
      WHERE "c"."NGUOI_DUNG_ID" = :nguoiDung_ID_0
info: Microsoft.EntityFrameworkCore.Database.Command[20101]
      Executed DbCommand (3ms) [Parameters=[:Ma_0='?' (Size = 2000)], CommandType='Text', CommandTimeout='0']
      SELECT "l"."GIA_TRI"
      FROM "QL_NHAN_HIEN_THI" "l"
      WHERE "l"."MA" = :Ma_0
      FETCH FIRST 1 ROWS ONLY
info: Microsoft.EntityFrameworkCore.Database.Command[20101]
      Executed DbCommand (7ms) [Parameters=[:nguoiDung_ID_0='?' (DbType = Decimal)], CommandType='Text', CommandTimeout='0']
      SELECT "c"."VAI_TRO_ID"
      FROM "QL_VAI_TRO_NGUOI_DUNG" "c"
      WHERE "c"."NGUOI_DUNG_ID" = :nguoiDung_ID_0
info: Microsoft.EntityFrameworkCore.Database.Command[20101]
      Executed DbCommand (318ms) [Parameters=[:Ma_0='?' (Size = 2000)], CommandType='Text', CommandTimeout='0']
      SELECT "l"."GIA_TRI"
      FROM "QL_NHAN_HIEN_THI" "l"
      WHERE "l"."MA" = :Ma_0
      FETCH FIRST 1 ROWS ONLY
info: Microsoft.EntityFrameworkCore.Database.Command[20101]
      Executed DbCommand (83ms) [Parameters=[:nguoiDung_ID_0='?' (DbType = Decimal)], CommandType='Text', CommandTimeout='0']
      SELECT "c"."VAI_TRO_ID"
      FROM "QL_VAI_TRO_NGUOI_DUNG" "c"
      WHERE "c"."NGUOI_DUNG_ID" = :nguoiDung_ID_0
info: Microsoft.EntityFrameworkCore.Database.Command[20101]
      Executed DbCommand (2ms) [Parameters=[:Ma_0='?' (Size = 2000)], CommandType='Text', CommandTimeout='0']
      SELECT "l"."GIA_TRI"
      FROM "QL_NHAN_HIEN_THI" "l"
      WHERE "l"."MA" = :Ma_0
      FETCH FIRST 1 ROWS ONLY
info: Microsoft.EntityFrameworkCore.Database.Command[20101]
      Executed DbCommand (2ms) [Parameters=[:nguoiDung_ID_0='?' (DbType = Decimal)], CommandType='Text', CommandTimeout='0']
      SELECT "c"."VAI_TRO_ID"
      FROM "QL_VAI_TRO_NGUOI_DUNG" "c"
      WHERE "c"."NGUOI_DUNG_ID" = :nguoiDung_ID_0
info: Microsoft.EntityFrameworkCore.Database.Command[20101]
      Executed DbCommand (4ms) [Parameters=[:Ma_0='?' (Size = 2000)], CommandType='Text', CommandTimeout='0']
      SELECT "l"."GIA_TRI"
      FROM "QL_NHAN_HIEN_THI" "l"
      WHERE "l"."MA" = :Ma_0
      FETCH FIRST 1 ROWS ONLY
info: Microsoft.EntityFrameworkCore.Database.Command[20101]
      Executed DbCommand (7ms) [Parameters=[:nguoiDung_ID_0='?' (DbType = Decimal)], CommandType='Text', CommandTimeout='0']
      SELECT "c"."VAI_TRO_ID"
      FROM "QL_VAI_TRO_NGUOI_DUNG" "c"
      WHERE "c"."NGUOI_DUNG_ID" = :nguoiDung_ID_0
info: Microsoft.EntityFrameworkCore.Database.Command[20101]
      Executed DbCommand (2ms) [Parameters=[:Ma_0='?' (Size = 2000)], CommandType='Text', CommandTimeout='0']
      SELECT "l"."GIA_TRI"
      FROM "QL_NHAN_HIEN_THI" "l"
      WHERE "l"."MA" = :Ma_0
      FETCH FIRST 1 ROWS ONLY
info: Microsoft.EntityFrameworkCore.Database.Command[20101]
      Executed DbCommand (5ms) [Parameters=[:nguoiDung_ID_0='?' (DbType = Decimal)], CommandType='Text', CommandTimeout='0']
      SELECT "c"."VAI_TRO_ID"
      FROM "QL_VAI_TRO_NGUOI_DUNG" "c"
      WHERE "c"."NGUOI_DUNG_ID" = :nguoiDung_ID_0
info: Microsoft.EntityFrameworkCore.Database.Command[20101]
      Executed DbCommand (5ms) [Parameters=[:Ma_0='?' (Size = 2000)], CommandType='Text', CommandTimeout='0']
      SELECT "l"."GIA_TRI"
      FROM "QL_NHAN_HIEN_THI" "l"
      WHERE "l"."MA" = :Ma_0
      FETCH FIRST 1 ROWS ONLY
info: Microsoft.EntityFrameworkCore.Database.Command[20101]
      Executed DbCommand (2ms) [Parameters=[:nguoiDung_ID_0='?' (DbType = Decimal)], CommandType='Text', CommandTimeout='0']
      SELECT "c"."VAI_TRO_ID"
      FROM "QL_VAI_TRO_NGUOI_DUNG" "c"
      WHERE "c"."NGUOI_DUNG_ID" = :nguoiDung_ID_0
info: Microsoft.EntityFrameworkCore.Database.Command[20101]
      Executed DbCommand (2ms) [Parameters=[:Ma_0='?' (Size = 2000)], CommandType='Text', CommandTimeout='0']
      SELECT "l"."GIA_TRI"
      FROM "QL_NHAN_HIEN_THI" "l"
      WHERE "l"."MA" = :Ma_0
      FETCH FIRST 1 ROWS ONLY
info: Microsoft.EntityFrameworkCore.Database.Command[20101]
      Executed DbCommand (5ms) [Parameters=[:nguoiDung_ID_0='?' (DbType = Decimal)], CommandType='Text', CommandTimeout='0']
      SELECT "c"."VAI_TRO_ID"
      FROM "QL_VAI_TRO_NGUOI_DUNG" "c"
      WHERE "c"."NGUOI_DUNG_ID" = :nguoiDung_ID_0
info: Microsoft.EntityFrameworkCore.Database.Command[20101]
      Executed DbCommand (320ms) [Parameters=[:Ma_0='?' (Size = 2000)], CommandType='Text', CommandTimeout='0']
      SELECT "l"."GIA_TRI"
      FROM "QL_NHAN_HIEN_THI" "l"
      WHERE "l"."MA" = :Ma_0
      FETCH FIRST 1 ROWS ONLY
info: Microsoft.EntityFrameworkCore.Database.Command[20101]
      Executed DbCommand (5ms) [Parameters=[:nguoiDung_ID_0='?' (DbType = Decimal)], CommandType='Text', CommandTimeout='0']
      SELECT "c"."VAI_TRO_ID"
      FROM "QL_VAI_TRO_NGUOI_DUNG" "c"
      WHERE "c"."NGUOI_DUNG_ID" = :nguoiDung_ID_0
info: Microsoft.EntityFrameworkCore.Database.Command[20101]
      Executed DbCommand (6ms) [Parameters=[:Ma_0='?' (Size = 2000)], CommandType='Text', CommandTimeout='0']
      SELECT "l"."GIA_TRI"
      FROM "QL_NHAN_HIEN_THI" "l"
      WHERE "l"."MA" = :Ma_0
      FETCH FIRST 1 ROWS ONLY
info: Microsoft.EntityFrameworkCore.Database.Command[20101]
      Executed DbCommand (5ms) [Parameters=[:nguoiDung_ID_0='?' (DbType = Decimal)], CommandType='Text', CommandTimeout='0']
      SELECT "c"."VAI_TRO_ID"
      FROM "QL_VAI_TRO_NGUOI_DUNG" "c"
      WHERE "c"."NGUOI_DUNG_ID" = :nguoiDung_ID_0
info: Microsoft.EntityFrameworkCore.Database.Command[20101]
      Executed DbCommand (7ms) [Parameters=[:Ma_0='?' (Size = 2000)], CommandType='Text', CommandTimeout='0']
      SELECT "l"."GIA_TRI"
      FROM "QL_NHAN_HIEN_THI" "l"
      WHERE "l"."MA" = :Ma_0
      FETCH FIRST 1 ROWS ONLY
info: Microsoft.EntityFrameworkCore.Database.Command[20101]
      Executed DbCommand (6ms) [Parameters=[:nguoiDung_ID_0='?' (DbType = Decimal)], CommandType='Text', CommandTimeout='0']
      SELECT "c"."VAI_TRO_ID"
      FROM "QL_VAI_TRO_NGUOI_DUNG" "c"
      WHERE "c"."NGUOI_DUNG_ID" = :nguoiDung_ID_0
info: Microsoft.EntityFrameworkCore.Database.Command[20101]
      Executed DbCommand (5ms) [Parameters=[:Ma_0='?' (Size = 2000)], CommandType='Text', CommandTimeout='0']
      SELECT "l"."GIA_TRI"
      FROM "QL_NHAN_HIEN_THI" "l"
      WHERE "l"."MA" = :Ma_0
      FETCH FIRST 1 ROWS ONLY
info: Microsoft.EntityFrameworkCore.Database.Command[20101]
      Executed DbCommand (7ms) [Parameters=[:nguoiDung_ID_0='?' (DbType = Decimal)], CommandType='Text', CommandTimeout='0']
      SELECT "c"."VAI_TRO_ID"
      FROM "QL_VAI_TRO_NGUOI_DUNG" "c"
      WHERE "c"."NGUOI_DUNG_ID" = :nguoiDung_ID_0
info: Microsoft.EntityFrameworkCore.Database.Command[20101]
      Executed DbCommand (4ms) [Parameters=[:Ma_0='?' (Size = 2000)], CommandType='Text', CommandTimeout='0']
      SELECT "l"."GIA_TRI"
      FROM "QL_NHAN_HIEN_THI" "l"
      WHERE "l"."MA" = :Ma_0
      FETCH FIRST 1 ROWS ONLY
info: Microsoft.EntityFrameworkCore.Database.Command[20101]
      Executed DbCommand (2ms) [Parameters=[:nguoiDung_ID_0='?' (DbType = Decimal)], CommandType='Text', CommandTimeout='0']
      SELECT "c"."VAI_TRO_ID"
      FROM "QL_VAI_TRO_NGUOI_DUNG" "c"
      WHERE "c"."NGUOI_DUNG_ID" = :nguoiDung_ID_0
info: Microsoft.EntityFrameworkCore.Database.Command[20101]
      Executed DbCommand (3ms) [Parameters=[:Ma_0='?' (Size = 2000)], CommandType='Text', CommandTimeout='0']
      SELECT "l"."GIA_TRI"
      FROM "QL_NHAN_HIEN_THI" "l"
      WHERE "l"."MA" = :Ma_0
      FETCH FIRST 1 ROWS ONLY
info: Microsoft.EntityFrameworkCore.Database.Command[20101]
      Executed DbCommand (2ms) [Parameters=[:nguoiDung_ID_0='?' (DbType = Decimal)], CommandType='Text', CommandTimeout='0']
      SELECT "c"."VAI_TRO_ID"
      FROM "QL_VAI_TRO_NGUOI_DUNG" "c"
      WHERE "c"."NGUOI_DUNG_ID" = :nguoiDung_ID_0
info: Microsoft.EntityFrameworkCore.Database.Command[20101]
      Executed DbCommand (3ms) [Parameters=[:Ma_0='?' (Size = 2000)], CommandType='Text', CommandTimeout='0']
      SELECT "l"."GIA_TRI"
      FROM "QL_NHAN_HIEN_THI" "l"
      WHERE "l"."MA" = :Ma_0
      FETCH FIRST 1 ROWS ONLY
info: Microsoft.EntityFrameworkCore.Database.Command[20101]
      Executed DbCommand (2ms) [Parameters=[:nguoiDung_ID_0='?' (DbType = Decimal)], CommandType='Text', CommandTimeout='0']
      SELECT "c"."VAI_TRO_ID"
      FROM "QL_VAI_TRO_NGUOI_DUNG" "c"
      WHERE "c"."NGUOI_DUNG_ID" = :nguoiDung_ID_0
info: Microsoft.EntityFrameworkCore.Database.Command[20101]
      Executed DbCommand (3ms) [Parameters=[:Ma_0='?' (Size = 2000)], CommandType='Text', CommandTimeout='0']
      SELECT "l"."GIA_TRI"
      FROM "QL_NHAN_HIEN_THI" "l"
      WHERE "l"."MA" = :Ma_0
      FETCH FIRST 1 ROWS ONLY
info: Microsoft.EntityFrameworkCore.Database.Command[20101]
      Executed DbCommand (2ms) [Parameters=[:nguoiDung_ID_0='?' (DbType = Decimal)], CommandType='Text', CommandTimeout='0']
      SELECT "c"."VAI_TRO_ID"
      FROM "QL_VAI_TRO_NGUOI_DUNG" "c"
      WHERE "c"."NGUOI_DUNG_ID" = :nguoiDung_ID_0
info: Microsoft.EntityFrameworkCore.Database.Command[20101]
      Executed DbCommand (3ms) [Parameters=[:Ma_0='?' (Size = 2000)], CommandType='Text', CommandTimeout='0']
      SELECT "l"."GIA_TRI"
      FROM "QL_NHAN_HIEN_THI" "l"
      WHERE "l"."MA" = :Ma_0
      FETCH FIRST 1 ROWS ONLY
info: Microsoft.EntityFrameworkCore.Database.Command[20101]
      Executed DbCommand (3ms) [Parameters=[:nguoiDung_ID_0='?' (DbType = Decimal)], CommandType='Text', CommandTimeout='0']
      SELECT "c"."VAI_TRO_ID"
      FROM "QL_VAI_TRO_NGUOI_DUNG" "c"
      WHERE "c"."NGUOI_DUNG_ID" = :nguoiDung_ID_0
info: Microsoft.EntityFrameworkCore.Database.Command[20101]
      Executed DbCommand (5ms) [Parameters=[:Ma_0='?' (Size = 2000)], CommandType='Text', CommandTimeout='0']
      SELECT "l"."GIA_TRI"
      FROM "QL_NHAN_HIEN_THI" "l"
      WHERE "l"."MA" = :Ma_0
      FETCH FIRST 1 ROWS ONLY
info: Microsoft.EntityFrameworkCore.Database.Command[20101]
      Executed DbCommand (3ms) [Parameters=[:nguoiDung_ID_0='?' (DbType = Decimal)], CommandType='Text', CommandTimeout='0']
      SELECT "c"."VAI_TRO_ID"
      FROM "QL_VAI_TRO_NGUOI_DUNG" "c"
      WHERE "c"."NGUOI_DUNG_ID" = :nguoiDung_ID_0
info: Microsoft.EntityFrameworkCore.Database.Command[20101]
      Executed DbCommand (5ms) [Parameters=[:Ma_0='?' (Size = 2000)], CommandType='Text', CommandTimeout='0']
      SELECT "l"."GIA_TRI"
      FROM "QL_NHAN_HIEN_THI" "l"
      WHERE "l"."MA" = :Ma_0
      FETCH FIRST 1 ROWS ONLY
info: Microsoft.EntityFrameworkCore.Database.Command[20101]
      Executed DbCommand (2ms) [Parameters=[:nguoiDung_ID_0='?' (DbType = Decimal)], CommandType='Text', CommandTimeout='0']
      SELECT "c"."VAI_TRO_ID"
      FROM "QL_VAI_TRO_NGUOI_DUNG" "c"
      WHERE "c"."NGUOI_DUNG_ID" = :nguoiDung_ID_0
info: Microsoft.EntityFrameworkCore.Database.Command[20101]
      Executed DbCommand (3ms) [Parameters=[:Ma_0='?' (Size = 2000)], CommandType='Text', CommandTimeout='0']
      SELECT "l"."GIA_TRI"
      FROM "QL_NHAN_HIEN_THI" "l"
      WHERE "l"."MA" = :Ma_0
      FETCH FIRST 1 ROWS ONLY
info: Microsoft.EntityFrameworkCore.Database.Command[20101]
      Executed DbCommand (3ms) [Parameters=[:nguoiDung_ID_0='?' (DbType = Decimal)], CommandType='Text', CommandTimeout='0']
      SELECT "c"."VAI_TRO_ID"
      FROM "QL_VAI_TRO_NGUOI_DUNG" "c"
      WHERE "c"."NGUOI_DUNG_ID" = :nguoiDung_ID_0
info: Microsoft.EntityFrameworkCore.Database.Command[20101]
      Executed DbCommand (3ms) [Parameters=[:Ma_0='?' (Size = 2000)], CommandType='Text', CommandTimeout='0']
      SELECT "l"."GIA_TRI"
      FROM "QL_NHAN_HIEN_THI" "l"
      WHERE "l"."MA" = :Ma_0
      FETCH FIRST 1 ROWS ONLY
info: Microsoft.EntityFrameworkCore.Database.Command[20101]
      Executed DbCommand (2ms) [Parameters=[:nguoiDung_ID_0='?' (DbType = Decimal)], CommandType='Text', CommandTimeout='0']
      SELECT "c"."VAI_TRO_ID"
      FROM "QL_VAI_TRO_NGUOI_DUNG" "c"
      WHERE "c"."NGUOI_DUNG_ID" = :nguoiDung_ID_0
info: Microsoft.EntityFrameworkCore.Database.Command[20101]
      Executed DbCommand (2ms) [Parameters=[:Ma_0='?' (Size = 2000)], CommandType='Text', CommandTimeout='0']
      SELECT "l"."GIA_TRI"
      FROM "QL_NHAN_HIEN_THI" "l"
      WHERE "l"."MA" = :Ma_0
      FETCH FIRST 1 ROWS ONLY
info: Microsoft.EntityFrameworkCore.Database.Command[20101]
      Executed DbCommand (2ms) [Parameters=[:nguoiDung_ID_0='?' (DbType = Decimal)], CommandType='Text', CommandTimeout='0']
      SELECT "c"."VAI_TRO_ID"
      FROM "QL_VAI_TRO_NGUOI_DUNG" "c"
      WHERE "c"."NGUOI_DUNG_ID" = :nguoiDung_ID_0
info: Microsoft.EntityFrameworkCore.Database.Command[20101]
      Executed DbCommand (4ms) [Parameters=[:Ma_0='?' (Size = 2000)], CommandType='Text', CommandTimeout='0']
      SELECT "l"."GIA_TRI"
      FROM "QL_NHAN_HIEN_THI" "l"
      WHERE "l"."MA" = :Ma_0
      FETCH FIRST 1 ROWS ONLY
info: Microsoft.EntityFrameworkCore.Database.Command[20101]
      Executed DbCommand (4ms) [Parameters=[:nguoiDung_ID_0='?' (DbType = Decimal)], CommandType='Text', CommandTimeout='0']
      SELECT "c"."VAI_TRO_ID"
      FROM "QL_VAI_TRO_NGUOI_DUNG" "c"
      WHERE "c"."NGUOI_DUNG_ID" = :nguoiDung_ID_0
info: Microsoft.EntityFrameworkCore.Database.Command[20101]
      Executed DbCommand (6ms) [Parameters=[:Ma_0='?' (Size = 2000)], CommandType='Text', CommandTimeout='0']
      SELECT "l"."GIA_TRI"
      FROM "QL_NHAN_HIEN_THI" "l"
      WHERE "l"."MA" = :Ma_0
      FETCH FIRST 1 ROWS ONLY
info: Microsoft.EntityFrameworkCore.Database.Command[20101]
      Executed DbCommand (6ms) [Parameters=[:nguoiDung_ID_0='?' (DbType = Decimal)], CommandType='Text', CommandTimeout='0']
      SELECT "c"."VAI_TRO_ID"
      FROM "QL_VAI_TRO_NGUOI_DUNG" "c"
      WHERE "c"."NGUOI_DUNG_ID" = :nguoiDung_ID_0
info: Microsoft.EntityFrameworkCore.Database.Command[20101]
      Executed DbCommand (6ms) [Parameters=[:Ma_0='?' (Size = 2000)], CommandType='Text', CommandTimeout='0']
      SELECT "l"."GIA_TRI"
      FROM "QL_NHAN_HIEN_THI" "l"
      WHERE "l"."MA" = :Ma_0
      FETCH FIRST 1 ROWS ONLY
info: Microsoft.EntityFrameworkCore.Database.Command[20101]
      Executed DbCommand (2ms) [Parameters=[:nguoiDung_ID_0='?' (DbType = Decimal)], CommandType='Text', CommandTimeout='0']
      SELECT "c"."VAI_TRO_ID"
      FROM "QL_VAI_TRO_NGUOI_DUNG" "c"
      WHERE "c"."NGUOI_DUNG_ID" = :nguoiDung_ID_0
info: Microsoft.EntityFrameworkCore.Database.Command[20101]
      Executed DbCommand (3ms) [Parameters=[:Ma_0='?' (Size = 2000)], CommandType='Text', CommandTimeout='0']
      SELECT "l"."GIA_TRI"
      FROM "QL_NHAN_HIEN_THI" "l"
      WHERE "l"."MA" = :Ma_0
      FETCH FIRST 1 ROWS ONLY
info: Microsoft.EntityFrameworkCore.Database.Command[20101]
      Executed DbCommand (2ms) [Parameters=[:nguoiDung_ID_0='?' (DbType = Decimal)], CommandType='Text', CommandTimeout='0']
      SELECT "c"."VAI_TRO_ID"
      FROM "QL_VAI_TRO_NGUOI_DUNG" "c"
      WHERE "c"."NGUOI_DUNG_ID" = :nguoiDung_ID_0
info: Microsoft.EntityFrameworkCore.Database.Command[20101]
      Executed DbCommand (2ms) [Parameters=[:Ma_0='?' (Size = 2000)], CommandType='Text', CommandTimeout='0']
      SELECT "l"."GIA_TRI"
      FROM "QL_NHAN_HIEN_THI" "l"
      WHERE "l"."MA" = :Ma_0
      FETCH FIRST 1 ROWS ONLY
info: Microsoft.EntityFrameworkCore.Database.Command[20101]
      Executed DbCommand (5ms) [Parameters=[:nguoiDung_ID_0='?' (DbType = Decimal)], CommandType='Text', CommandTimeout='0']
      SELECT "c"."VAI_TRO_ID"
      FROM "QL_VAI_TRO_NGUOI_DUNG" "c"
      WHERE "c"."NGUOI_DUNG_ID" = :nguoiDung_ID_0
info: Microsoft.EntityFrameworkCore.Database.Command[20101]
      Executed DbCommand (4ms) [Parameters=[:Ma_0='?' (Size = 2000)], CommandType='Text', CommandTimeout='0']
      SELECT "l"."GIA_TRI"
      FROM "QL_NHAN_HIEN_THI" "l"
      WHERE "l"."MA" = :Ma_0
      FETCH FIRST 1 ROWS ONLY
info: Microsoft.EntityFrameworkCore.Database.Command[20101]
      Executed DbCommand (5ms) [Parameters=[:nguoiDung_ID_0='?' (DbType = Decimal)], CommandType='Text', CommandTimeout='0']
      SELECT "c"."VAI_TRO_ID"
      FROM "QL_VAI_TRO_NGUOI_DUNG" "c"
      WHERE "c"."NGUOI_DUNG_ID" = :nguoiDung_ID_0
info: Microsoft.EntityFrameworkCore.Database.Command[20101]
      Executed DbCommand (7ms) [Parameters=[:Ma_0='?' (Size = 2000)], CommandType='Text', CommandTimeout='0']
      SELECT "l"."GIA_TRI"
      FROM "QL_NHAN_HIEN_THI" "l"
      WHERE "l"."MA" = :Ma_0
      FETCH FIRST 1 ROWS ONLY
info: Microsoft.EntityFrameworkCore.Database.Command[20101]
      Executed DbCommand (6ms) [Parameters=[:nguoiDung_ID_0='?' (DbType = Decimal)], CommandType='Text', CommandTimeout='0']
      SELECT "c"."VAI_TRO_ID"
      FROM "QL_VAI_TRO_NGUOI_DUNG" "c"
      WHERE "c"."NGUOI_DUNG_ID" = :nguoiDung_ID_0
info: Microsoft.EntityFrameworkCore.Database.Command[20101]
      Executed DbCommand (6ms) [Parameters=[:Ma_0='?' (Size = 2000)], CommandType='Text', CommandTimeout='0']
      SELECT "l"."GIA_TRI"
      FROM "QL_NHAN_HIEN_THI" "l"
      WHERE "l"."MA" = :Ma_0
      FETCH FIRST 1 ROWS ONLY
info: Microsoft.EntityFrameworkCore.Database.Command[20101]
      Executed DbCommand (2ms) [Parameters=[:nguoiDung_ID_0='?' (DbType = Decimal)], CommandType='Text', CommandTimeout='0']
      SELECT "c"."VAI_TRO_ID"
      FROM "QL_VAI_TRO_NGUOI_DUNG" "c"
      WHERE "c"."NGUOI_DUNG_ID" = :nguoiDung_ID_0
info: Microsoft.EntityFrameworkCore.Database.Command[20101]
      Executed DbCommand (2ms) [Parameters=[:Ma_0='?' (Size = 2000)], CommandType='Text', CommandTimeout='0']
      SELECT "l"."GIA_TRI"
      FROM "QL_NHAN_HIEN_THI" "l"
      WHERE "l"."MA" = :Ma_0
      FETCH FIRST 1 ROWS ONLY
info: Microsoft.EntityFrameworkCore.Database.Command[20101]
      Executed DbCommand (3ms) [Parameters=[:nguoiDung_ID_0='?' (DbType = Decimal)], CommandType='Text', CommandTimeout='0']
      SELECT "c"."VAI_TRO_ID"
      FROM "QL_VAI_TRO_NGUOI_DUNG" "c"
      WHERE "c"."NGUOI_DUNG_ID" = :nguoiDung_ID_0
info: Microsoft.EntityFrameworkCore.Database.Command[20101]
      Executed DbCommand (2ms) [Parameters=[:Ma_0='?' (Size = 2000)], CommandType='Text', CommandTimeout='0']
      SELECT "l"."GIA_TRI"
      FROM "QL_NHAN_HIEN_THI" "l"
      WHERE "l"."MA" = :Ma_0
      FETCH FIRST 1 ROWS ONLY
info: Microsoft.EntityFrameworkCore.Database.Command[20101]
      Executed DbCommand (3ms) [Parameters=[:nguoiDung_ID_0='?' (DbType = Decimal)], CommandType='Text', CommandTimeout='0']
      SELECT "c"."VAI_TRO_ID"
      FROM "QL_VAI_TRO_NGUOI_DUNG" "c"
      WHERE "c"."NGUOI_DUNG_ID" = :nguoiDung_ID_0
info: Microsoft.EntityFrameworkCore.Database.Command[20101]
      Executed DbCommand (3ms) [Parameters=[:Ma_0='?' (Size = 2000)], CommandType='Text', CommandTimeout='0']
      SELECT "l"."GIA_TRI"
      FROM "QL_NHAN_HIEN_THI" "l"
      WHERE "l"."MA" = :Ma_0
      FETCH FIRST 1 ROWS ONLY
info: Microsoft.EntityFrameworkCore.Database.Command[20101]
      Executed DbCommand (2ms) [Parameters=[:nguoiDung_ID_0='?' (DbType = Decimal)], CommandType='Text', CommandTimeout='0']
      SELECT "c"."VAI_TRO_ID"
      FROM "QL_VAI_TRO_NGUOI_DUNG" "c"
      WHERE "c"."NGUOI_DUNG_ID" = :nguoiDung_ID_0
info: Microsoft.EntityFrameworkCore.Database.Command[20101]
      Executed DbCommand (4ms) [Parameters=[:Ma_0='?' (Size = 2000)], CommandType='Text', CommandTimeout='0']
      SELECT "l"."GIA_TRI"
      FROM "QL_NHAN_HIEN_THI" "l"
      WHERE "l"."MA" = :Ma_0
      FETCH FIRST 1 ROWS ONLY
info: Microsoft.EntityFrameworkCore.Database.Command[20101]
      Executed DbCommand (7ms) [Parameters=[:nguoiDung_ID_0='?' (DbType = Decimal)], CommandType='Text', CommandTimeout='0']
      SELECT "c"."VAI_TRO_ID"
      FROM "QL_VAI_TRO_NGUOI_DUNG" "c"
      WHERE "c"."NGUOI_DUNG_ID" = :nguoiDung_ID_0
info: Microsoft.EntityFrameworkCore.Database.Command[20101]
      Executed DbCommand (3ms) [Parameters=[:Ma_0='?' (Size = 2000)], CommandType='Text', CommandTimeout='0']
      SELECT "l"."GIA_TRI"
      FROM "QL_NHAN_HIEN_THI" "l"
      WHERE "l"."MA" = :Ma_0
      FETCH FIRST 1 ROWS ONLY
info: Microsoft.EntityFrameworkCore.Database.Command[20101]
      Executed DbCommand (2ms) [Parameters=[:nguoiDung_ID_0='?' (DbType = Decimal)], CommandType='Text', CommandTimeout='0']
      SELECT "c"."VAI_TRO_ID"
      FROM "QL_VAI_TRO_NGUOI_DUNG" "c"
      WHERE "c"."NGUOI_DUNG_ID" = :nguoiDung_ID_0
info: Microsoft.EntityFrameworkCore.Database.Command[20101]
      Executed DbCommand (4ms) [Parameters=[:Ma_0='?' (Size = 2000)], CommandType='Text', CommandTimeout='0']
      SELECT "l"."GIA_TRI"
      FROM "QL_NHAN_HIEN_THI" "l"
      WHERE "l"."MA" = :Ma_0
      FETCH FIRST 1 ROWS ONLY
info: Microsoft.EntityFrameworkCore.Database.Command[20101]
      Executed DbCommand (3ms) [Parameters=[:nguoiDung_ID_0='?' (DbType = Decimal)], CommandType='Text', CommandTimeout='0']
      SELECT "c"."VAI_TRO_ID"
      FROM "QL_VAI_TRO_NGUOI_DUNG" "c"
      WHERE "c"."NGUOI_DUNG_ID" = :nguoiDung_ID_0
info: Microsoft.EntityFrameworkCore.Database.Command[20101]
      Executed DbCommand (2ms) [Parameters=[:Ma_0='?' (Size = 2000)], CommandType='Text', CommandTimeout='0']
      SELECT "l"."GIA_TRI"
      FROM "QL_NHAN_HIEN_THI" "l"
      WHERE "l"."MA" = :Ma_0
      FETCH FIRST 1 ROWS ONLY
info: Microsoft.EntityFrameworkCore.Database.Command[20101]
      Executed DbCommand (5ms) [Parameters=[:nguoiDung_ID_0='?' (DbType = Decimal)], CommandType='Text', CommandTimeout='0']
      SELECT "c"."VAI_TRO_ID"
      FROM "QL_VAI_TRO_NGUOI_DUNG" "c"
      WHERE "c"."NGUOI_DUNG_ID" = :nguoiDung_ID_0
info: Microsoft.EntityFrameworkCore.Database.Command[20101]
      Executed DbCommand (7ms) [Parameters=[:Ma_0='?' (Size = 2000)], CommandType='Text', CommandTimeout='0']
      SELECT "l"."GIA_TRI"
      FROM "QL_NHAN_HIEN_THI" "l"
      WHERE "l"."MA" = :Ma_0
      FETCH FIRST 1 ROWS ONLY
info: Microsoft.EntityFrameworkCore.Database.Command[20101]
      Executed DbCommand (5ms) [Parameters=[:nguoiDung_ID_0='?' (DbType = Decimal)], CommandType='Text', CommandTimeout='0']
      SELECT "c"."VAI_TRO_ID"
      FROM "QL_VAI_TRO_NGUOI_DUNG" "c"
      WHERE "c"."NGUOI_DUNG_ID" = :nguoiDung_ID_0
info: Microsoft.EntityFrameworkCore.Database.Command[20101]
      Executed DbCommand (4ms) [Parameters=[:Ma_0='?' (Size = 2000)], CommandType='Text', CommandTimeout='0']
      SELECT "l"."GIA_TRI"
      FROM "QL_NHAN_HIEN_THI" "l"
      WHERE "l"."MA" = :Ma_0
      FETCH FIRST 1 ROWS ONLY
info: Microsoft.EntityFrameworkCore.Database.Command[20101]
      Executed DbCommand (2ms) [Parameters=[:nguoiDung_ID_0='?' (DbType = Decimal)], CommandType='Text', CommandTimeout='0']
      SELECT "c"."VAI_TRO_ID"
      FROM "QL_VAI_TRO_NGUOI_DUNG" "c"
      WHERE "c"."NGUOI_DUNG_ID" = :nguoiDung_ID_0
info: Microsoft.EntityFrameworkCore.Database.Command[20101]
      Executed DbCommand (3ms) [Parameters=[:Ma_0='?' (Size = 2000)], CommandType='Text', CommandTimeout='0']
      SELECT "l"."GIA_TRI"
      FROM "QL_NHAN_HIEN_THI" "l"
      WHERE "l"."MA" = :Ma_0
      FETCH FIRST 1 ROWS ONLY
info: Microsoft.EntityFrameworkCore.Database.Command[20101]
      Executed DbCommand (2ms) [Parameters=[:nguoiDung_ID_0='?' (DbType = Decimal)], CommandType='Text', CommandTimeout='0']
      SELECT "c"."VAI_TRO_ID"
      FROM "QL_VAI_TRO_NGUOI_DUNG" "c"
      WHERE "c"."NGUOI_DUNG_ID" = :nguoiDung_ID_0
info: Microsoft.EntityFrameworkCore.Database.Command[20101]
      Executed DbCommand (2ms) [Parameters=[:Ma_0='?' (Size = 2000)], CommandType='Text', CommandTimeout='0']
      SELECT "l"."GIA_TRI"
      FROM "QL_NHAN_HIEN_THI" "l"
      WHERE "l"."MA" = :Ma_0
      FETCH FIRST 1 ROWS ONLY
info: Microsoft.EntityFrameworkCore.Database.Command[20101]
      Executed DbCommand (5ms) [Parameters=[:nguoiDung_ID_0='?' (DbType = Decimal)], CommandType='Text', CommandTimeout='0']
      SELECT "c"."VAI_TRO_ID"
      FROM "QL_VAI_TRO_NGUOI_DUNG" "c"
      WHERE "c"."NGUOI_DUNG_ID" = :nguoiDung_ID_0
info: Microsoft.EntityFrameworkCore.Database.Command[20101]
      Executed DbCommand (64ms) [Parameters=[:donViId_0='?' (DbType = Decimal)], CommandType='Text', CommandTimeout='0']
      SELECT COUNT(*)
      FROM "DM_DON_VI" "p"
      WHERE ((("p"."PARENT_ID" = :donViId_0) AND ("p"."LA_BAN_QL_DU_AN" = 1)) OR (("p"."ID" = :donViId_0) AND ("p"."LOAI_DON_VI_ID" = 15.0))) OR (("p"."ID" = :donViId_0) AND ("p"."LA_BAN_QL_DU_AN" = 1))
info: Microsoft.EntityFrameworkCore.Database.Command[20101]
      Executed DbCommand (4ms) [Parameters=[:Ma_0='?' (Size = 2000)], CommandType='Text', CommandTimeout='0']
      SELECT "l"."GIA_TRI"
      FROM "QL_NHAN_HIEN_THI" "l"
      WHERE "l"."MA" = :Ma_0
      FETCH FIRST 1 ROWS ONLY
info: Microsoft.EntityFrameworkCore.Database.Command[20101]
      Executed DbCommand (3ms) [Parameters=[:nguoiDung_ID_0='?' (DbType = Decimal)], CommandType='Text', CommandTimeout='0']
      SELECT "c"."VAI_TRO_ID"
      FROM "QL_VAI_TRO_NGUOI_DUNG" "c"
      WHERE "c"."NGUOI_DUNG_ID" = :nguoiDung_ID_0
info: Microsoft.EntityFrameworkCore.Database.Command[20101]
      Executed DbCommand (4ms) [Parameters=[:Ma_0='?' (Size = 2000)], CommandType='Text', CommandTimeout='0']
      SELECT "l"."GIA_TRI"
      FROM "QL_NHAN_HIEN_THI" "l"
      WHERE "l"."MA" = :Ma_0
      FETCH FIRST 1 ROWS ONLY
info: Microsoft.EntityFrameworkCore.Database.Command[20101]
      Executed DbCommand (920ms) [Parameters=[:nguoiDung_ID_0='?' (DbType = Decimal)], CommandType='Text', CommandTimeout='0']
      SELECT "c"."VAI_TRO_ID"
      FROM "QL_VAI_TRO_NGUOI_DUNG" "c"
      WHERE "c"."NGUOI_DUNG_ID" = :nguoiDung_ID_0
info: Microsoft.EntityFrameworkCore.Database.Command[20101]
      Executed DbCommand (3ms) [Parameters=[:Ma_0='?' (Size = 2000)], CommandType='Text', CommandTimeout='0']
      SELECT "l"."GIA_TRI"
      FROM "QL_NHAN_HIEN_THI" "l"
      WHERE "l"."MA" = :Ma_0
      FETCH FIRST 1 ROWS ONLY
info: Microsoft.EntityFrameworkCore.Database.Command[20101]
      Executed DbCommand (2ms) [Parameters=[:nguoiDung_ID_0='?' (DbType = Decimal)], CommandType='Text', CommandTimeout='0']
      SELECT "c"."VAI_TRO_ID"
      FROM "QL_VAI_TRO_NGUOI_DUNG" "c"
      WHERE "c"."NGUOI_DUNG_ID" = :nguoiDung_ID_0
info: Microsoft.EntityFrameworkCore.Database.Command[20101]
      Executed DbCommand (3ms) [Parameters=[:Ma_0='?' (Size = 2000)], CommandType='Text', CommandTimeout='0']
      SELECT "l"."GIA_TRI"
      FROM "QL_NHAN_HIEN_THI" "l"
      WHERE "l"."MA" = :Ma_0
      FETCH FIRST 1 ROWS ONLY
info: Microsoft.EntityFrameworkCore.Database.Command[20101]
      Executed DbCommand (2ms) [Parameters=[:nguoiDung_ID_0='?' (DbType = Decimal)], CommandType='Text', CommandTimeout='0']
      SELECT "c"."VAI_TRO_ID"
      FROM "QL_VAI_TRO_NGUOI_DUNG" "c"
      WHERE "c"."NGUOI_DUNG_ID" = :nguoiDung_ID_0
info: Microsoft.EntityFrameworkCore.Database.Command[20101]
      Executed DbCommand (2ms) [Parameters=[:Ma_0='?' (Size = 2000)], CommandType='Text', CommandTimeout='0']
      SELECT "l"."GIA_TRI"
      FROM "QL_NHAN_HIEN_THI" "l"
      WHERE "l"."MA" = :Ma_0
      FETCH FIRST 1 ROWS ONLY
info: Microsoft.EntityFrameworkCore.Database.Command[20101]
      Executed DbCommand (2ms) [Parameters=[:nguoiDung_ID_0='?' (DbType = Decimal)], CommandType='Text', CommandTimeout='0']
      SELECT "c"."VAI_TRO_ID"
      FROM "QL_VAI_TRO_NGUOI_DUNG" "c"
      WHERE "c"."NGUOI_DUNG_ID" = :nguoiDung_ID_0
info: Microsoft.EntityFrameworkCore.Database.Command[20101]
      Executed DbCommand (3ms) [Parameters=[:Ma_0='?' (Size = 2000)], CommandType='Text', CommandTimeout='0']
      SELECT "l"."GIA_TRI"
      FROM "QL_NHAN_HIEN_THI" "l"
      WHERE "l"."MA" = :Ma_0
      FETCH FIRST 1 ROWS ONLY
info: Microsoft.EntityFrameworkCore.Database.Command[20101]
      Executed DbCommand (2ms) [Parameters=[:nguoiDung_ID_0='?' (DbType = Decimal)], CommandType='Text', CommandTimeout='0']
      SELECT "c"."VAI_TRO_ID"
      FROM "QL_VAI_TRO_NGUOI_DUNG" "c"
      WHERE "c"."NGUOI_DUNG_ID" = :nguoiDung_ID_0
info: Microsoft.EntityFrameworkCore.Database.Command[20101]
      Executed DbCommand (3ms) [Parameters=[:Ma_0='?' (Size = 2000)], CommandType='Text', CommandTimeout='0']
      SELECT "l"."GIA_TRI"
      FROM "QL_NHAN_HIEN_THI" "l"
      WHERE "l"."MA" = :Ma_0
      FETCH FIRST 1 ROWS ONLY
info: Microsoft.EntityFrameworkCore.Database.Command[20101]
      Executed DbCommand (2ms) [Parameters=[:nguoiDung_ID_0='?' (DbType = Decimal)], CommandType='Text', CommandTimeout='0']
      SELECT "c"."VAI_TRO_ID"
      FROM "QL_VAI_TRO_NGUOI_DUNG" "c"
      WHERE "c"."NGUOI_DUNG_ID" = :nguoiDung_ID_0
info: Microsoft.EntityFrameworkCore.Database.Command[20101]
      Executed DbCommand (2ms) [Parameters=[:Ma_0='?' (Size = 2000)], CommandType='Text', CommandTimeout='0']
      SELECT "l"."GIA_TRI"
      FROM "QL_NHAN_HIEN_THI" "l"
      WHERE "l"."MA" = :Ma_0
      FETCH FIRST 1 ROWS ONLY
info: Microsoft.EntityFrameworkCore.Database.Command[20101]
      Executed DbCommand (3ms) [Parameters=[:nguoiDung_ID_0='?' (DbType = Decimal)], CommandType='Text', CommandTimeout='0']
      SELECT "c"."VAI_TRO_ID"
      FROM "QL_VAI_TRO_NGUOI_DUNG" "c"
      WHERE "c"."NGUOI_DUNG_ID" = :nguoiDung_ID_0
info: Microsoft.EntityFrameworkCore.Database.Command[20101]
      Executed DbCommand (2ms) [Parameters=[:Ma_0='?' (Size = 2000)], CommandType='Text', CommandTimeout='0']
      SELECT "l"."GIA_TRI"
      FROM "QL_NHAN_HIEN_THI" "l"
      WHERE "l"."MA" = :Ma_0
      FETCH FIRST 1 ROWS ONLY
info: Microsoft.EntityFrameworkCore.Database.Command[20101]
      Executed DbCommand (6ms) [Parameters=[:nguoiDung_ID_0='?' (DbType = Decimal)], CommandType='Text', CommandTimeout='0']
      SELECT "c"."VAI_TRO_ID"
      FROM "QL_VAI_TRO_NGUOI_DUNG" "c"
      WHERE "c"."NGUOI_DUNG_ID" = :nguoiDung_ID_0
info: Microsoft.EntityFrameworkCore.Database.Command[20101]
      Executed DbCommand (6ms) [Parameters=[:Ma_0='?' (Size = 2000)], CommandType='Text', CommandTimeout='0']
      SELECT "l"."GIA_TRI"
      FROM "QL_NHAN_HIEN_THI" "l"
      WHERE "l"."MA" = :Ma_0
      FETCH FIRST 1 ROWS ONLY
info: Microsoft.EntityFrameworkCore.Database.Command[20101]
      Executed DbCommand (2ms) [Parameters=[:nguoiDung_ID_0='?' (DbType = Decimal)], CommandType='Text', CommandTimeout='0']
      SELECT "c"."VAI_TRO_ID"
      FROM "QL_VAI_TRO_NGUOI_DUNG" "c"
      WHERE "c"."NGUOI_DUNG_ID" = :nguoiDung_ID_0
info: Microsoft.EntityFrameworkCore.Database.Command[20101]
      Executed DbCommand (2ms) [Parameters=[:Ma_0='?' (Size = 2000)], CommandType='Text', CommandTimeout='0']
      SELECT "l"."GIA_TRI"
      FROM "QL_NHAN_HIEN_THI" "l"
      WHERE "l"."MA" = :Ma_0
      FETCH FIRST 1 ROWS ONLY
info: Microsoft.EntityFrameworkCore.Database.Command[20101]
      Executed DbCommand (2ms) [Parameters=[:nguoiDung_ID_0='?' (DbType = Decimal)], CommandType='Text', CommandTimeout='0']
      SELECT "c"."VAI_TRO_ID"
      FROM "QL_VAI_TRO_NGUOI_DUNG" "c"
      WHERE "c"."NGUOI_DUNG_ID" = :nguoiDung_ID_0
info: Microsoft.EntityFrameworkCore.Database.Command[20101]
      Executed DbCommand (4ms) [Parameters=[:Ma_0='?' (Size = 2000)], CommandType='Text', CommandTimeout='0']
      SELECT "l"."GIA_TRI"
      FROM "QL_NHAN_HIEN_THI" "l"
      WHERE "l"."MA" = :Ma_0
      FETCH FIRST 1 ROWS ONLY
info: Microsoft.EntityFrameworkCore.Database.Command[20101]
      Executed DbCommand (2ms) [Parameters=[:nguoiDung_ID_0='?' (DbType = Decimal)], CommandType='Text', CommandTimeout='0']
      SELECT "c"."VAI_TRO_ID"
      FROM "QL_VAI_TRO_NGUOI_DUNG" "c"
      WHERE "c"."NGUOI_DUNG_ID" = :nguoiDung_ID_0
info: Microsoft.EntityFrameworkCore.Database.Command[20101]
      Executed DbCommand (2ms) [Parameters=[:Ma_0='?' (Size = 2000)], CommandType='Text', CommandTimeout='0']
      SELECT "l"."GIA_TRI"
      FROM "QL_NHAN_HIEN_THI" "l"
      WHERE "l"."MA" = :Ma_0
      FETCH FIRST 1 ROWS ONLY
info: Microsoft.EntityFrameworkCore.Database.Command[20101]
      Executed DbCommand (3ms) [Parameters=[:nguoiDung_ID_0='?' (DbType = Decimal)], CommandType='Text', CommandTimeout='0']
      SELECT "c"."VAI_TRO_ID"
      FROM "QL_VAI_TRO_NGUOI_DUNG" "c"
      WHERE "c"."NGUOI_DUNG_ID" = :nguoiDung_ID_0
info: Microsoft.EntityFrameworkCore.Database.Command[20101]
      Executed DbCommand (3ms) [Parameters=[:Ma_0='?' (Size = 2000)], CommandType='Text', CommandTimeout='0']
      SELECT "l"."GIA_TRI"
      FROM "QL_NHAN_HIEN_THI" "l"
      WHERE "l"."MA" = :Ma_0
      FETCH FIRST 1 ROWS ONLY
info: Microsoft.EntityFrameworkCore.Database.Command[20101]
      Executed DbCommand (5ms) [Parameters=[:nguoiDung_ID_0='?' (DbType = Decimal)], CommandType='Text', CommandTimeout='0']
      SELECT "c"."VAI_TRO_ID"
      FROM "QL_VAI_TRO_NGUOI_DUNG" "c"
      WHERE "c"."NGUOI_DUNG_ID" = :nguoiDung_ID_0
info: Microsoft.EntityFrameworkCore.Database.Command[20101]
      Executed DbCommand (5ms) [Parameters=[:Ma_0='?' (Size = 2000)], CommandType='Text', CommandTimeout='0']
      SELECT "l"."GIA_TRI"
      FROM "QL_NHAN_HIEN_THI" "l"
      WHERE "l"."MA" = :Ma_0
      FETCH FIRST 1 ROWS ONLY
info: Microsoft.EntityFrameworkCore.Database.Command[20101]
      Executed DbCommand (5ms) [Parameters=[:nguoiDung_ID_0='?' (DbType = Decimal)], CommandType='Text', CommandTimeout='0']
      SELECT "c"."VAI_TRO_ID"
      FROM "QL_VAI_TRO_NGUOI_DUNG" "c"
      WHERE "c"."NGUOI_DUNG_ID" = :nguoiDung_ID_0
info: Microsoft.EntityFrameworkCore.Database.Command[20101]
      Executed DbCommand (3ms) [Parameters=[:Ma_0='?' (Size = 2000)], CommandType='Text', CommandTimeout='0']
      SELECT "l"."GIA_TRI"
      FROM "QL_NHAN_HIEN_THI" "l"
      WHERE "l"."MA" = :Ma_0
      FETCH FIRST 1 ROWS ONLY
info: Microsoft.EntityFrameworkCore.Database.Command[20101]
      Executed DbCommand (2ms) [Parameters=[:nguoiDung_ID_0='?' (DbType = Decimal)], CommandType='Text', CommandTimeout='0']
      SELECT "c"."VAI_TRO_ID"
      FROM "QL_VAI_TRO_NGUOI_DUNG" "c"
      WHERE "c"."NGUOI_DUNG_ID" = :nguoiDung_ID_0
info: Microsoft.EntityFrameworkCore.Database.Command[20101]
      Executed DbCommand (3ms) [Parameters=[:Ma_0='?' (Size = 2000)], CommandType='Text', CommandTimeout='0']
      SELECT "l"."GIA_TRI"
      FROM "QL_NHAN_HIEN_THI" "l"
      WHERE "l"."MA" = :Ma_0
      FETCH FIRST 1 ROWS ONLY
info: Microsoft.EntityFrameworkCore.Database.Command[20101]
      Executed DbCommand (3ms) [Parameters=[:nguoiDung_ID_0='?' (DbType = Decimal)], CommandType='Text', CommandTimeout='0']
      SELECT "c"."VAI_TRO_ID"
      FROM "QL_VAI_TRO_NGUOI_DUNG" "c"
      WHERE "c"."NGUOI_DUNG_ID" = :nguoiDung_ID_0
info: Microsoft.EntityFrameworkCore.Database.Command[20101]
      Executed DbCommand (2ms) [Parameters=[:Ma_0='?' (Size = 2000)], CommandType='Text', CommandTimeout='0']
      SELECT "l"."GIA_TRI"
      FROM "QL_NHAN_HIEN_THI" "l"
      WHERE "l"."MA" = :Ma_0
      FETCH FIRST 1 ROWS ONLY
info: Microsoft.EntityFrameworkCore.Database.Command[20101]
      Executed DbCommand (2ms) [Parameters=[:nguoiDung_ID_0='?' (DbType = Decimal)], CommandType='Text', CommandTimeout='0']
      SELECT "c"."VAI_TRO_ID"
      FROM "QL_VAI_TRO_NGUOI_DUNG" "c"
      WHERE "c"."NGUOI_DUNG_ID" = :nguoiDung_ID_0
info: Microsoft.EntityFrameworkCore.Database.Command[20101]
      Executed DbCommand (2ms) [Parameters=[:Ma_0='?' (Size = 2000)], CommandType='Text', CommandTimeout='0']
      SELECT "l"."GIA_TRI"
      FROM "QL_NHAN_HIEN_THI" "l"
      WHERE "l"."MA" = :Ma_0
      FETCH FIRST 1 ROWS ONLY
info: Microsoft.EntityFrameworkCore.Database.Command[20101]
      Executed DbCommand (2ms) [Parameters=[:nguoiDung_ID_0='?' (DbType = Decimal)], CommandType='Text', CommandTimeout='0']
      SELECT "c"."VAI_TRO_ID"
      FROM "QL_VAI_TRO_NGUOI_DUNG" "c"
      WHERE "c"."NGUOI_DUNG_ID" = :nguoiDung_ID_0
info: Microsoft.EntityFrameworkCore.Database.Command[20101]
      Executed DbCommand (3ms) [Parameters=[:Ma_0='?' (Size = 2000)], CommandType='Text', CommandTimeout='0']
      SELECT "l"."GIA_TRI"
      FROM "QL_NHAN_HIEN_THI" "l"
      WHERE "l"."MA" = :Ma_0
      FETCH FIRST 1 ROWS ONLY
info: Microsoft.EntityFrameworkCore.Database.Command[20101]
      Executed DbCommand (3ms) [Parameters=[:nguoiDung_ID_0='?' (DbType = Decimal)], CommandType='Text', CommandTimeout='0']
      SELECT "c"."VAI_TRO_ID"
      FROM "QL_VAI_TRO_NGUOI_DUNG" "c"
      WHERE "c"."NGUOI_DUNG_ID" = :nguoiDung_ID_0
info: Microsoft.EntityFrameworkCore.Database.Command[20101]
      Executed DbCommand (6ms) [Parameters=[:Ma_0='?' (Size = 2000)], CommandType='Text', CommandTimeout='0']
      SELECT "l"."GIA_TRI"
      FROM "QL_NHAN_HIEN_THI" "l"
      WHERE "l"."MA" = :Ma_0
      FETCH FIRST 1 ROWS ONLY
info: Microsoft.EntityFrameworkCore.Database.Command[20101]
      Executed DbCommand (2ms) [Parameters=[:nguoiDung_ID_0='?' (DbType = Decimal)], CommandType='Text', CommandTimeout='0']
      SELECT "c"."VAI_TRO_ID"
      FROM "QL_VAI_TRO_NGUOI_DUNG" "c"
      WHERE "c"."NGUOI_DUNG_ID" = :nguoiDung_ID_0
info: Microsoft.EntityFrameworkCore.Database.Command[20101]
      Executed DbCommand (2ms) [Parameters=[:Ma_0='?' (Size = 2000)], CommandType='Text', CommandTimeout='0']
      SELECT "l"."GIA_TRI"
      FROM "QL_NHAN_HIEN_THI" "l"
      WHERE "l"."MA" = :Ma_0
      FETCH FIRST 1 ROWS ONLY
info: Microsoft.EntityFrameworkCore.Database.Command[20101]
      Executed DbCommand (2ms) [Parameters=[:nguoiDung_ID_0='?' (DbType = Decimal)], CommandType='Text', CommandTimeout='0']
      SELECT "c"."VAI_TRO_ID"
      FROM "QL_VAI_TRO_NGUOI_DUNG" "c"
      WHERE "c"."NGUOI_DUNG_ID" = :nguoiDung_ID_0
info: Microsoft.EntityFrameworkCore.Database.Command[20101]
      Executed DbCommand (2ms) [Parameters=[:Ma_0='?' (Size = 2000)], CommandType='Text', CommandTimeout='0']
      SELECT "l"."GIA_TRI"
      FROM "QL_NHAN_HIEN_THI" "l"
      WHERE "l"."MA" = :Ma_0
      FETCH FIRST 1 ROWS ONLY
info: Microsoft.EntityFrameworkCore.Database.Command[20101]
      Executed DbCommand (2ms) [Parameters=[:nguoiDung_ID_0='?' (DbType = Decimal)], CommandType='Text', CommandTimeout='0']
      SELECT "c"."VAI_TRO_ID"
      FROM "QL_VAI_TRO_NGUOI_DUNG" "c"
      WHERE "c"."NGUOI_DUNG_ID" = :nguoiDung_ID_0
info: Microsoft.EntityFrameworkCore.Database.Command[20101]
      Executed DbCommand (2ms) [Parameters=[:Ma_0='?' (Size = 2000)], CommandType='Text', CommandTimeout='0']
      SELECT "l"."GIA_TRI"
      FROM "QL_NHAN_HIEN_THI" "l"
      WHERE "l"."MA" = :Ma_0
      FETCH FIRST 1 ROWS ONLY
info: Microsoft.EntityFrameworkCore.Database.Command[20101]
      Executed DbCommand (2ms) [Parameters=[:nguoiDung_ID_0='?' (DbType = Decimal)], CommandType='Text', CommandTimeout='0']
      SELECT "c"."VAI_TRO_ID"
      FROM "QL_VAI_TRO_NGUOI_DUNG" "c"
      WHERE "c"."NGUOI_DUNG_ID" = :nguoiDung_ID_0
info: Microsoft.EntityFrameworkCore.Database.Command[20101]
      Executed DbCommand (3ms) [Parameters=[:Ma_0='?' (Size = 2000)], CommandType='Text', CommandTimeout='0']
      SELECT "l"."GIA_TRI"
      FROM "QL_NHAN_HIEN_THI" "l"
      WHERE "l"."MA" = :Ma_0
      FETCH FIRST 1 ROWS ONLY
info: Microsoft.EntityFrameworkCore.Database.Command[20101]
      Executed DbCommand (2ms) [Parameters=[:nguoiDung_ID_0='?' (DbType = Decimal)], CommandType='Text', CommandTimeout='0']
      SELECT "c"."VAI_TRO_ID"
      FROM "QL_VAI_TRO_NGUOI_DUNG" "c"
      WHERE "c"."NGUOI_DUNG_ID" = :nguoiDung_ID_0
info: Microsoft.EntityFrameworkCore.Database.Command[20101]
      Executed DbCommand (3ms) [Parameters=[:Ma_0='?' (Size = 2000)], CommandType='Text', CommandTimeout='0']
      SELECT "l"."GIA_TRI"
      FROM "QL_NHAN_HIEN_THI" "l"
      WHERE "l"."MA" = :Ma_0
      FETCH FIRST 1 ROWS ONLY
info: Microsoft.EntityFrameworkCore.Database.Command[20101]
      Executed DbCommand (2ms) [Parameters=[:nguoiDung_ID_0='?' (DbType = Decimal)], CommandType='Text', CommandTimeout='0']
      SELECT "c"."VAI_TRO_ID"
      FROM "QL_VAI_TRO_NGUOI_DUNG" "c"
      WHERE "c"."NGUOI_DUNG_ID" = :nguoiDung_ID_0
info: Microsoft.EntityFrameworkCore.Database.Command[20101]
      Executed DbCommand (2ms) [Parameters=[:Ma_0='?' (Size = 2000)], CommandType='Text', CommandTimeout='0']
      SELECT "l"."GIA_TRI"
      FROM "QL_NHAN_HIEN_THI" "l"
      WHERE "l"."MA" = :Ma_0
      FETCH FIRST 1 ROWS ONLY
info: Microsoft.EntityFrameworkCore.Database.Command[20101]
      Executed DbCommand (4ms) [Parameters=[:nguoiDung_ID_0='?' (DbType = Decimal)], CommandType='Text', CommandTimeout='0']
      SELECT "c"."VAI_TRO_ID"
      FROM "QL_VAI_TRO_NGUOI_DUNG" "c"
      WHERE "c"."NGUOI_DUNG_ID" = :nguoiDung_ID_0
info: Microsoft.EntityFrameworkCore.Database.Command[20101]
      Executed DbCommand (7ms) [Parameters=[:Ma_0='?' (Size = 2000)], CommandType='Text', CommandTimeout='0']
      SELECT "l"."GIA_TRI"
      FROM "QL_NHAN_HIEN_THI" "l"
      WHERE "l"."MA" = :Ma_0
      FETCH FIRST 1 ROWS ONLY
info: Microsoft.EntityFrameworkCore.Database.Command[20101]
      Executed DbCommand (6ms) [Parameters=[:nguoiDung_ID_0='?' (DbType = Decimal)], CommandType='Text', CommandTimeout='0']
      SELECT "c"."VAI_TRO_ID"
      FROM "QL_VAI_TRO_NGUOI_DUNG" "c"
      WHERE "c"."NGUOI_DUNG_ID" = :nguoiDung_ID_0
info: Microsoft.EntityFrameworkCore.Database.Command[20101]
      Executed DbCommand (3ms) [Parameters=[:Ma_0='?' (Size = 2000)], CommandType='Text', CommandTimeout='0']
      SELECT "l"."GIA_TRI"
      FROM "QL_NHAN_HIEN_THI" "l"
      WHERE "l"."MA" = :Ma_0
      FETCH FIRST 1 ROWS ONLY
info: Microsoft.EntityFrameworkCore.Database.Command[20101]
      Executed DbCommand (2ms) [Parameters=[:nguoiDung_ID_0='?' (DbType = Decimal)], CommandType='Text', CommandTimeout='0']
      SELECT "c"."VAI_TRO_ID"
      FROM "QL_VAI_TRO_NGUOI_DUNG" "c"
      WHERE "c"."NGUOI_DUNG_ID" = :nguoiDung_ID_0
info: Microsoft.EntityFrameworkCore.Database.Command[20101]
      Executed DbCommand (33ms) [Parameters=[:donViId_0='?' (DbType = Decimal)], CommandType='Text', CommandTimeout='0']
      SELECT COUNT(*)
      FROM "DM_DON_VI" "p"
      WHERE ((("p"."PARENT_ID" = :donViId_0) AND ("p"."LA_BAN_QL_DU_AN" = 1)) OR (("p"."ID" = :donViId_0) AND ("p"."LOAI_DON_VI_ID" = 15.0))) OR (("p"."ID" = :donViId_0) AND ("p"."LA_BAN_QL_DU_AN" = 1))
info: Microsoft.EntityFrameworkCore.Database.Command[20101]
      Executed DbCommand (3ms) [Parameters=[:Ma_0='?' (Size = 2000)], CommandType='Text', CommandTimeout='0']
      SELECT "l"."GIA_TRI"
      FROM "QL_NHAN_HIEN_THI" "l"
      WHERE "l"."MA" = :Ma_0
      FETCH FIRST 1 ROWS ONLY
info: Microsoft.EntityFrameworkCore.Database.Command[20101]
      Executed DbCommand (2ms) [Parameters=[:nguoiDung_ID_0='?' (DbType = Decimal)], CommandType='Text', CommandTimeout='0']
      SELECT "c"."VAI_TRO_ID"
      FROM "QL_VAI_TRO_NGUOI_DUNG" "c"
      WHERE "c"."NGUOI_DUNG_ID" = :nguoiDung_ID_0
info: Microsoft.EntityFrameworkCore.Database.Command[20101]
      Executed DbCommand (45ms) [Parameters=[:donViId_0='?' (DbType = Decimal)], CommandType='Text', CommandTimeout='0']
      SELECT COUNT(*)
      FROM "DM_DON_VI" "p"
      WHERE ((("p"."PARENT_ID" = :donViId_0) AND ("p"."LA_BAN_QL_DU_AN" = 1)) OR (("p"."ID" = :donViId_0) AND ("p"."LOAI_DON_VI_ID" = 15.0))) OR (("p"."ID" = :donViId_0) AND ("p"."LA_BAN_QL_DU_AN" = 1))
info: Microsoft.EntityFrameworkCore.Database.Command[20101]
      Executed DbCommand (5ms) [Parameters=[:Ma_0='?' (Size = 2000)], CommandType='Text', CommandTimeout='0']
      SELECT "l"."GIA_TRI"
      FROM "QL_NHAN_HIEN_THI" "l"
      WHERE "l"."MA" = :Ma_0
      FETCH FIRST 1 ROWS ONLY
info: Microsoft.EntityFrameworkCore.Database.Command[20101]
      Executed DbCommand (2ms) [Parameters=[:nguoiDung_ID_0='?' (DbType = Decimal)], CommandType='Text', CommandTimeout='0']
      SELECT "c"."VAI_TRO_ID"
      FROM "QL_VAI_TRO_NGUOI_DUNG" "c"
      WHERE "c"."NGUOI_DUNG_ID" = :nguoiDung_ID_0
info: Microsoft.EntityFrameworkCore.Database.Command[20101]
      Executed DbCommand (50ms) [Parameters=[:donViId_0='?' (DbType = Decimal)], CommandType='Text', CommandTimeout='0']
      SELECT COUNT(*)
      FROM "DM_DON_VI" "p"
      WHERE ((("p"."PARENT_ID" = :donViId_0) AND ("p"."LA_BAN_QL_DU_AN" = 1)) OR (("p"."ID" = :donViId_0) AND ("p"."LOAI_DON_VI_ID" = 15.0))) OR (("p"."ID" = :donViId_0) AND ("p"."LA_BAN_QL_DU_AN" = 1))
info: Microsoft.EntityFrameworkCore.Database.Command[20101]
      Executed DbCommand (4ms) [Parameters=[:nguoiDung_ID_0='?' (DbType = Decimal)], CommandType='Text', CommandTimeout='0']
      SELECT "c"."VAI_TRO_ID"
      FROM "QL_VAI_TRO_NGUOI_DUNG" "c"
      WHERE "c"."NGUOI_DUNG_ID" = :nguoiDung_ID_0
info: Microsoft.EntityFrameworkCore.Database.Command[20101]
      Executed DbCommand (35ms) [Parameters=[:donViId_0='?' (DbType = Decimal)], CommandType='Text', CommandTimeout='0']
      SELECT COUNT(*)
      FROM "DM_DON_VI" "p"
      WHERE ((("p"."PARENT_ID" = :donViId_0) AND ("p"."LA_BAN_QL_DU_AN" = 1)) OR (("p"."ID" = :donViId_0) AND ("p"."LOAI_DON_VI_ID" = 15.0))) OR (("p"."ID" = :donViId_0) AND ("p"."LA_BAN_QL_DU_AN" = 1))
info: Microsoft.EntityFrameworkCore.Database.Command[20101]
      Executed DbCommand (3ms) [Parameters=[:nguoiDung_ID_0='?' (DbType = Decimal)], CommandType='Text', CommandTimeout='0']
      SELECT "c"."VAI_TRO_ID"
      FROM "QL_VAI_TRO_NGUOI_DUNG" "c"
      WHERE "c"."NGUOI_DUNG_ID" = :nguoiDung_ID_0
info: Microsoft.EntityFrameworkCore.Database.Command[20101]
      Executed DbCommand (45ms) [Parameters=[:donViId_0='?' (DbType = Decimal)], CommandType='Text', CommandTimeout='0']
      SELECT COUNT(*)
      FROM "DM_DON_VI" "p"
      WHERE ((("p"."PARENT_ID" = :donViId_0) AND ("p"."LA_BAN_QL_DU_AN" = 1)) OR (("p"."ID" = :donViId_0) AND ("p"."LOAI_DON_VI_ID" = 15.0))) OR (("p"."ID" = :donViId_0) AND ("p"."LA_BAN_QL_DU_AN" = 1))
info: Microsoft.EntityFrameworkCore.Database.Command[20101]
      Executed DbCommand (4ms) [Parameters=[:nguoiDung_ID_0='?' (DbType = Decimal)], CommandType='Text', CommandTimeout='0']
      SELECT "c"."VAI_TRO_ID"
      FROM "QL_VAI_TRO_NGUOI_DUNG" "c"
      WHERE "c"."NGUOI_DUNG_ID" = :nguoiDung_ID_0
info: Microsoft.EntityFrameworkCore.Database.Command[20101]
      Executed DbCommand (34ms) [Parameters=[:donViId_0='?' (DbType = Decimal)], CommandType='Text', CommandTimeout='0']
      SELECT COUNT(*)
      FROM "DM_DON_VI" "p"
      WHERE ((("p"."PARENT_ID" = :donViId_0) AND ("p"."LA_BAN_QL_DU_AN" = 1)) OR (("p"."ID" = :donViId_0) AND ("p"."LOAI_DON_VI_ID" = 15.0))) OR (("p"."ID" = :donViId_0) AND ("p"."LA_BAN_QL_DU_AN" = 1))
info: Microsoft.EntityFrameworkCore.Database.Command[20101]
      Executed DbCommand (3ms) [Parameters=[:nguoiDung_ID_0='?' (DbType = Decimal)], CommandType='Text', CommandTimeout='0']
      SELECT "c"."VAI_TRO_ID"
      FROM "QL_VAI_TRO_NGUOI_DUNG" "c"
      WHERE "c"."NGUOI_DUNG_ID" = :nguoiDung_ID_0
info: Microsoft.EntityFrameworkCore.Database.Command[20101]
      Executed DbCommand (37ms) [Parameters=[:donViId_0='?' (DbType = Decimal)], CommandType='Text', CommandTimeout='0']
      SELECT COUNT(*)
      FROM "DM_DON_VI" "p"
      WHERE ((("p"."PARENT_ID" = :donViId_0) AND ("p"."LA_BAN_QL_DU_AN" = 1)) OR (("p"."ID" = :donViId_0) AND ("p"."LOAI_DON_VI_ID" = 15.0))) OR (("p"."ID" = :donViId_0) AND ("p"."LA_BAN_QL_DU_AN" = 1))
info: Microsoft.EntityFrameworkCore.Database.Command[20101]
      Executed DbCommand (4ms) [Parameters=[:Ma_0='?' (Size = 2000)], CommandType='Text', CommandTimeout='0']
      SELECT "l"."GIA_TRI"
      FROM "QL_NHAN_HIEN_THI" "l"
      WHERE "l"."MA" = :Ma_0
      FETCH FIRST 1 ROWS ONLY
info: Microsoft.EntityFrameworkCore.Database.Command[20101]
      Executed DbCommand (5ms) [Parameters=[:nguoiDung_ID_0='?' (DbType = Decimal)], CommandType='Text', CommandTimeout='0']
      SELECT "c"."VAI_TRO_ID"
      FROM "QL_VAI_TRO_NGUOI_DUNG" "c"
      WHERE "c"."NGUOI_DUNG_ID" = :nguoiDung_ID_0
info: Microsoft.EntityFrameworkCore.Database.Command[20101]
      Executed DbCommand (4ms) [Parameters=[:Ma_0='?' (Size = 2000)], CommandType='Text', CommandTimeout='0']
      SELECT "l"."GIA_TRI"
      FROM "QL_NHAN_HIEN_THI" "l"
      WHERE "l"."MA" = :Ma_0
      FETCH FIRST 1 ROWS ONLY
info: Microsoft.EntityFrameworkCore.Database.Command[20101]
      Executed DbCommand (3ms) [Parameters=[:nguoiDung_ID_0='?' (DbType = Decimal)], CommandType='Text', CommandTimeout='0']
      SELECT "c"."VAI_TRO_ID"
      FROM "QL_VAI_TRO_NGUOI_DUNG" "c"
      WHERE "c"."NGUOI_DUNG_ID" = :nguoiDung_ID_0
info: Microsoft.EntityFrameworkCore.Database.Command[20101]
      Executed DbCommand (9ms) [Parameters=[:Ma_0='?' (Size = 2000)], CommandType='Text', CommandTimeout='0']
      SELECT "l"."GIA_TRI"
      FROM "QL_NHAN_HIEN_THI" "l"
      WHERE "l"."MA" = :Ma_0
      FETCH FIRST 1 ROWS ONLY
info: Microsoft.EntityFrameworkCore.Database.Command[20101]
      Executed DbCommand (6ms) [Parameters=[:nguoiDung_ID_0='?' (DbType = Decimal)], CommandType='Text', CommandTimeout='0']
      SELECT "c"."VAI_TRO_ID"
      FROM "QL_VAI_TRO_NGUOI_DUNG" "c"
      WHERE "c"."NGUOI_DUNG_ID" = :nguoiDung_ID_0
info: Microsoft.EntityFrameworkCore.Database.Command[20101]
      Executed DbCommand (3ms) [Parameters=[:Ma_0='?' (Size = 2000)], CommandType='Text', CommandTimeout='0']
      SELECT "l"."GIA_TRI"
      FROM "QL_NHAN_HIEN_THI" "l"
      WHERE "l"."MA" = :Ma_0
      FETCH FIRST 1 ROWS ONLY
info: Microsoft.EntityFrameworkCore.Database.Command[20101]
      Executed DbCommand (5ms) [Parameters=[:nguoiDung_ID_0='?' (DbType = Decimal)], CommandType='Text', CommandTimeout='0']
      SELECT "c"."VAI_TRO_ID"
      FROM "QL_VAI_TRO_NGUOI_DUNG" "c"
      WHERE "c"."NGUOI_DUNG_ID" = :nguoiDung_ID_0
info: Microsoft.EntityFrameworkCore.Database.Command[20101]
      Executed DbCommand (311ms) [Parameters=[:Ma_0='?' (Size = 2000)], CommandType='Text', CommandTimeout='0']
      SELECT "l"."GIA_TRI"
      FROM "QL_NHAN_HIEN_THI" "l"
      WHERE "l"."MA" = :Ma_0
      FETCH FIRST 1 ROWS ONLY
info: Microsoft.EntityFrameworkCore.Database.Command[20101]
      Executed DbCommand (3ms) [Parameters=[:nguoiDung_ID_0='?' (DbType = Decimal)], CommandType='Text', CommandTimeout='0']
      SELECT "c"."VAI_TRO_ID"
      FROM "QL_VAI_TRO_NGUOI_DUNG" "c"
      WHERE "c"."NGUOI_DUNG_ID" = :nguoiDung_ID_0
info: Microsoft.EntityFrameworkCore.Database.Command[20101]
      Executed DbCommand (3ms) [Parameters=[:Ma_0='?' (Size = 2000)], CommandType='Text', CommandTimeout='0']
      SELECT "l"."GIA_TRI"
      FROM "QL_NHAN_HIEN_THI" "l"
      WHERE "l"."MA" = :Ma_0
      FETCH FIRST 1 ROWS ONLY
info: Microsoft.EntityFrameworkCore.Database.Command[20101]
      Executed DbCommand (4ms) [Parameters=[:nguoiDung_ID_0='?' (DbType = Decimal)], CommandType='Text', CommandTimeout='0']
      SELECT "c"."VAI_TRO_ID"
      FROM "QL_VAI_TRO_NGUOI_DUNG" "c"
      WHERE "c"."NGUOI_DUNG_ID" = :nguoiDung_ID_0
info: Microsoft.EntityFrameworkCore.Database.Command[20101]
      Executed DbCommand (4ms) [Parameters=[:Ma_0='?' (Size = 2000)], CommandType='Text', CommandTimeout='0']
      SELECT "l"."GIA_TRI"
      FROM "QL_NHAN_HIEN_THI" "l"
      WHERE "l"."MA" = :Ma_0
      FETCH FIRST 1 ROWS ONLY
info: Microsoft.EntityFrameworkCore.Database.Command[20101]
      Executed DbCommand (5ms) [Parameters=[:nguoiDung_ID_0='?' (DbType = Decimal)], CommandType='Text', CommandTimeout='0']
      SELECT "c"."VAI_TRO_ID"
      FROM "QL_VAI_TRO_NGUOI_DUNG" "c"
      WHERE "c"."NGUOI_DUNG_ID" = :nguoiDung_ID_0
info: Microsoft.EntityFrameworkCore.Database.Command[20101]
      Executed DbCommand (7ms) [Parameters=[:Ma_0='?' (Size = 2000)], CommandType='Text', CommandTimeout='0']
      SELECT "l"."GIA_TRI"
      FROM "QL_NHAN_HIEN_THI" "l"
      WHERE "l"."MA" = :Ma_0
      FETCH FIRST 1 ROWS ONLY
info: Microsoft.EntityFrameworkCore.Database.Command[20101]
      Executed DbCommand (7ms) [Parameters=[:nguoiDung_ID_0='?' (DbType = Decimal)], CommandType='Text', CommandTimeout='0']
      SELECT "c"."VAI_TRO_ID"
      FROM "QL_VAI_TRO_NGUOI_DUNG" "c"
      WHERE "c"."NGUOI_DUNG_ID" = :nguoiDung_ID_0
info: Microsoft.EntityFrameworkCore.Database.Command[20101]
      Executed DbCommand (5ms) [Parameters=[:Ma_0='?' (Size = 2000)], CommandType='Text', CommandTimeout='0']
      SELECT "l"."GIA_TRI"
      FROM "QL_NHAN_HIEN_THI" "l"
      WHERE "l"."MA" = :Ma_0
      FETCH FIRST 1 ROWS ONLY
info: Microsoft.EntityFrameworkCore.Database.Command[20101]
      Executed DbCommand (6ms) [Parameters=[:nguoiDung_ID_0='?' (DbType = Decimal)], CommandType='Text', CommandTimeout='0']
      SELECT "c"."VAI_TRO_ID"
      FROM "QL_VAI_TRO_NGUOI_DUNG" "c"
      WHERE "c"."NGUOI_DUNG_ID" = :nguoiDung_ID_0
info: Microsoft.EntityFrameworkCore.Database.Command[20101]
      Executed DbCommand (4ms) [Parameters=[:Ma_0='?' (Size = 2000)], CommandType='Text', CommandTimeout='0']
      SELECT "l"."GIA_TRI"
      FROM "QL_NHAN_HIEN_THI" "l"
      WHERE "l"."MA" = :Ma_0
      FETCH FIRST 1 ROWS ONLY
info: Microsoft.EntityFrameworkCore.Database.Command[20101]
      Executed DbCommand (2ms) [Parameters=[:nguoiDung_ID_0='?' (DbType = Decimal)], CommandType='Text', CommandTimeout='0']
      SELECT "c"."VAI_TRO_ID"
      FROM "QL_VAI_TRO_NGUOI_DUNG" "c"
      WHERE "c"."NGUOI_DUNG_ID" = :nguoiDung_ID_0
info: Microsoft.EntityFrameworkCore.Database.Command[20101]
      Executed DbCommand (312ms) [Parameters=[:Ma_0='?' (Size = 2000)], CommandType='Text', CommandTimeout='0']
      SELECT "l"."GIA_TRI"
      FROM "QL_NHAN_HIEN_THI" "l"
      WHERE "l"."MA" = :Ma_0
      FETCH FIRST 1 ROWS ONLY
info: Microsoft.EntityFrameworkCore.Database.Command[20101]
      Executed DbCommand (5ms) [Parameters=[:nguoiDung_ID_0='?' (DbType = Decimal)], CommandType='Text', CommandTimeout='0']
      SELECT "c"."VAI_TRO_ID"
      FROM "QL_VAI_TRO_NGUOI_DUNG" "c"
      WHERE "c"."NGUOI_DUNG_ID" = :nguoiDung_ID_0
info: Microsoft.EntityFrameworkCore.Database.Command[20101]
      Executed DbCommand (6ms) [Parameters=[:Ma_0='?' (Size = 2000)], CommandType='Text', CommandTimeout='0']
      SELECT "l"."GIA_TRI"
      FROM "QL_NHAN_HIEN_THI" "l"
      WHERE "l"."MA" = :Ma_0
      FETCH FIRST 1 ROWS ONLY
info: Microsoft.EntityFrameworkCore.Database.Command[20101]
      Executed DbCommand (4ms) [Parameters=[:nguoiDung_ID_0='?' (DbType = Decimal)], CommandType='Text', CommandTimeout='0']
      SELECT "c"."VAI_TRO_ID"
      FROM "QL_VAI_TRO_NGUOI_DUNG" "c"
      WHERE "c"."NGUOI_DUNG_ID" = :nguoiDung_ID_0
info: Microsoft.EntityFrameworkCore.Database.Command[20101]
      Executed DbCommand (3ms) [Parameters=[:Ma_0='?' (Size = 2000)], CommandType='Text', CommandTimeout='0']
      SELECT "l"."GIA_TRI"
      FROM "QL_NHAN_HIEN_THI" "l"
      WHERE "l"."MA" = :Ma_0
      FETCH FIRST 1 ROWS ONLY
info: Microsoft.EntityFrameworkCore.Database.Command[20101]
      Executed DbCommand (3ms) [Parameters=[:nguoiDung_ID_0='?' (DbType = Decimal)], CommandType='Text', CommandTimeout='0']
      SELECT "c"."VAI_TRO_ID"
      FROM "QL_VAI_TRO_NGUOI_DUNG" "c"
      WHERE "c"."NGUOI_DUNG_ID" = :nguoiDung_ID_0
info: Microsoft.EntityFrameworkCore.Database.Command[20101]
      Executed DbCommand (3ms) [Parameters=[:Ma_0='?' (Size = 2000)], CommandType='Text', CommandTimeout='0']
      SELECT "l"."GIA_TRI"
      FROM "QL_NHAN_HIEN_THI" "l"
      WHERE "l"."MA" = :Ma_0
      FETCH FIRST 1 ROWS ONLY
info: Microsoft.EntityFrameworkCore.Database.Command[20101]
      Executed DbCommand (4ms) [Parameters=[:nguoiDung_ID_0='?' (DbType = Decimal)], CommandType='Text', CommandTimeout='0']
      SELECT "c"."VAI_TRO_ID"
      FROM "QL_VAI_TRO_NGUOI_DUNG" "c"
      WHERE "c"."NGUOI_DUNG_ID" = :nguoiDung_ID_0
info: Microsoft.EntityFrameworkCore.Database.Command[20101]
      Executed DbCommand (6ms) [Parameters=[:Ma_0='?' (Size = 2000)], CommandType='Text', CommandTimeout='0']
      SELECT "l"."GIA_TRI"
      FROM "QL_NHAN_HIEN_THI" "l"
      WHERE "l"."MA" = :Ma_0
      FETCH FIRST 1 ROWS ONLY
info: Microsoft.EntityFrameworkCore.Database.Command[20101]
      Executed DbCommand (3ms) [Parameters=[:nguoiDung_ID_0='?' (DbType = Decimal)], CommandType='Text', CommandTimeout='0']
      SELECT "c"."VAI_TRO_ID"
      FROM "QL_VAI_TRO_NGUOI_DUNG" "c"
      WHERE "c"."NGUOI_DUNG_ID" = :nguoiDung_ID_0
info: Microsoft.EntityFrameworkCore.Database.Command[20101]
      Executed DbCommand (4ms) [Parameters=[:Ma_0='?' (Size = 2000)], CommandType='Text', CommandTimeout='0']
      SELECT "l"."GIA_TRI"
      FROM "QL_NHAN_HIEN_THI" "l"
      WHERE "l"."MA" = :Ma_0
      FETCH FIRST 1 ROWS ONLY
info: Microsoft.EntityFrameworkCore.Database.Command[20101]
      Executed DbCommand (6ms) [Parameters=[:nguoiDung_ID_0='?' (DbType = Decimal)], CommandType='Text', CommandTimeout='0']
      SELECT "c"."VAI_TRO_ID"
      FROM "QL_VAI_TRO_NGUOI_DUNG" "c"
      WHERE "c"."NGUOI_DUNG_ID" = :nguoiDung_ID_0
info: Microsoft.EntityFrameworkCore.Database.Command[20101]
      Executed DbCommand (5ms) [Parameters=[:Ma_0='?' (Size = 2000)], CommandType='Text', CommandTimeout='0']
      SELECT "l"."GIA_TRI"
      FROM "QL_NHAN_HIEN_THI" "l"
      WHERE "l"."MA" = :Ma_0
      FETCH FIRST 1 ROWS ONLY
info: Microsoft.EntityFrameworkCore.Database.Command[20101]
      Executed DbCommand (4ms) [Parameters=[:nguoiDung_ID_0='?' (DbType = Decimal)], CommandType='Text', CommandTimeout='0']
      SELECT "c"."VAI_TRO_ID"
      FROM "QL_VAI_TRO_NGUOI_DUNG" "c"
      WHERE "c"."NGUOI_DUNG_ID" = :nguoiDung_ID_0
info: Microsoft.EntityFrameworkCore.Database.Command[20101]
      Executed DbCommand (3ms) [Parameters=[:Ma_0='?' (Size = 2000)], CommandType='Text', CommandTimeout='0']
      SELECT "l"."GIA_TRI"
      FROM "QL_NHAN_HIEN_THI" "l"
      WHERE "l"."MA" = :Ma_0
      FETCH FIRST 1 ROWS ONLY
info: Microsoft.EntityFrameworkCore.Database.Command[20101]
      Executed DbCommand (3ms) [Parameters=[:nguoiDung_ID_0='?' (DbType = Decimal)], CommandType='Text', CommandTimeout='0']
      SELECT "c"."VAI_TRO_ID"
      FROM "QL_VAI_TRO_NGUOI_DUNG" "c"
      WHERE "c"."NGUOI_DUNG_ID" = :nguoiDung_ID_0
info: Microsoft.EntityFrameworkCore.Database.Command[20101]
      Executed DbCommand (3ms) [Parameters=[:Ma_0='?' (Size = 2000)], CommandType='Text', CommandTimeout='0']
      SELECT "l"."GIA_TRI"
      FROM "QL_NHAN_HIEN_THI" "l"
      WHERE "l"."MA" = :Ma_0
      FETCH FIRST 1 ROWS ONLY
info: Microsoft.EntityFrameworkCore.Database.Command[20101]
      Executed DbCommand (4ms) [Parameters=[:Ma_0='?' (Size = 2000)], CommandType='Text', CommandTimeout='0']
      SELECT "l"."GIA_TRI"
      FROM "QL_NHAN_HIEN_THI" "l"
      WHERE "l"."MA" = :Ma_0
      FETCH FIRST 1 ROWS ONLY
info: Microsoft.EntityFrameworkCore.Database.Command[20101]
      Executed DbCommand (3ms) [Parameters=[:Ma_0='?' (Size = 2000)], CommandType='Text', CommandTimeout='0']
      SELECT "l"."GIA_TRI"
      FROM "QL_NHAN_HIEN_THI" "l"
      WHERE "l"."MA" = :Ma_0
      FETCH FIRST 1 ROWS ONLY
info: Microsoft.EntityFrameworkCore.Database.Command[20101]
      Executed DbCommand (6ms) [Parameters=[:Ma_0='?' (Size = 2000)], CommandType='Text', CommandTimeout='0']
      SELECT "l"."GIA_TRI"
      FROM "QL_NHAN_HIEN_THI" "l"
      WHERE "l"."MA" = :Ma_0
      FETCH FIRST 1 ROWS ONLY
info: Microsoft.EntityFrameworkCore.Database.Command[20101]
      Executed DbCommand (5ms) [Parameters=[:Ma_0='?' (Size = 2000)], CommandType='Text', CommandTimeout='0']
      SELECT "l"."GIA_TRI"
      FROM "QL_NHAN_HIEN_THI" "l"
      WHERE "l"."MA" = :Ma_0
      FETCH FIRST 1 ROWS ONLY
info: Microsoft.EntityFrameworkCore.Database.Command[20101]
      Executed DbCommand (3ms) [Parameters=[:nguoiDung_ID_0='?' (DbType = Decimal)], CommandType='Text', CommandTimeout='0']
      SELECT "c"."VAI_TRO_ID"
      FROM "QL_VAI_TRO_NGUOI_DUNG" "c"
      WHERE "c"."NGUOI_DUNG_ID" = :nguoiDung_ID_0
info: Microsoft.EntityFrameworkCore.Database.Command[20101]
      Executed DbCommand (3ms) [Parameters=[:Ma_0='?' (Size = 2000)], CommandType='Text', CommandTimeout='0']
      SELECT "l"."GIA_TRI"
      FROM "QL_NHAN_HIEN_THI" "l"
      WHERE "l"."MA" = :Ma_0
      FETCH FIRST 1 ROWS ONLY
info: Microsoft.EntityFrameworkCore.Database.Command[20101]
      Executed DbCommand (3ms) [Parameters=[:Ma_0='?' (Size = 2000)], CommandType='Text', CommandTimeout='0']
      SELECT "l"."GIA_TRI"
      FROM "QL_NHAN_HIEN_THI" "l"
      WHERE "l"."MA" = :Ma_0
      FETCH FIRST 1 ROWS ONLY
info: Microsoft.EntityFrameworkCore.Database.Command[20101]
      Executed DbCommand (5ms) [Parameters=[:Ma_0='?' (Size = 2000)], CommandType='Text', CommandTimeout='0']
      SELECT "l"."GIA_TRI"
      FROM "QL_NHAN_HIEN_THI" "l"
      WHERE "l"."MA" = :Ma_0
      FETCH FIRST 1 ROWS ONLY
info: Microsoft.EntityFrameworkCore.Database.Command[20101]
      Executed DbCommand (3ms) [Parameters=[:nguoiDung_ID_0='?' (DbType = Decimal)], CommandType='Text', CommandTimeout='0']
      SELECT "c"."VAI_TRO_ID"
      FROM "QL_VAI_TRO_NGUOI_DUNG" "c"
      WHERE "c"."NGUOI_DUNG_ID" = :nguoiDung_ID_0
info: Microsoft.EntityFrameworkCore.Database.Command[20101]
      Executed DbCommand (8ms) [Parameters=[:Ma_0='?' (Size = 2000)], CommandType='Text', CommandTimeout='0']
      SELECT "l"."GIA_TRI"
      FROM "QL_NHAN_HIEN_THI" "l"
      WHERE "l"."MA" = :Ma_0
      FETCH FIRST 1 ROWS ONLY
info: Microsoft.EntityFrameworkCore.Database.Command[20101]
      Executed DbCommand (6ms) [Parameters=[:Ma_0='?' (Size = 2000)], CommandType='Text', CommandTimeout='0']
      SELECT "l"."GIA_TRI"
      FROM "QL_NHAN_HIEN_THI" "l"
      WHERE "l"."MA" = :Ma_0
      FETCH FIRST 1 ROWS ONLY
info: Microsoft.EntityFrameworkCore.Database.Command[20101]
      Executed DbCommand (5ms) [Parameters=[:Ma_0='?' (Size = 2000)], CommandType='Text', CommandTimeout='0']
      SELECT "l"."GIA_TRI"
      FROM "QL_NHAN_HIEN_THI" "l"
      WHERE "l"."MA" = :Ma_0
      FETCH FIRST 1 ROWS ONLY
info: Microsoft.EntityFrameworkCore.Database.Command[20101]
      Executed DbCommand (2ms) [Parameters=[:nguoiDung_ID_0='?' (DbType = Decimal)], CommandType='Text', CommandTimeout='0']
      SELECT "c"."VAI_TRO_ID"
      FROM "QL_VAI_TRO_NGUOI_DUNG" "c"
      WHERE "c"."NGUOI_DUNG_ID" = :nguoiDung_ID_0
info: Microsoft.EntityFrameworkCore.Database.Command[20101]
      Executed DbCommand (4ms) [Parameters=[:Ma_0='?' (Size = 2000)], CommandType='Text', CommandTimeout='0']
      SELECT "l"."GIA_TRI"
      FROM "QL_NHAN_HIEN_THI" "l"
      WHERE "l"."MA" = :Ma_0
      FETCH FIRST 1 ROWS ONLY
info: Microsoft.EntityFrameworkCore.Database.Command[20101]
      Executed DbCommand (7ms) [Parameters=[:Ma_0='?' (Size = 2000)], CommandType='Text', CommandTimeout='0']
      SELECT "l"."GIA_TRI"
      FROM "QL_NHAN_HIEN_THI" "l"
      WHERE "l"."MA" = :Ma_0
      FETCH FIRST 1 ROWS ONLY
info: Microsoft.EntityFrameworkCore.Database.Command[20101]
      Executed DbCommand (3ms) [Parameters=[:nguoiDung_ID_0='?' (DbType = Decimal)], CommandType='Text', CommandTimeout='0']
      SELECT "c"."VAI_TRO_ID"
      FROM "QL_VAI_TRO_NGUOI_DUNG" "c"
      WHERE "c"."NGUOI_DUNG_ID" = :nguoiDung_ID_0
info: Microsoft.EntityFrameworkCore.Database.Command[20101]
      Executed DbCommand (3ms) [Parameters=[:Ma_0='?' (Size = 2000)], CommandType='Text', CommandTimeout='0']
      SELECT "l"."GIA_TRI"
      FROM "QL_NHAN_HIEN_THI" "l"
      WHERE "l"."MA" = :Ma_0
      FETCH FIRST 1 ROWS ONLY
info: Microsoft.EntityFrameworkCore.Database.Command[20101]
      Executed DbCommand (2ms) [Parameters=[:nguoiDung_ID_0='?' (DbType = Decimal)], CommandType='Text', CommandTimeout='0']
      SELECT "c"."VAI_TRO_ID"
      FROM "QL_VAI_TRO_NGUOI_DUNG" "c"
      WHERE "c"."NGUOI_DUNG_ID" = :nguoiDung_ID_0
info: Microsoft.EntityFrameworkCore.Database.Command[20101]
      Executed DbCommand (4ms) [Parameters=[:Ma_0='?' (Size = 2000)], CommandType='Text', CommandTimeout='0']
      SELECT "l"."GIA_TRI"
      FROM "QL_NHAN_HIEN_THI" "l"
      WHERE "l"."MA" = :Ma_0
      FETCH FIRST 1 ROWS ONLY
info: Microsoft.EntityFrameworkCore.Database.Command[20101]
      Executed DbCommand (3ms) [Parameters=[:nguoiDung_ID_0='?' (DbType = Decimal)], CommandType='Text', CommandTimeout='0']
      SELECT "c"."VAI_TRO_ID"
      FROM "QL_VAI_TRO_NGUOI_DUNG" "c"
      WHERE "c"."NGUOI_DUNG_ID" = :nguoiDung_ID_0
info: Microsoft.EntityFrameworkCore.Database.Command[20101]
      Executed DbCommand (4ms) [Parameters=[:Ma_0='?' (Size = 2000)], CommandType='Text', CommandTimeout='0']
      SELECT "l"."GIA_TRI"
      FROM "QL_NHAN_HIEN_THI" "l"
      WHERE "l"."MA" = :Ma_0
      FETCH FIRST 1 ROWS ONLY
info: Microsoft.EntityFrameworkCore.Database.Command[20101]
      Executed DbCommand (2ms) [Parameters=[:nguoiDung_ID_0='?' (DbType = Decimal)], CommandType='Text', CommandTimeout='0']
      SELECT "c"."VAI_TRO_ID"
      FROM "QL_VAI_TRO_NGUOI_DUNG" "c"
      WHERE "c"."NGUOI_DUNG_ID" = :nguoiDung_ID_0
info: Microsoft.EntityFrameworkCore.Database.Command[20101]
      Executed DbCommand (3ms) [Parameters=[:Ma_0='?' (Size = 2000)], CommandType='Text', CommandTimeout='0']
      SELECT "l"."GIA_TRI"
      FROM "QL_NHAN_HIEN_THI" "l"
      WHERE "l"."MA" = :Ma_0
      FETCH FIRST 1 ROWS ONLY
info: Microsoft.EntityFrameworkCore.Database.Command[20101]
      Executed DbCommand (4ms) [Parameters=[:nguoiDung_ID_0='?' (DbType = Decimal)], CommandType='Text', CommandTimeout='0']
      SELECT "c"."VAI_TRO_ID"
      FROM "QL_VAI_TRO_NGUOI_DUNG" "c"
      WHERE "c"."NGUOI_DUNG_ID" = :nguoiDung_ID_0
info: Microsoft.EntityFrameworkCore.Database.Command[20101]
      Executed DbCommand (7ms) [Parameters=[:Ma_0='?' (Size = 2000)], CommandType='Text', CommandTimeout='0']
      SELECT "l"."GIA_TRI"
      FROM "QL_NHAN_HIEN_THI" "l"
      WHERE "l"."MA" = :Ma_0
      FETCH FIRST 1 ROWS ONLY
info: Microsoft.EntityFrameworkCore.Database.Command[20101]
      Executed DbCommand (4ms) [Parameters=[:nguoiDung_ID_0='?' (DbType = Decimal)], CommandType='Text', CommandTimeout='0']
      SELECT "c"."VAI_TRO_ID"
      FROM "QL_VAI_TRO_NGUOI_DUNG" "c"
      WHERE "c"."NGUOI_DUNG_ID" = :nguoiDung_ID_0
info: Microsoft.EntityFrameworkCore.Database.Command[20101]
      Executed DbCommand (5ms) [Parameters=[:Ma_0='?' (Size = 2000)], CommandType='Text', CommandTimeout='0']
      SELECT "l"."GIA_TRI"
      FROM "QL_NHAN_HIEN_THI" "l"
      WHERE "l"."MA" = :Ma_0
      FETCH FIRST 1 ROWS ONLY
info: Microsoft.EntityFrameworkCore.Database.Command[20101]
      Executed DbCommand (3ms) [Parameters=[:Ma_0='?' (Size = 2000)], CommandType='Text', CommandTimeout='0']
      SELECT "l"."GIA_TRI"
      FROM "QL_NHAN_HIEN_THI" "l"
      WHERE "l"."MA" = :Ma_0
      FETCH FIRST 1 ROWS ONLY
info: Microsoft.EntityFrameworkCore.Database.Command[20101]
      Executed DbCommand (3ms) [Parameters=[:Ma_0='?' (Size = 2000)], CommandType='Text', CommandTimeout='0']
      SELECT "l"."GIA_TRI"
      FROM "QL_NHAN_HIEN_THI" "l"
      WHERE "l"."MA" = :Ma_0
      FETCH FIRST 1 ROWS ONLY
info: Microsoft.EntityFrameworkCore.Database.Command[20101]
      Executed DbCommand (6ms) [Parameters=[:Ma_0='?' (Size = 2000)], CommandType='Text', CommandTimeout='0']
      SELECT "l"."GIA_TRI"
      FROM "QL_NHAN_HIEN_THI" "l"
      WHERE "l"."MA" = :Ma_0
      FETCH FIRST 1 ROWS ONLY
info: Microsoft.EntityFrameworkCore.Database.Command[20101]
      Executed DbCommand (2ms) [Parameters=[:nguoiDung_ID_0='?' (DbType = Decimal)], CommandType='Text', CommandTimeout='0']
      SELECT "c"."VAI_TRO_ID"
      FROM "QL_VAI_TRO_NGUOI_DUNG" "c"
      WHERE "c"."NGUOI_DUNG_ID" = :nguoiDung_ID_0
info: Microsoft.EntityFrameworkCore.Database.Command[20101]
      Executed DbCommand (4ms) [Parameters=[:Ma_0='?' (Size = 2000)], CommandType='Text', CommandTimeout='0']
      SELECT "l"."GIA_TRI"
      FROM "QL_NHAN_HIEN_THI" "l"
      WHERE "l"."MA" = :Ma_0
      FETCH FIRST 1 ROWS ONLY
info: Microsoft.EntityFrameworkCore.Database.Command[20101]
      Executed DbCommand (3ms) [Parameters=[:nguoiDung_ID_0='?' (DbType = Decimal)], CommandType='Text', CommandTimeout='0']
      SELECT "c"."VAI_TRO_ID"
      FROM "QL_VAI_TRO_NGUOI_DUNG" "c"
      WHERE "c"."NGUOI_DUNG_ID" = :nguoiDung_ID_0
info: Microsoft.EntityFrameworkCore.Database.Command[20101]
      Executed DbCommand (5ms) [Parameters=[:Ma_0='?' (Size = 2000)], CommandType='Text', CommandTimeout='0']
      SELECT "l"."GIA_TRI"
      FROM "QL_NHAN_HIEN_THI" "l"
      WHERE "l"."MA" = :Ma_0
      FETCH FIRST 1 ROWS ONLY
info: Microsoft.EntityFrameworkCore.Database.Command[20101]
      Executed DbCommand (2ms) [Parameters=[:nguoiDung_ID_0='?' (DbType = Decimal)], CommandType='Text', CommandTimeout='0']
      SELECT "c"."VAI_TRO_ID"
      FROM "QL_VAI_TRO_NGUOI_DUNG" "c"
      WHERE "c"."NGUOI_DUNG_ID" = :nguoiDung_ID_0
info: Microsoft.EntityFrameworkCore.Database.Command[20101]
      Executed DbCommand (7ms) [Parameters=[:Ma_0='?' (Size = 2000)], CommandType='Text', CommandTimeout='0']
      SELECT "l"."GIA_TRI"
      FROM "QL_NHAN_HIEN_THI" "l"
      WHERE "l"."MA" = :Ma_0
      FETCH FIRST 1 ROWS ONLY
info: Microsoft.EntityFrameworkCore.Database.Command[20101]
      Executed DbCommand (3ms) [Parameters=[:nguoiDung_ID_0='?' (DbType = Decimal)], CommandType='Text', CommandTimeout='0']
      SELECT "c"."VAI_TRO_ID"
      FROM "QL_VAI_TRO_NGUOI_DUNG" "c"
      WHERE "c"."NGUOI_DUNG_ID" = :nguoiDung_ID_0
info: Microsoft.EntityFrameworkCore.Database.Command[20101]
      Executed DbCommand (3ms) [Parameters=[:Ma_0='?' (Size = 2000)], CommandType='Text', CommandTimeout='0']
      SELECT "l"."GIA_TRI"
      FROM "QL_NHAN_HIEN_THI" "l"
      WHERE "l"."MA" = :Ma_0
      FETCH FIRST 1 ROWS ONLY
info: Microsoft.EntityFrameworkCore.Database.Command[20101]
      Executed DbCommand (3ms) [Parameters=[:nguoiDung_ID_0='?' (DbType = Decimal)], CommandType='Text', CommandTimeout='0']
      SELECT "c"."VAI_TRO_ID"
      FROM "QL_VAI_TRO_NGUOI_DUNG" "c"
      WHERE "c"."NGUOI_DUNG_ID" = :nguoiDung_ID_0
info: Microsoft.EntityFrameworkCore.Database.Command[20101]
      Executed DbCommand (2ms) [Parameters=[:Ma_0='?' (Size = 2000)], CommandType='Text', CommandTimeout='0']
      SELECT "l"."GIA_TRI"
      FROM "QL_NHAN_HIEN_THI" "l"
      WHERE "l"."MA" = :Ma_0
      FETCH FIRST 1 ROWS ONLY
info: Microsoft.EntityFrameworkCore.Database.Command[20101]
      Executed DbCommand (3ms) [Parameters=[:nguoiDung_ID_0='?' (DbType = Decimal)], CommandType='Text', CommandTimeout='0']
      SELECT "c"."VAI_TRO_ID"
      FROM "QL_VAI_TRO_NGUOI_DUNG" "c"
      WHERE "c"."NGUOI_DUNG_ID" = :nguoiDung_ID_0
info: Microsoft.EntityFrameworkCore.Database.Command[20101]
      Executed DbCommand (3ms) [Parameters=[:Ma_0='?' (Size = 2000)], CommandType='Text', CommandTimeout='0']
      SELECT "l"."GIA_TRI"
      FROM "QL_NHAN_HIEN_THI" "l"
      WHERE "l"."MA" = :Ma_0
      FETCH FIRST 1 ROWS ONLY
info: Microsoft.EntityFrameworkCore.Database.Command[20101]
      Executed DbCommand (5ms) [Parameters=[:nguoiDung_ID_0='?' (DbType = Decimal)], CommandType='Text', CommandTimeout='0']
      SELECT "c"."VAI_TRO_ID"
      FROM "QL_VAI_TRO_NGUOI_DUNG" "c"
      WHERE "c"."NGUOI_DUNG_ID" = :nguoiDung_ID_0
info: Microsoft.EntityFrameworkCore.Database.Command[20101]
      Executed DbCommand (3ms) [Parameters=[:Ma_0='?' (Size = 2000)], CommandType='Text', CommandTimeout='0']
      SELECT "l"."GIA_TRI"
      FROM "QL_NHAN_HIEN_THI" "l"
      WHERE "l"."MA" = :Ma_0
      FETCH FIRST 1 ROWS ONLY
info: Microsoft.EntityFrameworkCore.Database.Command[20101]
      Executed DbCommand (2ms) [Parameters=[:nguoiDung_ID_0='?' (DbType = Decimal)], CommandType='Text', CommandTimeout='0']
      SELECT "c"."VAI_TRO_ID"
      FROM "QL_VAI_TRO_NGUOI_DUNG" "c"
      WHERE "c"."NGUOI_DUNG_ID" = :nguoiDung_ID_0
info: Microsoft.EntityFrameworkCore.Database.Command[20101]
      Executed DbCommand (3ms) [Parameters=[:Ma_0='?' (Size = 2000)], CommandType='Text', CommandTimeout='0']
      SELECT "l"."GIA_TRI"
      FROM "QL_NHAN_HIEN_THI" "l"
      WHERE "l"."MA" = :Ma_0
      FETCH FIRST 1 ROWS ONLY
info: Microsoft.EntityFrameworkCore.Database.Command[20101]
      Executed DbCommand (2ms) [Parameters=[:nguoiDung_ID_0='?' (DbType = Decimal)], CommandType='Text', CommandTimeout='0']
      SELECT "c"."VAI_TRO_ID"
      FROM "QL_VAI_TRO_NGUOI_DUNG" "c"
      WHERE "c"."NGUOI_DUNG_ID" = :nguoiDung_ID_0
info: Microsoft.EntityFrameworkCore.Database.Command[20101]
      Executed DbCommand (3ms) [Parameters=[:Ma_0='?' (Size = 2000)], CommandType='Text', CommandTimeout='0']
      SELECT "l"."GIA_TRI"
      FROM "QL_NHAN_HIEN_THI" "l"
      WHERE "l"."MA" = :Ma_0
      FETCH FIRST 1 ROWS ONLY
info: Microsoft.EntityFrameworkCore.Database.Command[20101]
      Executed DbCommand (2ms) [Parameters=[:nguoiDung_ID_0='?' (DbType = Decimal)], CommandType='Text', CommandTimeout='0']
      SELECT "c"."VAI_TRO_ID"
      FROM "QL_VAI_TRO_NGUOI_DUNG" "c"
      WHERE "c"."NGUOI_DUNG_ID" = :nguoiDung_ID_0
info: Microsoft.EntityFrameworkCore.Database.Command[20101]
      Executed DbCommand (2ms) [Parameters=[:Ma_0='?' (Size = 2000)], CommandType='Text', CommandTimeout='0']
      SELECT "l"."GIA_TRI"
      FROM "QL_NHAN_HIEN_THI" "l"
      WHERE "l"."MA" = :Ma_0
      FETCH FIRST 1 ROWS ONLY
info: Microsoft.EntityFrameworkCore.Database.Command[20101]
      Executed DbCommand (2ms) [Parameters=[:nguoiDung_ID_0='?' (DbType = Decimal)], CommandType='Text', CommandTimeout='0']
      SELECT "c"."VAI_TRO_ID"
      FROM "QL_VAI_TRO_NGUOI_DUNG" "c"
      WHERE "c"."NGUOI_DUNG_ID" = :nguoiDung_ID_0
info: Microsoft.EntityFrameworkCore.Database.Command[20101]
      Executed DbCommand (3ms) [Parameters=[:Ma_0='?' (Size = 2000)], CommandType='Text', CommandTimeout='0']
      SELECT "l"."GIA_TRI"
      FROM "QL_NHAN_HIEN_THI" "l"
      WHERE "l"."MA" = :Ma_0
      FETCH FIRST 1 ROWS ONLY
info: Microsoft.EntityFrameworkCore.Database.Command[20101]
      Executed DbCommand (2ms) [Parameters=[:nguoiDung_ID_0='?' (DbType = Decimal)], CommandType='Text', CommandTimeout='0']
      SELECT "c"."VAI_TRO_ID"
      FROM "QL_VAI_TRO_NGUOI_DUNG" "c"
      WHERE "c"."NGUOI_DUNG_ID" = :nguoiDung_ID_0
info: Microsoft.EntityFrameworkCore.Database.Command[20101]
      Executed DbCommand (2ms) [Parameters=[:Ma_0='?' (Size = 2000)], CommandType='Text', CommandTimeout='0']
      SELECT "l"."GIA_TRI"
      FROM "QL_NHAN_HIEN_THI" "l"
      WHERE "l"."MA" = :Ma_0
      FETCH FIRST 1 ROWS ONLY
info: Microsoft.EntityFrameworkCore.Database.Command[20101]
      Executed DbCommand (3ms) [Parameters=[:nguoiDung_ID_0='?' (DbType = Decimal)], CommandType='Text', CommandTimeout='0']
      SELECT "c"."VAI_TRO_ID"
      FROM "QL_VAI_TRO_NGUOI_DUNG" "c"
      WHERE "c"."NGUOI_DUNG_ID" = :nguoiDung_ID_0
info: Microsoft.EntityFrameworkCore.Database.Command[20101]
      Executed DbCommand (4ms) [Parameters=[:Ma_0='?' (Size = 2000)], CommandType='Text', CommandTimeout='0']
      SELECT "l"."GIA_TRI"
      FROM "QL_NHAN_HIEN_THI" "l"
      WHERE "l"."MA" = :Ma_0
      FETCH FIRST 1 ROWS ONLY
info: Microsoft.EntityFrameworkCore.Database.Command[20101]
      Executed DbCommand (3ms) [Parameters=[:nguoiDung_ID_0='?' (DbType = Decimal)], CommandType='Text', CommandTimeout='0']
      SELECT "c"."VAI_TRO_ID"
      FROM "QL_VAI_TRO_NGUOI_DUNG" "c"
      WHERE "c"."NGUOI_DUNG_ID" = :nguoiDung_ID_0
info: Microsoft.EntityFrameworkCore.Database.Command[20101]
      Executed DbCommand (5ms) [Parameters=[:Ma_0='?' (Size = 2000)], CommandType='Text', CommandTimeout='0']
      SELECT "l"."GIA_TRI"
      FROM "QL_NHAN_HIEN_THI" "l"
      WHERE "l"."MA" = :Ma_0
      FETCH FIRST 1 ROWS ONLY
info: Microsoft.EntityFrameworkCore.Database.Command[20101]
      Executed DbCommand (3ms) [Parameters=[:nguoiDung_ID_0='?' (DbType = Decimal)], CommandType='Text', CommandTimeout='0']
      SELECT "c"."VAI_TRO_ID"
      FROM "QL_VAI_TRO_NGUOI_DUNG" "c"
      WHERE "c"."NGUOI_DUNG_ID" = :nguoiDung_ID_0
info: Microsoft.EntityFrameworkCore.Database.Command[20101]
      Executed DbCommand (3ms) [Parameters=[:Ma_0='?' (Size = 2000)], CommandType='Text', CommandTimeout='0']
      SELECT "l"."GIA_TRI"
      FROM "QL_NHAN_HIEN_THI" "l"
      WHERE "l"."MA" = :Ma_0
      FETCH FIRST 1 ROWS ONLY
info: Microsoft.EntityFrameworkCore.Database.Command[20101]
      Executed DbCommand (5ms) [Parameters=[:Ma_0='?' (Size = 2000)], CommandType='Text', CommandTimeout='0']
      SELECT "l"."GIA_TRI"
      FROM "QL_NHAN_HIEN_THI" "l"
      WHERE "l"."MA" = :Ma_0
      FETCH FIRST 1 ROWS ONLY
info: Microsoft.EntityFrameworkCore.Database.Command[20101]
      Executed DbCommand (4ms) [Parameters=[:Ma_0='?' (Size = 2000)], CommandType='Text', CommandTimeout='0']
      SELECT "l"."GIA_TRI"
      FROM "QL_NHAN_HIEN_THI" "l"
      WHERE "l"."MA" = :Ma_0
      FETCH FIRST 1 ROWS ONLY
info: Microsoft.EntityFrameworkCore.Database.Command[20101]
      Executed DbCommand (6ms) [Parameters=[:Ma_0='?' (Size = 2000)], CommandType='Text', CommandTimeout='0']
      SELECT "l"."GIA_TRI"
      FROM "QL_NHAN_HIEN_THI" "l"
      WHERE "l"."MA" = :Ma_0
      FETCH FIRST 1 ROWS ONLY
info: Microsoft.EntityFrameworkCore.Database.Command[20101]
      Executed DbCommand (5ms) [Parameters=[:Ma_0='?' (Size = 2000)], CommandType='Text', CommandTimeout='0']
      SELECT "l"."GIA_TRI"
      FROM "QL_NHAN_HIEN_THI" "l"
      WHERE "l"."MA" = :Ma_0
      FETCH FIRST 1 ROWS ONLY
info: Microsoft.EntityFrameworkCore.Database.Command[20101]
      Executed DbCommand (7ms) [Parameters=[:Ma_0='?' (Size = 2000)], CommandType='Text', CommandTimeout='0']
      SELECT "l"."GIA_TRI"
      FROM "QL_NHAN_HIEN_THI" "l"
      WHERE "l"."MA" = :Ma_0
      FETCH FIRST 1 ROWS ONLY
info: Microsoft.EntityFrameworkCore.Database.Command[20101]
      Executed DbCommand (7ms) [Parameters=[:nguoiDung_ID_0='?' (DbType = Decimal)], CommandType='Text', CommandTimeout='0']
      SELECT "c"."VAI_TRO_ID"
      FROM "QL_VAI_TRO_NGUOI_DUNG" "c"
      WHERE "c"."NGUOI_DUNG_ID" = :nguoiDung_ID_0
info: Microsoft.EntityFrameworkCore.Database.Command[20101]
      Executed DbCommand (4ms) [Parameters=[:Ma_0='?' (Size = 2000)], CommandType='Text', CommandTimeout='0']
      SELECT "l"."GIA_TRI"
      FROM "QL_NHAN_HIEN_THI" "l"
      WHERE "l"."MA" = :Ma_0
      FETCH FIRST 1 ROWS ONLY
info: Microsoft.EntityFrameworkCore.Database.Command[20101]
      Executed DbCommand (3ms) [Parameters=[:nguoiDung_ID_0='?' (DbType = Decimal)], CommandType='Text', CommandTimeout='0']
      SELECT "c"."VAI_TRO_ID"
      FROM "QL_VAI_TRO_NGUOI_DUNG" "c"
      WHERE "c"."NGUOI_DUNG_ID" = :nguoiDung_ID_0
info: Microsoft.EntityFrameworkCore.Database.Command[20101]
      Executed DbCommand (3ms) [Parameters=[:nguoiDung_ID_0='?' (DbType = Decimal)], CommandType='Text', CommandTimeout='0']
      SELECT "c"."VAI_TRO_ID"
      FROM "QL_VAI_TRO_NGUOI_DUNG" "c"
      WHERE "c"."NGUOI_DUNG_ID" = :nguoiDung_ID_0
info: Microsoft.EntityFrameworkCore.Database.Command[20101]
      Executed DbCommand (5ms) [Parameters=[:Ma_0='?' (Size = 2000)], CommandType='Text', CommandTimeout='0']
      SELECT "l"."GIA_TRI"
      FROM "QL_NHAN_HIEN_THI" "l"
      WHERE "l"."MA" = :Ma_0
      FETCH FIRST 1 ROWS ONLY
info: Microsoft.EntityFrameworkCore.Database.Command[20101]
      Executed DbCommand (7ms) [Parameters=[:nguoiDung_ID_0='?' (DbType = Decimal)], CommandType='Text', CommandTimeout='0']
      SELECT "c"."VAI_TRO_ID"
      FROM "QL_VAI_TRO_NGUOI_DUNG" "c"
      WHERE "c"."NGUOI_DUNG_ID" = :nguoiDung_ID_0
info: Microsoft.EntityFrameworkCore.Database.Command[20101]
      Executed DbCommand (7ms) [Parameters=[:Ma_0='?' (Size = 2000)], CommandType='Text', CommandTimeout='0']
      SELECT "l"."GIA_TRI"
      FROM "QL_NHAN_HIEN_THI" "l"
      WHERE "l"."MA" = :Ma_0
      FETCH FIRST 1 ROWS ONLY
info: Microsoft.EntityFrameworkCore.Database.Command[20101]
      Executed DbCommand (3ms) [Parameters=[:nguoiDung_ID_0='?' (DbType = Decimal)], CommandType='Text', CommandTimeout='0']
      SELECT "c"."VAI_TRO_ID"
      FROM "QL_VAI_TRO_NGUOI_DUNG" "c"
      WHERE "c"."NGUOI_DUNG_ID" = :nguoiDung_ID_0
info: Microsoft.EntityFrameworkCore.Database.Command[20101]
      Executed DbCommand (2ms) [Parameters=[:nguoiDung_ID_0='?' (DbType = Decimal)], CommandType='Text', CommandTimeout='0']
      SELECT "c"."VAI_TRO_ID"
      FROM "QL_VAI_TRO_NGUOI_DUNG" "c"
      WHERE "c"."NGUOI_DUNG_ID" = :nguoiDung_ID_0
info: Microsoft.EntityFrameworkCore.Database.Command[20101]
      Executed DbCommand (3ms) [Parameters=[:Ma_0='?' (Size = 2000)], CommandType='Text', CommandTimeout='0']
      SELECT "l"."GIA_TRI"
      FROM "QL_NHAN_HIEN_THI" "l"
      WHERE "l"."MA" = :Ma_0
      FETCH FIRST 1 ROWS ONLY
info: Microsoft.EntityFrameworkCore.Database.Command[20101]
      Executed DbCommand (3ms) [Parameters=[:nguoiDung_ID_0='?' (DbType = Decimal)], CommandType='Text', CommandTimeout='0']
      SELECT "c"."VAI_TRO_ID"
      FROM "QL_VAI_TRO_NGUOI_DUNG" "c"
      WHERE "c"."NGUOI_DUNG_ID" = :nguoiDung_ID_0
info: Microsoft.EntityFrameworkCore.Database.Command[20101]
      Executed DbCommand (3ms) [Parameters=[:Ma_0='?' (Size = 2000)], CommandType='Text', CommandTimeout='0']
      SELECT "l"."GIA_TRI"
      FROM "QL_NHAN_HIEN_THI" "l"
      WHERE "l"."MA" = :Ma_0
      FETCH FIRST 1 ROWS ONLY
info: Microsoft.EntityFrameworkCore.Database.Command[20101]
      Executed DbCommand (3ms) [Parameters=[:nguoiDung_ID_0='?' (DbType = Decimal)], CommandType='Text', CommandTimeout='0']
      SELECT "c"."VAI_TRO_ID"
      FROM "QL_VAI_TRO_NGUOI_DUNG" "c"
      WHERE "c"."NGUOI_DUNG_ID" = :nguoiDung_ID_0
info: Microsoft.EntityFrameworkCore.Database.Command[20101]
      Executed DbCommand (3ms) [Parameters=[:Ma_0='?' (Size = 2000)], CommandType='Text', CommandTimeout='0']
      SELECT "l"."GIA_TRI"
      FROM "QL_NHAN_HIEN_THI" "l"
      WHERE "l"."MA" = :Ma_0
      FETCH FIRST 1 ROWS ONLY
info: Microsoft.EntityFrameworkCore.Database.Command[20101]
      Executed DbCommand (3ms) [Parameters=[:nguoiDung_ID_0='?' (DbType = Decimal)], CommandType='Text', CommandTimeout='0']
      SELECT "c"."VAI_TRO_ID"
      FROM "QL_VAI_TRO_NGUOI_DUNG" "c"
      WHERE "c"."NGUOI_DUNG_ID" = :nguoiDung_ID_0
info: Microsoft.EntityFrameworkCore.Database.Command[20101]
      Executed DbCommand (3ms) [Parameters=[:Ma_0='?' (Size = 2000)], CommandType='Text', CommandTimeout='0']
      SELECT "l"."GIA_TRI"
      FROM "QL_NHAN_HIEN_THI" "l"
      WHERE "l"."MA" = :Ma_0
      FETCH FIRST 1 ROWS ONLY
info: Microsoft.EntityFrameworkCore.Database.Command[20101]
      Executed DbCommand (2ms) [Parameters=[:nguoiDung_ID_0='?' (DbType = Decimal)], CommandType='Text', CommandTimeout='0']
      SELECT "c"."VAI_TRO_ID"
      FROM "QL_VAI_TRO_NGUOI_DUNG" "c"
      WHERE "c"."NGUOI_DUNG_ID" = :nguoiDung_ID_0
info: Microsoft.EntityFrameworkCore.Database.Command[20101]
      Executed DbCommand (3ms) [Parameters=[:Ma_0='?' (Size = 2000)], CommandType='Text', CommandTimeout='0']
      SELECT "l"."GIA_TRI"
      FROM "QL_NHAN_HIEN_THI" "l"
      WHERE "l"."MA" = :Ma_0
      FETCH FIRST 1 ROWS ONLY
info: Microsoft.EntityFrameworkCore.Database.Command[20101]
      Executed DbCommand (3ms) [Parameters=[:nguoiDung_ID_0='?' (DbType = Decimal)], CommandType='Text', CommandTimeout='0']
      SELECT "c"."VAI_TRO_ID"
      FROM "QL_VAI_TRO_NGUOI_DUNG" "c"
      WHERE "c"."NGUOI_DUNG_ID" = :nguoiDung_ID_0
info: Microsoft.EntityFrameworkCore.Database.Command[20101]
      Executed DbCommand (3ms) [Parameters=[:Ma_0='?' (Size = 2000)], CommandType='Text', CommandTimeout='0']
      SELECT "l"."GIA_TRI"
      FROM "QL_NHAN_HIEN_THI" "l"
      WHERE "l"."MA" = :Ma_0
      FETCH FIRST 1 ROWS ONLY
info: Microsoft.EntityFrameworkCore.Database.Command[20101]
      Executed DbCommand (2ms) [Parameters=[:nguoiDung_ID_0='?' (DbType = Decimal)], CommandType='Text', CommandTimeout='0']
      SELECT "c"."VAI_TRO_ID"
      FROM "QL_VAI_TRO_NGUOI_DUNG" "c"
      WHERE "c"."NGUOI_DUNG_ID" = :nguoiDung_ID_0
info: Microsoft.EntityFrameworkCore.Database.Command[20101]
      Executed DbCommand (3ms) [Parameters=[:Ma_0='?' (Size = 2000)], CommandType='Text', CommandTimeout='0']
      SELECT "l"."GIA_TRI"
      FROM "QL_NHAN_HIEN_THI" "l"
      WHERE "l"."MA" = :Ma_0
      FETCH FIRST 1 ROWS ONLY
info: Microsoft.EntityFrameworkCore.Database.Command[20101]
      Executed DbCommand (3ms) [Parameters=[:nguoiDung_ID_0='?' (DbType = Decimal)], CommandType='Text', CommandTimeout='0']
      SELECT "c"."VAI_TRO_ID"
      FROM "QL_VAI_TRO_NGUOI_DUNG" "c"
      WHERE "c"."NGUOI_DUNG_ID" = :nguoiDung_ID_0
info: Microsoft.EntityFrameworkCore.Database.Command[20101]
      Executed DbCommand (4ms) [Parameters=[:Ma_0='?' (Size = 2000)], CommandType='Text', CommandTimeout='0']
      SELECT "l"."GIA_TRI"
      FROM "QL_NHAN_HIEN_THI" "l"
      WHERE "l"."MA" = :Ma_0
      FETCH FIRST 1 ROWS ONLY
info: Microsoft.EntityFrameworkCore.Database.Command[20101]
      Executed DbCommand (7ms) [Parameters=[:nguoiDung_ID_0='?' (DbType = Decimal)], CommandType='Text', CommandTimeout='0']
      SELECT "c"."VAI_TRO_ID"
      FROM "QL_VAI_TRO_NGUOI_DUNG" "c"
      WHERE "c"."NGUOI_DUNG_ID" = :nguoiDung_ID_0
info: Microsoft.EntityFrameworkCore.Database.Command[20101]
      Executed DbCommand (3ms) [Parameters=[:Ma_0='?' (Size = 2000)], CommandType='Text', CommandTimeout='0']
      SELECT "l"."GIA_TRI"
      FROM "QL_NHAN_HIEN_THI" "l"
      WHERE "l"."MA" = :Ma_0
      FETCH FIRST 1 ROWS ONLY
info: Microsoft.EntityFrameworkCore.Database.Command[20101]
      Executed DbCommand (4ms) [Parameters=[:nguoiDung_ID_0='?' (DbType = Decimal)], CommandType='Text', CommandTimeout='0']
      SELECT "c"."VAI_TRO_ID"
      FROM "QL_VAI_TRO_NGUOI_DUNG" "c"
      WHERE "c"."NGUOI_DUNG_ID" = :nguoiDung_ID_0
info: Microsoft.EntityFrameworkCore.Database.Command[20101]
      Executed DbCommand (4ms) [Parameters=[:Ma_0='?' (Size = 2000)], CommandType='Text', CommandTimeout='0']
      SELECT "l"."GIA_TRI"
      FROM "QL_NHAN_HIEN_THI" "l"
      WHERE "l"."MA" = :Ma_0
      FETCH FIRST 1 ROWS ONLY
info: Microsoft.EntityFrameworkCore.Database.Command[20101]
      Executed DbCommand (3ms) [Parameters=[:nguoiDung_ID_0='?' (DbType = Decimal)], CommandType='Text', CommandTimeout='0']
      SELECT "c"."VAI_TRO_ID"
      FROM "QL_VAI_TRO_NGUOI_DUNG" "c"
      WHERE "c"."NGUOI_DUNG_ID" = :nguoiDung_ID_0
info: Microsoft.EntityFrameworkCore.Database.Command[20101]
      Executed DbCommand (3ms) [Parameters=[:Ma_0='?' (Size = 2000)], CommandType='Text', CommandTimeout='0']
      SELECT "l"."GIA_TRI"
      FROM "QL_NHAN_HIEN_THI" "l"
      WHERE "l"."MA" = :Ma_0
      FETCH FIRST 1 ROWS ONLY
info: Microsoft.EntityFrameworkCore.Database.Command[20101]
      Executed DbCommand (2ms) [Parameters=[:nguoiDung_ID_0='?' (DbType = Decimal)], CommandType='Text', CommandTimeout='0']
      SELECT "c"."VAI_TRO_ID"
      FROM "QL_VAI_TRO_NGUOI_DUNG" "c"
      WHERE "c"."NGUOI_DUNG_ID" = :nguoiDung_ID_0
info: Microsoft.EntityFrameworkCore.Database.Command[20101]
      Executed DbCommand (7ms) [Parameters=[:Ma_0='?' (Size = 2000)], CommandType='Text', CommandTimeout='0']
      SELECT "l"."GIA_TRI"
      FROM "QL_NHAN_HIEN_THI" "l"
      WHERE "l"."MA" = :Ma_0
      FETCH FIRST 1 ROWS ONLY
info: Microsoft.EntityFrameworkCore.Database.Command[20101]
      Executed DbCommand (3ms) [Parameters=[:nguoiDung_ID_0='?' (DbType = Decimal)], CommandType='Text', CommandTimeout='0']
      SELECT "c"."VAI_TRO_ID"
      FROM "QL_VAI_TRO_NGUOI_DUNG" "c"
      WHERE "c"."NGUOI_DUNG_ID" = :nguoiDung_ID_0
info: Microsoft.EntityFrameworkCore.Database.Command[20101]
      Executed DbCommand (4ms) [Parameters=[:Ma_0='?' (Size = 2000)], CommandType='Text', CommandTimeout='0']
      SELECT "l"."GIA_TRI"
      FROM "QL_NHAN_HIEN_THI" "l"
      WHERE "l"."MA" = :Ma_0
      FETCH FIRST 1 ROWS ONLY
info: Microsoft.EntityFrameworkCore.Database.Command[20101]
      Executed DbCommand (2ms) [Parameters=[:nguoiDung_ID_0='?' (DbType = Decimal)], CommandType='Text', CommandTimeout='0']
      SELECT "c"."VAI_TRO_ID"
      FROM "QL_VAI_TRO_NGUOI_DUNG" "c"
      WHERE "c"."NGUOI_DUNG_ID" = :nguoiDung_ID_0
info: Microsoft.EntityFrameworkCore.Database.Command[20101]
      Executed DbCommand (4ms) [Parameters=[:Ma_0='?' (Size = 2000)], CommandType='Text', CommandTimeout='0']
      SELECT "l"."GIA_TRI"
      FROM "QL_NHAN_HIEN_THI" "l"
      WHERE "l"."MA" = :Ma_0
      FETCH FIRST 1 ROWS ONLY
info: Microsoft.EntityFrameworkCore.Database.Command[20101]
      Executed DbCommand (3ms) [Parameters=[:nguoiDung_ID_0='?' (DbType = Decimal)], CommandType='Text', CommandTimeout='0']
      SELECT "c"."VAI_TRO_ID"
      FROM "QL_VAI_TRO_NGUOI_DUNG" "c"
      WHERE "c"."NGUOI_DUNG_ID" = :nguoiDung_ID_0
info: Microsoft.EntityFrameworkCore.Database.Command[20101]
      Executed DbCommand (4ms) [Parameters=[:Ma_0='?' (Size = 2000)], CommandType='Text', CommandTimeout='0']
      SELECT "l"."GIA_TRI"
      FROM "QL_NHAN_HIEN_THI" "l"
      WHERE "l"."MA" = :Ma_0
      FETCH FIRST 1 ROWS ONLY
info: Microsoft.EntityFrameworkCore.Database.Command[20101]
      Executed DbCommand (2ms) [Parameters=[:nguoiDung_ID_0='?' (DbType = Decimal)], CommandType='Text', CommandTimeout='0']
      SELECT "c"."VAI_TRO_ID"
      FROM "QL_VAI_TRO_NGUOI_DUNG" "c"
      WHERE "c"."NGUOI_DUNG_ID" = :nguoiDung_ID_0
info: Microsoft.EntityFrameworkCore.Database.Command[20101]
      Executed DbCommand (61ms) [Parameters=[:donViId_0='?' (DbType = Decimal)], CommandType='Text', CommandTimeout='0']
      SELECT COUNT(*)
      FROM "DM_DON_VI" "p"
      WHERE ((("p"."PARENT_ID" = :donViId_0) AND ("p"."LA_BAN_QL_DU_AN" = 1)) OR (("p"."ID" = :donViId_0) AND ("p"."LOAI_DON_VI_ID" = 15.0))) OR (("p"."ID" = :donViId_0) AND ("p"."LA_BAN_QL_DU_AN" = 1))
info: Microsoft.EntityFrameworkCore.Database.Command[20101]
      Executed DbCommand (2ms) [Parameters=[:Ma_0='?' (Size = 2000)], CommandType='Text', CommandTimeout='0']
      SELECT "l"."GIA_TRI"
      FROM "QL_NHAN_HIEN_THI" "l"
      WHERE "l"."MA" = :Ma_0
      FETCH FIRST 1 ROWS ONLY
info: Microsoft.EntityFrameworkCore.Database.Command[20101]
      Executed DbCommand (2ms) [Parameters=[:nguoiDung_ID_0='?' (DbType = Decimal)], CommandType='Text', CommandTimeout='0']
      SELECT "c"."VAI_TRO_ID"
      FROM "QL_VAI_TRO_NGUOI_DUNG" "c"
      WHERE "c"."NGUOI_DUNG_ID" = :nguoiDung_ID_0
info: Microsoft.EntityFrameworkCore.Database.Command[20101]
      Executed DbCommand (2ms) [Parameters=[:Ma_0='?' (Size = 2000)], CommandType='Text', CommandTimeout='0']
      SELECT "l"."GIA_TRI"
      FROM "QL_NHAN_HIEN_THI" "l"
      WHERE "l"."MA" = :Ma_0
      FETCH FIRST 1 ROWS ONLY
info: Microsoft.EntityFrameworkCore.Database.Command[20101]
      Executed DbCommand (4ms) [Parameters=[:nguoiDung_ID_0='?' (DbType = Decimal)], CommandType='Text', CommandTimeout='0']
      SELECT "c"."VAI_TRO_ID"
      FROM "QL_VAI_TRO_NGUOI_DUNG" "c"
      WHERE "c"."NGUOI_DUNG_ID" = :nguoiDung_ID_0
info: Microsoft.EntityFrameworkCore.Database.Command[20101]
      Executed DbCommand (6ms) [Parameters=[:Ma_0='?' (Size = 2000)], CommandType='Text', CommandTimeout='0']
      SELECT "l"."GIA_TRI"
      FROM "QL_NHAN_HIEN_THI" "l"
      WHERE "l"."MA" = :Ma_0
      FETCH FIRST 1 ROWS ONLY
info: Microsoft.EntityFrameworkCore.Database.Command[20101]
      Executed DbCommand (3ms) [Parameters=[:nguoiDung_ID_0='?' (DbType = Decimal)], CommandType='Text', CommandTimeout='0']
      SELECT "c"."VAI_TRO_ID"
      FROM "QL_VAI_TRO_NGUOI_DUNG" "c"
      WHERE "c"."NGUOI_DUNG_ID" = :nguoiDung_ID_0
info: Microsoft.EntityFrameworkCore.Database.Command[20101]
      Executed DbCommand (4ms) [Parameters=[:Ma_0='?' (Size = 2000)], CommandType='Text', CommandTimeout='0']
      SELECT "l"."GIA_TRI"
      FROM "QL_NHAN_HIEN_THI" "l"
      WHERE "l"."MA" = :Ma_0
      FETCH FIRST 1 ROWS ONLY
info: Microsoft.EntityFrameworkCore.Database.Command[20101]
      Executed DbCommand (2ms) [Parameters=[:nguoiDung_ID_0='?' (DbType = Decimal)], CommandType='Text', CommandTimeout='0']
      SELECT "c"."VAI_TRO_ID"
      FROM "QL_VAI_TRO_NGUOI_DUNG" "c"
      WHERE "c"."NGUOI_DUNG_ID" = :nguoiDung_ID_0
info: Microsoft.EntityFrameworkCore.Database.Command[20101]
      Executed DbCommand (4ms) [Parameters=[:Ma_0='?' (Size = 2000)], CommandType='Text', CommandTimeout='0']
      SELECT "l"."GIA_TRI"
      FROM "QL_NHAN_HIEN_THI" "l"
      WHERE "l"."MA" = :Ma_0
      FETCH FIRST 1 ROWS ONLY
info: Microsoft.EntityFrameworkCore.Database.Command[20101]
      Executed DbCommand (4ms) [Parameters=[:nguoiDung_ID_0='?' (DbType = Decimal)], CommandType='Text', CommandTimeout='0']
      SELECT "c"."VAI_TRO_ID"
      FROM "QL_VAI_TRO_NGUOI_DUNG" "c"
      WHERE "c"."NGUOI_DUNG_ID" = :nguoiDung_ID_0
info: Microsoft.EntityFrameworkCore.Database.Command[20101]
      Executed DbCommand (4ms) [Parameters=[:Ma_0='?' (Size = 2000)], CommandType='Text', CommandTimeout='0']
      SELECT "l"."GIA_TRI"
      FROM "QL_NHAN_HIEN_THI" "l"
      WHERE "l"."MA" = :Ma_0
      FETCH FIRST 1 ROWS ONLY
info: Microsoft.EntityFrameworkCore.Database.Command[20101]
      Executed DbCommand (2ms) [Parameters=[:nguoiDung_ID_0='?' (DbType = Decimal)], CommandType='Text', CommandTimeout='0']
      SELECT "c"."VAI_TRO_ID"
      FROM "QL_VAI_TRO_NGUOI_DUNG" "c"
      WHERE "c"."NGUOI_DUNG_ID" = :nguoiDung_ID_0
info: Microsoft.EntityFrameworkCore.Database.Command[20101]
      Executed DbCommand (3ms) [Parameters=[:Ma_0='?' (Size = 2000)], CommandType='Text', CommandTimeout='0']
      SELECT "l"."GIA_TRI"
      FROM "QL_NHAN_HIEN_THI" "l"
      WHERE "l"."MA" = :Ma_0
      FETCH FIRST 1 ROWS ONLY
info: Microsoft.EntityFrameworkCore.Database.Command[20101]
      Executed DbCommand (2ms) [Parameters=[:nguoiDung_ID_0='?' (DbType = Decimal)], CommandType='Text', CommandTimeout='0']
      SELECT "c"."VAI_TRO_ID"
      FROM "QL_VAI_TRO_NGUOI_DUNG" "c"
      WHERE "c"."NGUOI_DUNG_ID" = :nguoiDung_ID_0
info: Microsoft.EntityFrameworkCore.Database.Command[20101]
      Executed DbCommand (6ms) [Parameters=[:Ma_0='?' (Size = 2000)], CommandType='Text', CommandTimeout='0']
      SELECT "l"."GIA_TRI"
      FROM "QL_NHAN_HIEN_THI" "l"
      WHERE "l"."MA" = :Ma_0
      FETCH FIRST 1 ROWS ONLY
info: Microsoft.EntityFrameworkCore.Database.Command[20101]
      Executed DbCommand (2ms) [Parameters=[:nguoiDung_ID_0='?' (DbType = Decimal)], CommandType='Text', CommandTimeout='0']
      SELECT "c"."VAI_TRO_ID"
      FROM "QL_VAI_TRO_NGUOI_DUNG" "c"
      WHERE "c"."NGUOI_DUNG_ID" = :nguoiDung_ID_0
info: Microsoft.EntityFrameworkCore.Database.Command[20101]
      Executed DbCommand (4ms) [Parameters=[:Ma_0='?' (Size = 2000)], CommandType='Text', CommandTimeout='0']
      SELECT "l"."GIA_TRI"
      FROM "QL_NHAN_HIEN_THI" "l"
      WHERE "l"."MA" = :Ma_0
      FETCH FIRST 1 ROWS ONLY
info: Microsoft.EntityFrameworkCore.Database.Command[20101]
      Executed DbCommand (2ms) [Parameters=[:nguoiDung_ID_0='?' (DbType = Decimal)], CommandType='Text', CommandTimeout='0']
      SELECT "c"."VAI_TRO_ID"
      FROM "QL_VAI_TRO_NGUOI_DUNG" "c"
      WHERE "c"."NGUOI_DUNG_ID" = :nguoiDung_ID_0
info: Microsoft.EntityFrameworkCore.Database.Command[20101]
      Executed DbCommand (4ms) [Parameters=[:guid_0='?' (DbType = Binary)], CommandType='Text', CommandTimeout='0']
      SELECT "c"."ID", "c"."CURRENT_DON_VI_ID", "c"."DB_ID", "c"."EMAIL", "c"."GHI_CHU", "c"."GUID", "c"."IP_TRUY_CAP", "c"."IS_QUAN_TRI", "c"."MAT_KHAU", "c"."MAT_KHAU_KEY", "c"."MA_CAN_BO", "c"."MOBILE", "c"."NGAY_TAO", "c"."NGAY_TRUY_CAP", "c"."NGUOI_TAO", "c"."NGUON_ID", "c"."PASSWORD_HASH", "c"."TEN_DANG_NHAP", "c"."TEN_DAY_DU", "c"."TMP_MAT_KHAU", "c"."TRANG_THAI_ID", "c"."UNG_DUNG"
      FROM "QL_NGUOI_DUNG" "c"
      WHERE "c"."GUID" = :guid_0
      FETCH FIRST 1 ROWS ONLY
info: Microsoft.EntityFrameworkCore.Database.Command[20101]
      Executed DbCommand (4ms) [Parameters=[:nguoiDung_ID_0='?' (DbType = Int32)], CommandType='Text', CommandTimeout='0']
      SELECT "p"."ID", "p"."DATA_JSON", "p"."DB_QUEUE_PROCESS_ID", "p"."DON_VI_ID", "p"."FILE_TYPE", "p"."GUID", "p"."GUID_FILE", "p"."MA_BAO_CAO", "p"."MODEL_DATA_TYPE", "p"."NGAY_TAO", "p"."NGUOI_TAO_ID", "p"."REPORT_CLASS", "p"."RESPONSE", "p"."SEARCH_MODEL_CLASS", "p"."SEARCH_MODEL_JSON", "p"."STATEMENT", "p"."TIME_END_GET_DATA", "p"."TIME_START_GET_DATA", "p"."TRANG_THAI_ID", "p"."TYPE_QUEUE_PROCESS_ID"
      FROM "BC_QUEUE_PROCESS" "p"
      WHERE "p"."NGUOI_TAO_ID" = :nguoiDung_ID_0
      ORDER BY "p"."ID" DESC
      FETCH FIRST 1 ROWS ONLY
info: Microsoft.EntityFrameworkCore.Database.Command[20101]
      Executed DbCommand (3ms) [Parameters=[:Ma_0='?' (Size = 2000)], CommandType='Text', CommandTimeout='0']
      SELECT "l"."GIA_TRI"
      FROM "QL_NHAN_HIEN_THI" "l"
      WHERE "l"."MA" = :Ma_0
      FETCH FIRST 1 ROWS ONLY
info: Microsoft.EntityFrameworkCore.Database.Command[20101]
      Executed DbCommand (3ms) [Parameters=[:Ma_0='?' (Size = 2000)], CommandType='Text', CommandTimeout='0']
      SELECT "l"."GIA_TRI"
      FROM "QL_NHAN_HIEN_THI" "l"
      WHERE "l"."MA" = :Ma_0
      FETCH FIRST 1 ROWS ONLY
info: Microsoft.EntityFrameworkCore.Database.Command[20101]
      Executed DbCommand (3ms) [Parameters=[:Ma_0='?' (Size = 2000)], CommandType='Text', CommandTimeout='0']
      SELECT "l"."GIA_TRI"
      FROM "QL_NHAN_HIEN_THI" "l"
      WHERE "l"."MA" = :Ma_0
      FETCH FIRST 1 ROWS ONLY
info: Microsoft.EntityFrameworkCore.Database.Command[20101]
      Executed DbCommand (2ms) [Parameters=[:Ma_0='?' (Size = 2000)], CommandType='Text', CommandTimeout='0']
      SELECT "l"."GIA_TRI"
      FROM "QL_NHAN_HIEN_THI" "l"
      WHERE "l"."MA" = :Ma_0
      FETCH FIRST 1 ROWS ONLY
info: Microsoft.AspNetCore.Mvc.ViewFeatures.ViewResultExecutor[4]
      Executed ViewResult - view ChonLoaiTaiSan executed in 7338.845ms.
info: Microsoft.AspNetCore.Mvc.Internal.ControllerActionInvoker[2]
      Executed action GS.Web.Controllers.TaiSanController.ChonLoaiTaiSan (GS.Web) in 8124.877ms
info: Microsoft.AspNetCore.Hosting.Internal.WebHost[2]
      Request finished in 8134.2295ms 200 text/html; charset=utf-8
info: Microsoft.AspNetCore.Hosting.Internal.WebHost[1]
      Request starting HTTP/1.1 GET http://localhost:62432/Home/GetTLHD  
info: Microsoft.AspNetCore.Mvc.Internal.ControllerActionInvoker[1]
      Route matched with {action = "GetTLHD", controller = "Home"}. Executing action GS.Web.Controllers.HomeController.GetTLHD (GS.Web)
info: Microsoft.AspNetCore.Mvc.Internal.ControllerActionInvoker[1]
      Executing action method GS.Web.Controllers.HomeController.GetTLHD (GS.Web) - Validation state: Valid
info: Microsoft.EntityFrameworkCore.Infrastructure[10403]
      Entity Framework Core 2.2.6-servicing-10079 initialized 'GSObjectContext' using provider 'Oracle.EntityFrameworkCore' with options: using lazy-loading proxies 
info: Microsoft.EntityFrameworkCore.Database.Command[20101]
      Executed DbCommand (3ms) [Parameters=[:get_Item_0='?' (DbType = Decimal)], CommandType='Text', CommandTimeout='0']
      SELECT "e"."ID", "e"."DON_VI_ID", "e"."GIA_TRI", "e"."TEN"
      FROM "QL_CAU_HINH" "e"
      WHERE "e"."ID" = :get_Item_0
      FETCH FIRST 1 ROWS ONLY
info: Microsoft.AspNetCore.Mvc.Internal.ControllerActionInvoker[2]
      Executed action method GS.Web.Controllers.HomeController.GetTLHD (GS.Web), returned result Microsoft.AspNetCore.Mvc.JsonResult in 14.0645ms.
info: Microsoft.AspNetCore.Mvc.Formatters.Json.Internal.JsonResultExecutor[1]
      Executing JsonResult, writing value of type 'System.String'.
info: Microsoft.AspNetCore.Mvc.Internal.ControllerActionInvoker[2]
      Executed action GS.Web.Controllers.HomeController.GetTLHD (GS.Web) in 20.9699ms
info: Microsoft.AspNetCore.Hosting.Internal.WebHost[2]
      Request finished in 29.5077ms 200 application/json; charset=utf-8
info: Microsoft.AspNetCore.Hosting.Internal.WebHost[1]
      Request starting HTTP/1.1 GET http://localhost:62432/lib/signalr/dist/browser/signalr.min.js.map  
info: Microsoft.AspNetCore.Hosting.Internal.WebHost[1]
      Request starting HTTP/1.1 GET http://localhost:62432/lib/kendo/2019.1.115/kendo.all.min.js.map  
info: Microsoft.AspNetCore.StaticFiles.StaticFileMiddleware[2]
      Sending file. Request path: '/lib/signalr/dist/browser/signalr.min.js.map'. Physical path: 'D:\work\Gsolution\QLTS_2025\BackEnd\Presentation\GS.Web\wwwroot\lib\signalr\dist\browser\signalr.min.js.map'
info: Microsoft.AspNetCore.Hosting.Internal.WebHost[2]
      Request finished in 23.4563ms 200 text/plain
info: Microsoft.AspNetCore.Hosting.Internal.WebHost[1]
      Request starting HTTP/1.1 GET http://localhost:62432/lib/amcharts4/themes/animated.js.map  
info: Microsoft.AspNetCore.Hosting.Internal.WebHost[1]
      Request starting HTTP/1.1 GET http://localhost:62432/lib/amcharts4/core.js.map  
info: Microsoft.AspNetCore.Hosting.Internal.WebHost[1]
      Request starting HTTP/1.1 GET http://localhost:62432/lib/amcharts4/themes/spiritedaway.js.map  
info: Microsoft.AspNetCore.StaticFiles.StaticFileMiddleware[2]
      Sending file. Request path: '/lib/amcharts4/themes/animated.js.map'. Physical path: 'D:\work\Gsolution\QLTS_2025\BackEnd\Presentation\GS.Web\wwwroot\lib\amcharts4\themes\animated.js.map'
info: Microsoft.AspNetCore.Hosting.Internal.WebHost[1]
      Request starting HTTP/1.1 GET http://localhost:62432/lib/amcharts4/themes/dataviz.js.map  
info: Microsoft.AspNetCore.Hosting.Internal.WebHost[2]
      Request finished in 20.6768ms 200 text/plain
info: Microsoft.AspNetCore.Hosting.Internal.WebHost[1]
      Request starting HTTP/1.1 GET http://localhost:62432/lib/amcharts4/themes/dark.js.map  
info: Microsoft.AspNetCore.StaticFiles.StaticFileMiddleware[2]
      Sending file. Request path: '/lib/amcharts4/themes/spiritedaway.js.map'. Physical path: 'D:\work\Gsolution\QLTS_2025\BackEnd\Presentation\GS.Web\wwwroot\lib\amcharts4\themes\spiritedaway.js.map'
info: Microsoft.AspNetCore.Hosting.Internal.WebHost[1]
      Request starting HTTP/1.1 GET http://localhost:62432/lib/amcharts4/charts.js.map  
info: Microsoft.AspNetCore.StaticFiles.StaticFileMiddleware[2]
      Sending file. Request path: '/lib/amcharts4/themes/dataviz.js.map'. Physical path: 'D:\work\Gsolution\QLTS_2025\BackEnd\Presentation\GS.Web\wwwroot\lib\amcharts4\themes\dataviz.js.map'
info: Microsoft.AspNetCore.StaticFiles.StaticFileMiddleware[2]
      Sending file. Request path: '/lib/amcharts4/themes/dark.js.map'. Physical path: 'D:\work\Gsolution\QLTS_2025\BackEnd\Presentation\GS.Web\wwwroot\lib\amcharts4\themes\dark.js.map'
info: Microsoft.AspNetCore.Hosting.Internal.WebHost[2]
      Request finished in 82.6411ms 200 text/plain
info: Microsoft.AspNetCore.Hosting.Internal.WebHost[2]
      Request finished in 88.8966ms 200 text/plain
info: Microsoft.AspNetCore.Hosting.Internal.WebHost[2]
      Request finished in 52.4486ms 200 text/plain
info: Microsoft.AspNetCore.Hosting.Internal.WebHost[1]
      Request starting HTTP/1.1 GET http://localhost:62432/lib/amcharts4/themes/material.js.map  
info: Microsoft.AspNetCore.Hosting.Internal.WebHost[1]
      Request starting HTTP/1.1 GET http://localhost:62432/lib/amcharts4/themes/kelly.js.map  
info: Microsoft.AspNetCore.Hosting.Internal.WebHost[1]
      Request starting HTTP/1.1 GET http://localhost:62432/lib/kendo/css/kendo.default-v2.min.css.map  
info: Microsoft.AspNetCore.StaticFiles.StaticFileMiddleware[2]
      Sending file. Request path: '/lib/amcharts4/themes/kelly.js.map'. Physical path: 'D:\work\Gsolution\QLTS_2025\BackEnd\Presentation\GS.Web\wwwroot\lib\amcharts4\themes\kelly.js.map'
info: Microsoft.AspNetCore.Hosting.Internal.WebHost[2]
      Request finished in 11.2703ms 200 text/plain
info: Microsoft.AspNetCore.StaticFiles.StaticFileMiddleware[2]
      Sending file. Request path: '/lib/amcharts4/themes/material.js.map'. Physical path: 'D:\work\Gsolution\QLTS_2025\BackEnd\Presentation\GS.Web\wwwroot\lib\amcharts4\themes\material.js.map'
info: Microsoft.AspNetCore.StaticFiles.StaticFileMiddleware[2]
      Sending file. Request path: '/lib/amcharts4/charts.js.map'. Physical path: 'D:\work\Gsolution\QLTS_2025\BackEnd\Presentation\GS.Web\wwwroot\lib\amcharts4\charts.js.map'
info: Microsoft.AspNetCore.Hosting.Internal.WebHost[2]
      Request finished in 51.8271ms 200 text/plain
info: Microsoft.AspNetCore.Hosting.Internal.WebHost[2]
      Request finished in 21.4052ms 200 text/plain
info: Microsoft.AspNetCore.StaticFiles.StaticFileMiddleware[2]
      Sending file. Request path: '/lib/kendo/css/kendo.default-v2.min.css.map'. Physical path: 'D:\work\Gsolution\QLTS_2025\BackEnd\Presentation\GS.Web\wwwroot\lib\kendo\css\kendo.default-v2.min.css.map'
info: Microsoft.AspNetCore.Hosting.Internal.WebHost[2]
      Request finished in 28.238ms 200 text/plain
info: Microsoft.AspNetCore.StaticFiles.StaticFileMiddleware[2]
      Sending file. Request path: '/lib/amcharts4/core.js.map'. Physical path: 'D:\work\Gsolution\QLTS_2025\BackEnd\Presentation\GS.Web\wwwroot\lib\amcharts4\core.js.map'
info: Microsoft.AspNetCore.Hosting.Internal.WebHost[2]
      Request finished in 176.2522ms 200 text/plain
info: Microsoft.AspNetCore.StaticFiles.StaticFileMiddleware[2]
      Sending file. Request path: '/lib/kendo/2019.1.115/kendo.all.min.js.map'. Physical path: 'D:\work\Gsolution\QLTS_2025\BackEnd\Presentation\GS.Web\wwwroot\lib\kendo\2019.1.115\kendo.all.min.js.map'
info: Microsoft.AspNetCore.Hosting.Internal.WebHost[2]
      Request finished in 318.6347ms 200 text/plain
info: Microsoft.AspNetCore.Hosting.Internal.WebHost[1]
      Request starting HTTP/1.1 GET http://localhost:62432/TaiSan/ChonLoaiTaiSan?isTangMoi=true  
info: Microsoft.AspNetCore.Mvc.Internal.ControllerActionInvoker[1]
      Route matched with {action = "ChonLoaiTaiSan", controller = "TaiSan"}. Executing action GS.Web.Controllers.TaiSanController.ChonLoaiTaiSan (GS.Web)
info: Microsoft.AspNetCore.Mvc.Internal.ControllerActionInvoker[1]
      Executing action method GS.Web.Controllers.TaiSanController.ChonLoaiTaiSan (GS.Web) with arguments (True, False) - Validation state: Valid
info: Microsoft.EntityFrameworkCore.Infrastructure[10403]
      Entity Framework Core 2.2.6-servicing-10079 initialized 'GSObjectContext' using provider 'Oracle.EntityFrameworkCore' with options: using lazy-loading proxies 
info: Microsoft.EntityFrameworkCore.Database.Command[20101]
      Executed DbCommand (3ms) [Parameters=[:Ma_0='?' (Size = 2000)], CommandType='Text', CommandTimeout='0']
      SELECT "l"."GIA_TRI"
      FROM "QL_NHAN_HIEN_THI" "l"
      WHERE "l"."MA" = :Ma_0
      FETCH FIRST 1 ROWS ONLY
info: Microsoft.EntityFrameworkCore.Database.Command[20101]
      Executed DbCommand (3ms) [Parameters=[:Ma_0='?' (Size = 2000)], CommandType='Text', CommandTimeout='0']
      SELECT "l"."GIA_TRI"
      FROM "QL_NHAN_HIEN_THI" "l"
      WHERE "l"."MA" = :Ma_0
      FETCH FIRST 1 ROWS ONLY
info: Microsoft.EntityFrameworkCore.Database.Command[20101]
      Executed DbCommand (3ms) [Parameters=[:Ma_0='?' (Size = 2000)], CommandType='Text', CommandTimeout='0']
      SELECT "l"."GIA_TRI"
      FROM "QL_NHAN_HIEN_THI" "l"
      WHERE "l"."MA" = :Ma_0
      FETCH FIRST 1 ROWS ONLY
info: Microsoft.EntityFrameworkCore.Database.Command[20101]
      Executed DbCommand (3ms) [Parameters=[:Ma_0='?' (Size = 2000)], CommandType='Text', CommandTimeout='0']
      SELECT "l"."GIA_TRI"
      FROM "QL_NHAN_HIEN_THI" "l"
      WHERE "l"."MA" = :Ma_0
      FETCH FIRST 1 ROWS ONLY
info: Microsoft.EntityFrameworkCore.Database.Command[20101]
      Executed DbCommand (3ms) [Parameters=[:Ma_0='?' (Size = 2000)], CommandType='Text', CommandTimeout='0']
      SELECT "l"."GIA_TRI"
      FROM "QL_NHAN_HIEN_THI" "l"
      WHERE "l"."MA" = :Ma_0
      FETCH FIRST 1 ROWS ONLY
info: Microsoft.EntityFrameworkCore.Database.Command[20101]
      Executed DbCommand (2ms) [Parameters=[:Ma_0='?' (Size = 2000)], CommandType='Text', CommandTimeout='0']
      SELECT "l"."GIA_TRI"
      FROM "QL_NHAN_HIEN_THI" "l"
      WHERE "l"."MA" = :Ma_0
      FETCH FIRST 1 ROWS ONLY
info: Microsoft.EntityFrameworkCore.Database.Command[20101]
      Executed DbCommand (2ms) [Parameters=[:Ma_0='?' (Size = 2000)], CommandType='Text', CommandTimeout='0']
      SELECT "l"."GIA_TRI"
      FROM "QL_NHAN_HIEN_THI" "l"
      WHERE "l"."MA" = :Ma_0
      FETCH FIRST 1 ROWS ONLY
info: Microsoft.EntityFrameworkCore.Database.Command[20101]
      Executed DbCommand (3ms) [Parameters=[:Ma_0='?' (Size = 2000)], CommandType='Text', CommandTimeout='0']
      SELECT "l"."GIA_TRI"
      FROM "QL_NHAN_HIEN_THI" "l"
      WHERE "l"."MA" = :Ma_0
      FETCH FIRST 1 ROWS ONLY
info: Microsoft.EntityFrameworkCore.Database.Command[20101]
      Executed DbCommand (3ms) [Parameters=[:Ma_0='?' (Size = 2000)], CommandType='Text', CommandTimeout='0']
      SELECT "l"."GIA_TRI"
      FROM "QL_NHAN_HIEN_THI" "l"
      WHERE "l"."MA" = :Ma_0
      FETCH FIRST 1 ROWS ONLY
info: Microsoft.EntityFrameworkCore.Database.Command[20101]
      Executed DbCommand (2ms) [Parameters=[:Ma_0='?' (Size = 2000)], CommandType='Text', CommandTimeout='0']
      SELECT "l"."GIA_TRI"
      FROM "QL_NHAN_HIEN_THI" "l"
      WHERE "l"."MA" = :Ma_0
      FETCH FIRST 1 ROWS ONLY
info: Microsoft.EntityFrameworkCore.Database.Command[20101]
      Executed DbCommand (3ms) [Parameters=[:Ma_0='?' (Size = 2000)], CommandType='Text', CommandTimeout='0']
      SELECT "l"."GIA_TRI"
      FROM "QL_NHAN_HIEN_THI" "l"
      WHERE "l"."MA" = :Ma_0
      FETCH FIRST 1 ROWS ONLY
info: Microsoft.EntityFrameworkCore.Database.Command[20101]
      Executed DbCommand (3ms) [Parameters=[:Ma_0='?' (Size = 2000)], CommandType='Text', CommandTimeout='0']
      SELECT "l"."GIA_TRI"
      FROM "QL_NHAN_HIEN_THI" "l"
      WHERE "l"."MA" = :Ma_0
      FETCH FIRST 1 ROWS ONLY
info: Microsoft.EntityFrameworkCore.Database.Command[20101]
      Executed DbCommand (3ms) [Parameters=[:get_Item_0='?' (DbType = Decimal)], CommandType='Text', CommandTimeout='0']
      SELECT "e"."ID", "e"."CAP_DON_VI_ID", "e"."CHE_DO_HACH_TOAN_ID", "e"."CO_TAI_SAN", "e"."CQTC_MA", "e"."DA_CO_QUYET_DINH_GIAO_VON", "e"."DB_ID", "e"."DIA_BAN_ID", "e"."DIA_CHI", "e"."DIEN_THOAI", "e"."DON_VI_HIEN_THI", "e"."FAX", "e"."HUYEN_ID", "e"."IS_TSQUAN_LY_CHU_KY_SO", "e"."IS_TSQUAN_LY_NHU_TSCD", "e"."IS_XAC_NHAN_DU_LIEU", "e"."KHONG_CHUYEN_MA", "e"."LA_BAN_QL_DU_AN", "e"."LA_DON_VI_NHAP_LIEU", "e"."LA_DON_VI_TU_CHU_TAI_CHINH", "e"."LIST_FILE_XAC_NHAN", "e"."LOAI_CAP_DON_VI_ID", "e"."LOAI_DON_VI_ID", "e"."MA", "e"."MA_BO", "e"."MA_CHUONG", "e"."MA_DIA_BAN", "e"."MA_DVQHNS", "e"."MA_HUYEN", "e"."MA_TINH", "e"."NGAY_CAP_NHAT", "e"."NGAY_QUYET_DINH", "e"."NGAY_QUYET_DINH_GIAO_VON", "e"."NGAY_TAO", "e"."NGAY_XAC_NHAN", "e"."NGUOI_CAP_NHAT_ID", "e"."NGUOI_TAO_ID", "e"."NHOM_DON_VI_ID", "e"."OLD_CAP_DON_VI_ID", "e"."PARENT_ID", "e"."SO_QUYET_DINH", "e"."SO_QUYET_DINH_GIAO_VON", "e"."TEN", "e"."TINH_ID", "e"."TRANG_THAI_DONG_BO_ID", "e"."TRANG_THAI_ID", "e"."TRANG_THAI_THAY_DOI_ID", "e"."TREE_LEVEL", "e"."TREE_NODE", "e"."XA_ID"
      FROM "DM_DON_VI" "e"
      WHERE "e"."ID" = :get_Item_0
      FETCH FIRST 1 ROWS ONLY
info: Microsoft.EntityFrameworkCore.Database.Command[20101]
      Executed DbCommand (32ms) [Parameters=[:TREE_NODE_LON_NHAT_0='?' (Size = 2000)], CommandType='Text', CommandTimeout='0']
      SELECT "p"."ID", "p"."CAP_DON_VI_ID", "p"."CHE_DO_HACH_TOAN_ID", "p"."CO_TAI_SAN", "p"."CQTC_MA", "p"."DA_CO_QUYET_DINH_GIAO_VON", "p"."DB_ID", "p"."DIA_BAN_ID", "p"."DIA_CHI", "p"."DIEN_THOAI", "p"."DON_VI_HIEN_THI", "p"."FAX", "p"."HUYEN_ID", "p"."IS_TSQUAN_LY_CHU_KY_SO", "p"."IS_TSQUAN_LY_NHU_TSCD", "p"."IS_XAC_NHAN_DU_LIEU", "p"."KHONG_CHUYEN_MA", "p"."LA_BAN_QL_DU_AN", "p"."LA_DON_VI_NHAP_LIEU", "p"."LA_DON_VI_TU_CHU_TAI_CHINH", "p"."LIST_FILE_XAC_NHAN", "p"."LOAI_CAP_DON_VI_ID", "p"."LOAI_DON_VI_ID", "p"."MA", "p"."MA_BO", "p"."MA_CHUONG", "p"."MA_DIA_BAN", "p"."MA_DVQHNS", "p"."MA_HUYEN", "p"."MA_TINH", "p"."NGAY_CAP_NHAT", "p"."NGAY_QUYET_DINH", "p"."NGAY_QUYET_DINH_GIAO_VON", "p"."NGAY_TAO", "p"."NGAY_XAC_NHAN", "p"."NGUOI_CAP_NHAT_ID", "p"."NGUOI_TAO_ID", "p"."NHOM_DON_VI_ID", "p"."OLD_CAP_DON_VI_ID", "p"."PARENT_ID", "p"."SO_QUYET_DINH", "p"."SO_QUYET_DINH_GIAO_VON", "p"."TEN", "p"."TINH_ID", "p"."TRANG_THAI_DONG_BO_ID", "p"."TRANG_THAI_ID", "p"."TRANG_THAI_THAY_DOI_ID", "p"."TREE_LEVEL", "p"."TREE_NODE", "p"."XA_ID"
      FROM "DM_DON_VI" "p"
      WHERE ("p"."TREE_NODE" = :TREE_NODE_LON_NHAT_0) AND (("p"."TRANG_THAI_ID" <> 0) OR "p"."TRANG_THAI_ID" IS NULL)
      FETCH FIRST 1 ROWS ONLY
info: Microsoft.EntityFrameworkCore.Database.Command[20101]
      Executed DbCommand (100ms) [Parameters=[], CommandType='Text', CommandTimeout='0']
      SELECT "c"."ID"
      FROM "DM_DON_VI" "c"
      WHERE (CAST(LENGTH("c"."MA") AS NUMBER(10)) = 3) AND (COALESCE("c"."TRANG_THAI_ID", 0) = 1)
info: Microsoft.EntityFrameworkCore.Database.Command[20101]
      Executed DbCommand (3ms) [Parameters=[:donViCapTren_ID_0='?' (DbType = Decimal)], CommandType='Text', CommandTimeout='0']
      SELECT CASE
          WHEN EXISTS (
              SELECT 1
              FROM "DM_LOAI_TAI_SAN_DON_VI" "c"
              WHERE ("c"."LOAI_HINH_TAI_SAN_ID" = 10.0) AND ("c"."DON_VI_ID" = :donViCapTren_ID_0))
          THEN 1 ELSE 0
      END FROM DUAL
info: Microsoft.EntityFrameworkCore.Database.Command[20101]
      Executed DbCommand (31ms) [Parameters=[:TREE_NODE_LON_NHAT_0='?' (Size = 2000)], CommandType='Text', CommandTimeout='0']
      SELECT "p"."ID", "p"."CAP_DON_VI_ID", "p"."CHE_DO_HACH_TOAN_ID", "p"."CO_TAI_SAN", "p"."CQTC_MA", "p"."DA_CO_QUYET_DINH_GIAO_VON", "p"."DB_ID", "p"."DIA_BAN_ID", "p"."DIA_CHI", "p"."DIEN_THOAI", "p"."DON_VI_HIEN_THI", "p"."FAX", "p"."HUYEN_ID", "p"."IS_TSQUAN_LY_CHU_KY_SO", "p"."IS_TSQUAN_LY_NHU_TSCD", "p"."IS_XAC_NHAN_DU_LIEU", "p"."KHONG_CHUYEN_MA", "p"."LA_BAN_QL_DU_AN", "p"."LA_DON_VI_NHAP_LIEU", "p"."LA_DON_VI_TU_CHU_TAI_CHINH", "p"."LIST_FILE_XAC_NHAN", "p"."LOAI_CAP_DON_VI_ID", "p"."LOAI_DON_VI_ID", "p"."MA", "p"."MA_BO", "p"."MA_CHUONG", "p"."MA_DIA_BAN", "p"."MA_DVQHNS", "p"."MA_HUYEN", "p"."MA_TINH", "p"."NGAY_CAP_NHAT", "p"."NGAY_QUYET_DINH", "p"."NGAY_QUYET_DINH_GIAO_VON", "p"."NGAY_TAO", "p"."NGAY_XAC_NHAN", "p"."NGUOI_CAP_NHAT_ID", "p"."NGUOI_TAO_ID", "p"."NHOM_DON_VI_ID", "p"."OLD_CAP_DON_VI_ID", "p"."PARENT_ID", "p"."SO_QUYET_DINH", "p"."SO_QUYET_DINH_GIAO_VON", "p"."TEN", "p"."TINH_ID", "p"."TRANG_THAI_DONG_BO_ID", "p"."TRANG_THAI_ID", "p"."TRANG_THAI_THAY_DOI_ID", "p"."TREE_LEVEL", "p"."TREE_NODE", "p"."XA_ID"
      FROM "DM_DON_VI" "p"
      WHERE ("p"."TREE_NODE" = :TREE_NODE_LON_NHAT_0) AND (("p"."TRANG_THAI_ID" <> 0) OR "p"."TRANG_THAI_ID" IS NULL)
      FETCH FIRST 1 ROWS ONLY
info: Microsoft.EntityFrameworkCore.Database.Command[20101]
      Executed DbCommand (3ms) [Parameters=[:get_Item_0='?' (DbType = Decimal)], CommandType='Text', CommandTimeout='0']
      SELECT "e"."ID", "e"."CAP_DON_VI_ID", "e"."CHE_DO_HACH_TOAN_ID", "e"."CO_TAI_SAN", "e"."CQTC_MA", "e"."DA_CO_QUYET_DINH_GIAO_VON", "e"."DB_ID", "e"."DIA_BAN_ID", "e"."DIA_CHI", "e"."DIEN_THOAI", "e"."DON_VI_HIEN_THI", "e"."FAX", "e"."HUYEN_ID", "e"."IS_TSQUAN_LY_CHU_KY_SO", "e"."IS_TSQUAN_LY_NHU_TSCD", "e"."IS_XAC_NHAN_DU_LIEU", "e"."KHONG_CHUYEN_MA", "e"."LA_BAN_QL_DU_AN", "e"."LA_DON_VI_NHAP_LIEU", "e"."LA_DON_VI_TU_CHU_TAI_CHINH", "e"."LIST_FILE_XAC_NHAN", "e"."LOAI_CAP_DON_VI_ID", "e"."LOAI_DON_VI_ID", "e"."MA", "e"."MA_BO", "e"."MA_CHUONG", "e"."MA_DIA_BAN", "e"."MA_DVQHNS", "e"."MA_HUYEN", "e"."MA_TINH", "e"."NGAY_CAP_NHAT", "e"."NGAY_QUYET_DINH", "e"."NGAY_QUYET_DINH_GIAO_VON", "e"."NGAY_TAO", "e"."NGAY_XAC_NHAN", "e"."NGUOI_CAP_NHAT_ID", "e"."NGUOI_TAO_ID", "e"."NHOM_DON_VI_ID", "e"."OLD_CAP_DON_VI_ID", "e"."PARENT_ID", "e"."SO_QUYET_DINH", "e"."SO_QUYET_DINH_GIAO_VON", "e"."TEN", "e"."TINH_ID", "e"."TRANG_THAI_DONG_BO_ID", "e"."TRANG_THAI_ID", "e"."TRANG_THAI_THAY_DOI_ID", "e"."TREE_LEVEL", "e"."TREE_NODE", "e"."XA_ID"
      FROM "DM_DON_VI" "e"
      WHERE "e"."ID" = :get_Item_0
      FETCH FIRST 1 ROWS ONLY
info: Microsoft.AspNetCore.Mvc.Internal.ControllerActionInvoker[2]
      Executed action method GS.Web.Controllers.TaiSanController.ChonLoaiTaiSan (GS.Web), returned result Microsoft.AspNetCore.Mvc.ViewResult in 312.6763ms.
info: Microsoft.AspNetCore.Mvc.ViewFeatures.ViewResultExecutor[1]
      Executing ViewResult, running view ChonLoaiTaiSan.
info: Microsoft.EntityFrameworkCore.Database.Command[20101]
      Executed DbCommand (3ms) [Parameters=[:Ma_0='?' (Size = 2000)], CommandType='Text', CommandTimeout='0']
      SELECT "l"."GIA_TRI"
      FROM "QL_NHAN_HIEN_THI" "l"
      WHERE "l"."MA" = :Ma_0
      FETCH FIRST 1 ROWS ONLY
info: Microsoft.EntityFrameworkCore.Database.Command[20101]
      Executed DbCommand (3ms) [Parameters=[:nguoiDung_ID_0='?' (DbType = Decimal)], CommandType='Text', CommandTimeout='0']
      SELECT "c"."VAI_TRO_ID"
      FROM "QL_VAI_TRO_NGUOI_DUNG" "c"
      WHERE "c"."NGUOI_DUNG_ID" = :nguoiDung_ID_0
info: Microsoft.EntityFrameworkCore.Database.Command[20101]
      Executed DbCommand (3ms) [Parameters=[:Ma_0='?' (Size = 2000)], CommandType='Text', CommandTimeout='0']
      SELECT "l"."GIA_TRI"
      FROM "QL_NHAN_HIEN_THI" "l"
      WHERE "l"."MA" = :Ma_0
      FETCH FIRST 1 ROWS ONLY
info: Microsoft.EntityFrameworkCore.Database.Command[20101]
      Executed DbCommand (3ms) [Parameters=[:nguoiDung_ID_0='?' (DbType = Decimal)], CommandType='Text', CommandTimeout='0']
      SELECT "c"."VAI_TRO_ID"
      FROM "QL_VAI_TRO_NGUOI_DUNG" "c"
      WHERE "c"."NGUOI_DUNG_ID" = :nguoiDung_ID_0
info: Microsoft.EntityFrameworkCore.Database.Command[20101]
      Executed DbCommand (3ms) [Parameters=[:Ma_0='?' (Size = 2000)], CommandType='Text', CommandTimeout='0']
      SELECT "l"."GIA_TRI"
      FROM "QL_NHAN_HIEN_THI" "l"
      WHERE "l"."MA" = :Ma_0
      FETCH FIRST 1 ROWS ONLY
info: Microsoft.EntityFrameworkCore.Database.Command[20101]
      Executed DbCommand (2ms) [Parameters=[:nguoiDung_ID_0='?' (DbType = Decimal)], CommandType='Text', CommandTimeout='0']
      SELECT "c"."VAI_TRO_ID"
      FROM "QL_VAI_TRO_NGUOI_DUNG" "c"
      WHERE "c"."NGUOI_DUNG_ID" = :nguoiDung_ID_0
info: Microsoft.EntityFrameworkCore.Database.Command[20101]
      Executed DbCommand (3ms) [Parameters=[:Ma_0='?' (Size = 2000)], CommandType='Text', CommandTimeout='0']
      SELECT "l"."GIA_TRI"
      FROM "QL_NHAN_HIEN_THI" "l"
      WHERE "l"."MA" = :Ma_0
      FETCH FIRST 1 ROWS ONLY
info: Microsoft.EntityFrameworkCore.Database.Command[20101]
      Executed DbCommand (2ms) [Parameters=[:nguoiDung_ID_0='?' (DbType = Decimal)], CommandType='Text', CommandTimeout='0']
      SELECT "c"."VAI_TRO_ID"
      FROM "QL_VAI_TRO_NGUOI_DUNG" "c"
      WHERE "c"."NGUOI_DUNG_ID" = :nguoiDung_ID_0
info: Microsoft.EntityFrameworkCore.Database.Command[20101]
      Executed DbCommand (2ms) [Parameters=[:Ma_0='?' (Size = 2000)], CommandType='Text', CommandTimeout='0']
      SELECT "l"."GIA_TRI"
      FROM "QL_NHAN_HIEN_THI" "l"
      WHERE "l"."MA" = :Ma_0
      FETCH FIRST 1 ROWS ONLY
info: Microsoft.EntityFrameworkCore.Database.Command[20101]
      Executed DbCommand (3ms) [Parameters=[:nguoiDung_ID_0='?' (DbType = Decimal)], CommandType='Text', CommandTimeout='0']
      SELECT "c"."VAI_TRO_ID"
      FROM "QL_VAI_TRO_NGUOI_DUNG" "c"
      WHERE "c"."NGUOI_DUNG_ID" = :nguoiDung_ID_0
info: Microsoft.EntityFrameworkCore.Database.Command[20101]
      Executed DbCommand (3ms) [Parameters=[:Ma_0='?' (Size = 2000)], CommandType='Text', CommandTimeout='0']
      SELECT "l"."GIA_TRI"
      FROM "QL_NHAN_HIEN_THI" "l"
      WHERE "l"."MA" = :Ma_0
      FETCH FIRST 1 ROWS ONLY
info: Microsoft.EntityFrameworkCore.Database.Command[20101]
      Executed DbCommand (3ms) [Parameters=[:nguoiDung_ID_0='?' (DbType = Decimal)], CommandType='Text', CommandTimeout='0']
      SELECT "c"."VAI_TRO_ID"
      FROM "QL_VAI_TRO_NGUOI_DUNG" "c"
      WHERE "c"."NGUOI_DUNG_ID" = :nguoiDung_ID_0
info: Microsoft.EntityFrameworkCore.Database.Command[20101]
      Executed DbCommand (4ms) [Parameters=[:Ma_0='?' (Size = 2000)], CommandType='Text', CommandTimeout='0']
      SELECT "l"."GIA_TRI"
      FROM "QL_NHAN_HIEN_THI" "l"
      WHERE "l"."MA" = :Ma_0
      FETCH FIRST 1 ROWS ONLY
info: Microsoft.EntityFrameworkCore.Database.Command[20101]
      Executed DbCommand (3ms) [Parameters=[:nguoiDung_ID_0='?' (DbType = Decimal)], CommandType='Text', CommandTimeout='0']
      SELECT "c"."VAI_TRO_ID"
      FROM "QL_VAI_TRO_NGUOI_DUNG" "c"
      WHERE "c"."NGUOI_DUNG_ID" = :nguoiDung_ID_0
info: Microsoft.EntityFrameworkCore.Database.Command[20101]
      Executed DbCommand (4ms) [Parameters=[:Ma_0='?' (Size = 2000)], CommandType='Text', CommandTimeout='0']
      SELECT "l"."GIA_TRI"
      FROM "QL_NHAN_HIEN_THI" "l"
      WHERE "l"."MA" = :Ma_0
      FETCH FIRST 1 ROWS ONLY
info: Microsoft.EntityFrameworkCore.Database.Command[20101]
      Executed DbCommand (3ms) [Parameters=[:nguoiDung_ID_0='?' (DbType = Decimal)], CommandType='Text', CommandTimeout='0']
      SELECT "c"."VAI_TRO_ID"
      FROM "QL_VAI_TRO_NGUOI_DUNG" "c"
      WHERE "c"."NGUOI_DUNG_ID" = :nguoiDung_ID_0
info: Microsoft.EntityFrameworkCore.Database.Command[20101]
      Executed DbCommand (4ms) [Parameters=[:Ma_0='?' (Size = 2000)], CommandType='Text', CommandTimeout='0']
      SELECT "l"."GIA_TRI"
      FROM "QL_NHAN_HIEN_THI" "l"
      WHERE "l"."MA" = :Ma_0
      FETCH FIRST 1 ROWS ONLY
info: Microsoft.EntityFrameworkCore.Database.Command[20101]
      Executed DbCommand (3ms) [Parameters=[:nguoiDung_ID_0='?' (DbType = Decimal)], CommandType='Text', CommandTimeout='0']
      SELECT "c"."VAI_TRO_ID"
      FROM "QL_VAI_TRO_NGUOI_DUNG" "c"
      WHERE "c"."NGUOI_DUNG_ID" = :nguoiDung_ID_0
info: Microsoft.EntityFrameworkCore.Database.Command[20101]
      Executed DbCommand (3ms) [Parameters=[:Ma_0='?' (Size = 2000)], CommandType='Text', CommandTimeout='0']
      SELECT "l"."GIA_TRI"
      FROM "QL_NHAN_HIEN_THI" "l"
      WHERE "l"."MA" = :Ma_0
      FETCH FIRST 1 ROWS ONLY
info: Microsoft.EntityFrameworkCore.Database.Command[20101]
      Executed DbCommand (3ms) [Parameters=[:nguoiDung_ID_0='?' (DbType = Decimal)], CommandType='Text', CommandTimeout='0']
      SELECT "c"."VAI_TRO_ID"
      FROM "QL_VAI_TRO_NGUOI_DUNG" "c"
      WHERE "c"."NGUOI_DUNG_ID" = :nguoiDung_ID_0
info: Microsoft.EntityFrameworkCore.Database.Command[20101]
      Executed DbCommand (3ms) [Parameters=[:Ma_0='?' (Size = 2000)], CommandType='Text', CommandTimeout='0']
      SELECT "l"."GIA_TRI"
      FROM "QL_NHAN_HIEN_THI" "l"
      WHERE "l"."MA" = :Ma_0
      FETCH FIRST 1 ROWS ONLY
info: Microsoft.EntityFrameworkCore.Database.Command[20101]
      Executed DbCommand (2ms) [Parameters=[:nguoiDung_ID_0='?' (DbType = Decimal)], CommandType='Text', CommandTimeout='0']
      SELECT "c"."VAI_TRO_ID"
      FROM "QL_VAI_TRO_NGUOI_DUNG" "c"
      WHERE "c"."NGUOI_DUNG_ID" = :nguoiDung_ID_0
info: Microsoft.EntityFrameworkCore.Database.Command[20101]
      Executed DbCommand (2ms) [Parameters=[:Ma_0='?' (Size = 2000)], CommandType='Text', CommandTimeout='0']
      SELECT "l"."GIA_TRI"
      FROM "QL_NHAN_HIEN_THI" "l"
      WHERE "l"."MA" = :Ma_0
      FETCH FIRST 1 ROWS ONLY
info: Microsoft.EntityFrameworkCore.Database.Command[20101]
      Executed DbCommand (2ms) [Parameters=[:nguoiDung_ID_0='?' (DbType = Decimal)], CommandType='Text', CommandTimeout='0']
      SELECT "c"."VAI_TRO_ID"
      FROM "QL_VAI_TRO_NGUOI_DUNG" "c"
      WHERE "c"."NGUOI_DUNG_ID" = :nguoiDung_ID_0
info: Microsoft.EntityFrameworkCore.Database.Command[20101]
      Executed DbCommand (2ms) [Parameters=[:nguoiDung_ID_0='?' (DbType = Decimal)], CommandType='Text', CommandTimeout='0']
      SELECT "c"."VAI_TRO_ID"
      FROM "QL_VAI_TRO_NGUOI_DUNG" "c"
      WHERE "c"."NGUOI_DUNG_ID" = :nguoiDung_ID_0
info: Microsoft.EntityFrameworkCore.Database.Command[20101]
      Executed DbCommand (3ms) [Parameters=[:Ma_0='?' (Size = 2000)], CommandType='Text', CommandTimeout='0']
      SELECT "l"."GIA_TRI"
      FROM "QL_NHAN_HIEN_THI" "l"
      WHERE "l"."MA" = :Ma_0
      FETCH FIRST 1 ROWS ONLY
info: Microsoft.EntityFrameworkCore.Database.Command[20101]
      Executed DbCommand (2ms) [Parameters=[:nguoiDung_ID_0='?' (DbType = Decimal)], CommandType='Text', CommandTimeout='0']
      SELECT "c"."VAI_TRO_ID"
      FROM "QL_VAI_TRO_NGUOI_DUNG" "c"
      WHERE "c"."NGUOI_DUNG_ID" = :nguoiDung_ID_0
info: Microsoft.EntityFrameworkCore.Database.Command[20101]
      Executed DbCommand (3ms) [Parameters=[:Ma_0='?' (Size = 2000)], CommandType='Text', CommandTimeout='0']
      SELECT "l"."GIA_TRI"
      FROM "QL_NHAN_HIEN_THI" "l"
      WHERE "l"."MA" = :Ma_0
      FETCH FIRST 1 ROWS ONLY
info: Microsoft.EntityFrameworkCore.Database.Command[20101]
      Executed DbCommand (2ms) [Parameters=[:nguoiDung_ID_0='?' (DbType = Decimal)], CommandType='Text', CommandTimeout='0']
      SELECT "c"."VAI_TRO_ID"
      FROM "QL_VAI_TRO_NGUOI_DUNG" "c"
      WHERE "c"."NGUOI_DUNG_ID" = :nguoiDung_ID_0
info: Microsoft.EntityFrameworkCore.Database.Command[20101]
      Executed DbCommand (2ms) [Parameters=[:Ma_0='?' (Size = 2000)], CommandType='Text', CommandTimeout='0']
      SELECT "l"."GIA_TRI"
      FROM "QL_NHAN_HIEN_THI" "l"
      WHERE "l"."MA" = :Ma_0
      FETCH FIRST 1 ROWS ONLY
info: Microsoft.EntityFrameworkCore.Database.Command[20101]
      Executed DbCommand (3ms) [Parameters=[:nguoiDung_ID_0='?' (DbType = Decimal)], CommandType='Text', CommandTimeout='0']
      SELECT "c"."VAI_TRO_ID"
      FROM "QL_VAI_TRO_NGUOI_DUNG" "c"
      WHERE "c"."NGUOI_DUNG_ID" = :nguoiDung_ID_0
info: Microsoft.EntityFrameworkCore.Database.Command[20101]
      Executed DbCommand (3ms) [Parameters=[:Ma_0='?' (Size = 2000)], CommandType='Text', CommandTimeout='0']
      SELECT "l"."GIA_TRI"
      FROM "QL_NHAN_HIEN_THI" "l"
      WHERE "l"."MA" = :Ma_0
      FETCH FIRST 1 ROWS ONLY
info: Microsoft.EntityFrameworkCore.Database.Command[20101]
      Executed DbCommand (2ms) [Parameters=[:nguoiDung_ID_0='?' (DbType = Decimal)], CommandType='Text', CommandTimeout='0']
      SELECT "c"."VAI_TRO_ID"
      FROM "QL_VAI_TRO_NGUOI_DUNG" "c"
      WHERE "c"."NGUOI_DUNG_ID" = :nguoiDung_ID_0
info: Microsoft.EntityFrameworkCore.Database.Command[20101]
      Executed DbCommand (3ms) [Parameters=[:Ma_0='?' (Size = 2000)], CommandType='Text', CommandTimeout='0']
      SELECT "l"."GIA_TRI"
      FROM "QL_NHAN_HIEN_THI" "l"
      WHERE "l"."MA" = :Ma_0
      FETCH FIRST 1 ROWS ONLY
info: Microsoft.EntityFrameworkCore.Database.Command[20101]
      Executed DbCommand (3ms) [Parameters=[:nguoiDung_ID_0='?' (DbType = Decimal)], CommandType='Text', CommandTimeout='0']
      SELECT "c"."VAI_TRO_ID"
      FROM "QL_VAI_TRO_NGUOI_DUNG" "c"
      WHERE "c"."NGUOI_DUNG_ID" = :nguoiDung_ID_0
info: Microsoft.EntityFrameworkCore.Database.Command[20101]
      Executed DbCommand (3ms) [Parameters=[:Ma_0='?' (Size = 2000)], CommandType='Text', CommandTimeout='0']
      SELECT "l"."GIA_TRI"
      FROM "QL_NHAN_HIEN_THI" "l"
      WHERE "l"."MA" = :Ma_0
      FETCH FIRST 1 ROWS ONLY
info: Microsoft.EntityFrameworkCore.Database.Command[20101]
      Executed DbCommand (2ms) [Parameters=[:nguoiDung_ID_0='?' (DbType = Decimal)], CommandType='Text', CommandTimeout='0']
      SELECT "c"."VAI_TRO_ID"
      FROM "QL_VAI_TRO_NGUOI_DUNG" "c"
      WHERE "c"."NGUOI_DUNG_ID" = :nguoiDung_ID_0
info: Microsoft.EntityFrameworkCore.Database.Command[20101]
      Executed DbCommand (2ms) [Parameters=[:Ma_0='?' (Size = 2000)], CommandType='Text', CommandTimeout='0']
      SELECT "l"."GIA_TRI"
      FROM "QL_NHAN_HIEN_THI" "l"
      WHERE "l"."MA" = :Ma_0
      FETCH FIRST 1 ROWS ONLY
info: Microsoft.EntityFrameworkCore.Database.Command[20101]
      Executed DbCommand (3ms) [Parameters=[:nguoiDung_ID_0='?' (DbType = Decimal)], CommandType='Text', CommandTimeout='0']
      SELECT "c"."VAI_TRO_ID"
      FROM "QL_VAI_TRO_NGUOI_DUNG" "c"
      WHERE "c"."NGUOI_DUNG_ID" = :nguoiDung_ID_0
info: Microsoft.EntityFrameworkCore.Database.Command[20101]
      Executed DbCommand (3ms) [Parameters=[:Ma_0='?' (Size = 2000)], CommandType='Text', CommandTimeout='0']
      SELECT "l"."GIA_TRI"
      FROM "QL_NHAN_HIEN_THI" "l"
      WHERE "l"."MA" = :Ma_0
      FETCH FIRST 1 ROWS ONLY
info: Microsoft.EntityFrameworkCore.Database.Command[20101]
      Executed DbCommand (4ms) [Parameters=[:nguoiDung_ID_0='?' (DbType = Decimal)], CommandType='Text', CommandTimeout='0']
      SELECT "c"."VAI_TRO_ID"
      FROM "QL_VAI_TRO_NGUOI_DUNG" "c"
      WHERE "c"."NGUOI_DUNG_ID" = :nguoiDung_ID_0
info: Microsoft.EntityFrameworkCore.Database.Command[20101]
      Executed DbCommand (3ms) [Parameters=[:Ma_0='?' (Size = 2000)], CommandType='Text', CommandTimeout='0']
      SELECT "l"."GIA_TRI"
      FROM "QL_NHAN_HIEN_THI" "l"
      WHERE "l"."MA" = :Ma_0
      FETCH FIRST 1 ROWS ONLY
info: Microsoft.EntityFrameworkCore.Database.Command[20101]
      Executed DbCommand (3ms) [Parameters=[:nguoiDung_ID_0='?' (DbType = Decimal)], CommandType='Text', CommandTimeout='0']
      SELECT "c"."VAI_TRO_ID"
      FROM "QL_VAI_TRO_NGUOI_DUNG" "c"
      WHERE "c"."NGUOI_DUNG_ID" = :nguoiDung_ID_0
info: Microsoft.EntityFrameworkCore.Database.Command[20101]
      Executed DbCommand (3ms) [Parameters=[:Ma_0='?' (Size = 2000)], CommandType='Text', CommandTimeout='0']
      SELECT "l"."GIA_TRI"
      FROM "QL_NHAN_HIEN_THI" "l"
      WHERE "l"."MA" = :Ma_0
      FETCH FIRST 1 ROWS ONLY
info: Microsoft.EntityFrameworkCore.Database.Command[20101]
      Executed DbCommand (2ms) [Parameters=[:nguoiDung_ID_0='?' (DbType = Decimal)], CommandType='Text', CommandTimeout='0']
      SELECT "c"."VAI_TRO_ID"
      FROM "QL_VAI_TRO_NGUOI_DUNG" "c"
      WHERE "c"."NGUOI_DUNG_ID" = :nguoiDung_ID_0
info: Microsoft.EntityFrameworkCore.Database.Command[20101]
      Executed DbCommand (3ms) [Parameters=[:Ma_0='?' (Size = 2000)], CommandType='Text', CommandTimeout='0']
      SELECT "l"."GIA_TRI"
      FROM "QL_NHAN_HIEN_THI" "l"
      WHERE "l"."MA" = :Ma_0
      FETCH FIRST 1 ROWS ONLY
info: Microsoft.EntityFrameworkCore.Database.Command[20101]
      Executed DbCommand (3ms) [Parameters=[:nguoiDung_ID_0='?' (DbType = Decimal)], CommandType='Text', CommandTimeout='0']
      SELECT "c"."VAI_TRO_ID"
      FROM "QL_VAI_TRO_NGUOI_DUNG" "c"
      WHERE "c"."NGUOI_DUNG_ID" = :nguoiDung_ID_0
info: Microsoft.EntityFrameworkCore.Database.Command[20101]
      Executed DbCommand (4ms) [Parameters=[:Ma_0='?' (Size = 2000)], CommandType='Text', CommandTimeout='0']
      SELECT "l"."GIA_TRI"
      FROM "QL_NHAN_HIEN_THI" "l"
      WHERE "l"."MA" = :Ma_0
      FETCH FIRST 1 ROWS ONLY
info: Microsoft.EntityFrameworkCore.Database.Command[20101]
      Executed DbCommand (3ms) [Parameters=[:nguoiDung_ID_0='?' (DbType = Decimal)], CommandType='Text', CommandTimeout='0']
      SELECT "c"."VAI_TRO_ID"
      FROM "QL_VAI_TRO_NGUOI_DUNG" "c"
      WHERE "c"."NGUOI_DUNG_ID" = :nguoiDung_ID_0
info: Microsoft.EntityFrameworkCore.Database.Command[20101]
      Executed DbCommand (3ms) [Parameters=[:Ma_0='?' (Size = 2000)], CommandType='Text', CommandTimeout='0']
      SELECT "l"."GIA_TRI"
      FROM "QL_NHAN_HIEN_THI" "l"
      WHERE "l"."MA" = :Ma_0
      FETCH FIRST 1 ROWS ONLY
info: Microsoft.EntityFrameworkCore.Database.Command[20101]
      Executed DbCommand (3ms) [Parameters=[:nguoiDung_ID_0='?' (DbType = Decimal)], CommandType='Text', CommandTimeout='0']
      SELECT "c"."VAI_TRO_ID"
      FROM "QL_VAI_TRO_NGUOI_DUNG" "c"
      WHERE "c"."NGUOI_DUNG_ID" = :nguoiDung_ID_0
info: Microsoft.EntityFrameworkCore.Database.Command[20101]
      Executed DbCommand (3ms) [Parameters=[:Ma_0='?' (Size = 2000)], CommandType='Text', CommandTimeout='0']
      SELECT "l"."GIA_TRI"
      FROM "QL_NHAN_HIEN_THI" "l"
      WHERE "l"."MA" = :Ma_0
      FETCH FIRST 1 ROWS ONLY
info: Microsoft.EntityFrameworkCore.Database.Command[20101]
      Executed DbCommand (2ms) [Parameters=[:nguoiDung_ID_0='?' (DbType = Decimal)], CommandType='Text', CommandTimeout='0']
      SELECT "c"."VAI_TRO_ID"
      FROM "QL_VAI_TRO_NGUOI_DUNG" "c"
      WHERE "c"."NGUOI_DUNG_ID" = :nguoiDung_ID_0
info: Microsoft.EntityFrameworkCore.Database.Command[20101]
      Executed DbCommand (3ms) [Parameters=[:Ma_0='?' (Size = 2000)], CommandType='Text', CommandTimeout='0']
      SELECT "l"."GIA_TRI"
      FROM "QL_NHAN_HIEN_THI" "l"
      WHERE "l"."MA" = :Ma_0
      FETCH FIRST 1 ROWS ONLY
info: Microsoft.EntityFrameworkCore.Database.Command[20101]
      Executed DbCommand (3ms) [Parameters=[:nguoiDung_ID_0='?' (DbType = Decimal)], CommandType='Text', CommandTimeout='0']
      SELECT "c"."VAI_TRO_ID"
      FROM "QL_VAI_TRO_NGUOI_DUNG" "c"
      WHERE "c"."NGUOI_DUNG_ID" = :nguoiDung_ID_0
info: Microsoft.EntityFrameworkCore.Database.Command[20101]
      Executed DbCommand (3ms) [Parameters=[:Ma_0='?' (Size = 2000)], CommandType='Text', CommandTimeout='0']
      SELECT "l"."GIA_TRI"
      FROM "QL_NHAN_HIEN_THI" "l"
      WHERE "l"."MA" = :Ma_0
      FETCH FIRST 1 ROWS ONLY
info: Microsoft.EntityFrameworkCore.Database.Command[20101]
      Executed DbCommand (2ms) [Parameters=[:nguoiDung_ID_0='?' (DbType = Decimal)], CommandType='Text', CommandTimeout='0']
      SELECT "c"."VAI_TRO_ID"
      FROM "QL_VAI_TRO_NGUOI_DUNG" "c"
      WHERE "c"."NGUOI_DUNG_ID" = :nguoiDung_ID_0
info: Microsoft.EntityFrameworkCore.Database.Command[20101]
      Executed DbCommand (3ms) [Parameters=[:Ma_0='?' (Size = 2000)], CommandType='Text', CommandTimeout='0']
      SELECT "l"."GIA_TRI"
      FROM "QL_NHAN_HIEN_THI" "l"
      WHERE "l"."MA" = :Ma_0
      FETCH FIRST 1 ROWS ONLY
info: Microsoft.EntityFrameworkCore.Database.Command[20101]
      Executed DbCommand (3ms) [Parameters=[:nguoiDung_ID_0='?' (DbType = Decimal)], CommandType='Text', CommandTimeout='0']
      SELECT "c"."VAI_TRO_ID"
      FROM "QL_VAI_TRO_NGUOI_DUNG" "c"
      WHERE "c"."NGUOI_DUNG_ID" = :nguoiDung_ID_0
info: Microsoft.EntityFrameworkCore.Database.Command[20101]
      Executed DbCommand (3ms) [Parameters=[:Ma_0='?' (Size = 2000)], CommandType='Text', CommandTimeout='0']
      SELECT "l"."GIA_TRI"
      FROM "QL_NHAN_HIEN_THI" "l"
      WHERE "l"."MA" = :Ma_0
      FETCH FIRST 1 ROWS ONLY
info: Microsoft.EntityFrameworkCore.Database.Command[20101]
      Executed DbCommand (2ms) [Parameters=[:nguoiDung_ID_0='?' (DbType = Decimal)], CommandType='Text', CommandTimeout='0']
      SELECT "c"."VAI_TRO_ID"
      FROM "QL_VAI_TRO_NGUOI_DUNG" "c"
      WHERE "c"."NGUOI_DUNG_ID" = :nguoiDung_ID_0
info: Microsoft.EntityFrameworkCore.Database.Command[20101]
      Executed DbCommand (3ms) [Parameters=[:Ma_0='?' (Size = 2000)], CommandType='Text', CommandTimeout='0']
      SELECT "l"."GIA_TRI"
      FROM "QL_NHAN_HIEN_THI" "l"
      WHERE "l"."MA" = :Ma_0
      FETCH FIRST 1 ROWS ONLY
info: Microsoft.EntityFrameworkCore.Database.Command[20101]
      Executed DbCommand (3ms) [Parameters=[:nguoiDung_ID_0='?' (DbType = Decimal)], CommandType='Text', CommandTimeout='0']
      SELECT "c"."VAI_TRO_ID"
      FROM "QL_VAI_TRO_NGUOI_DUNG" "c"
      WHERE "c"."NGUOI_DUNG_ID" = :nguoiDung_ID_0
info: Microsoft.EntityFrameworkCore.Database.Command[20101]
      Executed DbCommand (4ms) [Parameters=[:Ma_0='?' (Size = 2000)], CommandType='Text', CommandTimeout='0']
      SELECT "l"."GIA_TRI"
      FROM "QL_NHAN_HIEN_THI" "l"
      WHERE "l"."MA" = :Ma_0
      FETCH FIRST 1 ROWS ONLY
info: Microsoft.EntityFrameworkCore.Database.Command[20101]
      Executed DbCommand (2ms) [Parameters=[:nguoiDung_ID_0='?' (DbType = Decimal)], CommandType='Text', CommandTimeout='0']
      SELECT "c"."VAI_TRO_ID"
      FROM "QL_VAI_TRO_NGUOI_DUNG" "c"
      WHERE "c"."NGUOI_DUNG_ID" = :nguoiDung_ID_0
info: Microsoft.EntityFrameworkCore.Database.Command[20101]
      Executed DbCommand (3ms) [Parameters=[:Ma_0='?' (Size = 2000)], CommandType='Text', CommandTimeout='0']
      SELECT "l"."GIA_TRI"
      FROM "QL_NHAN_HIEN_THI" "l"
      WHERE "l"."MA" = :Ma_0
      FETCH FIRST 1 ROWS ONLY
info: Microsoft.EntityFrameworkCore.Database.Command[20101]
      Executed DbCommand (4ms) [Parameters=[:nguoiDung_ID_0='?' (DbType = Decimal)], CommandType='Text', CommandTimeout='0']
      SELECT "c"."VAI_TRO_ID"
      FROM "QL_VAI_TRO_NGUOI_DUNG" "c"
      WHERE "c"."NGUOI_DUNG_ID" = :nguoiDung_ID_0
info: Microsoft.EntityFrameworkCore.Database.Command[20101]
      Executed DbCommand (3ms) [Parameters=[:Ma_0='?' (Size = 2000)], CommandType='Text', CommandTimeout='0']
      SELECT "l"."GIA_TRI"
      FROM "QL_NHAN_HIEN_THI" "l"
      WHERE "l"."MA" = :Ma_0
      FETCH FIRST 1 ROWS ONLY
info: Microsoft.EntityFrameworkCore.Database.Command[20101]
      Executed DbCommand (2ms) [Parameters=[:nguoiDung_ID_0='?' (DbType = Decimal)], CommandType='Text', CommandTimeout='0']
      SELECT "c"."VAI_TRO_ID"
      FROM "QL_VAI_TRO_NGUOI_DUNG" "c"
      WHERE "c"."NGUOI_DUNG_ID" = :nguoiDung_ID_0
info: Microsoft.EntityFrameworkCore.Database.Command[20101]
      Executed DbCommand (3ms) [Parameters=[:Ma_0='?' (Size = 2000)], CommandType='Text', CommandTimeout='0']
      SELECT "l"."GIA_TRI"
      FROM "QL_NHAN_HIEN_THI" "l"
      WHERE "l"."MA" = :Ma_0
      FETCH FIRST 1 ROWS ONLY
info: Microsoft.EntityFrameworkCore.Database.Command[20101]
      Executed DbCommand (3ms) [Parameters=[:nguoiDung_ID_0='?' (DbType = Decimal)], CommandType='Text', CommandTimeout='0']
      SELECT "c"."VAI_TRO_ID"
      FROM "QL_VAI_TRO_NGUOI_DUNG" "c"
      WHERE "c"."NGUOI_DUNG_ID" = :nguoiDung_ID_0
info: Microsoft.EntityFrameworkCore.Database.Command[20101]
      Executed DbCommand (3ms) [Parameters=[:Ma_0='?' (Size = 2000)], CommandType='Text', CommandTimeout='0']
      SELECT "l"."GIA_TRI"
      FROM "QL_NHAN_HIEN_THI" "l"
      WHERE "l"."MA" = :Ma_0
      FETCH FIRST 1 ROWS ONLY
info: Microsoft.EntityFrameworkCore.Database.Command[20101]
      Executed DbCommand (3ms) [Parameters=[:nguoiDung_ID_0='?' (DbType = Decimal)], CommandType='Text', CommandTimeout='0']
      SELECT "c"."VAI_TRO_ID"
      FROM "QL_VAI_TRO_NGUOI_DUNG" "c"
      WHERE "c"."NGUOI_DUNG_ID" = :nguoiDung_ID_0
info: Microsoft.EntityFrameworkCore.Database.Command[20101]
      Executed DbCommand (3ms) [Parameters=[:Ma_0='?' (Size = 2000)], CommandType='Text', CommandTimeout='0']
      SELECT "l"."GIA_TRI"
      FROM "QL_NHAN_HIEN_THI" "l"
      WHERE "l"."MA" = :Ma_0
      FETCH FIRST 1 ROWS ONLY
info: Microsoft.EntityFrameworkCore.Database.Command[20101]
      Executed DbCommand (3ms) [Parameters=[:nguoiDung_ID_0='?' (DbType = Decimal)], CommandType='Text', CommandTimeout='0']
      SELECT "c"."VAI_TRO_ID"
      FROM "QL_VAI_TRO_NGUOI_DUNG" "c"
      WHERE "c"."NGUOI_DUNG_ID" = :nguoiDung_ID_0
info: Microsoft.EntityFrameworkCore.Database.Command[20101]
      Executed DbCommand (3ms) [Parameters=[:Ma_0='?' (Size = 2000)], CommandType='Text', CommandTimeout='0']
      SELECT "l"."GIA_TRI"
      FROM "QL_NHAN_HIEN_THI" "l"
      WHERE "l"."MA" = :Ma_0
      FETCH FIRST 1 ROWS ONLY
info: Microsoft.EntityFrameworkCore.Database.Command[20101]
      Executed DbCommand (2ms) [Parameters=[:nguoiDung_ID_0='?' (DbType = Decimal)], CommandType='Text', CommandTimeout='0']
      SELECT "c"."VAI_TRO_ID"
      FROM "QL_VAI_TRO_NGUOI_DUNG" "c"
      WHERE "c"."NGUOI_DUNG_ID" = :nguoiDung_ID_0
info: Microsoft.EntityFrameworkCore.Database.Command[20101]
      Executed DbCommand (3ms) [Parameters=[:Ma_0='?' (Size = 2000)], CommandType='Text', CommandTimeout='0']
      SELECT "l"."GIA_TRI"
      FROM "QL_NHAN_HIEN_THI" "l"
      WHERE "l"."MA" = :Ma_0
      FETCH FIRST 1 ROWS ONLY
info: Microsoft.EntityFrameworkCore.Database.Command[20101]
      Executed DbCommand (3ms) [Parameters=[:nguoiDung_ID_0='?' (DbType = Decimal)], CommandType='Text', CommandTimeout='0']
      SELECT "c"."VAI_TRO_ID"
      FROM "QL_VAI_TRO_NGUOI_DUNG" "c"
      WHERE "c"."NGUOI_DUNG_ID" = :nguoiDung_ID_0
info: Microsoft.EntityFrameworkCore.Database.Command[20101]
      Executed DbCommand (3ms) [Parameters=[:Ma_0='?' (Size = 2000)], CommandType='Text', CommandTimeout='0']
      SELECT "l"."GIA_TRI"
      FROM "QL_NHAN_HIEN_THI" "l"
      WHERE "l"."MA" = :Ma_0
      FETCH FIRST 1 ROWS ONLY
info: Microsoft.EntityFrameworkCore.Database.Command[20101]
      Executed DbCommand (3ms) [Parameters=[:nguoiDung_ID_0='?' (DbType = Decimal)], CommandType='Text', CommandTimeout='0']
      SELECT "c"."VAI_TRO_ID"
      FROM "QL_VAI_TRO_NGUOI_DUNG" "c"
      WHERE "c"."NGUOI_DUNG_ID" = :nguoiDung_ID_0
info: Microsoft.EntityFrameworkCore.Database.Command[20101]
      Executed DbCommand (3ms) [Parameters=[:Ma_0='?' (Size = 2000)], CommandType='Text', CommandTimeout='0']
      SELECT "l"."GIA_TRI"
      FROM "QL_NHAN_HIEN_THI" "l"
      WHERE "l"."MA" = :Ma_0
      FETCH FIRST 1 ROWS ONLY
info: Microsoft.EntityFrameworkCore.Database.Command[20101]
      Executed DbCommand (2ms) [Parameters=[:nguoiDung_ID_0='?' (DbType = Decimal)], CommandType='Text', CommandTimeout='0']
      SELECT "c"."VAI_TRO_ID"
      FROM "QL_VAI_TRO_NGUOI_DUNG" "c"
      WHERE "c"."NGUOI_DUNG_ID" = :nguoiDung_ID_0
info: Microsoft.EntityFrameworkCore.Database.Command[20101]
      Executed DbCommand (3ms) [Parameters=[:Ma_0='?' (Size = 2000)], CommandType='Text', CommandTimeout='0']
      SELECT "l"."GIA_TRI"
      FROM "QL_NHAN_HIEN_THI" "l"
      WHERE "l"."MA" = :Ma_0
      FETCH FIRST 1 ROWS ONLY
info: Microsoft.EntityFrameworkCore.Database.Command[20101]
      Executed DbCommand (2ms) [Parameters=[:nguoiDung_ID_0='?' (DbType = Decimal)], CommandType='Text', CommandTimeout='0']
      SELECT "c"."VAI_TRO_ID"
      FROM "QL_VAI_TRO_NGUOI_DUNG" "c"
      WHERE "c"."NGUOI_DUNG_ID" = :nguoiDung_ID_0
info: Microsoft.EntityFrameworkCore.Database.Command[20101]
      Executed DbCommand (2ms) [Parameters=[:Ma_0='?' (Size = 2000)], CommandType='Text', CommandTimeout='0']
      SELECT "l"."GIA_TRI"
      FROM "QL_NHAN_HIEN_THI" "l"
      WHERE "l"."MA" = :Ma_0
      FETCH FIRST 1 ROWS ONLY
info: Microsoft.EntityFrameworkCore.Database.Command[20101]
      Executed DbCommand (2ms) [Parameters=[:nguoiDung_ID_0='?' (DbType = Decimal)], CommandType='Text', CommandTimeout='0']
      SELECT "c"."VAI_TRO_ID"
      FROM "QL_VAI_TRO_NGUOI_DUNG" "c"
      WHERE "c"."NGUOI_DUNG_ID" = :nguoiDung_ID_0
info: Microsoft.EntityFrameworkCore.Database.Command[20101]
      Executed DbCommand (3ms) [Parameters=[:Ma_0='?' (Size = 2000)], CommandType='Text', CommandTimeout='0']
      SELECT "l"."GIA_TRI"
      FROM "QL_NHAN_HIEN_THI" "l"
      WHERE "l"."MA" = :Ma_0
      FETCH FIRST 1 ROWS ONLY
info: Microsoft.EntityFrameworkCore.Database.Command[20101]
      Executed DbCommand (2ms) [Parameters=[:nguoiDung_ID_0='?' (DbType = Decimal)], CommandType='Text', CommandTimeout='0']
      SELECT "c"."VAI_TRO_ID"
      FROM "QL_VAI_TRO_NGUOI_DUNG" "c"
      WHERE "c"."NGUOI_DUNG_ID" = :nguoiDung_ID_0
info: Microsoft.EntityFrameworkCore.Database.Command[20101]
      Executed DbCommand (2ms) [Parameters=[:Ma_0='?' (Size = 2000)], CommandType='Text', CommandTimeout='0']
      SELECT "l"."GIA_TRI"
      FROM "QL_NHAN_HIEN_THI" "l"
      WHERE "l"."MA" = :Ma_0
      FETCH FIRST 1 ROWS ONLY
info: Microsoft.EntityFrameworkCore.Database.Command[20101]
      Executed DbCommand (2ms) [Parameters=[:nguoiDung_ID_0='?' (DbType = Decimal)], CommandType='Text', CommandTimeout='0']
      SELECT "c"."VAI_TRO_ID"
      FROM "QL_VAI_TRO_NGUOI_DUNG" "c"
      WHERE "c"."NGUOI_DUNG_ID" = :nguoiDung_ID_0
info: Microsoft.EntityFrameworkCore.Database.Command[20101]
      Executed DbCommand (3ms) [Parameters=[:Ma_0='?' (Size = 2000)], CommandType='Text', CommandTimeout='0']
      SELECT "l"."GIA_TRI"
      FROM "QL_NHAN_HIEN_THI" "l"
      WHERE "l"."MA" = :Ma_0
      FETCH FIRST 1 ROWS ONLY
info: Microsoft.EntityFrameworkCore.Database.Command[20101]
      Executed DbCommand (4ms) [Parameters=[:nguoiDung_ID_0='?' (DbType = Decimal)], CommandType='Text', CommandTimeout='0']
      SELECT "c"."VAI_TRO_ID"
      FROM "QL_VAI_TRO_NGUOI_DUNG" "c"
      WHERE "c"."NGUOI_DUNG_ID" = :nguoiDung_ID_0
info: Microsoft.EntityFrameworkCore.Database.Command[20101]
      Executed DbCommand (3ms) [Parameters=[:Ma_0='?' (Size = 2000)], CommandType='Text', CommandTimeout='0']
      SELECT "l"."GIA_TRI"
      FROM "QL_NHAN_HIEN_THI" "l"
      WHERE "l"."MA" = :Ma_0
      FETCH FIRST 1 ROWS ONLY
info: Microsoft.EntityFrameworkCore.Database.Command[20101]
      Executed DbCommand (3ms) [Parameters=[:nguoiDung_ID_0='?' (DbType = Decimal)], CommandType='Text', CommandTimeout='0']
      SELECT "c"."VAI_TRO_ID"
      FROM "QL_VAI_TRO_NGUOI_DUNG" "c"
      WHERE "c"."NGUOI_DUNG_ID" = :nguoiDung_ID_0
info: Microsoft.EntityFrameworkCore.Database.Command[20101]
      Executed DbCommand (2ms) [Parameters=[:Ma_0='?' (Size = 2000)], CommandType='Text', CommandTimeout='0']
      SELECT "l"."GIA_TRI"
      FROM "QL_NHAN_HIEN_THI" "l"
      WHERE "l"."MA" = :Ma_0
      FETCH FIRST 1 ROWS ONLY
info: Microsoft.EntityFrameworkCore.Database.Command[20101]
      Executed DbCommand (2ms) [Parameters=[:nguoiDung_ID_0='?' (DbType = Decimal)], CommandType='Text', CommandTimeout='0']
      SELECT "c"."VAI_TRO_ID"
      FROM "QL_VAI_TRO_NGUOI_DUNG" "c"
      WHERE "c"."NGUOI_DUNG_ID" = :nguoiDung_ID_0
info: Microsoft.EntityFrameworkCore.Database.Command[20101]
      Executed DbCommand (2ms) [Parameters=[:Ma_0='?' (Size = 2000)], CommandType='Text', CommandTimeout='0']
      SELECT "l"."GIA_TRI"
      FROM "QL_NHAN_HIEN_THI" "l"
      WHERE "l"."MA" = :Ma_0
      FETCH FIRST 1 ROWS ONLY
info: Microsoft.EntityFrameworkCore.Database.Command[20101]
      Executed DbCommand (3ms) [Parameters=[:nguoiDung_ID_0='?' (DbType = Decimal)], CommandType='Text', CommandTimeout='0']
      SELECT "c"."VAI_TRO_ID"
      FROM "QL_VAI_TRO_NGUOI_DUNG" "c"
      WHERE "c"."NGUOI_DUNG_ID" = :nguoiDung_ID_0
info: Microsoft.EntityFrameworkCore.Database.Command[20101]
      Executed DbCommand (3ms) [Parameters=[:Ma_0='?' (Size = 2000)], CommandType='Text', CommandTimeout='0']
      SELECT "l"."GIA_TRI"
      FROM "QL_NHAN_HIEN_THI" "l"
      WHERE "l"."MA" = :Ma_0
      FETCH FIRST 1 ROWS ONLY
info: Microsoft.EntityFrameworkCore.Database.Command[20101]
      Executed DbCommand (3ms) [Parameters=[:nguoiDung_ID_0='?' (DbType = Decimal)], CommandType='Text', CommandTimeout='0']
      SELECT "c"."VAI_TRO_ID"
      FROM "QL_VAI_TRO_NGUOI_DUNG" "c"
      WHERE "c"."NGUOI_DUNG_ID" = :nguoiDung_ID_0
info: Microsoft.EntityFrameworkCore.Database.Command[20101]
      Executed DbCommand (2ms) [Parameters=[:Ma_0='?' (Size = 2000)], CommandType='Text', CommandTimeout='0']
      SELECT "l"."GIA_TRI"
      FROM "QL_NHAN_HIEN_THI" "l"
      WHERE "l"."MA" = :Ma_0
      FETCH FIRST 1 ROWS ONLY
info: Microsoft.EntityFrameworkCore.Database.Command[20101]
      Executed DbCommand (4ms) [Parameters=[:nguoiDung_ID_0='?' (DbType = Decimal)], CommandType='Text', CommandTimeout='0']
      SELECT "c"."VAI_TRO_ID"
      FROM "QL_VAI_TRO_NGUOI_DUNG" "c"
      WHERE "c"."NGUOI_DUNG_ID" = :nguoiDung_ID_0
info: Microsoft.EntityFrameworkCore.Database.Command[20101]
      Executed DbCommand (3ms) [Parameters=[:Ma_0='?' (Size = 2000)], CommandType='Text', CommandTimeout='0']
      SELECT "l"."GIA_TRI"
      FROM "QL_NHAN_HIEN_THI" "l"
      WHERE "l"."MA" = :Ma_0
      FETCH FIRST 1 ROWS ONLY
info: Microsoft.EntityFrameworkCore.Database.Command[20101]
      Executed DbCommand (2ms) [Parameters=[:nguoiDung_ID_0='?' (DbType = Decimal)], CommandType='Text', CommandTimeout='0']
      SELECT "c"."VAI_TRO_ID"
      FROM "QL_VAI_TRO_NGUOI_DUNG" "c"
      WHERE "c"."NGUOI_DUNG_ID" = :nguoiDung_ID_0
info: Microsoft.EntityFrameworkCore.Database.Command[20101]
      Executed DbCommand (3ms) [Parameters=[:Ma_0='?' (Size = 2000)], CommandType='Text', CommandTimeout='0']
      SELECT "l"."GIA_TRI"
      FROM "QL_NHAN_HIEN_THI" "l"
      WHERE "l"."MA" = :Ma_0
      FETCH FIRST 1 ROWS ONLY
info: Microsoft.EntityFrameworkCore.Database.Command[20101]
      Executed DbCommand (2ms) [Parameters=[:nguoiDung_ID_0='?' (DbType = Decimal)], CommandType='Text', CommandTimeout='0']
      SELECT "c"."VAI_TRO_ID"
      FROM "QL_VAI_TRO_NGUOI_DUNG" "c"
      WHERE "c"."NGUOI_DUNG_ID" = :nguoiDung_ID_0
info: Microsoft.EntityFrameworkCore.Database.Command[20101]
      Executed DbCommand (3ms) [Parameters=[:Ma_0='?' (Size = 2000)], CommandType='Text', CommandTimeout='0']
      SELECT "l"."GIA_TRI"
      FROM "QL_NHAN_HIEN_THI" "l"
      WHERE "l"."MA" = :Ma_0
      FETCH FIRST 1 ROWS ONLY
info: Microsoft.EntityFrameworkCore.Database.Command[20101]
      Executed DbCommand (2ms) [Parameters=[:nguoiDung_ID_0='?' (DbType = Decimal)], CommandType='Text', CommandTimeout='0']
      SELECT "c"."VAI_TRO_ID"
      FROM "QL_VAI_TRO_NGUOI_DUNG" "c"
      WHERE "c"."NGUOI_DUNG_ID" = :nguoiDung_ID_0
info: Microsoft.EntityFrameworkCore.Database.Command[20101]
      Executed DbCommand (3ms) [Parameters=[:Ma_0='?' (Size = 2000)], CommandType='Text', CommandTimeout='0']
      SELECT "l"."GIA_TRI"
      FROM "QL_NHAN_HIEN_THI" "l"
      WHERE "l"."MA" = :Ma_0
      FETCH FIRST 1 ROWS ONLY
info: Microsoft.EntityFrameworkCore.Database.Command[20101]
      Executed DbCommand (2ms) [Parameters=[:nguoiDung_ID_0='?' (DbType = Decimal)], CommandType='Text', CommandTimeout='0']
      SELECT "c"."VAI_TRO_ID"
      FROM "QL_VAI_TRO_NGUOI_DUNG" "c"
      WHERE "c"."NGUOI_DUNG_ID" = :nguoiDung_ID_0
info: Microsoft.EntityFrameworkCore.Database.Command[20101]
      Executed DbCommand (2ms) [Parameters=[:Ma_0='?' (Size = 2000)], CommandType='Text', CommandTimeout='0']
      SELECT "l"."GIA_TRI"
      FROM "QL_NHAN_HIEN_THI" "l"
      WHERE "l"."MA" = :Ma_0
      FETCH FIRST 1 ROWS ONLY
info: Microsoft.EntityFrameworkCore.Database.Command[20101]
      Executed DbCommand (2ms) [Parameters=[:nguoiDung_ID_0='?' (DbType = Decimal)], CommandType='Text', CommandTimeout='0']
      SELECT "c"."VAI_TRO_ID"
      FROM "QL_VAI_TRO_NGUOI_DUNG" "c"
      WHERE "c"."NGUOI_DUNG_ID" = :nguoiDung_ID_0
info: Microsoft.EntityFrameworkCore.Database.Command[20101]
      Executed DbCommand (3ms) [Parameters=[:Ma_0='?' (Size = 2000)], CommandType='Text', CommandTimeout='0']
      SELECT "l"."GIA_TRI"
      FROM "QL_NHAN_HIEN_THI" "l"
      WHERE "l"."MA" = :Ma_0
      FETCH FIRST 1 ROWS ONLY
info: Microsoft.EntityFrameworkCore.Database.Command[20101]
      Executed DbCommand (3ms) [Parameters=[:nguoiDung_ID_0='?' (DbType = Decimal)], CommandType='Text', CommandTimeout='0']
      SELECT "c"."VAI_TRO_ID"
      FROM "QL_VAI_TRO_NGUOI_DUNG" "c"
      WHERE "c"."NGUOI_DUNG_ID" = :nguoiDung_ID_0
info: Microsoft.EntityFrameworkCore.Database.Command[20101]
      Executed DbCommand (2ms) [Parameters=[:Ma_0='?' (Size = 2000)], CommandType='Text', CommandTimeout='0']
      SELECT "l"."GIA_TRI"
      FROM "QL_NHAN_HIEN_THI" "l"
      WHERE "l"."MA" = :Ma_0
      FETCH FIRST 1 ROWS ONLY
info: Microsoft.EntityFrameworkCore.Database.Command[20101]
      Executed DbCommand (2ms) [Parameters=[:nguoiDung_ID_0='?' (DbType = Decimal)], CommandType='Text', CommandTimeout='0']
      SELECT "c"."VAI_TRO_ID"
      FROM "QL_VAI_TRO_NGUOI_DUNG" "c"
      WHERE "c"."NGUOI_DUNG_ID" = :nguoiDung_ID_0
info: Microsoft.EntityFrameworkCore.Database.Command[20101]
      Executed DbCommand (3ms) [Parameters=[:Ma_0='?' (Size = 2000)], CommandType='Text', CommandTimeout='0']
      SELECT "l"."GIA_TRI"
      FROM "QL_NHAN_HIEN_THI" "l"
      WHERE "l"."MA" = :Ma_0
      FETCH FIRST 1 ROWS ONLY
info: Microsoft.EntityFrameworkCore.Database.Command[20101]
      Executed DbCommand (2ms) [Parameters=[:nguoiDung_ID_0='?' (DbType = Decimal)], CommandType='Text', CommandTimeout='0']
      SELECT "c"."VAI_TRO_ID"
      FROM "QL_VAI_TRO_NGUOI_DUNG" "c"
      WHERE "c"."NGUOI_DUNG_ID" = :nguoiDung_ID_0
info: Microsoft.EntityFrameworkCore.Database.Command[20101]
      Executed DbCommand (3ms) [Parameters=[:Ma_0='?' (Size = 2000)], CommandType='Text', CommandTimeout='0']
      SELECT "l"."GIA_TRI"
      FROM "QL_NHAN_HIEN_THI" "l"
      WHERE "l"."MA" = :Ma_0
      FETCH FIRST 1 ROWS ONLY
info: Microsoft.EntityFrameworkCore.Database.Command[20101]
      Executed DbCommand (2ms) [Parameters=[:nguoiDung_ID_0='?' (DbType = Decimal)], CommandType='Text', CommandTimeout='0']
      SELECT "c"."VAI_TRO_ID"
      FROM "QL_VAI_TRO_NGUOI_DUNG" "c"
      WHERE "c"."NGUOI_DUNG_ID" = :nguoiDung_ID_0
info: Microsoft.EntityFrameworkCore.Database.Command[20101]
      Executed DbCommand (2ms) [Parameters=[:Ma_0='?' (Size = 2000)], CommandType='Text', CommandTimeout='0']
      SELECT "l"."GIA_TRI"
      FROM "QL_NHAN_HIEN_THI" "l"
      WHERE "l"."MA" = :Ma_0
      FETCH FIRST 1 ROWS ONLY
info: Microsoft.EntityFrameworkCore.Database.Command[20101]
      Executed DbCommand (2ms) [Parameters=[:nguoiDung_ID_0='?' (DbType = Decimal)], CommandType='Text', CommandTimeout='0']
      SELECT "c"."VAI_TRO_ID"
      FROM "QL_VAI_TRO_NGUOI_DUNG" "c"
      WHERE "c"."NGUOI_DUNG_ID" = :nguoiDung_ID_0
info: Microsoft.EntityFrameworkCore.Database.Command[20101]
      Executed DbCommand (62ms) [Parameters=[:donViId_0='?' (DbType = Decimal)], CommandType='Text', CommandTimeout='0']
      SELECT COUNT(*)
      FROM "DM_DON_VI" "p"
      WHERE ((("p"."PARENT_ID" = :donViId_0) AND ("p"."LA_BAN_QL_DU_AN" = 1)) OR (("p"."ID" = :donViId_0) AND ("p"."LOAI_DON_VI_ID" = 15.0))) OR (("p"."ID" = :donViId_0) AND ("p"."LA_BAN_QL_DU_AN" = 1))
info: Microsoft.EntityFrameworkCore.Database.Command[20101]
      Executed DbCommand (3ms) [Parameters=[:Ma_0='?' (Size = 2000)], CommandType='Text', CommandTimeout='0']
      SELECT "l"."GIA_TRI"
      FROM "QL_NHAN_HIEN_THI" "l"
      WHERE "l"."MA" = :Ma_0
      FETCH FIRST 1 ROWS ONLY
info: Microsoft.EntityFrameworkCore.Database.Command[20101]
      Executed DbCommand (2ms) [Parameters=[:nguoiDung_ID_0='?' (DbType = Decimal)], CommandType='Text', CommandTimeout='0']
      SELECT "c"."VAI_TRO_ID"
      FROM "QL_VAI_TRO_NGUOI_DUNG" "c"
      WHERE "c"."NGUOI_DUNG_ID" = :nguoiDung_ID_0
info: Microsoft.EntityFrameworkCore.Database.Command[20101]
      Executed DbCommand (2ms) [Parameters=[:Ma_0='?' (Size = 2000)], CommandType='Text', CommandTimeout='0']
      SELECT "l"."GIA_TRI"
      FROM "QL_NHAN_HIEN_THI" "l"
      WHERE "l"."MA" = :Ma_0
      FETCH FIRST 1 ROWS ONLY
info: Microsoft.EntityFrameworkCore.Database.Command[20101]
      Executed DbCommand (2ms) [Parameters=[:nguoiDung_ID_0='?' (DbType = Decimal)], CommandType='Text', CommandTimeout='0']
      SELECT "c"."VAI_TRO_ID"
      FROM "QL_VAI_TRO_NGUOI_DUNG" "c"
      WHERE "c"."NGUOI_DUNG_ID" = :nguoiDung_ID_0
info: Microsoft.EntityFrameworkCore.Database.Command[20101]
      Executed DbCommand (3ms) [Parameters=[:Ma_0='?' (Size = 2000)], CommandType='Text', CommandTimeout='0']
      SELECT "l"."GIA_TRI"
      FROM "QL_NHAN_HIEN_THI" "l"
      WHERE "l"."MA" = :Ma_0
      FETCH FIRST 1 ROWS ONLY
info: Microsoft.EntityFrameworkCore.Database.Command[20101]
      Executed DbCommand (2ms) [Parameters=[:nguoiDung_ID_0='?' (DbType = Decimal)], CommandType='Text', CommandTimeout='0']
      SELECT "c"."VAI_TRO_ID"
      FROM "QL_VAI_TRO_NGUOI_DUNG" "c"
      WHERE "c"."NGUOI_DUNG_ID" = :nguoiDung_ID_0
info: Microsoft.EntityFrameworkCore.Database.Command[20101]
      Executed DbCommand (2ms) [Parameters=[:Ma_0='?' (Size = 2000)], CommandType='Text', CommandTimeout='0']
      SELECT "l"."GIA_TRI"
      FROM "QL_NHAN_HIEN_THI" "l"
      WHERE "l"."MA" = :Ma_0
      FETCH FIRST 1 ROWS ONLY
info: Microsoft.EntityFrameworkCore.Database.Command[20101]
      Executed DbCommand (2ms) [Parameters=[:nguoiDung_ID_0='?' (DbType = Decimal)], CommandType='Text', CommandTimeout='0']
      SELECT "c"."VAI_TRO_ID"
      FROM "QL_VAI_TRO_NGUOI_DUNG" "c"
      WHERE "c"."NGUOI_DUNG_ID" = :nguoiDung_ID_0
info: Microsoft.EntityFrameworkCore.Database.Command[20101]
      Executed DbCommand (2ms) [Parameters=[:Ma_0='?' (Size = 2000)], CommandType='Text', CommandTimeout='0']
      SELECT "l"."GIA_TRI"
      FROM "QL_NHAN_HIEN_THI" "l"
      WHERE "l"."MA" = :Ma_0
      FETCH FIRST 1 ROWS ONLY
info: Microsoft.EntityFrameworkCore.Database.Command[20101]
      Executed DbCommand (2ms) [Parameters=[:nguoiDung_ID_0='?' (DbType = Decimal)], CommandType='Text', CommandTimeout='0']
      SELECT "c"."VAI_TRO_ID"
      FROM "QL_VAI_TRO_NGUOI_DUNG" "c"
      WHERE "c"."NGUOI_DUNG_ID" = :nguoiDung_ID_0
info: Microsoft.EntityFrameworkCore.Database.Command[20101]
      Executed DbCommand (3ms) [Parameters=[:Ma_0='?' (Size = 2000)], CommandType='Text', CommandTimeout='0']
      SELECT "l"."GIA_TRI"
      FROM "QL_NHAN_HIEN_THI" "l"
      WHERE "l"."MA" = :Ma_0
      FETCH FIRST 1 ROWS ONLY
info: Microsoft.EntityFrameworkCore.Database.Command[20101]
      Executed DbCommand (3ms) [Parameters=[:nguoiDung_ID_0='?' (DbType = Decimal)], CommandType='Text', CommandTimeout='0']
      SELECT "c"."VAI_TRO_ID"
      FROM "QL_VAI_TRO_NGUOI_DUNG" "c"
      WHERE "c"."NGUOI_DUNG_ID" = :nguoiDung_ID_0
info: Microsoft.EntityFrameworkCore.Database.Command[20101]
      Executed DbCommand (2ms) [Parameters=[:Ma_0='?' (Size = 2000)], CommandType='Text', CommandTimeout='0']
      SELECT "l"."GIA_TRI"
      FROM "QL_NHAN_HIEN_THI" "l"
      WHERE "l"."MA" = :Ma_0
      FETCH FIRST 1 ROWS ONLY
info: Microsoft.EntityFrameworkCore.Database.Command[20101]
      Executed DbCommand (2ms) [Parameters=[:nguoiDung_ID_0='?' (DbType = Decimal)], CommandType='Text', CommandTimeout='0']
      SELECT "c"."VAI_TRO_ID"
      FROM "QL_VAI_TRO_NGUOI_DUNG" "c"
      WHERE "c"."NGUOI_DUNG_ID" = :nguoiDung_ID_0
info: Microsoft.EntityFrameworkCore.Database.Command[20101]
      Executed DbCommand (2ms) [Parameters=[:Ma_0='?' (Size = 2000)], CommandType='Text', CommandTimeout='0']
      SELECT "l"."GIA_TRI"
      FROM "QL_NHAN_HIEN_THI" "l"
      WHERE "l"."MA" = :Ma_0
      FETCH FIRST 1 ROWS ONLY
info: Microsoft.EntityFrameworkCore.Database.Command[20101]
      Executed DbCommand (2ms) [Parameters=[:nguoiDung_ID_0='?' (DbType = Decimal)], CommandType='Text', CommandTimeout='0']
      SELECT "c"."VAI_TRO_ID"
      FROM "QL_VAI_TRO_NGUOI_DUNG" "c"
      WHERE "c"."NGUOI_DUNG_ID" = :nguoiDung_ID_0
info: Microsoft.EntityFrameworkCore.Database.Command[20101]
      Executed DbCommand (3ms) [Parameters=[:Ma_0='?' (Size = 2000)], CommandType='Text', CommandTimeout='0']
      SELECT "l"."GIA_TRI"
      FROM "QL_NHAN_HIEN_THI" "l"
      WHERE "l"."MA" = :Ma_0
      FETCH FIRST 1 ROWS ONLY
info: Microsoft.EntityFrameworkCore.Database.Command[20101]
      Executed DbCommand (3ms) [Parameters=[:nguoiDung_ID_0='?' (DbType = Decimal)], CommandType='Text', CommandTimeout='0']
      SELECT "c"."VAI_TRO_ID"
      FROM "QL_VAI_TRO_NGUOI_DUNG" "c"
      WHERE "c"."NGUOI_DUNG_ID" = :nguoiDung_ID_0
info: Microsoft.EntityFrameworkCore.Database.Command[20101]
      Executed DbCommand (2ms) [Parameters=[:Ma_0='?' (Size = 2000)], CommandType='Text', CommandTimeout='0']
      SELECT "l"."GIA_TRI"
      FROM "QL_NHAN_HIEN_THI" "l"
      WHERE "l"."MA" = :Ma_0
      FETCH FIRST 1 ROWS ONLY
info: Microsoft.EntityFrameworkCore.Database.Command[20101]
      Executed DbCommand (2ms) [Parameters=[:nguoiDung_ID_0='?' (DbType = Decimal)], CommandType='Text', CommandTimeout='0']
      SELECT "c"."VAI_TRO_ID"
      FROM "QL_VAI_TRO_NGUOI_DUNG" "c"
      WHERE "c"."NGUOI_DUNG_ID" = :nguoiDung_ID_0
info: Microsoft.EntityFrameworkCore.Database.Command[20101]
      Executed DbCommand (3ms) [Parameters=[:Ma_0='?' (Size = 2000)], CommandType='Text', CommandTimeout='0']
      SELECT "l"."GIA_TRI"
      FROM "QL_NHAN_HIEN_THI" "l"
      WHERE "l"."MA" = :Ma_0
      FETCH FIRST 1 ROWS ONLY
info: Microsoft.EntityFrameworkCore.Database.Command[20101]
      Executed DbCommand (2ms) [Parameters=[:nguoiDung_ID_0='?' (DbType = Decimal)], CommandType='Text', CommandTimeout='0']
      SELECT "c"."VAI_TRO_ID"
      FROM "QL_VAI_TRO_NGUOI_DUNG" "c"
      WHERE "c"."NGUOI_DUNG_ID" = :nguoiDung_ID_0
info: Microsoft.EntityFrameworkCore.Database.Command[20101]
      Executed DbCommand (3ms) [Parameters=[:Ma_0='?' (Size = 2000)], CommandType='Text', CommandTimeout='0']
      SELECT "l"."GIA_TRI"
      FROM "QL_NHAN_HIEN_THI" "l"
      WHERE "l"."MA" = :Ma_0
      FETCH FIRST 1 ROWS ONLY
info: Microsoft.EntityFrameworkCore.Database.Command[20101]
      Executed DbCommand (2ms) [Parameters=[:nguoiDung_ID_0='?' (DbType = Decimal)], CommandType='Text', CommandTimeout='0']
      SELECT "c"."VAI_TRO_ID"
      FROM "QL_VAI_TRO_NGUOI_DUNG" "c"
      WHERE "c"."NGUOI_DUNG_ID" = :nguoiDung_ID_0
info: Microsoft.EntityFrameworkCore.Database.Command[20101]
      Executed DbCommand (2ms) [Parameters=[:Ma_0='?' (Size = 2000)], CommandType='Text', CommandTimeout='0']
      SELECT "l"."GIA_TRI"
      FROM "QL_NHAN_HIEN_THI" "l"
      WHERE "l"."MA" = :Ma_0
      FETCH FIRST 1 ROWS ONLY
info: Microsoft.EntityFrameworkCore.Database.Command[20101]
      Executed DbCommand (2ms) [Parameters=[:nguoiDung_ID_0='?' (DbType = Decimal)], CommandType='Text', CommandTimeout='0']
      SELECT "c"."VAI_TRO_ID"
      FROM "QL_VAI_TRO_NGUOI_DUNG" "c"
      WHERE "c"."NGUOI_DUNG_ID" = :nguoiDung_ID_0
info: Microsoft.EntityFrameworkCore.Database.Command[20101]
      Executed DbCommand (2ms) [Parameters=[:Ma_0='?' (Size = 2000)], CommandType='Text', CommandTimeout='0']
      SELECT "l"."GIA_TRI"
      FROM "QL_NHAN_HIEN_THI" "l"
      WHERE "l"."MA" = :Ma_0
      FETCH FIRST 1 ROWS ONLY
info: Microsoft.EntityFrameworkCore.Database.Command[20101]
      Executed DbCommand (2ms) [Parameters=[:nguoiDung_ID_0='?' (DbType = Decimal)], CommandType='Text', CommandTimeout='0']
      SELECT "c"."VAI_TRO_ID"
      FROM "QL_VAI_TRO_NGUOI_DUNG" "c"
      WHERE "c"."NGUOI_DUNG_ID" = :nguoiDung_ID_0
info: Microsoft.EntityFrameworkCore.Database.Command[20101]
      Executed DbCommand (3ms) [Parameters=[:Ma_0='?' (Size = 2000)], CommandType='Text', CommandTimeout='0']
      SELECT "l"."GIA_TRI"
      FROM "QL_NHAN_HIEN_THI" "l"
      WHERE "l"."MA" = :Ma_0
      FETCH FIRST 1 ROWS ONLY
info: Microsoft.EntityFrameworkCore.Database.Command[20101]
      Executed DbCommand (2ms) [Parameters=[:nguoiDung_ID_0='?' (DbType = Decimal)], CommandType='Text', CommandTimeout='0']
      SELECT "c"."VAI_TRO_ID"
      FROM "QL_VAI_TRO_NGUOI_DUNG" "c"
      WHERE "c"."NGUOI_DUNG_ID" = :nguoiDung_ID_0
info: Microsoft.EntityFrameworkCore.Database.Command[20101]
      Executed DbCommand (2ms) [Parameters=[:Ma_0='?' (Size = 2000)], CommandType='Text', CommandTimeout='0']
      SELECT "l"."GIA_TRI"
      FROM "QL_NHAN_HIEN_THI" "l"
      WHERE "l"."MA" = :Ma_0
      FETCH FIRST 1 ROWS ONLY
info: Microsoft.EntityFrameworkCore.Database.Command[20101]
      Executed DbCommand (2ms) [Parameters=[:nguoiDung_ID_0='?' (DbType = Decimal)], CommandType='Text', CommandTimeout='0']
      SELECT "c"."VAI_TRO_ID"
      FROM "QL_VAI_TRO_NGUOI_DUNG" "c"
      WHERE "c"."NGUOI_DUNG_ID" = :nguoiDung_ID_0
info: Microsoft.EntityFrameworkCore.Database.Command[20101]
      Executed DbCommand (2ms) [Parameters=[:Ma_0='?' (Size = 2000)], CommandType='Text', CommandTimeout='0']
      SELECT "l"."GIA_TRI"
      FROM "QL_NHAN_HIEN_THI" "l"
      WHERE "l"."MA" = :Ma_0
      FETCH FIRST 1 ROWS ONLY
info: Microsoft.EntityFrameworkCore.Database.Command[20101]
      Executed DbCommand (2ms) [Parameters=[:nguoiDung_ID_0='?' (DbType = Decimal)], CommandType='Text', CommandTimeout='0']
      SELECT "c"."VAI_TRO_ID"
      FROM "QL_VAI_TRO_NGUOI_DUNG" "c"
      WHERE "c"."NGUOI_DUNG_ID" = :nguoiDung_ID_0
info: Microsoft.EntityFrameworkCore.Database.Command[20101]
      Executed DbCommand (3ms) [Parameters=[:Ma_0='?' (Size = 2000)], CommandType='Text', CommandTimeout='0']
      SELECT "l"."GIA_TRI"
      FROM "QL_NHAN_HIEN_THI" "l"
      WHERE "l"."MA" = :Ma_0
      FETCH FIRST 1 ROWS ONLY
info: Microsoft.EntityFrameworkCore.Database.Command[20101]
      Executed DbCommand (2ms) [Parameters=[:nguoiDung_ID_0='?' (DbType = Decimal)], CommandType='Text', CommandTimeout='0']
      SELECT "c"."VAI_TRO_ID"
      FROM "QL_VAI_TRO_NGUOI_DUNG" "c"
      WHERE "c"."NGUOI_DUNG_ID" = :nguoiDung_ID_0
info: Microsoft.EntityFrameworkCore.Database.Command[20101]
      Executed DbCommand (2ms) [Parameters=[:Ma_0='?' (Size = 2000)], CommandType='Text', CommandTimeout='0']
      SELECT "l"."GIA_TRI"
      FROM "QL_NHAN_HIEN_THI" "l"
      WHERE "l"."MA" = :Ma_0
      FETCH FIRST 1 ROWS ONLY
info: Microsoft.EntityFrameworkCore.Database.Command[20101]
      Executed DbCommand (3ms) [Parameters=[:nguoiDung_ID_0='?' (DbType = Decimal)], CommandType='Text', CommandTimeout='0']
      SELECT "c"."VAI_TRO_ID"
      FROM "QL_VAI_TRO_NGUOI_DUNG" "c"
      WHERE "c"."NGUOI_DUNG_ID" = :nguoiDung_ID_0
info: Microsoft.EntityFrameworkCore.Database.Command[20101]
      Executed DbCommand (2ms) [Parameters=[:Ma_0='?' (Size = 2000)], CommandType='Text', CommandTimeout='0']
      SELECT "l"."GIA_TRI"
      FROM "QL_NHAN_HIEN_THI" "l"
      WHERE "l"."MA" = :Ma_0
      FETCH FIRST 1 ROWS ONLY
info: Microsoft.EntityFrameworkCore.Database.Command[20101]
      Executed DbCommand (2ms) [Parameters=[:nguoiDung_ID_0='?' (DbType = Decimal)], CommandType='Text', CommandTimeout='0']
      SELECT "c"."VAI_TRO_ID"
      FROM "QL_VAI_TRO_NGUOI_DUNG" "c"
      WHERE "c"."NGUOI_DUNG_ID" = :nguoiDung_ID_0
info: Microsoft.EntityFrameworkCore.Database.Command[20101]
      Executed DbCommand (2ms) [Parameters=[:Ma_0='?' (Size = 2000)], CommandType='Text', CommandTimeout='0']
      SELECT "l"."GIA_TRI"
      FROM "QL_NHAN_HIEN_THI" "l"
      WHERE "l"."MA" = :Ma_0
      FETCH FIRST 1 ROWS ONLY
info: Microsoft.EntityFrameworkCore.Database.Command[20101]
      Executed DbCommand (2ms) [Parameters=[:nguoiDung_ID_0='?' (DbType = Decimal)], CommandType='Text', CommandTimeout='0']
      SELECT "c"."VAI_TRO_ID"
      FROM "QL_VAI_TRO_NGUOI_DUNG" "c"
      WHERE "c"."NGUOI_DUNG_ID" = :nguoiDung_ID_0
info: Microsoft.EntityFrameworkCore.Database.Command[20101]
      Executed DbCommand (3ms) [Parameters=[:Ma_0='?' (Size = 2000)], CommandType='Text', CommandTimeout='0']
      SELECT "l"."GIA_TRI"
      FROM "QL_NHAN_HIEN_THI" "l"
      WHERE "l"."MA" = :Ma_0
      FETCH FIRST 1 ROWS ONLY
info: Microsoft.EntityFrameworkCore.Database.Command[20101]
      Executed DbCommand (2ms) [Parameters=[:nguoiDung_ID_0='?' (DbType = Decimal)], CommandType='Text', CommandTimeout='0']
      SELECT "c"."VAI_TRO_ID"
      FROM "QL_VAI_TRO_NGUOI_DUNG" "c"
      WHERE "c"."NGUOI_DUNG_ID" = :nguoiDung_ID_0
info: Microsoft.EntityFrameworkCore.Database.Command[20101]
      Executed DbCommand (4ms) [Parameters=[:Ma_0='?' (Size = 2000)], CommandType='Text', CommandTimeout='0']
      SELECT "l"."GIA_TRI"
      FROM "QL_NHAN_HIEN_THI" "l"
      WHERE "l"."MA" = :Ma_0
      FETCH FIRST 1 ROWS ONLY
info: Microsoft.EntityFrameworkCore.Database.Command[20101]
      Executed DbCommand (2ms) [Parameters=[:nguoiDung_ID_0='?' (DbType = Decimal)], CommandType='Text', CommandTimeout='0']
      SELECT "c"."VAI_TRO_ID"
      FROM "QL_VAI_TRO_NGUOI_DUNG" "c"
      WHERE "c"."NGUOI_DUNG_ID" = :nguoiDung_ID_0
info: Microsoft.EntityFrameworkCore.Database.Command[20101]
      Executed DbCommand (2ms) [Parameters=[:Ma_0='?' (Size = 2000)], CommandType='Text', CommandTimeout='0']
      SELECT "l"."GIA_TRI"
      FROM "QL_NHAN_HIEN_THI" "l"
      WHERE "l"."MA" = :Ma_0
      FETCH FIRST 1 ROWS ONLY
info: Microsoft.EntityFrameworkCore.Database.Command[20101]
      Executed DbCommand (3ms) [Parameters=[:nguoiDung_ID_0='?' (DbType = Decimal)], CommandType='Text', CommandTimeout='0']
      SELECT "c"."VAI_TRO_ID"
      FROM "QL_VAI_TRO_NGUOI_DUNG" "c"
      WHERE "c"."NGUOI_DUNG_ID" = :nguoiDung_ID_0
info: Microsoft.EntityFrameworkCore.Database.Command[20101]
      Executed DbCommand (3ms) [Parameters=[:Ma_0='?' (Size = 2000)], CommandType='Text', CommandTimeout='0']
      SELECT "l"."GIA_TRI"
      FROM "QL_NHAN_HIEN_THI" "l"
      WHERE "l"."MA" = :Ma_0
      FETCH FIRST 1 ROWS ONLY
info: Microsoft.EntityFrameworkCore.Database.Command[20101]
      Executed DbCommand (2ms) [Parameters=[:nguoiDung_ID_0='?' (DbType = Decimal)], CommandType='Text', CommandTimeout='0']
      SELECT "c"."VAI_TRO_ID"
      FROM "QL_VAI_TRO_NGUOI_DUNG" "c"
      WHERE "c"."NGUOI_DUNG_ID" = :nguoiDung_ID_0
info: Microsoft.EntityFrameworkCore.Database.Command[20101]
      Executed DbCommand (2ms) [Parameters=[:Ma_0='?' (Size = 2000)], CommandType='Text', CommandTimeout='0']
      SELECT "l"."GIA_TRI"
      FROM "QL_NHAN_HIEN_THI" "l"
      WHERE "l"."MA" = :Ma_0
      FETCH FIRST 1 ROWS ONLY
info: Microsoft.EntityFrameworkCore.Database.Command[20101]
      Executed DbCommand (3ms) [Parameters=[:nguoiDung_ID_0='?' (DbType = Decimal)], CommandType='Text', CommandTimeout='0']
      SELECT "c"."VAI_TRO_ID"
      FROM "QL_VAI_TRO_NGUOI_DUNG" "c"
      WHERE "c"."NGUOI_DUNG_ID" = :nguoiDung_ID_0
info: Microsoft.EntityFrameworkCore.Database.Command[20101]
      Executed DbCommand (2ms) [Parameters=[:Ma_0='?' (Size = 2000)], CommandType='Text', CommandTimeout='0']
      SELECT "l"."GIA_TRI"
      FROM "QL_NHAN_HIEN_THI" "l"
      WHERE "l"."MA" = :Ma_0
      FETCH FIRST 1 ROWS ONLY
info: Microsoft.EntityFrameworkCore.Database.Command[20101]
      Executed DbCommand (2ms) [Parameters=[:nguoiDung_ID_0='?' (DbType = Decimal)], CommandType='Text', CommandTimeout='0']
      SELECT "c"."VAI_TRO_ID"
      FROM "QL_VAI_TRO_NGUOI_DUNG" "c"
      WHERE "c"."NGUOI_DUNG_ID" = :nguoiDung_ID_0
info: Microsoft.EntityFrameworkCore.Database.Command[20101]
      Executed DbCommand (4ms) [Parameters=[:Ma_0='?' (Size = 2000)], CommandType='Text', CommandTimeout='0']
      SELECT "l"."GIA_TRI"
      FROM "QL_NHAN_HIEN_THI" "l"
      WHERE "l"."MA" = :Ma_0
      FETCH FIRST 1 ROWS ONLY
info: Microsoft.EntityFrameworkCore.Database.Command[20101]
      Executed DbCommand (2ms) [Parameters=[:nguoiDung_ID_0='?' (DbType = Decimal)], CommandType='Text', CommandTimeout='0']
      SELECT "c"."VAI_TRO_ID"
      FROM "QL_VAI_TRO_NGUOI_DUNG" "c"
      WHERE "c"."NGUOI_DUNG_ID" = :nguoiDung_ID_0
info: Microsoft.EntityFrameworkCore.Database.Command[20101]
      Executed DbCommand (3ms) [Parameters=[:Ma_0='?' (Size = 2000)], CommandType='Text', CommandTimeout='0']
      SELECT "l"."GIA_TRI"
      FROM "QL_NHAN_HIEN_THI" "l"
      WHERE "l"."MA" = :Ma_0
      FETCH FIRST 1 ROWS ONLY
info: Microsoft.EntityFrameworkCore.Database.Command[20101]
      Executed DbCommand (2ms) [Parameters=[:nguoiDung_ID_0='?' (DbType = Decimal)], CommandType='Text', CommandTimeout='0']
      SELECT "c"."VAI_TRO_ID"
      FROM "QL_VAI_TRO_NGUOI_DUNG" "c"
      WHERE "c"."NGUOI_DUNG_ID" = :nguoiDung_ID_0
info: Microsoft.EntityFrameworkCore.Database.Command[20101]
      Executed DbCommand (63ms) [Parameters=[:donViId_0='?' (DbType = Decimal)], CommandType='Text', CommandTimeout='0']
      SELECT COUNT(*)
      FROM "DM_DON_VI" "p"
      WHERE ((("p"."PARENT_ID" = :donViId_0) AND ("p"."LA_BAN_QL_DU_AN" = 1)) OR (("p"."ID" = :donViId_0) AND ("p"."LOAI_DON_VI_ID" = 15.0))) OR (("p"."ID" = :donViId_0) AND ("p"."LA_BAN_QL_DU_AN" = 1))
info: Microsoft.EntityFrameworkCore.Database.Command[20101]
      Executed DbCommand (3ms) [Parameters=[:Ma_0='?' (Size = 2000)], CommandType='Text', CommandTimeout='0']
      SELECT "l"."GIA_TRI"
      FROM "QL_NHAN_HIEN_THI" "l"
      WHERE "l"."MA" = :Ma_0
      FETCH FIRST 1 ROWS ONLY
info: Microsoft.EntityFrameworkCore.Database.Command[20101]
      Executed DbCommand (3ms) [Parameters=[:nguoiDung_ID_0='?' (DbType = Decimal)], CommandType='Text', CommandTimeout='0']
      SELECT "c"."VAI_TRO_ID"
      FROM "QL_VAI_TRO_NGUOI_DUNG" "c"
      WHERE "c"."NGUOI_DUNG_ID" = :nguoiDung_ID_0
info: Microsoft.EntityFrameworkCore.Database.Command[20101]
      Executed DbCommand (60ms) [Parameters=[:donViId_0='?' (DbType = Decimal)], CommandType='Text', CommandTimeout='0']
      SELECT COUNT(*)
      FROM "DM_DON_VI" "p"
      WHERE ((("p"."PARENT_ID" = :donViId_0) AND ("p"."LA_BAN_QL_DU_AN" = 1)) OR (("p"."ID" = :donViId_0) AND ("p"."LOAI_DON_VI_ID" = 15.0))) OR (("p"."ID" = :donViId_0) AND ("p"."LA_BAN_QL_DU_AN" = 1))
info: Microsoft.EntityFrameworkCore.Database.Command[20101]
      Executed DbCommand (3ms) [Parameters=[:Ma_0='?' (Size = 2000)], CommandType='Text', CommandTimeout='0']
      SELECT "l"."GIA_TRI"
      FROM "QL_NHAN_HIEN_THI" "l"
      WHERE "l"."MA" = :Ma_0
      FETCH FIRST 1 ROWS ONLY
info: Microsoft.EntityFrameworkCore.Database.Command[20101]
      Executed DbCommand (9ms) [Parameters=[:nguoiDung_ID_0='?' (DbType = Decimal)], CommandType='Text', CommandTimeout='0']
      SELECT "c"."VAI_TRO_ID"
      FROM "QL_VAI_TRO_NGUOI_DUNG" "c"
      WHERE "c"."NGUOI_DUNG_ID" = :nguoiDung_ID_0
info: Microsoft.EntityFrameworkCore.Database.Command[20101]
      Executed DbCommand (66ms) [Parameters=[:donViId_0='?' (DbType = Decimal)], CommandType='Text', CommandTimeout='0']
      SELECT COUNT(*)
      FROM "DM_DON_VI" "p"
      WHERE ((("p"."PARENT_ID" = :donViId_0) AND ("p"."LA_BAN_QL_DU_AN" = 1)) OR (("p"."ID" = :donViId_0) AND ("p"."LOAI_DON_VI_ID" = 15.0))) OR (("p"."ID" = :donViId_0) AND ("p"."LA_BAN_QL_DU_AN" = 1))
info: Microsoft.EntityFrameworkCore.Database.Command[20101]
      Executed DbCommand (3ms) [Parameters=[:nguoiDung_ID_0='?' (DbType = Decimal)], CommandType='Text', CommandTimeout='0']
      SELECT "c"."VAI_TRO_ID"
      FROM "QL_VAI_TRO_NGUOI_DUNG" "c"
      WHERE "c"."NGUOI_DUNG_ID" = :nguoiDung_ID_0
info: Microsoft.EntityFrameworkCore.Database.Command[20101]
      Executed DbCommand (61ms) [Parameters=[:donViId_0='?' (DbType = Decimal)], CommandType='Text', CommandTimeout='0']
      SELECT COUNT(*)
      FROM "DM_DON_VI" "p"
      WHERE ((("p"."PARENT_ID" = :donViId_0) AND ("p"."LA_BAN_QL_DU_AN" = 1)) OR (("p"."ID" = :donViId_0) AND ("p"."LOAI_DON_VI_ID" = 15.0))) OR (("p"."ID" = :donViId_0) AND ("p"."LA_BAN_QL_DU_AN" = 1))
info: Microsoft.EntityFrameworkCore.Database.Command[20101]
      Executed DbCommand (15ms) [Parameters=[:nguoiDung_ID_0='?' (DbType = Decimal)], CommandType='Text', CommandTimeout='0']
      SELECT "c"."VAI_TRO_ID"
      FROM "QL_VAI_TRO_NGUOI_DUNG" "c"
      WHERE "c"."NGUOI_DUNG_ID" = :nguoiDung_ID_0
info: Microsoft.EntityFrameworkCore.Database.Command[20101]
      Executed DbCommand (64ms) [Parameters=[:donViId_0='?' (DbType = Decimal)], CommandType='Text', CommandTimeout='0']
      SELECT COUNT(*)
      FROM "DM_DON_VI" "p"
      WHERE ((("p"."PARENT_ID" = :donViId_0) AND ("p"."LA_BAN_QL_DU_AN" = 1)) OR (("p"."ID" = :donViId_0) AND ("p"."LOAI_DON_VI_ID" = 15.0))) OR (("p"."ID" = :donViId_0) AND ("p"."LA_BAN_QL_DU_AN" = 1))
info: Microsoft.EntityFrameworkCore.Database.Command[20101]
      Executed DbCommand (2ms) [Parameters=[:nguoiDung_ID_0='?' (DbType = Decimal)], CommandType='Text', CommandTimeout='0']
      SELECT "c"."VAI_TRO_ID"
      FROM "QL_VAI_TRO_NGUOI_DUNG" "c"
      WHERE "c"."NGUOI_DUNG_ID" = :nguoiDung_ID_0
info: Microsoft.EntityFrameworkCore.Database.Command[20101]
      Executed DbCommand (63ms) [Parameters=[:donViId_0='?' (DbType = Decimal)], CommandType='Text', CommandTimeout='0']
      SELECT COUNT(*)
      FROM "DM_DON_VI" "p"
      WHERE ((("p"."PARENT_ID" = :donViId_0) AND ("p"."LA_BAN_QL_DU_AN" = 1)) OR (("p"."ID" = :donViId_0) AND ("p"."LOAI_DON_VI_ID" = 15.0))) OR (("p"."ID" = :donViId_0) AND ("p"."LA_BAN_QL_DU_AN" = 1))
info: Microsoft.EntityFrameworkCore.Database.Command[20101]
      Executed DbCommand (2ms) [Parameters=[:nguoiDung_ID_0='?' (DbType = Decimal)], CommandType='Text', CommandTimeout='0']
      SELECT "c"."VAI_TRO_ID"
      FROM "QL_VAI_TRO_NGUOI_DUNG" "c"
      WHERE "c"."NGUOI_DUNG_ID" = :nguoiDung_ID_0
info: Microsoft.EntityFrameworkCore.Database.Command[20101]
      Executed DbCommand (60ms) [Parameters=[:donViId_0='?' (DbType = Decimal)], CommandType='Text', CommandTimeout='0']
      SELECT COUNT(*)
      FROM "DM_DON_VI" "p"
      WHERE ((("p"."PARENT_ID" = :donViId_0) AND ("p"."LA_BAN_QL_DU_AN" = 1)) OR (("p"."ID" = :donViId_0) AND ("p"."LOAI_DON_VI_ID" = 15.0))) OR (("p"."ID" = :donViId_0) AND ("p"."LA_BAN_QL_DU_AN" = 1))
info: Microsoft.EntityFrameworkCore.Database.Command[20101]
      Executed DbCommand (3ms) [Parameters=[:Ma_0='?' (Size = 2000)], CommandType='Text', CommandTimeout='0']
      SELECT "l"."GIA_TRI"
      FROM "QL_NHAN_HIEN_THI" "l"
      WHERE "l"."MA" = :Ma_0
      FETCH FIRST 1 ROWS ONLY
info: Microsoft.EntityFrameworkCore.Database.Command[20101]
      Executed DbCommand (2ms) [Parameters=[:nguoiDung_ID_0='?' (DbType = Decimal)], CommandType='Text', CommandTimeout='0']
      SELECT "c"."VAI_TRO_ID"
      FROM "QL_VAI_TRO_NGUOI_DUNG" "c"
      WHERE "c"."NGUOI_DUNG_ID" = :nguoiDung_ID_0
info: Microsoft.EntityFrameworkCore.Database.Command[20101]
      Executed DbCommand (3ms) [Parameters=[:Ma_0='?' (Size = 2000)], CommandType='Text', CommandTimeout='0']
      SELECT "l"."GIA_TRI"
      FROM "QL_NHAN_HIEN_THI" "l"
      WHERE "l"."MA" = :Ma_0
      FETCH FIRST 1 ROWS ONLY
info: Microsoft.EntityFrameworkCore.Database.Command[20101]
      Executed DbCommand (3ms) [Parameters=[:nguoiDung_ID_0='?' (DbType = Decimal)], CommandType='Text', CommandTimeout='0']
      SELECT "c"."VAI_TRO_ID"
      FROM "QL_VAI_TRO_NGUOI_DUNG" "c"
      WHERE "c"."NGUOI_DUNG_ID" = :nguoiDung_ID_0
info: Microsoft.EntityFrameworkCore.Database.Command[20101]
      Executed DbCommand (3ms) [Parameters=[:Ma_0='?' (Size = 2000)], CommandType='Text', CommandTimeout='0']
      SELECT "l"."GIA_TRI"
      FROM "QL_NHAN_HIEN_THI" "l"
      WHERE "l"."MA" = :Ma_0
      FETCH FIRST 1 ROWS ONLY
info: Microsoft.EntityFrameworkCore.Database.Command[20101]
      Executed DbCommand (3ms) [Parameters=[:nguoiDung_ID_0='?' (DbType = Decimal)], CommandType='Text', CommandTimeout='0']
      SELECT "c"."VAI_TRO_ID"
      FROM "QL_VAI_TRO_NGUOI_DUNG" "c"
      WHERE "c"."NGUOI_DUNG_ID" = :nguoiDung_ID_0
info: Microsoft.EntityFrameworkCore.Database.Command[20101]
      Executed DbCommand (3ms) [Parameters=[:Ma_0='?' (Size = 2000)], CommandType='Text', CommandTimeout='0']
      SELECT "l"."GIA_TRI"
      FROM "QL_NHAN_HIEN_THI" "l"
      WHERE "l"."MA" = :Ma_0
      FETCH FIRST 1 ROWS ONLY
info: Microsoft.EntityFrameworkCore.Database.Command[20101]
      Executed DbCommand (3ms) [Parameters=[:nguoiDung_ID_0='?' (DbType = Decimal)], CommandType='Text', CommandTimeout='0']
      SELECT "c"."VAI_TRO_ID"
      FROM "QL_VAI_TRO_NGUOI_DUNG" "c"
      WHERE "c"."NGUOI_DUNG_ID" = :nguoiDung_ID_0
info: Microsoft.EntityFrameworkCore.Database.Command[20101]
      Executed DbCommand (3ms) [Parameters=[:Ma_0='?' (Size = 2000)], CommandType='Text', CommandTimeout='0']
      SELECT "l"."GIA_TRI"
      FROM "QL_NHAN_HIEN_THI" "l"
      WHERE "l"."MA" = :Ma_0
      FETCH FIRST 1 ROWS ONLY
info: Microsoft.EntityFrameworkCore.Database.Command[20101]
      Executed DbCommand (3ms) [Parameters=[:nguoiDung_ID_0='?' (DbType = Decimal)], CommandType='Text', CommandTimeout='0']
      SELECT "c"."VAI_TRO_ID"
      FROM "QL_VAI_TRO_NGUOI_DUNG" "c"
      WHERE "c"."NGUOI_DUNG_ID" = :nguoiDung_ID_0
info: Microsoft.EntityFrameworkCore.Database.Command[20101]
      Executed DbCommand (3ms) [Parameters=[:Ma_0='?' (Size = 2000)], CommandType='Text', CommandTimeout='0']
      SELECT "l"."GIA_TRI"
      FROM "QL_NHAN_HIEN_THI" "l"
      WHERE "l"."MA" = :Ma_0
      FETCH FIRST 1 ROWS ONLY
info: Microsoft.EntityFrameworkCore.Database.Command[20101]
      Executed DbCommand (3ms) [Parameters=[:nguoiDung_ID_0='?' (DbType = Decimal)], CommandType='Text', CommandTimeout='0']
      SELECT "c"."VAI_TRO_ID"
      FROM "QL_VAI_TRO_NGUOI_DUNG" "c"
      WHERE "c"."NGUOI_DUNG_ID" = :nguoiDung_ID_0
info: Microsoft.EntityFrameworkCore.Database.Command[20101]
      Executed DbCommand (3ms) [Parameters=[:Ma_0='?' (Size = 2000)], CommandType='Text', CommandTimeout='0']
      SELECT "l"."GIA_TRI"
      FROM "QL_NHAN_HIEN_THI" "l"
      WHERE "l"."MA" = :Ma_0
      FETCH FIRST 1 ROWS ONLY
info: Microsoft.EntityFrameworkCore.Database.Command[20101]
      Executed DbCommand (3ms) [Parameters=[:nguoiDung_ID_0='?' (DbType = Decimal)], CommandType='Text', CommandTimeout='0']
      SELECT "c"."VAI_TRO_ID"
      FROM "QL_VAI_TRO_NGUOI_DUNG" "c"
      WHERE "c"."NGUOI_DUNG_ID" = :nguoiDung_ID_0
info: Microsoft.EntityFrameworkCore.Database.Command[20101]
      Executed DbCommand (3ms) [Parameters=[:Ma_0='?' (Size = 2000)], CommandType='Text', CommandTimeout='0']
      SELECT "l"."GIA_TRI"
      FROM "QL_NHAN_HIEN_THI" "l"
      WHERE "l"."MA" = :Ma_0
      FETCH FIRST 1 ROWS ONLY
info: Microsoft.EntityFrameworkCore.Database.Command[20101]
      Executed DbCommand (2ms) [Parameters=[:nguoiDung_ID_0='?' (DbType = Decimal)], CommandType='Text', CommandTimeout='0']
      SELECT "c"."VAI_TRO_ID"
      FROM "QL_VAI_TRO_NGUOI_DUNG" "c"
      WHERE "c"."NGUOI_DUNG_ID" = :nguoiDung_ID_0
info: Microsoft.EntityFrameworkCore.Database.Command[20101]
      Executed DbCommand (3ms) [Parameters=[:Ma_0='?' (Size = 2000)], CommandType='Text', CommandTimeout='0']
      SELECT "l"."GIA_TRI"
      FROM "QL_NHAN_HIEN_THI" "l"
      WHERE "l"."MA" = :Ma_0
      FETCH FIRST 1 ROWS ONLY
info: Microsoft.EntityFrameworkCore.Database.Command[20101]
      Executed DbCommand (2ms) [Parameters=[:nguoiDung_ID_0='?' (DbType = Decimal)], CommandType='Text', CommandTimeout='0']
      SELECT "c"."VAI_TRO_ID"
      FROM "QL_VAI_TRO_NGUOI_DUNG" "c"
      WHERE "c"."NGUOI_DUNG_ID" = :nguoiDung_ID_0
info: Microsoft.EntityFrameworkCore.Database.Command[20101]
      Executed DbCommand (3ms) [Parameters=[:Ma_0='?' (Size = 2000)], CommandType='Text', CommandTimeout='0']
      SELECT "l"."GIA_TRI"
      FROM "QL_NHAN_HIEN_THI" "l"
      WHERE "l"."MA" = :Ma_0
      FETCH FIRST 1 ROWS ONLY
info: Microsoft.EntityFrameworkCore.Database.Command[20101]
      Executed DbCommand (3ms) [Parameters=[:nguoiDung_ID_0='?' (DbType = Decimal)], CommandType='Text', CommandTimeout='0']
      SELECT "c"."VAI_TRO_ID"
      FROM "QL_VAI_TRO_NGUOI_DUNG" "c"
      WHERE "c"."NGUOI_DUNG_ID" = :nguoiDung_ID_0
info: Microsoft.EntityFrameworkCore.Database.Command[20101]
      Executed DbCommand (2ms) [Parameters=[:Ma_0='?' (Size = 2000)], CommandType='Text', CommandTimeout='0']
      SELECT "l"."GIA_TRI"
      FROM "QL_NHAN_HIEN_THI" "l"
      WHERE "l"."MA" = :Ma_0
      FETCH FIRST 1 ROWS ONLY
info: Microsoft.EntityFrameworkCore.Database.Command[20101]
      Executed DbCommand (2ms) [Parameters=[:nguoiDung_ID_0='?' (DbType = Decimal)], CommandType='Text', CommandTimeout='0']
      SELECT "c"."VAI_TRO_ID"
      FROM "QL_VAI_TRO_NGUOI_DUNG" "c"
      WHERE "c"."NGUOI_DUNG_ID" = :nguoiDung_ID_0
info: Microsoft.EntityFrameworkCore.Database.Command[20101]
      Executed DbCommand (2ms) [Parameters=[:Ma_0='?' (Size = 2000)], CommandType='Text', CommandTimeout='0']
      SELECT "l"."GIA_TRI"
      FROM "QL_NHAN_HIEN_THI" "l"
      WHERE "l"."MA" = :Ma_0
      FETCH FIRST 1 ROWS ONLY
info: Microsoft.EntityFrameworkCore.Database.Command[20101]
      Executed DbCommand (3ms) [Parameters=[:nguoiDung_ID_0='?' (DbType = Decimal)], CommandType='Text', CommandTimeout='0']
      SELECT "c"."VAI_TRO_ID"
      FROM "QL_VAI_TRO_NGUOI_DUNG" "c"
      WHERE "c"."NGUOI_DUNG_ID" = :nguoiDung_ID_0
info: Microsoft.EntityFrameworkCore.Database.Command[20101]
      Executed DbCommand (3ms) [Parameters=[:Ma_0='?' (Size = 2000)], CommandType='Text', CommandTimeout='0']
      SELECT "l"."GIA_TRI"
      FROM "QL_NHAN_HIEN_THI" "l"
      WHERE "l"."MA" = :Ma_0
      FETCH FIRST 1 ROWS ONLY
info: Microsoft.EntityFrameworkCore.Database.Command[20101]
      Executed DbCommand (3ms) [Parameters=[:nguoiDung_ID_0='?' (DbType = Decimal)], CommandType='Text', CommandTimeout='0']
      SELECT "c"."VAI_TRO_ID"
      FROM "QL_VAI_TRO_NGUOI_DUNG" "c"
      WHERE "c"."NGUOI_DUNG_ID" = :nguoiDung_ID_0
info: Microsoft.EntityFrameworkCore.Database.Command[20101]
      Executed DbCommand (3ms) [Parameters=[:Ma_0='?' (Size = 2000)], CommandType='Text', CommandTimeout='0']
      SELECT "l"."GIA_TRI"
      FROM "QL_NHAN_HIEN_THI" "l"
      WHERE "l"."MA" = :Ma_0
      FETCH FIRST 1 ROWS ONLY
info: Microsoft.EntityFrameworkCore.Database.Command[20101]
      Executed DbCommand (3ms) [Parameters=[:nguoiDung_ID_0='?' (DbType = Decimal)], CommandType='Text', CommandTimeout='0']
      SELECT "c"."VAI_TRO_ID"
      FROM "QL_VAI_TRO_NGUOI_DUNG" "c"
      WHERE "c"."NGUOI_DUNG_ID" = :nguoiDung_ID_0
info: Microsoft.EntityFrameworkCore.Database.Command[20101]
      Executed DbCommand (3ms) [Parameters=[:Ma_0='?' (Size = 2000)], CommandType='Text', CommandTimeout='0']
      SELECT "l"."GIA_TRI"
      FROM "QL_NHAN_HIEN_THI" "l"
      WHERE "l"."MA" = :Ma_0
      FETCH FIRST 1 ROWS ONLY
info: Microsoft.EntityFrameworkCore.Database.Command[20101]
      Executed DbCommand (2ms) [Parameters=[:nguoiDung_ID_0='?' (DbType = Decimal)], CommandType='Text', CommandTimeout='0']
      SELECT "c"."VAI_TRO_ID"
      FROM "QL_VAI_TRO_NGUOI_DUNG" "c"
      WHERE "c"."NGUOI_DUNG_ID" = :nguoiDung_ID_0
info: Microsoft.EntityFrameworkCore.Database.Command[20101]
      Executed DbCommand (3ms) [Parameters=[:Ma_0='?' (Size = 2000)], CommandType='Text', CommandTimeout='0']
      SELECT "l"."GIA_TRI"
      FROM "QL_NHAN_HIEN_THI" "l"
      WHERE "l"."MA" = :Ma_0
      FETCH FIRST 1 ROWS ONLY
info: Microsoft.EntityFrameworkCore.Database.Command[20101]
      Executed DbCommand (3ms) [Parameters=[:nguoiDung_ID_0='?' (DbType = Decimal)], CommandType='Text', CommandTimeout='0']
      SELECT "c"."VAI_TRO_ID"
      FROM "QL_VAI_TRO_NGUOI_DUNG" "c"
      WHERE "c"."NGUOI_DUNG_ID" = :nguoiDung_ID_0
info: Microsoft.EntityFrameworkCore.Database.Command[20101]
      Executed DbCommand (2ms) [Parameters=[:Ma_0='?' (Size = 2000)], CommandType='Text', CommandTimeout='0']
      SELECT "l"."GIA_TRI"
      FROM "QL_NHAN_HIEN_THI" "l"
      WHERE "l"."MA" = :Ma_0
      FETCH FIRST 1 ROWS ONLY
info: Microsoft.EntityFrameworkCore.Database.Command[20101]
      Executed DbCommand (2ms) [Parameters=[:nguoiDung_ID_0='?' (DbType = Decimal)], CommandType='Text', CommandTimeout='0']
      SELECT "c"."VAI_TRO_ID"
      FROM "QL_VAI_TRO_NGUOI_DUNG" "c"
      WHERE "c"."NGUOI_DUNG_ID" = :nguoiDung_ID_0
info: Microsoft.EntityFrameworkCore.Database.Command[20101]
      Executed DbCommand (2ms) [Parameters=[:Ma_0='?' (Size = 2000)], CommandType='Text', CommandTimeout='0']
      SELECT "l"."GIA_TRI"
      FROM "QL_NHAN_HIEN_THI" "l"
      WHERE "l"."MA" = :Ma_0
      FETCH FIRST 1 ROWS ONLY
info: Microsoft.EntityFrameworkCore.Database.Command[20101]
      Executed DbCommand (3ms) [Parameters=[:nguoiDung_ID_0='?' (DbType = Decimal)], CommandType='Text', CommandTimeout='0']
      SELECT "c"."VAI_TRO_ID"
      FROM "QL_VAI_TRO_NGUOI_DUNG" "c"
      WHERE "c"."NGUOI_DUNG_ID" = :nguoiDung_ID_0
info: Microsoft.EntityFrameworkCore.Database.Command[20101]
      Executed DbCommand (3ms) [Parameters=[:Ma_0='?' (Size = 2000)], CommandType='Text', CommandTimeout='0']
      SELECT "l"."GIA_TRI"
      FROM "QL_NHAN_HIEN_THI" "l"
      WHERE "l"."MA" = :Ma_0
      FETCH FIRST 1 ROWS ONLY
info: Microsoft.EntityFrameworkCore.Database.Command[20101]
      Executed DbCommand (3ms) [Parameters=[:Ma_0='?' (Size = 2000)], CommandType='Text', CommandTimeout='0']
      SELECT "l"."GIA_TRI"
      FROM "QL_NHAN_HIEN_THI" "l"
      WHERE "l"."MA" = :Ma_0
      FETCH FIRST 1 ROWS ONLY
info: Microsoft.EntityFrameworkCore.Database.Command[20101]
      Executed DbCommand (3ms) [Parameters=[:Ma_0='?' (Size = 2000)], CommandType='Text', CommandTimeout='0']
      SELECT "l"."GIA_TRI"
      FROM "QL_NHAN_HIEN_THI" "l"
      WHERE "l"."MA" = :Ma_0
      FETCH FIRST 1 ROWS ONLY
info: Microsoft.EntityFrameworkCore.Database.Command[20101]
      Executed DbCommand (2ms) [Parameters=[:Ma_0='?' (Size = 2000)], CommandType='Text', CommandTimeout='0']
      SELECT "l"."GIA_TRI"
      FROM "QL_NHAN_HIEN_THI" "l"
      WHERE "l"."MA" = :Ma_0
      FETCH FIRST 1 ROWS ONLY
info: Microsoft.EntityFrameworkCore.Database.Command[20101]
      Executed DbCommand (3ms) [Parameters=[:Ma_0='?' (Size = 2000)], CommandType='Text', CommandTimeout='0']
      SELECT "l"."GIA_TRI"
      FROM "QL_NHAN_HIEN_THI" "l"
      WHERE "l"."MA" = :Ma_0
      FETCH FIRST 1 ROWS ONLY
info: Microsoft.EntityFrameworkCore.Database.Command[20101]
      Executed DbCommand (2ms) [Parameters=[:nguoiDung_ID_0='?' (DbType = Decimal)], CommandType='Text', CommandTimeout='0']
      SELECT "c"."VAI_TRO_ID"
      FROM "QL_VAI_TRO_NGUOI_DUNG" "c"
      WHERE "c"."NGUOI_DUNG_ID" = :nguoiDung_ID_0
info: Microsoft.EntityFrameworkCore.Database.Command[20101]
      Executed DbCommand (3ms) [Parameters=[:Ma_0='?' (Size = 2000)], CommandType='Text', CommandTimeout='0']
      SELECT "l"."GIA_TRI"
      FROM "QL_NHAN_HIEN_THI" "l"
      WHERE "l"."MA" = :Ma_0
      FETCH FIRST 1 ROWS ONLY
info: Microsoft.EntityFrameworkCore.Database.Command[20101]
      Executed DbCommand (3ms) [Parameters=[:Ma_0='?' (Size = 2000)], CommandType='Text', CommandTimeout='0']
      SELECT "l"."GIA_TRI"
      FROM "QL_NHAN_HIEN_THI" "l"
      WHERE "l"."MA" = :Ma_0
      FETCH FIRST 1 ROWS ONLY
info: Microsoft.EntityFrameworkCore.Database.Command[20101]
      Executed DbCommand (3ms) [Parameters=[:Ma_0='?' (Size = 2000)], CommandType='Text', CommandTimeout='0']
      SELECT "l"."GIA_TRI"
      FROM "QL_NHAN_HIEN_THI" "l"
      WHERE "l"."MA" = :Ma_0
      FETCH FIRST 1 ROWS ONLY
info: Microsoft.EntityFrameworkCore.Database.Command[20101]
      Executed DbCommand (3ms) [Parameters=[:nguoiDung_ID_0='?' (DbType = Decimal)], CommandType='Text', CommandTimeout='0']
      SELECT "c"."VAI_TRO_ID"
      FROM "QL_VAI_TRO_NGUOI_DUNG" "c"
      WHERE "c"."NGUOI_DUNG_ID" = :nguoiDung_ID_0
info: Microsoft.EntityFrameworkCore.Database.Command[20101]
      Executed DbCommand (4ms) [Parameters=[:Ma_0='?' (Size = 2000)], CommandType='Text', CommandTimeout='0']
      SELECT "l"."GIA_TRI"
      FROM "QL_NHAN_HIEN_THI" "l"
      WHERE "l"."MA" = :Ma_0
      FETCH FIRST 1 ROWS ONLY
info: Microsoft.EntityFrameworkCore.Database.Command[20101]
      Executed DbCommand (3ms) [Parameters=[:Ma_0='?' (Size = 2000)], CommandType='Text', CommandTimeout='0']
      SELECT "l"."GIA_TRI"
      FROM "QL_NHAN_HIEN_THI" "l"
      WHERE "l"."MA" = :Ma_0
      FETCH FIRST 1 ROWS ONLY
info: Microsoft.EntityFrameworkCore.Database.Command[20101]
      Executed DbCommand (3ms) [Parameters=[:Ma_0='?' (Size = 2000)], CommandType='Text', CommandTimeout='0']
      SELECT "l"."GIA_TRI"
      FROM "QL_NHAN_HIEN_THI" "l"
      WHERE "l"."MA" = :Ma_0
      FETCH FIRST 1 ROWS ONLY
info: Microsoft.EntityFrameworkCore.Database.Command[20101]
      Executed DbCommand (2ms) [Parameters=[:nguoiDung_ID_0='?' (DbType = Decimal)], CommandType='Text', CommandTimeout='0']
      SELECT "c"."VAI_TRO_ID"
      FROM "QL_VAI_TRO_NGUOI_DUNG" "c"
      WHERE "c"."NGUOI_DUNG_ID" = :nguoiDung_ID_0
info: Microsoft.EntityFrameworkCore.Database.Command[20101]
      Executed DbCommand (3ms) [Parameters=[:Ma_0='?' (Size = 2000)], CommandType='Text', CommandTimeout='0']
      SELECT "l"."GIA_TRI"
      FROM "QL_NHAN_HIEN_THI" "l"
      WHERE "l"."MA" = :Ma_0
      FETCH FIRST 1 ROWS ONLY
info: Microsoft.EntityFrameworkCore.Database.Command[20101]
      Executed DbCommand (3ms) [Parameters=[:Ma_0='?' (Size = 2000)], CommandType='Text', CommandTimeout='0']
      SELECT "l"."GIA_TRI"
      FROM "QL_NHAN_HIEN_THI" "l"
      WHERE "l"."MA" = :Ma_0
      FETCH FIRST 1 ROWS ONLY
info: Microsoft.EntityFrameworkCore.Database.Command[20101]
      Executed DbCommand (2ms) [Parameters=[:nguoiDung_ID_0='?' (DbType = Decimal)], CommandType='Text', CommandTimeout='0']
      SELECT "c"."VAI_TRO_ID"
      FROM "QL_VAI_TRO_NGUOI_DUNG" "c"
      WHERE "c"."NGUOI_DUNG_ID" = :nguoiDung_ID_0
info: Microsoft.EntityFrameworkCore.Database.Command[20101]
      Executed DbCommand (3ms) [Parameters=[:Ma_0='?' (Size = 2000)], CommandType='Text', CommandTimeout='0']
      SELECT "l"."GIA_TRI"
      FROM "QL_NHAN_HIEN_THI" "l"
      WHERE "l"."MA" = :Ma_0
      FETCH FIRST 1 ROWS ONLY
info: Microsoft.EntityFrameworkCore.Database.Command[20101]
      Executed DbCommand (3ms) [Parameters=[:nguoiDung_ID_0='?' (DbType = Decimal)], CommandType='Text', CommandTimeout='0']
      SELECT "c"."VAI_TRO_ID"
      FROM "QL_VAI_TRO_NGUOI_DUNG" "c"
      WHERE "c"."NGUOI_DUNG_ID" = :nguoiDung_ID_0
info: Microsoft.EntityFrameworkCore.Database.Command[20101]
      Executed DbCommand (3ms) [Parameters=[:Ma_0='?' (Size = 2000)], CommandType='Text', CommandTimeout='0']
      SELECT "l"."GIA_TRI"
      FROM "QL_NHAN_HIEN_THI" "l"
      WHERE "l"."MA" = :Ma_0
      FETCH FIRST 1 ROWS ONLY
info: Microsoft.EntityFrameworkCore.Database.Command[20101]
      Executed DbCommand (2ms) [Parameters=[:nguoiDung_ID_0='?' (DbType = Decimal)], CommandType='Text', CommandTimeout='0']
      SELECT "c"."VAI_TRO_ID"
      FROM "QL_VAI_TRO_NGUOI_DUNG" "c"
      WHERE "c"."NGUOI_DUNG_ID" = :nguoiDung_ID_0
info: Microsoft.EntityFrameworkCore.Database.Command[20101]
      Executed DbCommand (3ms) [Parameters=[:Ma_0='?' (Size = 2000)], CommandType='Text', CommandTimeout='0']
      SELECT "l"."GIA_TRI"
      FROM "QL_NHAN_HIEN_THI" "l"
      WHERE "l"."MA" = :Ma_0
      FETCH FIRST 1 ROWS ONLY
info: Microsoft.EntityFrameworkCore.Database.Command[20101]
      Executed DbCommand (2ms) [Parameters=[:nguoiDung_ID_0='?' (DbType = Decimal)], CommandType='Text', CommandTimeout='0']
      SELECT "c"."VAI_TRO_ID"
      FROM "QL_VAI_TRO_NGUOI_DUNG" "c"
      WHERE "c"."NGUOI_DUNG_ID" = :nguoiDung_ID_0
info: Microsoft.EntityFrameworkCore.Database.Command[20101]
      Executed DbCommand (3ms) [Parameters=[:Ma_0='?' (Size = 2000)], CommandType='Text', CommandTimeout='0']
      SELECT "l"."GIA_TRI"
      FROM "QL_NHAN_HIEN_THI" "l"
      WHERE "l"."MA" = :Ma_0
      FETCH FIRST 1 ROWS ONLY
info: Microsoft.EntityFrameworkCore.Database.Command[20101]
      Executed DbCommand (2ms) [Parameters=[:nguoiDung_ID_0='?' (DbType = Decimal)], CommandType='Text', CommandTimeout='0']
      SELECT "c"."VAI_TRO_ID"
      FROM "QL_VAI_TRO_NGUOI_DUNG" "c"
      WHERE "c"."NGUOI_DUNG_ID" = :nguoiDung_ID_0
info: Microsoft.EntityFrameworkCore.Database.Command[20101]
      Executed DbCommand (3ms) [Parameters=[:Ma_0='?' (Size = 2000)], CommandType='Text', CommandTimeout='0']
      SELECT "l"."GIA_TRI"
      FROM "QL_NHAN_HIEN_THI" "l"
      WHERE "l"."MA" = :Ma_0
      FETCH FIRST 1 ROWS ONLY
info: Microsoft.EntityFrameworkCore.Database.Command[20101]
      Executed DbCommand (2ms) [Parameters=[:nguoiDung_ID_0='?' (DbType = Decimal)], CommandType='Text', CommandTimeout='0']
      SELECT "c"."VAI_TRO_ID"
      FROM "QL_VAI_TRO_NGUOI_DUNG" "c"
      WHERE "c"."NGUOI_DUNG_ID" = :nguoiDung_ID_0
info: Microsoft.EntityFrameworkCore.Database.Command[20101]
      Executed DbCommand (3ms) [Parameters=[:Ma_0='?' (Size = 2000)], CommandType='Text', CommandTimeout='0']
      SELECT "l"."GIA_TRI"
      FROM "QL_NHAN_HIEN_THI" "l"
      WHERE "l"."MA" = :Ma_0
      FETCH FIRST 1 ROWS ONLY
info: Microsoft.EntityFrameworkCore.Database.Command[20101]
      Executed DbCommand (3ms) [Parameters=[:Ma_0='?' (Size = 2000)], CommandType='Text', CommandTimeout='0']
      SELECT "l"."GIA_TRI"
      FROM "QL_NHAN_HIEN_THI" "l"
      WHERE "l"."MA" = :Ma_0
      FETCH FIRST 1 ROWS ONLY
info: Microsoft.EntityFrameworkCore.Database.Command[20101]
      Executed DbCommand (3ms) [Parameters=[:Ma_0='?' (Size = 2000)], CommandType='Text', CommandTimeout='0']
      SELECT "l"."GIA_TRI"
      FROM "QL_NHAN_HIEN_THI" "l"
      WHERE "l"."MA" = :Ma_0
      FETCH FIRST 1 ROWS ONLY
info: Microsoft.EntityFrameworkCore.Database.Command[20101]
      Executed DbCommand (3ms) [Parameters=[:Ma_0='?' (Size = 2000)], CommandType='Text', CommandTimeout='0']
      SELECT "l"."GIA_TRI"
      FROM "QL_NHAN_HIEN_THI" "l"
      WHERE "l"."MA" = :Ma_0
      FETCH FIRST 1 ROWS ONLY
info: Microsoft.EntityFrameworkCore.Database.Command[20101]
      Executed DbCommand (2ms) [Parameters=[:nguoiDung_ID_0='?' (DbType = Decimal)], CommandType='Text', CommandTimeout='0']
      SELECT "c"."VAI_TRO_ID"
      FROM "QL_VAI_TRO_NGUOI_DUNG" "c"
      WHERE "c"."NGUOI_DUNG_ID" = :nguoiDung_ID_0
info: Microsoft.EntityFrameworkCore.Database.Command[20101]
      Executed DbCommand (2ms) [Parameters=[:Ma_0='?' (Size = 2000)], CommandType='Text', CommandTimeout='0']
      SELECT "l"."GIA_TRI"
      FROM "QL_NHAN_HIEN_THI" "l"
      WHERE "l"."MA" = :Ma_0
      FETCH FIRST 1 ROWS ONLY
info: Microsoft.EntityFrameworkCore.Database.Command[20101]
      Executed DbCommand (2ms) [Parameters=[:nguoiDung_ID_0='?' (DbType = Decimal)], CommandType='Text', CommandTimeout='0']
      SELECT "c"."VAI_TRO_ID"
      FROM "QL_VAI_TRO_NGUOI_DUNG" "c"
      WHERE "c"."NGUOI_DUNG_ID" = :nguoiDung_ID_0
info: Microsoft.EntityFrameworkCore.Database.Command[20101]
      Executed DbCommand (3ms) [Parameters=[:Ma_0='?' (Size = 2000)], CommandType='Text', CommandTimeout='0']
      SELECT "l"."GIA_TRI"
      FROM "QL_NHAN_HIEN_THI" "l"
      WHERE "l"."MA" = :Ma_0
      FETCH FIRST 1 ROWS ONLY
info: Microsoft.EntityFrameworkCore.Database.Command[20101]
      Executed DbCommand (2ms) [Parameters=[:nguoiDung_ID_0='?' (DbType = Decimal)], CommandType='Text', CommandTimeout='0']
      SELECT "c"."VAI_TRO_ID"
      FROM "QL_VAI_TRO_NGUOI_DUNG" "c"
      WHERE "c"."NGUOI_DUNG_ID" = :nguoiDung_ID_0
info: Microsoft.EntityFrameworkCore.Database.Command[20101]
      Executed DbCommand (3ms) [Parameters=[:Ma_0='?' (Size = 2000)], CommandType='Text', CommandTimeout='0']
      SELECT "l"."GIA_TRI"
      FROM "QL_NHAN_HIEN_THI" "l"
      WHERE "l"."MA" = :Ma_0
      FETCH FIRST 1 ROWS ONLY
info: Microsoft.EntityFrameworkCore.Database.Command[20101]
      Executed DbCommand (2ms) [Parameters=[:nguoiDung_ID_0='?' (DbType = Decimal)], CommandType='Text', CommandTimeout='0']
      SELECT "c"."VAI_TRO_ID"
      FROM "QL_VAI_TRO_NGUOI_DUNG" "c"
      WHERE "c"."NGUOI_DUNG_ID" = :nguoiDung_ID_0
info: Microsoft.EntityFrameworkCore.Database.Command[20101]
      Executed DbCommand (3ms) [Parameters=[:Ma_0='?' (Size = 2000)], CommandType='Text', CommandTimeout='0']
      SELECT "l"."GIA_TRI"
      FROM "QL_NHAN_HIEN_THI" "l"
      WHERE "l"."MA" = :Ma_0
      FETCH FIRST 1 ROWS ONLY
info: Microsoft.EntityFrameworkCore.Database.Command[20101]
      Executed DbCommand (2ms) [Parameters=[:nguoiDung_ID_0='?' (DbType = Decimal)], CommandType='Text', CommandTimeout='0']
      SELECT "c"."VAI_TRO_ID"
      FROM "QL_VAI_TRO_NGUOI_DUNG" "c"
      WHERE "c"."NGUOI_DUNG_ID" = :nguoiDung_ID_0
info: Microsoft.EntityFrameworkCore.Database.Command[20101]
      Executed DbCommand (3ms) [Parameters=[:Ma_0='?' (Size = 2000)], CommandType='Text', CommandTimeout='0']
      SELECT "l"."GIA_TRI"
      FROM "QL_NHAN_HIEN_THI" "l"
      WHERE "l"."MA" = :Ma_0
      FETCH FIRST 1 ROWS ONLY
info: Microsoft.EntityFrameworkCore.Database.Command[20101]
      Executed DbCommand (2ms) [Parameters=[:nguoiDung_ID_0='?' (DbType = Decimal)], CommandType='Text', CommandTimeout='0']
      SELECT "c"."VAI_TRO_ID"
      FROM "QL_VAI_TRO_NGUOI_DUNG" "c"
      WHERE "c"."NGUOI_DUNG_ID" = :nguoiDung_ID_0
info: Microsoft.EntityFrameworkCore.Database.Command[20101]
      Executed DbCommand (3ms) [Parameters=[:Ma_0='?' (Size = 2000)], CommandType='Text', CommandTimeout='0']
      SELECT "l"."GIA_TRI"
      FROM "QL_NHAN_HIEN_THI" "l"
      WHERE "l"."MA" = :Ma_0
      FETCH FIRST 1 ROWS ONLY
info: Microsoft.EntityFrameworkCore.Database.Command[20101]
      Executed DbCommand (2ms) [Parameters=[:nguoiDung_ID_0='?' (DbType = Decimal)], CommandType='Text', CommandTimeout='0']
      SELECT "c"."VAI_TRO_ID"
      FROM "QL_VAI_TRO_NGUOI_DUNG" "c"
      WHERE "c"."NGUOI_DUNG_ID" = :nguoiDung_ID_0
info: Microsoft.EntityFrameworkCore.Database.Command[20101]
      Executed DbCommand (2ms) [Parameters=[:Ma_0='?' (Size = 2000)], CommandType='Text', CommandTimeout='0']
      SELECT "l"."GIA_TRI"
      FROM "QL_NHAN_HIEN_THI" "l"
      WHERE "l"."MA" = :Ma_0
      FETCH FIRST 1 ROWS ONLY
info: Microsoft.EntityFrameworkCore.Database.Command[20101]
      Executed DbCommand (3ms) [Parameters=[:nguoiDung_ID_0='?' (DbType = Decimal)], CommandType='Text', CommandTimeout='0']
      SELECT "c"."VAI_TRO_ID"
      FROM "QL_VAI_TRO_NGUOI_DUNG" "c"
      WHERE "c"."NGUOI_DUNG_ID" = :nguoiDung_ID_0
info: Microsoft.EntityFrameworkCore.Database.Command[20101]
      Executed DbCommand (3ms) [Parameters=[:Ma_0='?' (Size = 2000)], CommandType='Text', CommandTimeout='0']
      SELECT "l"."GIA_TRI"
      FROM "QL_NHAN_HIEN_THI" "l"
      WHERE "l"."MA" = :Ma_0
      FETCH FIRST 1 ROWS ONLY
info: Microsoft.EntityFrameworkCore.Database.Command[20101]
      Executed DbCommand (2ms) [Parameters=[:nguoiDung_ID_0='?' (DbType = Decimal)], CommandType='Text', CommandTimeout='0']
      SELECT "c"."VAI_TRO_ID"
      FROM "QL_VAI_TRO_NGUOI_DUNG" "c"
      WHERE "c"."NGUOI_DUNG_ID" = :nguoiDung_ID_0
info: Microsoft.EntityFrameworkCore.Database.Command[20101]
      Executed DbCommand (3ms) [Parameters=[:Ma_0='?' (Size = 2000)], CommandType='Text', CommandTimeout='0']
      SELECT "l"."GIA_TRI"
      FROM "QL_NHAN_HIEN_THI" "l"
      WHERE "l"."MA" = :Ma_0
      FETCH FIRST 1 ROWS ONLY
info: Microsoft.EntityFrameworkCore.Database.Command[20101]
      Executed DbCommand (2ms) [Parameters=[:nguoiDung_ID_0='?' (DbType = Decimal)], CommandType='Text', CommandTimeout='0']
      SELECT "c"."VAI_TRO_ID"
      FROM "QL_VAI_TRO_NGUOI_DUNG" "c"
      WHERE "c"."NGUOI_DUNG_ID" = :nguoiDung_ID_0
info: Microsoft.EntityFrameworkCore.Database.Command[20101]
      Executed DbCommand (3ms) [Parameters=[:Ma_0='?' (Size = 2000)], CommandType='Text', CommandTimeout='0']
      SELECT "l"."GIA_TRI"
      FROM "QL_NHAN_HIEN_THI" "l"
      WHERE "l"."MA" = :Ma_0
      FETCH FIRST 1 ROWS ONLY
info: Microsoft.EntityFrameworkCore.Database.Command[20101]
      Executed DbCommand (2ms) [Parameters=[:nguoiDung_ID_0='?' (DbType = Decimal)], CommandType='Text', CommandTimeout='0']
      SELECT "c"."VAI_TRO_ID"
      FROM "QL_VAI_TRO_NGUOI_DUNG" "c"
      WHERE "c"."NGUOI_DUNG_ID" = :nguoiDung_ID_0
info: Microsoft.EntityFrameworkCore.Database.Command[20101]
      Executed DbCommand (3ms) [Parameters=[:Ma_0='?' (Size = 2000)], CommandType='Text', CommandTimeout='0']
      SELECT "l"."GIA_TRI"
      FROM "QL_NHAN_HIEN_THI" "l"
      WHERE "l"."MA" = :Ma_0
      FETCH FIRST 1 ROWS ONLY
info: Microsoft.EntityFrameworkCore.Database.Command[20101]
      Executed DbCommand (2ms) [Parameters=[:nguoiDung_ID_0='?' (DbType = Decimal)], CommandType='Text', CommandTimeout='0']
      SELECT "c"."VAI_TRO_ID"
      FROM "QL_VAI_TRO_NGUOI_DUNG" "c"
      WHERE "c"."NGUOI_DUNG_ID" = :nguoiDung_ID_0
info: Microsoft.EntityFrameworkCore.Database.Command[20101]
      Executed DbCommand (3ms) [Parameters=[:Ma_0='?' (Size = 2000)], CommandType='Text', CommandTimeout='0']
      SELECT "l"."GIA_TRI"
      FROM "QL_NHAN_HIEN_THI" "l"
      WHERE "l"."MA" = :Ma_0
      FETCH FIRST 1 ROWS ONLY
info: Microsoft.EntityFrameworkCore.Database.Command[20101]
      Executed DbCommand (3ms) [Parameters=[:nguoiDung_ID_0='?' (DbType = Decimal)], CommandType='Text', CommandTimeout='0']
      SELECT "c"."VAI_TRO_ID"
      FROM "QL_VAI_TRO_NGUOI_DUNG" "c"
      WHERE "c"."NGUOI_DUNG_ID" = :nguoiDung_ID_0
info: Microsoft.EntityFrameworkCore.Database.Command[20101]
      Executed DbCommand (3ms) [Parameters=[:Ma_0='?' (Size = 2000)], CommandType='Text', CommandTimeout='0']
      SELECT "l"."GIA_TRI"
      FROM "QL_NHAN_HIEN_THI" "l"
      WHERE "l"."MA" = :Ma_0
      FETCH FIRST 1 ROWS ONLY
info: Microsoft.EntityFrameworkCore.Database.Command[20101]
      Executed DbCommand (2ms) [Parameters=[:nguoiDung_ID_0='?' (DbType = Decimal)], CommandType='Text', CommandTimeout='0']
      SELECT "c"."VAI_TRO_ID"
      FROM "QL_VAI_TRO_NGUOI_DUNG" "c"
      WHERE "c"."NGUOI_DUNG_ID" = :nguoiDung_ID_0
info: Microsoft.EntityFrameworkCore.Database.Command[20101]
      Executed DbCommand (3ms) [Parameters=[:Ma_0='?' (Size = 2000)], CommandType='Text', CommandTimeout='0']
      SELECT "l"."GIA_TRI"
      FROM "QL_NHAN_HIEN_THI" "l"
      WHERE "l"."MA" = :Ma_0
      FETCH FIRST 1 ROWS ONLY
info: Microsoft.EntityFrameworkCore.Database.Command[20101]
      Executed DbCommand (2ms) [Parameters=[:nguoiDung_ID_0='?' (DbType = Decimal)], CommandType='Text', CommandTimeout='0']
      SELECT "c"."VAI_TRO_ID"
      FROM "QL_VAI_TRO_NGUOI_DUNG" "c"
      WHERE "c"."NGUOI_DUNG_ID" = :nguoiDung_ID_0
info: Microsoft.EntityFrameworkCore.Database.Command[20101]
      Executed DbCommand (2ms) [Parameters=[:Ma_0='?' (Size = 2000)], CommandType='Text', CommandTimeout='0']
      SELECT "l"."GIA_TRI"
      FROM "QL_NHAN_HIEN_THI" "l"
      WHERE "l"."MA" = :Ma_0
      FETCH FIRST 1 ROWS ONLY
info: Microsoft.EntityFrameworkCore.Database.Command[20101]
      Executed DbCommand (3ms) [Parameters=[:Ma_0='?' (Size = 2000)], CommandType='Text', CommandTimeout='0']
      SELECT "l"."GIA_TRI"
      FROM "QL_NHAN_HIEN_THI" "l"
      WHERE "l"."MA" = :Ma_0
      FETCH FIRST 1 ROWS ONLY
info: Microsoft.EntityFrameworkCore.Database.Command[20101]
      Executed DbCommand (3ms) [Parameters=[:Ma_0='?' (Size = 2000)], CommandType='Text', CommandTimeout='0']
      SELECT "l"."GIA_TRI"
      FROM "QL_NHAN_HIEN_THI" "l"
      WHERE "l"."MA" = :Ma_0
      FETCH FIRST 1 ROWS ONLY
info: Microsoft.EntityFrameworkCore.Database.Command[20101]
      Executed DbCommand (2ms) [Parameters=[:Ma_0='?' (Size = 2000)], CommandType='Text', CommandTimeout='0']
      SELECT "l"."GIA_TRI"
      FROM "QL_NHAN_HIEN_THI" "l"
      WHERE "l"."MA" = :Ma_0
      FETCH FIRST 1 ROWS ONLY
info: Microsoft.EntityFrameworkCore.Database.Command[20101]
      Executed DbCommand (4ms) [Parameters=[:Ma_0='?' (Size = 2000)], CommandType='Text', CommandTimeout='0']
      SELECT "l"."GIA_TRI"
      FROM "QL_NHAN_HIEN_THI" "l"
      WHERE "l"."MA" = :Ma_0
      FETCH FIRST 1 ROWS ONLY
info: Microsoft.EntityFrameworkCore.Database.Command[20101]
      Executed DbCommand (3ms) [Parameters=[:Ma_0='?' (Size = 2000)], CommandType='Text', CommandTimeout='0']
      SELECT "l"."GIA_TRI"
      FROM "QL_NHAN_HIEN_THI" "l"
      WHERE "l"."MA" = :Ma_0
      FETCH FIRST 1 ROWS ONLY
info: Microsoft.EntityFrameworkCore.Database.Command[20101]
      Executed DbCommand (3ms) [Parameters=[:nguoiDung_ID_0='?' (DbType = Decimal)], CommandType='Text', CommandTimeout='0']
      SELECT "c"."VAI_TRO_ID"
      FROM "QL_VAI_TRO_NGUOI_DUNG" "c"
      WHERE "c"."NGUOI_DUNG_ID" = :nguoiDung_ID_0
info: Microsoft.EntityFrameworkCore.Database.Command[20101]
      Executed DbCommand (3ms) [Parameters=[:Ma_0='?' (Size = 2000)], CommandType='Text', CommandTimeout='0']
      SELECT "l"."GIA_TRI"
      FROM "QL_NHAN_HIEN_THI" "l"
      WHERE "l"."MA" = :Ma_0
      FETCH FIRST 1 ROWS ONLY
info: Microsoft.EntityFrameworkCore.Database.Command[20101]
      Executed DbCommand (3ms) [Parameters=[:nguoiDung_ID_0='?' (DbType = Decimal)], CommandType='Text', CommandTimeout='0']
      SELECT "c"."VAI_TRO_ID"
      FROM "QL_VAI_TRO_NGUOI_DUNG" "c"
      WHERE "c"."NGUOI_DUNG_ID" = :nguoiDung_ID_0
info: Microsoft.EntityFrameworkCore.Database.Command[20101]
      Executed DbCommand (2ms) [Parameters=[:nguoiDung_ID_0='?' (DbType = Decimal)], CommandType='Text', CommandTimeout='0']
      SELECT "c"."VAI_TRO_ID"
      FROM "QL_VAI_TRO_NGUOI_DUNG" "c"
      WHERE "c"."NGUOI_DUNG_ID" = :nguoiDung_ID_0
info: Microsoft.EntityFrameworkCore.Database.Command[20101]
      Executed DbCommand (2ms) [Parameters=[:Ma_0='?' (Size = 2000)], CommandType='Text', CommandTimeout='0']
      SELECT "l"."GIA_TRI"
      FROM "QL_NHAN_HIEN_THI" "l"
      WHERE "l"."MA" = :Ma_0
      FETCH FIRST 1 ROWS ONLY
info: Microsoft.EntityFrameworkCore.Database.Command[20101]
      Executed DbCommand (3ms) [Parameters=[:nguoiDung_ID_0='?' (DbType = Decimal)], CommandType='Text', CommandTimeout='0']
      SELECT "c"."VAI_TRO_ID"
      FROM "QL_VAI_TRO_NGUOI_DUNG" "c"
      WHERE "c"."NGUOI_DUNG_ID" = :nguoiDung_ID_0
info: Microsoft.EntityFrameworkCore.Database.Command[20101]
      Executed DbCommand (4ms) [Parameters=[:Ma_0='?' (Size = 2000)], CommandType='Text', CommandTimeout='0']
      SELECT "l"."GIA_TRI"
      FROM "QL_NHAN_HIEN_THI" "l"
      WHERE "l"."MA" = :Ma_0
      FETCH FIRST 1 ROWS ONLY
info: Microsoft.EntityFrameworkCore.Database.Command[20101]
      Executed DbCommand (4ms) [Parameters=[:nguoiDung_ID_0='?' (DbType = Decimal)], CommandType='Text', CommandTimeout='0']
      SELECT "c"."VAI_TRO_ID"
      FROM "QL_VAI_TRO_NGUOI_DUNG" "c"
      WHERE "c"."NGUOI_DUNG_ID" = :nguoiDung_ID_0
info: Microsoft.EntityFrameworkCore.Database.Command[20101]
      Executed DbCommand (3ms) [Parameters=[:nguoiDung_ID_0='?' (DbType = Decimal)], CommandType='Text', CommandTimeout='0']
      SELECT "c"."VAI_TRO_ID"
      FROM "QL_VAI_TRO_NGUOI_DUNG" "c"
      WHERE "c"."NGUOI_DUNG_ID" = :nguoiDung_ID_0
info: Microsoft.EntityFrameworkCore.Database.Command[20101]
      Executed DbCommand (3ms) [Parameters=[:Ma_0='?' (Size = 2000)], CommandType='Text', CommandTimeout='0']
      SELECT "l"."GIA_TRI"
      FROM "QL_NHAN_HIEN_THI" "l"
      WHERE "l"."MA" = :Ma_0
      FETCH FIRST 1 ROWS ONLY
info: Microsoft.EntityFrameworkCore.Database.Command[20101]
      Executed DbCommand (2ms) [Parameters=[:nguoiDung_ID_0='?' (DbType = Decimal)], CommandType='Text', CommandTimeout='0']
      SELECT "c"."VAI_TRO_ID"
      FROM "QL_VAI_TRO_NGUOI_DUNG" "c"
      WHERE "c"."NGUOI_DUNG_ID" = :nguoiDung_ID_0
info: Microsoft.EntityFrameworkCore.Database.Command[20101]
      Executed DbCommand (3ms) [Parameters=[:Ma_0='?' (Size = 2000)], CommandType='Text', CommandTimeout='0']
      SELECT "l"."GIA_TRI"
      FROM "QL_NHAN_HIEN_THI" "l"
      WHERE "l"."MA" = :Ma_0
      FETCH FIRST 1 ROWS ONLY
info: Microsoft.EntityFrameworkCore.Database.Command[20101]
      Executed DbCommand (2ms) [Parameters=[:nguoiDung_ID_0='?' (DbType = Decimal)], CommandType='Text', CommandTimeout='0']
      SELECT "c"."VAI_TRO_ID"
      FROM "QL_VAI_TRO_NGUOI_DUNG" "c"
      WHERE "c"."NGUOI_DUNG_ID" = :nguoiDung_ID_0
info: Microsoft.EntityFrameworkCore.Database.Command[20101]
      Executed DbCommand (2ms) [Parameters=[:Ma_0='?' (Size = 2000)], CommandType='Text', CommandTimeout='0']
      SELECT "l"."GIA_TRI"
      FROM "QL_NHAN_HIEN_THI" "l"
      WHERE "l"."MA" = :Ma_0
      FETCH FIRST 1 ROWS ONLY
info: Microsoft.EntityFrameworkCore.Database.Command[20101]
      Executed DbCommand (2ms) [Parameters=[:nguoiDung_ID_0='?' (DbType = Decimal)], CommandType='Text', CommandTimeout='0']
      SELECT "c"."VAI_TRO_ID"
      FROM "QL_VAI_TRO_NGUOI_DUNG" "c"
      WHERE "c"."NGUOI_DUNG_ID" = :nguoiDung_ID_0
info: Microsoft.EntityFrameworkCore.Database.Command[20101]
      Executed DbCommand (3ms) [Parameters=[:Ma_0='?' (Size = 2000)], CommandType='Text', CommandTimeout='0']
      SELECT "l"."GIA_TRI"
      FROM "QL_NHAN_HIEN_THI" "l"
      WHERE "l"."MA" = :Ma_0
      FETCH FIRST 1 ROWS ONLY
info: Microsoft.EntityFrameworkCore.Database.Command[20101]
      Executed DbCommand (2ms) [Parameters=[:nguoiDung_ID_0='?' (DbType = Decimal)], CommandType='Text', CommandTimeout='0']
      SELECT "c"."VAI_TRO_ID"
      FROM "QL_VAI_TRO_NGUOI_DUNG" "c"
      WHERE "c"."NGUOI_DUNG_ID" = :nguoiDung_ID_0
info: Microsoft.EntityFrameworkCore.Database.Command[20101]
      Executed DbCommand (4ms) [Parameters=[:Ma_0='?' (Size = 2000)], CommandType='Text', CommandTimeout='0']
      SELECT "l"."GIA_TRI"
      FROM "QL_NHAN_HIEN_THI" "l"
      WHERE "l"."MA" = :Ma_0
      FETCH FIRST 1 ROWS ONLY
info: Microsoft.EntityFrameworkCore.Database.Command[20101]
      Executed DbCommand (2ms) [Parameters=[:nguoiDung_ID_0='?' (DbType = Decimal)], CommandType='Text', CommandTimeout='0']
      SELECT "c"."VAI_TRO_ID"
      FROM "QL_VAI_TRO_NGUOI_DUNG" "c"
      WHERE "c"."NGUOI_DUNG_ID" = :nguoiDung_ID_0
info: Microsoft.EntityFrameworkCore.Database.Command[20101]
      Executed DbCommand (2ms) [Parameters=[:Ma_0='?' (Size = 2000)], CommandType='Text', CommandTimeout='0']
      SELECT "l"."GIA_TRI"
      FROM "QL_NHAN_HIEN_THI" "l"
      WHERE "l"."MA" = :Ma_0
      FETCH FIRST 1 ROWS ONLY
info: Microsoft.EntityFrameworkCore.Database.Command[20101]
      Executed DbCommand (3ms) [Parameters=[:nguoiDung_ID_0='?' (DbType = Decimal)], CommandType='Text', CommandTimeout='0']
      SELECT "c"."VAI_TRO_ID"
      FROM "QL_VAI_TRO_NGUOI_DUNG" "c"
      WHERE "c"."NGUOI_DUNG_ID" = :nguoiDung_ID_0
info: Microsoft.EntityFrameworkCore.Database.Command[20101]
      Executed DbCommand (2ms) [Parameters=[:Ma_0='?' (Size = 2000)], CommandType='Text', CommandTimeout='0']
      SELECT "l"."GIA_TRI"
      FROM "QL_NHAN_HIEN_THI" "l"
      WHERE "l"."MA" = :Ma_0
      FETCH FIRST 1 ROWS ONLY
info: Microsoft.EntityFrameworkCore.Database.Command[20101]
      Executed DbCommand (2ms) [Parameters=[:nguoiDung_ID_0='?' (DbType = Decimal)], CommandType='Text', CommandTimeout='0']
      SELECT "c"."VAI_TRO_ID"
      FROM "QL_VAI_TRO_NGUOI_DUNG" "c"
      WHERE "c"."NGUOI_DUNG_ID" = :nguoiDung_ID_0
info: Microsoft.EntityFrameworkCore.Database.Command[20101]
      Executed DbCommand (3ms) [Parameters=[:Ma_0='?' (Size = 2000)], CommandType='Text', CommandTimeout='0']
      SELECT "l"."GIA_TRI"
      FROM "QL_NHAN_HIEN_THI" "l"
      WHERE "l"."MA" = :Ma_0
      FETCH FIRST 1 ROWS ONLY
info: Microsoft.EntityFrameworkCore.Database.Command[20101]
      Executed DbCommand (3ms) [Parameters=[:nguoiDung_ID_0='?' (DbType = Decimal)], CommandType='Text', CommandTimeout='0']
      SELECT "c"."VAI_TRO_ID"
      FROM "QL_VAI_TRO_NGUOI_DUNG" "c"
      WHERE "c"."NGUOI_DUNG_ID" = :nguoiDung_ID_0
info: Microsoft.EntityFrameworkCore.Database.Command[20101]
      Executed DbCommand (3ms) [Parameters=[:Ma_0='?' (Size = 2000)], CommandType='Text', CommandTimeout='0']
      SELECT "l"."GIA_TRI"
      FROM "QL_NHAN_HIEN_THI" "l"
      WHERE "l"."MA" = :Ma_0
      FETCH FIRST 1 ROWS ONLY
info: Microsoft.EntityFrameworkCore.Database.Command[20101]
      Executed DbCommand (4ms) [Parameters=[:nguoiDung_ID_0='?' (DbType = Decimal)], CommandType='Text', CommandTimeout='0']
      SELECT "c"."VAI_TRO_ID"
      FROM "QL_VAI_TRO_NGUOI_DUNG" "c"
      WHERE "c"."NGUOI_DUNG_ID" = :nguoiDung_ID_0
info: Microsoft.EntityFrameworkCore.Database.Command[20101]
      Executed DbCommand (3ms) [Parameters=[:Ma_0='?' (Size = 2000)], CommandType='Text', CommandTimeout='0']
      SELECT "l"."GIA_TRI"
      FROM "QL_NHAN_HIEN_THI" "l"
      WHERE "l"."MA" = :Ma_0
      FETCH FIRST 1 ROWS ONLY
info: Microsoft.EntityFrameworkCore.Database.Command[20101]
      Executed DbCommand (3ms) [Parameters=[:nguoiDung_ID_0='?' (DbType = Decimal)], CommandType='Text', CommandTimeout='0']
      SELECT "c"."VAI_TRO_ID"
      FROM "QL_VAI_TRO_NGUOI_DUNG" "c"
      WHERE "c"."NGUOI_DUNG_ID" = :nguoiDung_ID_0
info: Microsoft.EntityFrameworkCore.Database.Command[20101]
      Executed DbCommand (4ms) [Parameters=[:Ma_0='?' (Size = 2000)], CommandType='Text', CommandTimeout='0']
      SELECT "l"."GIA_TRI"
      FROM "QL_NHAN_HIEN_THI" "l"
      WHERE "l"."MA" = :Ma_0
      FETCH FIRST 1 ROWS ONLY
info: Microsoft.EntityFrameworkCore.Database.Command[20101]
      Executed DbCommand (3ms) [Parameters=[:nguoiDung_ID_0='?' (DbType = Decimal)], CommandType='Text', CommandTimeout='0']
      SELECT "c"."VAI_TRO_ID"
      FROM "QL_VAI_TRO_NGUOI_DUNG" "c"
      WHERE "c"."NGUOI_DUNG_ID" = :nguoiDung_ID_0
info: Microsoft.EntityFrameworkCore.Database.Command[20101]
      Executed DbCommand (3ms) [Parameters=[:Ma_0='?' (Size = 2000)], CommandType='Text', CommandTimeout='0']
      SELECT "l"."GIA_TRI"
      FROM "QL_NHAN_HIEN_THI" "l"
      WHERE "l"."MA" = :Ma_0
      FETCH FIRST 1 ROWS ONLY
info: Microsoft.EntityFrameworkCore.Database.Command[20101]
      Executed DbCommand (2ms) [Parameters=[:nguoiDung_ID_0='?' (DbType = Decimal)], CommandType='Text', CommandTimeout='0']
      SELECT "c"."VAI_TRO_ID"
      FROM "QL_VAI_TRO_NGUOI_DUNG" "c"
      WHERE "c"."NGUOI_DUNG_ID" = :nguoiDung_ID_0
info: Microsoft.EntityFrameworkCore.Database.Command[20101]
      Executed DbCommand (3ms) [Parameters=[:Ma_0='?' (Size = 2000)], CommandType='Text', CommandTimeout='0']
      SELECT "l"."GIA_TRI"
      FROM "QL_NHAN_HIEN_THI" "l"
      WHERE "l"."MA" = :Ma_0
      FETCH FIRST 1 ROWS ONLY
info: Microsoft.EntityFrameworkCore.Database.Command[20101]
      Executed DbCommand (3ms) [Parameters=[:nguoiDung_ID_0='?' (DbType = Decimal)], CommandType='Text', CommandTimeout='0']
      SELECT "c"."VAI_TRO_ID"
      FROM "QL_VAI_TRO_NGUOI_DUNG" "c"
      WHERE "c"."NGUOI_DUNG_ID" = :nguoiDung_ID_0
info: Microsoft.EntityFrameworkCore.Database.Command[20101]
      Executed DbCommand (3ms) [Parameters=[:Ma_0='?' (Size = 2000)], CommandType='Text', CommandTimeout='0']
      SELECT "l"."GIA_TRI"
      FROM "QL_NHAN_HIEN_THI" "l"
      WHERE "l"."MA" = :Ma_0
      FETCH FIRST 1 ROWS ONLY
info: Microsoft.EntityFrameworkCore.Database.Command[20101]
      Executed DbCommand (3ms) [Parameters=[:nguoiDung_ID_0='?' (DbType = Decimal)], CommandType='Text', CommandTimeout='0']
      SELECT "c"."VAI_TRO_ID"
      FROM "QL_VAI_TRO_NGUOI_DUNG" "c"
      WHERE "c"."NGUOI_DUNG_ID" = :nguoiDung_ID_0
info: Microsoft.EntityFrameworkCore.Database.Command[20101]
      Executed DbCommand (3ms) [Parameters=[:Ma_0='?' (Size = 2000)], CommandType='Text', CommandTimeout='0']
      SELECT "l"."GIA_TRI"
      FROM "QL_NHAN_HIEN_THI" "l"
      WHERE "l"."MA" = :Ma_0
      FETCH FIRST 1 ROWS ONLY
info: Microsoft.EntityFrameworkCore.Database.Command[20101]
      Executed DbCommand (2ms) [Parameters=[:nguoiDung_ID_0='?' (DbType = Decimal)], CommandType='Text', CommandTimeout='0']
      SELECT "c"."VAI_TRO_ID"
      FROM "QL_VAI_TRO_NGUOI_DUNG" "c"
      WHERE "c"."NGUOI_DUNG_ID" = :nguoiDung_ID_0
info: Microsoft.EntityFrameworkCore.Database.Command[20101]
      Executed DbCommand (61ms) [Parameters=[:donViId_0='?' (DbType = Decimal)], CommandType='Text', CommandTimeout='0']
      SELECT COUNT(*)
      FROM "DM_DON_VI" "p"
      WHERE ((("p"."PARENT_ID" = :donViId_0) AND ("p"."LA_BAN_QL_DU_AN" = 1)) OR (("p"."ID" = :donViId_0) AND ("p"."LOAI_DON_VI_ID" = 15.0))) OR (("p"."ID" = :donViId_0) AND ("p"."LA_BAN_QL_DU_AN" = 1))
info: Microsoft.EntityFrameworkCore.Database.Command[20101]
      Executed DbCommand (3ms) [Parameters=[:Ma_0='?' (Size = 2000)], CommandType='Text', CommandTimeout='0']
      SELECT "l"."GIA_TRI"
      FROM "QL_NHAN_HIEN_THI" "l"
      WHERE "l"."MA" = :Ma_0
      FETCH FIRST 1 ROWS ONLY
info: Microsoft.EntityFrameworkCore.Database.Command[20101]
      Executed DbCommand (2ms) [Parameters=[:nguoiDung_ID_0='?' (DbType = Decimal)], CommandType='Text', CommandTimeout='0']
      SELECT "c"."VAI_TRO_ID"
      FROM "QL_VAI_TRO_NGUOI_DUNG" "c"
      WHERE "c"."NGUOI_DUNG_ID" = :nguoiDung_ID_0
info: Microsoft.EntityFrameworkCore.Database.Command[20101]
      Executed DbCommand (2ms) [Parameters=[:Ma_0='?' (Size = 2000)], CommandType='Text', CommandTimeout='0']
      SELECT "l"."GIA_TRI"
      FROM "QL_NHAN_HIEN_THI" "l"
      WHERE "l"."MA" = :Ma_0
      FETCH FIRST 1 ROWS ONLY
info: Microsoft.EntityFrameworkCore.Database.Command[20101]
      Executed DbCommand (2ms) [Parameters=[:nguoiDung_ID_0='?' (DbType = Decimal)], CommandType='Text', CommandTimeout='0']
      SELECT "c"."VAI_TRO_ID"
      FROM "QL_VAI_TRO_NGUOI_DUNG" "c"
      WHERE "c"."NGUOI_DUNG_ID" = :nguoiDung_ID_0
info: Microsoft.EntityFrameworkCore.Database.Command[20101]
      Executed DbCommand (4ms) [Parameters=[:Ma_0='?' (Size = 2000)], CommandType='Text', CommandTimeout='0']
      SELECT "l"."GIA_TRI"
      FROM "QL_NHAN_HIEN_THI" "l"
      WHERE "l"."MA" = :Ma_0
      FETCH FIRST 1 ROWS ONLY
info: Microsoft.EntityFrameworkCore.Database.Command[20101]
      Executed DbCommand (2ms) [Parameters=[:nguoiDung_ID_0='?' (DbType = Decimal)], CommandType='Text', CommandTimeout='0']
      SELECT "c"."VAI_TRO_ID"
      FROM "QL_VAI_TRO_NGUOI_DUNG" "c"
      WHERE "c"."NGUOI_DUNG_ID" = :nguoiDung_ID_0
info: Microsoft.EntityFrameworkCore.Database.Command[20101]
      Executed DbCommand (4ms) [Parameters=[:Ma_0='?' (Size = 2000)], CommandType='Text', CommandTimeout='0']
      SELECT "l"."GIA_TRI"
      FROM "QL_NHAN_HIEN_THI" "l"
      WHERE "l"."MA" = :Ma_0
      FETCH FIRST 1 ROWS ONLY
info: Microsoft.EntityFrameworkCore.Database.Command[20101]
      Executed DbCommand (2ms) [Parameters=[:nguoiDung_ID_0='?' (DbType = Decimal)], CommandType='Text', CommandTimeout='0']
      SELECT "c"."VAI_TRO_ID"
      FROM "QL_VAI_TRO_NGUOI_DUNG" "c"
      WHERE "c"."NGUOI_DUNG_ID" = :nguoiDung_ID_0
info: Microsoft.EntityFrameworkCore.Database.Command[20101]
      Executed DbCommand (3ms) [Parameters=[:Ma_0='?' (Size = 2000)], CommandType='Text', CommandTimeout='0']
      SELECT "l"."GIA_TRI"
      FROM "QL_NHAN_HIEN_THI" "l"
      WHERE "l"."MA" = :Ma_0
      FETCH FIRST 1 ROWS ONLY
info: Microsoft.EntityFrameworkCore.Database.Command[20101]
      Executed DbCommand (2ms) [Parameters=[:nguoiDung_ID_0='?' (DbType = Decimal)], CommandType='Text', CommandTimeout='0']
      SELECT "c"."VAI_TRO_ID"
      FROM "QL_VAI_TRO_NGUOI_DUNG" "c"
      WHERE "c"."NGUOI_DUNG_ID" = :nguoiDung_ID_0
info: Microsoft.EntityFrameworkCore.Database.Command[20101]
      Executed DbCommand (3ms) [Parameters=[:Ma_0='?' (Size = 2000)], CommandType='Text', CommandTimeout='0']
      SELECT "l"."GIA_TRI"
      FROM "QL_NHAN_HIEN_THI" "l"
      WHERE "l"."MA" = :Ma_0
      FETCH FIRST 1 ROWS ONLY
info: Microsoft.EntityFrameworkCore.Database.Command[20101]
      Executed DbCommand (2ms) [Parameters=[:nguoiDung_ID_0='?' (DbType = Decimal)], CommandType='Text', CommandTimeout='0']
      SELECT "c"."VAI_TRO_ID"
      FROM "QL_VAI_TRO_NGUOI_DUNG" "c"
      WHERE "c"."NGUOI_DUNG_ID" = :nguoiDung_ID_0
info: Microsoft.EntityFrameworkCore.Database.Command[20101]
      Executed DbCommand (4ms) [Parameters=[:Ma_0='?' (Size = 2000)], CommandType='Text', CommandTimeout='0']
      SELECT "l"."GIA_TRI"
      FROM "QL_NHAN_HIEN_THI" "l"
      WHERE "l"."MA" = :Ma_0
      FETCH FIRST 1 ROWS ONLY
info: Microsoft.EntityFrameworkCore.Database.Command[20101]
      Executed DbCommand (2ms) [Parameters=[:nguoiDung_ID_0='?' (DbType = Decimal)], CommandType='Text', CommandTimeout='0']
      SELECT "c"."VAI_TRO_ID"
      FROM "QL_VAI_TRO_NGUOI_DUNG" "c"
      WHERE "c"."NGUOI_DUNG_ID" = :nguoiDung_ID_0
info: Microsoft.EntityFrameworkCore.Database.Command[20101]
      Executed DbCommand (3ms) [Parameters=[:Ma_0='?' (Size = 2000)], CommandType='Text', CommandTimeout='0']
      SELECT "l"."GIA_TRI"
      FROM "QL_NHAN_HIEN_THI" "l"
      WHERE "l"."MA" = :Ma_0
      FETCH FIRST 1 ROWS ONLY
info: Microsoft.EntityFrameworkCore.Database.Command[20101]
      Executed DbCommand (2ms) [Parameters=[:nguoiDung_ID_0='?' (DbType = Decimal)], CommandType='Text', CommandTimeout='0']
      SELECT "c"."VAI_TRO_ID"
      FROM "QL_VAI_TRO_NGUOI_DUNG" "c"
      WHERE "c"."NGUOI_DUNG_ID" = :nguoiDung_ID_0
info: Microsoft.EntityFrameworkCore.Database.Command[20101]
      Executed DbCommand (3ms) [Parameters=[:Ma_0='?' (Size = 2000)], CommandType='Text', CommandTimeout='0']
      SELECT "l"."GIA_TRI"
      FROM "QL_NHAN_HIEN_THI" "l"
      WHERE "l"."MA" = :Ma_0
      FETCH FIRST 1 ROWS ONLY
info: Microsoft.EntityFrameworkCore.Database.Command[20101]
      Executed DbCommand (3ms) [Parameters=[:nguoiDung_ID_0='?' (DbType = Decimal)], CommandType='Text', CommandTimeout='0']
      SELECT "c"."VAI_TRO_ID"
      FROM "QL_VAI_TRO_NGUOI_DUNG" "c"
      WHERE "c"."NGUOI_DUNG_ID" = :nguoiDung_ID_0
info: Microsoft.EntityFrameworkCore.Database.Command[20101]
      Executed DbCommand (2ms) [Parameters=[:guid_0='?' (DbType = Binary)], CommandType='Text', CommandTimeout='0']
      SELECT "c"."ID", "c"."CURRENT_DON_VI_ID", "c"."DB_ID", "c"."EMAIL", "c"."GHI_CHU", "c"."GUID", "c"."IP_TRUY_CAP", "c"."IS_QUAN_TRI", "c"."MAT_KHAU", "c"."MAT_KHAU_KEY", "c"."MA_CAN_BO", "c"."MOBILE", "c"."NGAY_TAO", "c"."NGAY_TRUY_CAP", "c"."NGUOI_TAO", "c"."NGUON_ID", "c"."PASSWORD_HASH", "c"."TEN_DANG_NHAP", "c"."TEN_DAY_DU", "c"."TMP_MAT_KHAU", "c"."TRANG_THAI_ID", "c"."UNG_DUNG"
      FROM "QL_NGUOI_DUNG" "c"
      WHERE "c"."GUID" = :guid_0
      FETCH FIRST 1 ROWS ONLY
info: Microsoft.EntityFrameworkCore.Database.Command[20101]
      Executed DbCommand (2ms) [Parameters=[:nguoiDung_ID_0='?' (DbType = Int32)], CommandType='Text', CommandTimeout='0']
      SELECT "p"."ID", "p"."DATA_JSON", "p"."DB_QUEUE_PROCESS_ID", "p"."DON_VI_ID", "p"."FILE_TYPE", "p"."GUID", "p"."GUID_FILE", "p"."MA_BAO_CAO", "p"."MODEL_DATA_TYPE", "p"."NGAY_TAO", "p"."NGUOI_TAO_ID", "p"."REPORT_CLASS", "p"."RESPONSE", "p"."SEARCH_MODEL_CLASS", "p"."SEARCH_MODEL_JSON", "p"."STATEMENT", "p"."TIME_END_GET_DATA", "p"."TIME_START_GET_DATA", "p"."TRANG_THAI_ID", "p"."TYPE_QUEUE_PROCESS_ID"
      FROM "BC_QUEUE_PROCESS" "p"
      WHERE "p"."NGUOI_TAO_ID" = :nguoiDung_ID_0
      ORDER BY "p"."ID" DESC
      FETCH FIRST 1 ROWS ONLY
info: Microsoft.EntityFrameworkCore.Database.Command[20101]
      Executed DbCommand (3ms) [Parameters=[:Ma_0='?' (Size = 2000)], CommandType='Text', CommandTimeout='0']
      SELECT "l"."GIA_TRI"
      FROM "QL_NHAN_HIEN_THI" "l"
      WHERE "l"."MA" = :Ma_0
      FETCH FIRST 1 ROWS ONLY
info: Microsoft.EntityFrameworkCore.Database.Command[20101]
      Executed DbCommand (4ms) [Parameters=[:Ma_0='?' (Size = 2000)], CommandType='Text', CommandTimeout='0']
      SELECT "l"."GIA_TRI"
      FROM "QL_NHAN_HIEN_THI" "l"
      WHERE "l"."MA" = :Ma_0
      FETCH FIRST 1 ROWS ONLY
info: Microsoft.EntityFrameworkCore.Database.Command[20101]
      Executed DbCommand (3ms) [Parameters=[:Ma_0='?' (Size = 2000)], CommandType='Text', CommandTimeout='0']
      SELECT "l"."GIA_TRI"
      FROM "QL_NHAN_HIEN_THI" "l"
      WHERE "l"."MA" = :Ma_0
      FETCH FIRST 1 ROWS ONLY
info: Microsoft.EntityFrameworkCore.Database.Command[20101]
      Executed DbCommand (3ms) [Parameters=[:Ma_0='?' (Size = 2000)], CommandType='Text', CommandTimeout='0']
      SELECT "l"."GIA_TRI"
      FROM "QL_NHAN_HIEN_THI" "l"
      WHERE "l"."MA" = :Ma_0
      FETCH FIRST 1 ROWS ONLY
info: Microsoft.AspNetCore.Mvc.ViewFeatures.ViewResultExecutor[4]
      Executed ViewResult - view ChonLoaiTaiSan executed in 3487.401ms.
info: Microsoft.AspNetCore.Mvc.Internal.ControllerActionInvoker[2]
      Executed action GS.Web.Controllers.TaiSanController.ChonLoaiTaiSan (GS.Web) in 3808.275ms
info: Microsoft.AspNetCore.Hosting.Internal.WebHost[2]
      Request finished in 3849.7856ms 200 text/html; charset=utf-8
info: Microsoft.AspNetCore.Hosting.Internal.WebHost[1]
      Request starting HTTP/1.1 GET http://localhost:62432/lib/kendo/2019.1.115/cultures/kendo.culture.vi-VN.min.js.map  
info: Microsoft.AspNetCore.StaticFiles.StaticFileMiddleware[2]
      Sending file. Request path: '/lib/kendo/2019.1.115/cultures/kendo.culture.vi-VN.min.js.map'. Physical path: 'D:\work\Gsolution\QLTS_2025\BackEnd\Presentation\GS.Web\wwwroot\lib\kendo\2019.1.115\cultures\kendo.culture.vi-VN.min.js.map'
info: Microsoft.AspNetCore.Hosting.Internal.WebHost[2]
      Request finished in 14.1043ms 200 text/plain
info: Microsoft.AspNetCore.Hosting.Internal.WebHost[1]
      Request starting HTTP/1.1 GET http://localhost:62432/Home/GetTLHD  
info: Microsoft.AspNetCore.Mvc.Internal.ControllerActionInvoker[1]
      Route matched with {action = "GetTLHD", controller = "Home"}. Executing action GS.Web.Controllers.HomeController.GetTLHD (GS.Web)
info: Microsoft.AspNetCore.Mvc.Internal.ControllerActionInvoker[1]
      Executing action method GS.Web.Controllers.HomeController.GetTLHD (GS.Web) - Validation state: Valid
info: Microsoft.EntityFrameworkCore.Infrastructure[10403]
      Entity Framework Core 2.2.6-servicing-10079 initialized 'GSObjectContext' using provider 'Oracle.EntityFrameworkCore' with options: using lazy-loading proxies 
info: Microsoft.EntityFrameworkCore.Database.Command[20101]
      Executed DbCommand (4ms) [Parameters=[:get_Item_0='?' (DbType = Decimal)], CommandType='Text', CommandTimeout='0']
      SELECT "e"."ID", "e"."DON_VI_ID", "e"."GIA_TRI", "e"."TEN"
      FROM "QL_CAU_HINH" "e"
      WHERE "e"."ID" = :get_Item_0
      FETCH FIRST 1 ROWS ONLY
info: Microsoft.AspNetCore.Mvc.Internal.ControllerActionInvoker[2]
      Executed action method GS.Web.Controllers.HomeController.GetTLHD (GS.Web), returned result Microsoft.AspNetCore.Mvc.JsonResult in 20.0543ms.
info: Microsoft.AspNetCore.Mvc.Formatters.Json.Internal.JsonResultExecutor[1]
      Executing JsonResult, writing value of type 'System.String'.
info: Microsoft.AspNetCore.Mvc.Internal.ControllerActionInvoker[2]
      Executed action GS.Web.Controllers.HomeController.GetTLHD (GS.Web) in 36.8464ms
info: Microsoft.AspNetCore.Hosting.Internal.WebHost[2]
      Request finished in 52.2357ms 200 application/json; charset=utf-8
info: Microsoft.AspNetCore.Hosting.Internal.WebHost[1]
      Request starting HTTP/1.1 GET http://localhost:62432/TaiSan/ChonLoaiTaiSan?isTangMoi=false  
info: Microsoft.AspNetCore.Mvc.Internal.ControllerActionInvoker[1]
      Route matched with {action = "ChonLoaiTaiSan", controller = "TaiSan"}. Executing action GS.Web.Controllers.TaiSanController.ChonLoaiTaiSan (GS.Web)
info: Microsoft.AspNetCore.Mvc.Internal.ControllerActionInvoker[1]
      Executing action method GS.Web.Controllers.TaiSanController.ChonLoaiTaiSan (GS.Web) with arguments (False, False) - Validation state: Valid
info: Microsoft.EntityFrameworkCore.Infrastructure[10403]
      Entity Framework Core 2.2.6-servicing-10079 initialized 'GSObjectContext' using provider 'Oracle.EntityFrameworkCore' with options: using lazy-loading proxies 
info: Microsoft.EntityFrameworkCore.Database.Command[20101]
      Executed DbCommand (4ms) [Parameters=[:Ma_0='?' (Size = 2000)], CommandType='Text', CommandTimeout='0']
      SELECT "l"."GIA_TRI"
      FROM "QL_NHAN_HIEN_THI" "l"
      WHERE "l"."MA" = :Ma_0
      FETCH FIRST 1 ROWS ONLY
info: Microsoft.EntityFrameworkCore.Database.Command[20101]
      Executed DbCommand (2ms) [Parameters=[:Ma_0='?' (Size = 2000)], CommandType='Text', CommandTimeout='0']
      SELECT "l"."GIA_TRI"
      FROM "QL_NHAN_HIEN_THI" "l"
      WHERE "l"."MA" = :Ma_0
      FETCH FIRST 1 ROWS ONLY
info: Microsoft.EntityFrameworkCore.Database.Command[20101]
      Executed DbCommand (2ms) [Parameters=[:Ma_0='?' (Size = 2000)], CommandType='Text', CommandTimeout='0']
      SELECT "l"."GIA_TRI"
      FROM "QL_NHAN_HIEN_THI" "l"
      WHERE "l"."MA" = :Ma_0
      FETCH FIRST 1 ROWS ONLY
info: Microsoft.EntityFrameworkCore.Database.Command[20101]
      Executed DbCommand (3ms) [Parameters=[:Ma_0='?' (Size = 2000)], CommandType='Text', CommandTimeout='0']
      SELECT "l"."GIA_TRI"
      FROM "QL_NHAN_HIEN_THI" "l"
      WHERE "l"."MA" = :Ma_0
      FETCH FIRST 1 ROWS ONLY
info: Microsoft.EntityFrameworkCore.Database.Command[20101]
      Executed DbCommand (3ms) [Parameters=[:Ma_0='?' (Size = 2000)], CommandType='Text', CommandTimeout='0']
      SELECT "l"."GIA_TRI"
      FROM "QL_NHAN_HIEN_THI" "l"
      WHERE "l"."MA" = :Ma_0
      FETCH FIRST 1 ROWS ONLY
info: Microsoft.EntityFrameworkCore.Database.Command[20101]
      Executed DbCommand (2ms) [Parameters=[:Ma_0='?' (Size = 2000)], CommandType='Text', CommandTimeout='0']
      SELECT "l"."GIA_TRI"
      FROM "QL_NHAN_HIEN_THI" "l"
      WHERE "l"."MA" = :Ma_0
      FETCH FIRST 1 ROWS ONLY
info: Microsoft.EntityFrameworkCore.Database.Command[20101]
      Executed DbCommand (3ms) [Parameters=[:Ma_0='?' (Size = 2000)], CommandType='Text', CommandTimeout='0']
      SELECT "l"."GIA_TRI"
      FROM "QL_NHAN_HIEN_THI" "l"
      WHERE "l"."MA" = :Ma_0
      FETCH FIRST 1 ROWS ONLY
info: Microsoft.EntityFrameworkCore.Database.Command[20101]
      Executed DbCommand (3ms) [Parameters=[:Ma_0='?' (Size = 2000)], CommandType='Text', CommandTimeout='0']
      SELECT "l"."GIA_TRI"
      FROM "QL_NHAN_HIEN_THI" "l"
      WHERE "l"."MA" = :Ma_0
      FETCH FIRST 1 ROWS ONLY
info: Microsoft.EntityFrameworkCore.Database.Command[20101]
      Executed DbCommand (3ms) [Parameters=[:Ma_0='?' (Size = 2000)], CommandType='Text', CommandTimeout='0']
      SELECT "l"."GIA_TRI"
      FROM "QL_NHAN_HIEN_THI" "l"
      WHERE "l"."MA" = :Ma_0
      FETCH FIRST 1 ROWS ONLY
info: Microsoft.EntityFrameworkCore.Database.Command[20101]
      Executed DbCommand (3ms) [Parameters=[:Ma_0='?' (Size = 2000)], CommandType='Text', CommandTimeout='0']
      SELECT "l"."GIA_TRI"
      FROM "QL_NHAN_HIEN_THI" "l"
      WHERE "l"."MA" = :Ma_0
      FETCH FIRST 1 ROWS ONLY
info: Microsoft.EntityFrameworkCore.Database.Command[20101]
      Executed DbCommand (3ms) [Parameters=[:Ma_0='?' (Size = 2000)], CommandType='Text', CommandTimeout='0']
      SELECT "l"."GIA_TRI"
      FROM "QL_NHAN_HIEN_THI" "l"
      WHERE "l"."MA" = :Ma_0
      FETCH FIRST 1 ROWS ONLY
info: Microsoft.EntityFrameworkCore.Database.Command[20101]
      Executed DbCommand (3ms) [Parameters=[:Ma_0='?' (Size = 2000)], CommandType='Text', CommandTimeout='0']
      SELECT "l"."GIA_TRI"
      FROM "QL_NHAN_HIEN_THI" "l"
      WHERE "l"."MA" = :Ma_0
      FETCH FIRST 1 ROWS ONLY
info: Microsoft.EntityFrameworkCore.Database.Command[20101]
      Executed DbCommand (3ms) [Parameters=[:get_Item_0='?' (DbType = Decimal)], CommandType='Text', CommandTimeout='0']
      SELECT "e"."ID", "e"."CAP_DON_VI_ID", "e"."CHE_DO_HACH_TOAN_ID", "e"."CO_TAI_SAN", "e"."CQTC_MA", "e"."DA_CO_QUYET_DINH_GIAO_VON", "e"."DB_ID", "e"."DIA_BAN_ID", "e"."DIA_CHI", "e"."DIEN_THOAI", "e"."DON_VI_HIEN_THI", "e"."FAX", "e"."HUYEN_ID", "e"."IS_TSQUAN_LY_CHU_KY_SO", "e"."IS_TSQUAN_LY_NHU_TSCD", "e"."IS_XAC_NHAN_DU_LIEU", "e"."KHONG_CHUYEN_MA", "e"."LA_BAN_QL_DU_AN", "e"."LA_DON_VI_NHAP_LIEU", "e"."LA_DON_VI_TU_CHU_TAI_CHINH", "e"."LIST_FILE_XAC_NHAN", "e"."LOAI_CAP_DON_VI_ID", "e"."LOAI_DON_VI_ID", "e"."MA", "e"."MA_BO", "e"."MA_CHUONG", "e"."MA_DIA_BAN", "e"."MA_DVQHNS", "e"."MA_HUYEN", "e"."MA_TINH", "e"."NGAY_CAP_NHAT", "e"."NGAY_QUYET_DINH", "e"."NGAY_QUYET_DINH_GIAO_VON", "e"."NGAY_TAO", "e"."NGAY_XAC_NHAN", "e"."NGUOI_CAP_NHAT_ID", "e"."NGUOI_TAO_ID", "e"."NHOM_DON_VI_ID", "e"."OLD_CAP_DON_VI_ID", "e"."PARENT_ID", "e"."SO_QUYET_DINH", "e"."SO_QUYET_DINH_GIAO_VON", "e"."TEN", "e"."TINH_ID", "e"."TRANG_THAI_DONG_BO_ID", "e"."TRANG_THAI_ID", "e"."TRANG_THAI_THAY_DOI_ID", "e"."TREE_LEVEL", "e"."TREE_NODE", "e"."XA_ID"
      FROM "DM_DON_VI" "e"
      WHERE "e"."ID" = :get_Item_0
      FETCH FIRST 1 ROWS ONLY
info: Microsoft.EntityFrameworkCore.Database.Command[20101]
      Executed DbCommand (32ms) [Parameters=[:TREE_NODE_LON_NHAT_0='?' (Size = 2000)], CommandType='Text', CommandTimeout='0']
      SELECT "p"."ID", "p"."CAP_DON_VI_ID", "p"."CHE_DO_HACH_TOAN_ID", "p"."CO_TAI_SAN", "p"."CQTC_MA", "p"."DA_CO_QUYET_DINH_GIAO_VON", "p"."DB_ID", "p"."DIA_BAN_ID", "p"."DIA_CHI", "p"."DIEN_THOAI", "p"."DON_VI_HIEN_THI", "p"."FAX", "p"."HUYEN_ID", "p"."IS_TSQUAN_LY_CHU_KY_SO", "p"."IS_TSQUAN_LY_NHU_TSCD", "p"."IS_XAC_NHAN_DU_LIEU", "p"."KHONG_CHUYEN_MA", "p"."LA_BAN_QL_DU_AN", "p"."LA_DON_VI_NHAP_LIEU", "p"."LA_DON_VI_TU_CHU_TAI_CHINH", "p"."LIST_FILE_XAC_NHAN", "p"."LOAI_CAP_DON_VI_ID", "p"."LOAI_DON_VI_ID", "p"."MA", "p"."MA_BO", "p"."MA_CHUONG", "p"."MA_DIA_BAN", "p"."MA_DVQHNS", "p"."MA_HUYEN", "p"."MA_TINH", "p"."NGAY_CAP_NHAT", "p"."NGAY_QUYET_DINH", "p"."NGAY_QUYET_DINH_GIAO_VON", "p"."NGAY_TAO", "p"."NGAY_XAC_NHAN", "p"."NGUOI_CAP_NHAT_ID", "p"."NGUOI_TAO_ID", "p"."NHOM_DON_VI_ID", "p"."OLD_CAP_DON_VI_ID", "p"."PARENT_ID", "p"."SO_QUYET_DINH", "p"."SO_QUYET_DINH_GIAO_VON", "p"."TEN", "p"."TINH_ID", "p"."TRANG_THAI_DONG_BO_ID", "p"."TRANG_THAI_ID", "p"."TRANG_THAI_THAY_DOI_ID", "p"."TREE_LEVEL", "p"."TREE_NODE", "p"."XA_ID"
      FROM "DM_DON_VI" "p"
      WHERE ("p"."TREE_NODE" = :TREE_NODE_LON_NHAT_0) AND (("p"."TRANG_THAI_ID" <> 0) OR "p"."TRANG_THAI_ID" IS NULL)
      FETCH FIRST 1 ROWS ONLY
info: Microsoft.EntityFrameworkCore.Database.Command[20101]
      Executed DbCommand (100ms) [Parameters=[], CommandType='Text', CommandTimeout='0']
      SELECT "c"."ID"
      FROM "DM_DON_VI" "c"
      WHERE (CAST(LENGTH("c"."MA") AS NUMBER(10)) = 3) AND (COALESCE("c"."TRANG_THAI_ID", 0) = 1)
info: Microsoft.EntityFrameworkCore.Database.Command[20101]
      Executed DbCommand (2ms) [Parameters=[:donViCapTren_ID_0='?' (DbType = Decimal)], CommandType='Text', CommandTimeout='0']
      SELECT CASE
          WHEN EXISTS (
              SELECT 1
              FROM "DM_LOAI_TAI_SAN_DON_VI" "c"
              WHERE ("c"."LOAI_HINH_TAI_SAN_ID" = 10.0) AND ("c"."DON_VI_ID" = :donViCapTren_ID_0))
          THEN 1 ELSE 0
      END FROM DUAL
info: Microsoft.EntityFrameworkCore.Database.Command[20101]
      Executed DbCommand (32ms) [Parameters=[:TREE_NODE_LON_NHAT_0='?' (Size = 2000)], CommandType='Text', CommandTimeout='0']
      SELECT "p"."ID", "p"."CAP_DON_VI_ID", "p"."CHE_DO_HACH_TOAN_ID", "p"."CO_TAI_SAN", "p"."CQTC_MA", "p"."DA_CO_QUYET_DINH_GIAO_VON", "p"."DB_ID", "p"."DIA_BAN_ID", "p"."DIA_CHI", "p"."DIEN_THOAI", "p"."DON_VI_HIEN_THI", "p"."FAX", "p"."HUYEN_ID", "p"."IS_TSQUAN_LY_CHU_KY_SO", "p"."IS_TSQUAN_LY_NHU_TSCD", "p"."IS_XAC_NHAN_DU_LIEU", "p"."KHONG_CHUYEN_MA", "p"."LA_BAN_QL_DU_AN", "p"."LA_DON_VI_NHAP_LIEU", "p"."LA_DON_VI_TU_CHU_TAI_CHINH", "p"."LIST_FILE_XAC_NHAN", "p"."LOAI_CAP_DON_VI_ID", "p"."LOAI_DON_VI_ID", "p"."MA", "p"."MA_BO", "p"."MA_CHUONG", "p"."MA_DIA_BAN", "p"."MA_DVQHNS", "p"."MA_HUYEN", "p"."MA_TINH", "p"."NGAY_CAP_NHAT", "p"."NGAY_QUYET_DINH", "p"."NGAY_QUYET_DINH_GIAO_VON", "p"."NGAY_TAO", "p"."NGAY_XAC_NHAN", "p"."NGUOI_CAP_NHAT_ID", "p"."NGUOI_TAO_ID", "p"."NHOM_DON_VI_ID", "p"."OLD_CAP_DON_VI_ID", "p"."PARENT_ID", "p"."SO_QUYET_DINH", "p"."SO_QUYET_DINH_GIAO_VON", "p"."TEN", "p"."TINH_ID", "p"."TRANG_THAI_DONG_BO_ID", "p"."TRANG_THAI_ID", "p"."TRANG_THAI_THAY_DOI_ID", "p"."TREE_LEVEL", "p"."TREE_NODE", "p"."XA_ID"
      FROM "DM_DON_VI" "p"
      WHERE ("p"."TREE_NODE" = :TREE_NODE_LON_NHAT_0) AND (("p"."TRANG_THAI_ID" <> 0) OR "p"."TRANG_THAI_ID" IS NULL)
      FETCH FIRST 1 ROWS ONLY
info: Microsoft.EntityFrameworkCore.Database.Command[20101]
      Executed DbCommand (2ms) [Parameters=[:get_Item_0='?' (DbType = Decimal)], CommandType='Text', CommandTimeout='0']
      SELECT "e"."ID", "e"."CAP_DON_VI_ID", "e"."CHE_DO_HACH_TOAN_ID", "e"."CO_TAI_SAN", "e"."CQTC_MA", "e"."DA_CO_QUYET_DINH_GIAO_VON", "e"."DB_ID", "e"."DIA_BAN_ID", "e"."DIA_CHI", "e"."DIEN_THOAI", "e"."DON_VI_HIEN_THI", "e"."FAX", "e"."HUYEN_ID", "e"."IS_TSQUAN_LY_CHU_KY_SO", "e"."IS_TSQUAN_LY_NHU_TSCD", "e"."IS_XAC_NHAN_DU_LIEU", "e"."KHONG_CHUYEN_MA", "e"."LA_BAN_QL_DU_AN", "e"."LA_DON_VI_NHAP_LIEU", "e"."LA_DON_VI_TU_CHU_TAI_CHINH", "e"."LIST_FILE_XAC_NHAN", "e"."LOAI_CAP_DON_VI_ID", "e"."LOAI_DON_VI_ID", "e"."MA", "e"."MA_BO", "e"."MA_CHUONG", "e"."MA_DIA_BAN", "e"."MA_DVQHNS", "e"."MA_HUYEN", "e"."MA_TINH", "e"."NGAY_CAP_NHAT", "e"."NGAY_QUYET_DINH", "e"."NGAY_QUYET_DINH_GIAO_VON", "e"."NGAY_TAO", "e"."NGAY_XAC_NHAN", "e"."NGUOI_CAP_NHAT_ID", "e"."NGUOI_TAO_ID", "e"."NHOM_DON_VI_ID", "e"."OLD_CAP_DON_VI_ID", "e"."PARENT_ID", "e"."SO_QUYET_DINH", "e"."SO_QUYET_DINH_GIAO_VON", "e"."TEN", "e"."TINH_ID", "e"."TRANG_THAI_DONG_BO_ID", "e"."TRANG_THAI_ID", "e"."TRANG_THAI_THAY_DOI_ID", "e"."TREE_LEVEL", "e"."TREE_NODE", "e"."XA_ID"
      FROM "DM_DON_VI" "e"
      WHERE "e"."ID" = :get_Item_0
      FETCH FIRST 1 ROWS ONLY
info: Microsoft.AspNetCore.Mvc.Internal.ControllerActionInvoker[2]
      Executed action method GS.Web.Controllers.TaiSanController.ChonLoaiTaiSan (GS.Web), returned result Microsoft.AspNetCore.Mvc.ViewResult in 297.8923ms.
info: Microsoft.AspNetCore.Mvc.ViewFeatures.ViewResultExecutor[1]
      Executing ViewResult, running view ChonLoaiTaiSan.
info: Microsoft.EntityFrameworkCore.Database.Command[20101]
      Executed DbCommand (2ms) [Parameters=[:Ma_0='?' (Size = 2000)], CommandType='Text', CommandTimeout='0']
      SELECT "l"."GIA_TRI"
      FROM "QL_NHAN_HIEN_THI" "l"
      WHERE "l"."MA" = :Ma_0
      FETCH FIRST 1 ROWS ONLY
info: Microsoft.EntityFrameworkCore.Database.Command[20101]
      Executed DbCommand (4ms) [Parameters=[:nguoiDung_ID_0='?' (DbType = Decimal)], CommandType='Text', CommandTimeout='0']
      SELECT "c"."VAI_TRO_ID"
      FROM "QL_VAI_TRO_NGUOI_DUNG" "c"
      WHERE "c"."NGUOI_DUNG_ID" = :nguoiDung_ID_0
info: Microsoft.EntityFrameworkCore.Database.Command[20101]
      Executed DbCommand (2ms) [Parameters=[:Ma_0='?' (Size = 2000)], CommandType='Text', CommandTimeout='0']
      SELECT "l"."GIA_TRI"
      FROM "QL_NHAN_HIEN_THI" "l"
      WHERE "l"."MA" = :Ma_0
      FETCH FIRST 1 ROWS ONLY
info: Microsoft.EntityFrameworkCore.Database.Command[20101]
      Executed DbCommand (2ms) [Parameters=[:nguoiDung_ID_0='?' (DbType = Decimal)], CommandType='Text', CommandTimeout='0']
      SELECT "c"."VAI_TRO_ID"
      FROM "QL_VAI_TRO_NGUOI_DUNG" "c"
      WHERE "c"."NGUOI_DUNG_ID" = :nguoiDung_ID_0
info: Microsoft.EntityFrameworkCore.Database.Command[20101]
      Executed DbCommand (2ms) [Parameters=[:Ma_0='?' (Size = 2000)], CommandType='Text', CommandTimeout='0']
      SELECT "l"."GIA_TRI"
      FROM "QL_NHAN_HIEN_THI" "l"
      WHERE "l"."MA" = :Ma_0
      FETCH FIRST 1 ROWS ONLY
info: Microsoft.EntityFrameworkCore.Database.Command[20101]
      Executed DbCommand (2ms) [Parameters=[:nguoiDung_ID_0='?' (DbType = Decimal)], CommandType='Text', CommandTimeout='0']
      SELECT "c"."VAI_TRO_ID"
      FROM "QL_VAI_TRO_NGUOI_DUNG" "c"
      WHERE "c"."NGUOI_DUNG_ID" = :nguoiDung_ID_0
info: Microsoft.EntityFrameworkCore.Database.Command[20101]
      Executed DbCommand (2ms) [Parameters=[:Ma_0='?' (Size = 2000)], CommandType='Text', CommandTimeout='0']
      SELECT "l"."GIA_TRI"
      FROM "QL_NHAN_HIEN_THI" "l"
      WHERE "l"."MA" = :Ma_0
      FETCH FIRST 1 ROWS ONLY
info: Microsoft.EntityFrameworkCore.Database.Command[20101]
      Executed DbCommand (2ms) [Parameters=[:nguoiDung_ID_0='?' (DbType = Decimal)], CommandType='Text', CommandTimeout='0']
      SELECT "c"."VAI_TRO_ID"
      FROM "QL_VAI_TRO_NGUOI_DUNG" "c"
      WHERE "c"."NGUOI_DUNG_ID" = :nguoiDung_ID_0
info: Microsoft.EntityFrameworkCore.Database.Command[20101]
      Executed DbCommand (2ms) [Parameters=[:Ma_0='?' (Size = 2000)], CommandType='Text', CommandTimeout='0']
      SELECT "l"."GIA_TRI"
      FROM "QL_NHAN_HIEN_THI" "l"
      WHERE "l"."MA" = :Ma_0
      FETCH FIRST 1 ROWS ONLY
info: Microsoft.EntityFrameworkCore.Database.Command[20101]
      Executed DbCommand (2ms) [Parameters=[:nguoiDung_ID_0='?' (DbType = Decimal)], CommandType='Text', CommandTimeout='0']
      SELECT "c"."VAI_TRO_ID"
      FROM "QL_VAI_TRO_NGUOI_DUNG" "c"
      WHERE "c"."NGUOI_DUNG_ID" = :nguoiDung_ID_0
info: Microsoft.EntityFrameworkCore.Database.Command[20101]
      Executed DbCommand (3ms) [Parameters=[:Ma_0='?' (Size = 2000)], CommandType='Text', CommandTimeout='0']
      SELECT "l"."GIA_TRI"
      FROM "QL_NHAN_HIEN_THI" "l"
      WHERE "l"."MA" = :Ma_0
      FETCH FIRST 1 ROWS ONLY
info: Microsoft.EntityFrameworkCore.Database.Command[20101]
      Executed DbCommand (2ms) [Parameters=[:nguoiDung_ID_0='?' (DbType = Decimal)], CommandType='Text', CommandTimeout='0']
      SELECT "c"."VAI_TRO_ID"
      FROM "QL_VAI_TRO_NGUOI_DUNG" "c"
      WHERE "c"."NGUOI_DUNG_ID" = :nguoiDung_ID_0
info: Microsoft.EntityFrameworkCore.Database.Command[20101]
      Executed DbCommand (3ms) [Parameters=[:Ma_0='?' (Size = 2000)], CommandType='Text', CommandTimeout='0']
      SELECT "l"."GIA_TRI"
      FROM "QL_NHAN_HIEN_THI" "l"
      WHERE "l"."MA" = :Ma_0
      FETCH FIRST 1 ROWS ONLY
info: Microsoft.EntityFrameworkCore.Database.Command[20101]
      Executed DbCommand (2ms) [Parameters=[:nguoiDung_ID_0='?' (DbType = Decimal)], CommandType='Text', CommandTimeout='0']
      SELECT "c"."VAI_TRO_ID"
      FROM "QL_VAI_TRO_NGUOI_DUNG" "c"
      WHERE "c"."NGUOI_DUNG_ID" = :nguoiDung_ID_0
info: Microsoft.EntityFrameworkCore.Database.Command[20101]
      Executed DbCommand (3ms) [Parameters=[:Ma_0='?' (Size = 2000)], CommandType='Text', CommandTimeout='0']
      SELECT "l"."GIA_TRI"
      FROM "QL_NHAN_HIEN_THI" "l"
      WHERE "l"."MA" = :Ma_0
      FETCH FIRST 1 ROWS ONLY
info: Microsoft.EntityFrameworkCore.Database.Command[20101]
      Executed DbCommand (2ms) [Parameters=[:nguoiDung_ID_0='?' (DbType = Decimal)], CommandType='Text', CommandTimeout='0']
      SELECT "c"."VAI_TRO_ID"
      FROM "QL_VAI_TRO_NGUOI_DUNG" "c"
      WHERE "c"."NGUOI_DUNG_ID" = :nguoiDung_ID_0
info: Microsoft.EntityFrameworkCore.Database.Command[20101]
      Executed DbCommand (3ms) [Parameters=[:Ma_0='?' (Size = 2000)], CommandType='Text', CommandTimeout='0']
      SELECT "l"."GIA_TRI"
      FROM "QL_NHAN_HIEN_THI" "l"
      WHERE "l"."MA" = :Ma_0
      FETCH FIRST 1 ROWS ONLY
info: Microsoft.EntityFrameworkCore.Database.Command[20101]
      Executed DbCommand (2ms) [Parameters=[:nguoiDung_ID_0='?' (DbType = Decimal)], CommandType='Text', CommandTimeout='0']
      SELECT "c"."VAI_TRO_ID"
      FROM "QL_VAI_TRO_NGUOI_DUNG" "c"
      WHERE "c"."NGUOI_DUNG_ID" = :nguoiDung_ID_0
info: Microsoft.EntityFrameworkCore.Database.Command[20101]
      Executed DbCommand (2ms) [Parameters=[:Ma_0='?' (Size = 2000)], CommandType='Text', CommandTimeout='0']
      SELECT "l"."GIA_TRI"
      FROM "QL_NHAN_HIEN_THI" "l"
      WHERE "l"."MA" = :Ma_0
      FETCH FIRST 1 ROWS ONLY
info: Microsoft.EntityFrameworkCore.Database.Command[20101]
      Executed DbCommand (2ms) [Parameters=[:nguoiDung_ID_0='?' (DbType = Decimal)], CommandType='Text', CommandTimeout='0']
      SELECT "c"."VAI_TRO_ID"
      FROM "QL_VAI_TRO_NGUOI_DUNG" "c"
      WHERE "c"."NGUOI_DUNG_ID" = :nguoiDung_ID_0
info: Microsoft.EntityFrameworkCore.Database.Command[20101]
      Executed DbCommand (3ms) [Parameters=[:Ma_0='?' (Size = 2000)], CommandType='Text', CommandTimeout='0']
      SELECT "l"."GIA_TRI"
      FROM "QL_NHAN_HIEN_THI" "l"
      WHERE "l"."MA" = :Ma_0
      FETCH FIRST 1 ROWS ONLY
info: Microsoft.EntityFrameworkCore.Database.Command[20101]
      Executed DbCommand (2ms) [Parameters=[:nguoiDung_ID_0='?' (DbType = Decimal)], CommandType='Text', CommandTimeout='0']
      SELECT "c"."VAI_TRO_ID"
      FROM "QL_VAI_TRO_NGUOI_DUNG" "c"
      WHERE "c"."NGUOI_DUNG_ID" = :nguoiDung_ID_0
info: Microsoft.EntityFrameworkCore.Database.Command[20101]
      Executed DbCommand (2ms) [Parameters=[:Ma_0='?' (Size = 2000)], CommandType='Text', CommandTimeout='0']
      SELECT "l"."GIA_TRI"
      FROM "QL_NHAN_HIEN_THI" "l"
      WHERE "l"."MA" = :Ma_0
      FETCH FIRST 1 ROWS ONLY
info: Microsoft.EntityFrameworkCore.Database.Command[20101]
      Executed DbCommand (2ms) [Parameters=[:nguoiDung_ID_0='?' (DbType = Decimal)], CommandType='Text', CommandTimeout='0']
      SELECT "c"."VAI_TRO_ID"
      FROM "QL_VAI_TRO_NGUOI_DUNG" "c"
      WHERE "c"."NGUOI_DUNG_ID" = :nguoiDung_ID_0
info: Microsoft.EntityFrameworkCore.Database.Command[20101]
      Executed DbCommand (2ms) [Parameters=[:nguoiDung_ID_0='?' (DbType = Decimal)], CommandType='Text', CommandTimeout='0']
      SELECT "c"."VAI_TRO_ID"
      FROM "QL_VAI_TRO_NGUOI_DUNG" "c"
      WHERE "c"."NGUOI_DUNG_ID" = :nguoiDung_ID_0
info: Microsoft.EntityFrameworkCore.Database.Command[20101]
      Executed DbCommand (2ms) [Parameters=[:Ma_0='?' (Size = 2000)], CommandType='Text', CommandTimeout='0']
      SELECT "l"."GIA_TRI"
      FROM "QL_NHAN_HIEN_THI" "l"
      WHERE "l"."MA" = :Ma_0
      FETCH FIRST 1 ROWS ONLY
info: Microsoft.EntityFrameworkCore.Database.Command[20101]
      Executed DbCommand (3ms) [Parameters=[:nguoiDung_ID_0='?' (DbType = Decimal)], CommandType='Text', CommandTimeout='0']
      SELECT "c"."VAI_TRO_ID"
      FROM "QL_VAI_TRO_NGUOI_DUNG" "c"
      WHERE "c"."NGUOI_DUNG_ID" = :nguoiDung_ID_0
info: Microsoft.EntityFrameworkCore.Database.Command[20101]
      Executed DbCommand (2ms) [Parameters=[:Ma_0='?' (Size = 2000)], CommandType='Text', CommandTimeout='0']
      SELECT "l"."GIA_TRI"
      FROM "QL_NHAN_HIEN_THI" "l"
      WHERE "l"."MA" = :Ma_0
      FETCH FIRST 1 ROWS ONLY
info: Microsoft.EntityFrameworkCore.Database.Command[20101]
      Executed DbCommand (3ms) [Parameters=[:nguoiDung_ID_0='?' (DbType = Decimal)], CommandType='Text', CommandTimeout='0']
      SELECT "c"."VAI_TRO_ID"
      FROM "QL_VAI_TRO_NGUOI_DUNG" "c"
      WHERE "c"."NGUOI_DUNG_ID" = :nguoiDung_ID_0
info: Microsoft.EntityFrameworkCore.Database.Command[20101]
      Executed DbCommand (2ms) [Parameters=[:Ma_0='?' (Size = 2000)], CommandType='Text', CommandTimeout='0']
      SELECT "l"."GIA_TRI"
      FROM "QL_NHAN_HIEN_THI" "l"
      WHERE "l"."MA" = :Ma_0
      FETCH FIRST 1 ROWS ONLY
info: Microsoft.EntityFrameworkCore.Database.Command[20101]
      Executed DbCommand (2ms) [Parameters=[:nguoiDung_ID_0='?' (DbType = Decimal)], CommandType='Text', CommandTimeout='0']
      SELECT "c"."VAI_TRO_ID"
      FROM "QL_VAI_TRO_NGUOI_DUNG" "c"
      WHERE "c"."NGUOI_DUNG_ID" = :nguoiDung_ID_0
info: Microsoft.EntityFrameworkCore.Database.Command[20101]
      Executed DbCommand (3ms) [Parameters=[:Ma_0='?' (Size = 2000)], CommandType='Text', CommandTimeout='0']
      SELECT "l"."GIA_TRI"
      FROM "QL_NHAN_HIEN_THI" "l"
      WHERE "l"."MA" = :Ma_0
      FETCH FIRST 1 ROWS ONLY
info: Microsoft.EntityFrameworkCore.Database.Command[20101]
      Executed DbCommand (2ms) [Parameters=[:nguoiDung_ID_0='?' (DbType = Decimal)], CommandType='Text', CommandTimeout='0']
      SELECT "c"."VAI_TRO_ID"
      FROM "QL_VAI_TRO_NGUOI_DUNG" "c"
      WHERE "c"."NGUOI_DUNG_ID" = :nguoiDung_ID_0
info: Microsoft.EntityFrameworkCore.Database.Command[20101]
      Executed DbCommand (2ms) [Parameters=[:Ma_0='?' (Size = 2000)], CommandType='Text', CommandTimeout='0']
      SELECT "l"."GIA_TRI"
      FROM "QL_NHAN_HIEN_THI" "l"
      WHERE "l"."MA" = :Ma_0
      FETCH FIRST 1 ROWS ONLY
info: Microsoft.EntityFrameworkCore.Database.Command[20101]
      Executed DbCommand (3ms) [Parameters=[:nguoiDung_ID_0='?' (DbType = Decimal)], CommandType='Text', CommandTimeout='0']
      SELECT "c"."VAI_TRO_ID"
      FROM "QL_VAI_TRO_NGUOI_DUNG" "c"
      WHERE "c"."NGUOI_DUNG_ID" = :nguoiDung_ID_0
info: Microsoft.EntityFrameworkCore.Database.Command[20101]
      Executed DbCommand (3ms) [Parameters=[:Ma_0='?' (Size = 2000)], CommandType='Text', CommandTimeout='0']
      SELECT "l"."GIA_TRI"
      FROM "QL_NHAN_HIEN_THI" "l"
      WHERE "l"."MA" = :Ma_0
      FETCH FIRST 1 ROWS ONLY
info: Microsoft.EntityFrameworkCore.Database.Command[20101]
      Executed DbCommand (2ms) [Parameters=[:nguoiDung_ID_0='?' (DbType = Decimal)], CommandType='Text', CommandTimeout='0']
      SELECT "c"."VAI_TRO_ID"
      FROM "QL_VAI_TRO_NGUOI_DUNG" "c"
      WHERE "c"."NGUOI_DUNG_ID" = :nguoiDung_ID_0
info: Microsoft.EntityFrameworkCore.Database.Command[20101]
      Executed DbCommand (2ms) [Parameters=[:Ma_0='?' (Size = 2000)], CommandType='Text', CommandTimeout='0']
      SELECT "l"."GIA_TRI"
      FROM "QL_NHAN_HIEN_THI" "l"
      WHERE "l"."MA" = :Ma_0
      FETCH FIRST 1 ROWS ONLY
info: Microsoft.EntityFrameworkCore.Database.Command[20101]
      Executed DbCommand (3ms) [Parameters=[:nguoiDung_ID_0='?' (DbType = Decimal)], CommandType='Text', CommandTimeout='0']
      SELECT "c"."VAI_TRO_ID"
      FROM "QL_VAI_TRO_NGUOI_DUNG" "c"
      WHERE "c"."NGUOI_DUNG_ID" = :nguoiDung_ID_0
info: Microsoft.EntityFrameworkCore.Database.Command[20101]
      Executed DbCommand (2ms) [Parameters=[:Ma_0='?' (Size = 2000)], CommandType='Text', CommandTimeout='0']
      SELECT "l"."GIA_TRI"
      FROM "QL_NHAN_HIEN_THI" "l"
      WHERE "l"."MA" = :Ma_0
      FETCH FIRST 1 ROWS ONLY
info: Microsoft.EntityFrameworkCore.Database.Command[20101]
      Executed DbCommand (2ms) [Parameters=[:nguoiDung_ID_0='?' (DbType = Decimal)], CommandType='Text', CommandTimeout='0']
      SELECT "c"."VAI_TRO_ID"
      FROM "QL_VAI_TRO_NGUOI_DUNG" "c"
      WHERE "c"."NGUOI_DUNG_ID" = :nguoiDung_ID_0
info: Microsoft.EntityFrameworkCore.Database.Command[20101]
      Executed DbCommand (2ms) [Parameters=[:Ma_0='?' (Size = 2000)], CommandType='Text', CommandTimeout='0']
      SELECT "l"."GIA_TRI"
      FROM "QL_NHAN_HIEN_THI" "l"
      WHERE "l"."MA" = :Ma_0
      FETCH FIRST 1 ROWS ONLY
info: Microsoft.EntityFrameworkCore.Database.Command[20101]
      Executed DbCommand (3ms) [Parameters=[:nguoiDung_ID_0='?' (DbType = Decimal)], CommandType='Text', CommandTimeout='0']
      SELECT "c"."VAI_TRO_ID"
      FROM "QL_VAI_TRO_NGUOI_DUNG" "c"
      WHERE "c"."NGUOI_DUNG_ID" = :nguoiDung_ID_0
info: Microsoft.EntityFrameworkCore.Database.Command[20101]
      Executed DbCommand (3ms) [Parameters=[:Ma_0='?' (Size = 2000)], CommandType='Text', CommandTimeout='0']
      SELECT "l"."GIA_TRI"
      FROM "QL_NHAN_HIEN_THI" "l"
      WHERE "l"."MA" = :Ma_0
      FETCH FIRST 1 ROWS ONLY
info: Microsoft.EntityFrameworkCore.Database.Command[20101]
      Executed DbCommand (2ms) [Parameters=[:nguoiDung_ID_0='?' (DbType = Decimal)], CommandType='Text', CommandTimeout='0']
      SELECT "c"."VAI_TRO_ID"
      FROM "QL_VAI_TRO_NGUOI_DUNG" "c"
      WHERE "c"."NGUOI_DUNG_ID" = :nguoiDung_ID_0
info: Microsoft.EntityFrameworkCore.Database.Command[20101]
      Executed DbCommand (3ms) [Parameters=[:Ma_0='?' (Size = 2000)], CommandType='Text', CommandTimeout='0']
      SELECT "l"."GIA_TRI"
      FROM "QL_NHAN_HIEN_THI" "l"
      WHERE "l"."MA" = :Ma_0
      FETCH FIRST 1 ROWS ONLY
info: Microsoft.EntityFrameworkCore.Database.Command[20101]
      Executed DbCommand (2ms) [Parameters=[:nguoiDung_ID_0='?' (DbType = Decimal)], CommandType='Text', CommandTimeout='0']
      SELECT "c"."VAI_TRO_ID"
      FROM "QL_VAI_TRO_NGUOI_DUNG" "c"
      WHERE "c"."NGUOI_DUNG_ID" = :nguoiDung_ID_0
info: Microsoft.EntityFrameworkCore.Database.Command[20101]
      Executed DbCommand (2ms) [Parameters=[:Ma_0='?' (Size = 2000)], CommandType='Text', CommandTimeout='0']
      SELECT "l"."GIA_TRI"
      FROM "QL_NHAN_HIEN_THI" "l"
      WHERE "l"."MA" = :Ma_0
      FETCH FIRST 1 ROWS ONLY
info: Microsoft.EntityFrameworkCore.Database.Command[20101]
      Executed DbCommand (2ms) [Parameters=[:nguoiDung_ID_0='?' (DbType = Decimal)], CommandType='Text', CommandTimeout='0']
      SELECT "c"."VAI_TRO_ID"
      FROM "QL_VAI_TRO_NGUOI_DUNG" "c"
      WHERE "c"."NGUOI_DUNG_ID" = :nguoiDung_ID_0
info: Microsoft.EntityFrameworkCore.Database.Command[20101]
      Executed DbCommand (3ms) [Parameters=[:Ma_0='?' (Size = 2000)], CommandType='Text', CommandTimeout='0']
      SELECT "l"."GIA_TRI"
      FROM "QL_NHAN_HIEN_THI" "l"
      WHERE "l"."MA" = :Ma_0
      FETCH FIRST 1 ROWS ONLY
info: Microsoft.EntityFrameworkCore.Database.Command[20101]
      Executed DbCommand (2ms) [Parameters=[:nguoiDung_ID_0='?' (DbType = Decimal)], CommandType='Text', CommandTimeout='0']
      SELECT "c"."VAI_TRO_ID"
      FROM "QL_VAI_TRO_NGUOI_DUNG" "c"
      WHERE "c"."NGUOI_DUNG_ID" = :nguoiDung_ID_0
info: Microsoft.EntityFrameworkCore.Database.Command[20101]
      Executed DbCommand (3ms) [Parameters=[:Ma_0='?' (Size = 2000)], CommandType='Text', CommandTimeout='0']
      SELECT "l"."GIA_TRI"
      FROM "QL_NHAN_HIEN_THI" "l"
      WHERE "l"."MA" = :Ma_0
      FETCH FIRST 1 ROWS ONLY
info: Microsoft.EntityFrameworkCore.Database.Command[20101]
      Executed DbCommand (3ms) [Parameters=[:nguoiDung_ID_0='?' (DbType = Decimal)], CommandType='Text', CommandTimeout='0']
      SELECT "c"."VAI_TRO_ID"
      FROM "QL_VAI_TRO_NGUOI_DUNG" "c"
      WHERE "c"."NGUOI_DUNG_ID" = :nguoiDung_ID_0
info: Microsoft.EntityFrameworkCore.Database.Command[20101]
      Executed DbCommand (3ms) [Parameters=[:Ma_0='?' (Size = 2000)], CommandType='Text', CommandTimeout='0']
      SELECT "l"."GIA_TRI"
      FROM "QL_NHAN_HIEN_THI" "l"
      WHERE "l"."MA" = :Ma_0
      FETCH FIRST 1 ROWS ONLY
info: Microsoft.EntityFrameworkCore.Database.Command[20101]
      Executed DbCommand (2ms) [Parameters=[:nguoiDung_ID_0='?' (DbType = Decimal)], CommandType='Text', CommandTimeout='0']
      SELECT "c"."VAI_TRO_ID"
      FROM "QL_VAI_TRO_NGUOI_DUNG" "c"
      WHERE "c"."NGUOI_DUNG_ID" = :nguoiDung_ID_0
info: Microsoft.EntityFrameworkCore.Database.Command[20101]
      Executed DbCommand (3ms) [Parameters=[:Ma_0='?' (Size = 2000)], CommandType='Text', CommandTimeout='0']
      SELECT "l"."GIA_TRI"
      FROM "QL_NHAN_HIEN_THI" "l"
      WHERE "l"."MA" = :Ma_0
      FETCH FIRST 1 ROWS ONLY
info: Microsoft.EntityFrameworkCore.Database.Command[20101]
      Executed DbCommand (2ms) [Parameters=[:nguoiDung_ID_0='?' (DbType = Decimal)], CommandType='Text', CommandTimeout='0']
      SELECT "c"."VAI_TRO_ID"
      FROM "QL_VAI_TRO_NGUOI_DUNG" "c"
      WHERE "c"."NGUOI_DUNG_ID" = :nguoiDung_ID_0
info: Microsoft.EntityFrameworkCore.Database.Command[20101]
      Executed DbCommand (3ms) [Parameters=[:Ma_0='?' (Size = 2000)], CommandType='Text', CommandTimeout='0']
      SELECT "l"."GIA_TRI"
      FROM "QL_NHAN_HIEN_THI" "l"
      WHERE "l"."MA" = :Ma_0
      FETCH FIRST 1 ROWS ONLY
info: Microsoft.EntityFrameworkCore.Database.Command[20101]
      Executed DbCommand (3ms) [Parameters=[:nguoiDung_ID_0='?' (DbType = Decimal)], CommandType='Text', CommandTimeout='0']
      SELECT "c"."VAI_TRO_ID"
      FROM "QL_VAI_TRO_NGUOI_DUNG" "c"
      WHERE "c"."NGUOI_DUNG_ID" = :nguoiDung_ID_0
info: Microsoft.EntityFrameworkCore.Database.Command[20101]
      Executed DbCommand (3ms) [Parameters=[:Ma_0='?' (Size = 2000)], CommandType='Text', CommandTimeout='0']
      SELECT "l"."GIA_TRI"
      FROM "QL_NHAN_HIEN_THI" "l"
      WHERE "l"."MA" = :Ma_0
      FETCH FIRST 1 ROWS ONLY
info: Microsoft.EntityFrameworkCore.Database.Command[20101]
      Executed DbCommand (2ms) [Parameters=[:nguoiDung_ID_0='?' (DbType = Decimal)], CommandType='Text', CommandTimeout='0']
      SELECT "c"."VAI_TRO_ID"
      FROM "QL_VAI_TRO_NGUOI_DUNG" "c"
      WHERE "c"."NGUOI_DUNG_ID" = :nguoiDung_ID_0
info: Microsoft.EntityFrameworkCore.Database.Command[20101]
      Executed DbCommand (3ms) [Parameters=[:Ma_0='?' (Size = 2000)], CommandType='Text', CommandTimeout='0']
      SELECT "l"."GIA_TRI"
      FROM "QL_NHAN_HIEN_THI" "l"
      WHERE "l"."MA" = :Ma_0
      FETCH FIRST 1 ROWS ONLY
info: Microsoft.EntityFrameworkCore.Database.Command[20101]
      Executed DbCommand (2ms) [Parameters=[:nguoiDung_ID_0='?' (DbType = Decimal)], CommandType='Text', CommandTimeout='0']
      SELECT "c"."VAI_TRO_ID"
      FROM "QL_VAI_TRO_NGUOI_DUNG" "c"
      WHERE "c"."NGUOI_DUNG_ID" = :nguoiDung_ID_0
info: Microsoft.EntityFrameworkCore.Database.Command[20101]
      Executed DbCommand (3ms) [Parameters=[:Ma_0='?' (Size = 2000)], CommandType='Text', CommandTimeout='0']
      SELECT "l"."GIA_TRI"
      FROM "QL_NHAN_HIEN_THI" "l"
      WHERE "l"."MA" = :Ma_0
      FETCH FIRST 1 ROWS ONLY
info: Microsoft.EntityFrameworkCore.Database.Command[20101]
      Executed DbCommand (2ms) [Parameters=[:nguoiDung_ID_0='?' (DbType = Decimal)], CommandType='Text', CommandTimeout='0']
      SELECT "c"."VAI_TRO_ID"
      FROM "QL_VAI_TRO_NGUOI_DUNG" "c"
      WHERE "c"."NGUOI_DUNG_ID" = :nguoiDung_ID_0
info: Microsoft.EntityFrameworkCore.Database.Command[20101]
      Executed DbCommand (3ms) [Parameters=[:Ma_0='?' (Size = 2000)], CommandType='Text', CommandTimeout='0']
      SELECT "l"."GIA_TRI"
      FROM "QL_NHAN_HIEN_THI" "l"
      WHERE "l"."MA" = :Ma_0
      FETCH FIRST 1 ROWS ONLY
info: Microsoft.EntityFrameworkCore.Database.Command[20101]
      Executed DbCommand (2ms) [Parameters=[:nguoiDung_ID_0='?' (DbType = Decimal)], CommandType='Text', CommandTimeout='0']
      SELECT "c"."VAI_TRO_ID"
      FROM "QL_VAI_TRO_NGUOI_DUNG" "c"
      WHERE "c"."NGUOI_DUNG_ID" = :nguoiDung_ID_0
info: Microsoft.EntityFrameworkCore.Database.Command[20101]
      Executed DbCommand (3ms) [Parameters=[:Ma_0='?' (Size = 2000)], CommandType='Text', CommandTimeout='0']
      SELECT "l"."GIA_TRI"
      FROM "QL_NHAN_HIEN_THI" "l"
      WHERE "l"."MA" = :Ma_0
      FETCH FIRST 1 ROWS ONLY
info: Microsoft.EntityFrameworkCore.Database.Command[20101]
      Executed DbCommand (2ms) [Parameters=[:nguoiDung_ID_0='?' (DbType = Decimal)], CommandType='Text', CommandTimeout='0']
      SELECT "c"."VAI_TRO_ID"
      FROM "QL_VAI_TRO_NGUOI_DUNG" "c"
      WHERE "c"."NGUOI_DUNG_ID" = :nguoiDung_ID_0
info: Microsoft.EntityFrameworkCore.Database.Command[20101]
      Executed DbCommand (3ms) [Parameters=[:Ma_0='?' (Size = 2000)], CommandType='Text', CommandTimeout='0']
      SELECT "l"."GIA_TRI"
      FROM "QL_NHAN_HIEN_THI" "l"
      WHERE "l"."MA" = :Ma_0
      FETCH FIRST 1 ROWS ONLY
info: Microsoft.EntityFrameworkCore.Database.Command[20101]
      Executed DbCommand (3ms) [Parameters=[:nguoiDung_ID_0='?' (DbType = Decimal)], CommandType='Text', CommandTimeout='0']
      SELECT "c"."VAI_TRO_ID"
      FROM "QL_VAI_TRO_NGUOI_DUNG" "c"
      WHERE "c"."NGUOI_DUNG_ID" = :nguoiDung_ID_0
info: Microsoft.EntityFrameworkCore.Database.Command[20101]
      Executed DbCommand (3ms) [Parameters=[:Ma_0='?' (Size = 2000)], CommandType='Text', CommandTimeout='0']
      SELECT "l"."GIA_TRI"
      FROM "QL_NHAN_HIEN_THI" "l"
      WHERE "l"."MA" = :Ma_0
      FETCH FIRST 1 ROWS ONLY
info: Microsoft.EntityFrameworkCore.Database.Command[20101]
      Executed DbCommand (2ms) [Parameters=[:nguoiDung_ID_0='?' (DbType = Decimal)], CommandType='Text', CommandTimeout='0']
      SELECT "c"."VAI_TRO_ID"
      FROM "QL_VAI_TRO_NGUOI_DUNG" "c"
      WHERE "c"."NGUOI_DUNG_ID" = :nguoiDung_ID_0
info: Microsoft.EntityFrameworkCore.Database.Command[20101]
      Executed DbCommand (3ms) [Parameters=[:Ma_0='?' (Size = 2000)], CommandType='Text', CommandTimeout='0']
      SELECT "l"."GIA_TRI"
      FROM "QL_NHAN_HIEN_THI" "l"
      WHERE "l"."MA" = :Ma_0
      FETCH FIRST 1 ROWS ONLY
info: Microsoft.EntityFrameworkCore.Database.Command[20101]
      Executed DbCommand (2ms) [Parameters=[:nguoiDung_ID_0='?' (DbType = Decimal)], CommandType='Text', CommandTimeout='0']
      SELECT "c"."VAI_TRO_ID"
      FROM "QL_VAI_TRO_NGUOI_DUNG" "c"
      WHERE "c"."NGUOI_DUNG_ID" = :nguoiDung_ID_0
info: Microsoft.EntityFrameworkCore.Database.Command[20101]
      Executed DbCommand (3ms) [Parameters=[:Ma_0='?' (Size = 2000)], CommandType='Text', CommandTimeout='0']
      SELECT "l"."GIA_TRI"
      FROM "QL_NHAN_HIEN_THI" "l"
      WHERE "l"."MA" = :Ma_0
      FETCH FIRST 1 ROWS ONLY
info: Microsoft.EntityFrameworkCore.Database.Command[20101]
      Executed DbCommand (2ms) [Parameters=[:nguoiDung_ID_0='?' (DbType = Decimal)], CommandType='Text', CommandTimeout='0']
      SELECT "c"."VAI_TRO_ID"
      FROM "QL_VAI_TRO_NGUOI_DUNG" "c"
      WHERE "c"."NGUOI_DUNG_ID" = :nguoiDung_ID_0
info: Microsoft.EntityFrameworkCore.Database.Command[20101]
      Executed DbCommand (3ms) [Parameters=[:Ma_0='?' (Size = 2000)], CommandType='Text', CommandTimeout='0']
      SELECT "l"."GIA_TRI"
      FROM "QL_NHAN_HIEN_THI" "l"
      WHERE "l"."MA" = :Ma_0
      FETCH FIRST 1 ROWS ONLY
info: Microsoft.EntityFrameworkCore.Database.Command[20101]
      Executed DbCommand (2ms) [Parameters=[:nguoiDung_ID_0='?' (DbType = Decimal)], CommandType='Text', CommandTimeout='0']
      SELECT "c"."VAI_TRO_ID"
      FROM "QL_VAI_TRO_NGUOI_DUNG" "c"
      WHERE "c"."NGUOI_DUNG_ID" = :nguoiDung_ID_0
info: Microsoft.EntityFrameworkCore.Database.Command[20101]
      Executed DbCommand (3ms) [Parameters=[:Ma_0='?' (Size = 2000)], CommandType='Text', CommandTimeout='0']
      SELECT "l"."GIA_TRI"
      FROM "QL_NHAN_HIEN_THI" "l"
      WHERE "l"."MA" = :Ma_0
      FETCH FIRST 1 ROWS ONLY
info: Microsoft.EntityFrameworkCore.Database.Command[20101]
      Executed DbCommand (2ms) [Parameters=[:nguoiDung_ID_0='?' (DbType = Decimal)], CommandType='Text', CommandTimeout='0']
      SELECT "c"."VAI_TRO_ID"
      FROM "QL_VAI_TRO_NGUOI_DUNG" "c"
      WHERE "c"."NGUOI_DUNG_ID" = :nguoiDung_ID_0
info: Microsoft.EntityFrameworkCore.Database.Command[20101]
      Executed DbCommand (3ms) [Parameters=[:Ma_0='?' (Size = 2000)], CommandType='Text', CommandTimeout='0']
      SELECT "l"."GIA_TRI"
      FROM "QL_NHAN_HIEN_THI" "l"
      WHERE "l"."MA" = :Ma_0
      FETCH FIRST 1 ROWS ONLY
info: Microsoft.EntityFrameworkCore.Database.Command[20101]
      Executed DbCommand (2ms) [Parameters=[:nguoiDung_ID_0='?' (DbType = Decimal)], CommandType='Text', CommandTimeout='0']
      SELECT "c"."VAI_TRO_ID"
      FROM "QL_VAI_TRO_NGUOI_DUNG" "c"
      WHERE "c"."NGUOI_DUNG_ID" = :nguoiDung_ID_0
info: Microsoft.EntityFrameworkCore.Database.Command[20101]
      Executed DbCommand (2ms) [Parameters=[:Ma_0='?' (Size = 2000)], CommandType='Text', CommandTimeout='0']
      SELECT "l"."GIA_TRI"
      FROM "QL_NHAN_HIEN_THI" "l"
      WHERE "l"."MA" = :Ma_0
      FETCH FIRST 1 ROWS ONLY
info: Microsoft.EntityFrameworkCore.Database.Command[20101]
      Executed DbCommand (3ms) [Parameters=[:nguoiDung_ID_0='?' (DbType = Decimal)], CommandType='Text', CommandTimeout='0']
      SELECT "c"."VAI_TRO_ID"
      FROM "QL_VAI_TRO_NGUOI_DUNG" "c"
      WHERE "c"."NGUOI_DUNG_ID" = :nguoiDung_ID_0
info: Microsoft.EntityFrameworkCore.Database.Command[20101]
      Executed DbCommand (3ms) [Parameters=[:Ma_0='?' (Size = 2000)], CommandType='Text', CommandTimeout='0']
      SELECT "l"."GIA_TRI"
      FROM "QL_NHAN_HIEN_THI" "l"
      WHERE "l"."MA" = :Ma_0
      FETCH FIRST 1 ROWS ONLY
info: Microsoft.EntityFrameworkCore.Database.Command[20101]
      Executed DbCommand (2ms) [Parameters=[:nguoiDung_ID_0='?' (DbType = Decimal)], CommandType='Text', CommandTimeout='0']
      SELECT "c"."VAI_TRO_ID"
      FROM "QL_VAI_TRO_NGUOI_DUNG" "c"
      WHERE "c"."NGUOI_DUNG_ID" = :nguoiDung_ID_0
info: Microsoft.EntityFrameworkCore.Database.Command[20101]
      Executed DbCommand (2ms) [Parameters=[:Ma_0='?' (Size = 2000)], CommandType='Text', CommandTimeout='0']
      SELECT "l"."GIA_TRI"
      FROM "QL_NHAN_HIEN_THI" "l"
      WHERE "l"."MA" = :Ma_0
      FETCH FIRST 1 ROWS ONLY
info: Microsoft.EntityFrameworkCore.Database.Command[20101]
      Executed DbCommand (2ms) [Parameters=[:nguoiDung_ID_0='?' (DbType = Decimal)], CommandType='Text', CommandTimeout='0']
      SELECT "c"."VAI_TRO_ID"
      FROM "QL_VAI_TRO_NGUOI_DUNG" "c"
      WHERE "c"."NGUOI_DUNG_ID" = :nguoiDung_ID_0
info: Microsoft.EntityFrameworkCore.Database.Command[20101]
      Executed DbCommand (3ms) [Parameters=[:Ma_0='?' (Size = 2000)], CommandType='Text', CommandTimeout='0']
      SELECT "l"."GIA_TRI"
      FROM "QL_NHAN_HIEN_THI" "l"
      WHERE "l"."MA" = :Ma_0
      FETCH FIRST 1 ROWS ONLY
info: Microsoft.EntityFrameworkCore.Database.Command[20101]
      Executed DbCommand (2ms) [Parameters=[:nguoiDung_ID_0='?' (DbType = Decimal)], CommandType='Text', CommandTimeout='0']
      SELECT "c"."VAI_TRO_ID"
      FROM "QL_VAI_TRO_NGUOI_DUNG" "c"
      WHERE "c"."NGUOI_DUNG_ID" = :nguoiDung_ID_0
info: Microsoft.EntityFrameworkCore.Database.Command[20101]
      Executed DbCommand (3ms) [Parameters=[:Ma_0='?' (Size = 2000)], CommandType='Text', CommandTimeout='0']
      SELECT "l"."GIA_TRI"
      FROM "QL_NHAN_HIEN_THI" "l"
      WHERE "l"."MA" = :Ma_0
      FETCH FIRST 1 ROWS ONLY
info: Microsoft.EntityFrameworkCore.Database.Command[20101]
      Executed DbCommand (3ms) [Parameters=[:nguoiDung_ID_0='?' (DbType = Decimal)], CommandType='Text', CommandTimeout='0']
      SELECT "c"."VAI_TRO_ID"
      FROM "QL_VAI_TRO_NGUOI_DUNG" "c"
      WHERE "c"."NGUOI_DUNG_ID" = :nguoiDung_ID_0
info: Microsoft.EntityFrameworkCore.Database.Command[20101]
      Executed DbCommand (2ms) [Parameters=[:Ma_0='?' (Size = 2000)], CommandType='Text', CommandTimeout='0']
      SELECT "l"."GIA_TRI"
      FROM "QL_NHAN_HIEN_THI" "l"
      WHERE "l"."MA" = :Ma_0
      FETCH FIRST 1 ROWS ONLY
info: Microsoft.EntityFrameworkCore.Database.Command[20101]
      Executed DbCommand (2ms) [Parameters=[:nguoiDung_ID_0='?' (DbType = Decimal)], CommandType='Text', CommandTimeout='0']
      SELECT "c"."VAI_TRO_ID"
      FROM "QL_VAI_TRO_NGUOI_DUNG" "c"
      WHERE "c"."NGUOI_DUNG_ID" = :nguoiDung_ID_0
info: Microsoft.EntityFrameworkCore.Database.Command[20101]
      Executed DbCommand (2ms) [Parameters=[:Ma_0='?' (Size = 2000)], CommandType='Text', CommandTimeout='0']
      SELECT "l"."GIA_TRI"
      FROM "QL_NHAN_HIEN_THI" "l"
      WHERE "l"."MA" = :Ma_0
      FETCH FIRST 1 ROWS ONLY
info: Microsoft.EntityFrameworkCore.Database.Command[20101]
      Executed DbCommand (2ms) [Parameters=[:nguoiDung_ID_0='?' (DbType = Decimal)], CommandType='Text', CommandTimeout='0']
      SELECT "c"."VAI_TRO_ID"
      FROM "QL_VAI_TRO_NGUOI_DUNG" "c"
      WHERE "c"."NGUOI_DUNG_ID" = :nguoiDung_ID_0
info: Microsoft.EntityFrameworkCore.Database.Command[20101]
      Executed DbCommand (3ms) [Parameters=[:Ma_0='?' (Size = 2000)], CommandType='Text', CommandTimeout='0']
      SELECT "l"."GIA_TRI"
      FROM "QL_NHAN_HIEN_THI" "l"
      WHERE "l"."MA" = :Ma_0
      FETCH FIRST 1 ROWS ONLY
info: Microsoft.EntityFrameworkCore.Database.Command[20101]
      Executed DbCommand (2ms) [Parameters=[:nguoiDung_ID_0='?' (DbType = Decimal)], CommandType='Text', CommandTimeout='0']
      SELECT "c"."VAI_TRO_ID"
      FROM "QL_VAI_TRO_NGUOI_DUNG" "c"
      WHERE "c"."NGUOI_DUNG_ID" = :nguoiDung_ID_0
info: Microsoft.EntityFrameworkCore.Database.Command[20101]
      Executed DbCommand (2ms) [Parameters=[:Ma_0='?' (Size = 2000)], CommandType='Text', CommandTimeout='0']
      SELECT "l"."GIA_TRI"
      FROM "QL_NHAN_HIEN_THI" "l"
      WHERE "l"."MA" = :Ma_0
      FETCH FIRST 1 ROWS ONLY
info: Microsoft.EntityFrameworkCore.Database.Command[20101]
      Executed DbCommand (2ms) [Parameters=[:nguoiDung_ID_0='?' (DbType = Decimal)], CommandType='Text', CommandTimeout='0']
      SELECT "c"."VAI_TRO_ID"
      FROM "QL_VAI_TRO_NGUOI_DUNG" "c"
      WHERE "c"."NGUOI_DUNG_ID" = :nguoiDung_ID_0
info: Microsoft.EntityFrameworkCore.Database.Command[20101]
      Executed DbCommand (2ms) [Parameters=[:Ma_0='?' (Size = 2000)], CommandType='Text', CommandTimeout='0']
      SELECT "l"."GIA_TRI"
      FROM "QL_NHAN_HIEN_THI" "l"
      WHERE "l"."MA" = :Ma_0
      FETCH FIRST 1 ROWS ONLY
info: Microsoft.EntityFrameworkCore.Database.Command[20101]
      Executed DbCommand (2ms) [Parameters=[:nguoiDung_ID_0='?' (DbType = Decimal)], CommandType='Text', CommandTimeout='0']
      SELECT "c"."VAI_TRO_ID"
      FROM "QL_VAI_TRO_NGUOI_DUNG" "c"
      WHERE "c"."NGUOI_DUNG_ID" = :nguoiDung_ID_0
info: Microsoft.EntityFrameworkCore.Database.Command[20101]
      Executed DbCommand (3ms) [Parameters=[:Ma_0='?' (Size = 2000)], CommandType='Text', CommandTimeout='0']
      SELECT "l"."GIA_TRI"
      FROM "QL_NHAN_HIEN_THI" "l"
      WHERE "l"."MA" = :Ma_0
      FETCH FIRST 1 ROWS ONLY
info: Microsoft.EntityFrameworkCore.Database.Command[20101]
      Executed DbCommand (3ms) [Parameters=[:nguoiDung_ID_0='?' (DbType = Decimal)], CommandType='Text', CommandTimeout='0']
      SELECT "c"."VAI_TRO_ID"
      FROM "QL_VAI_TRO_NGUOI_DUNG" "c"
      WHERE "c"."NGUOI_DUNG_ID" = :nguoiDung_ID_0
info: Microsoft.EntityFrameworkCore.Database.Command[20101]
      Executed DbCommand (3ms) [Parameters=[:Ma_0='?' (Size = 2000)], CommandType='Text', CommandTimeout='0']
      SELECT "l"."GIA_TRI"
      FROM "QL_NHAN_HIEN_THI" "l"
      WHERE "l"."MA" = :Ma_0
      FETCH FIRST 1 ROWS ONLY
info: Microsoft.EntityFrameworkCore.Database.Command[20101]
      Executed DbCommand (2ms) [Parameters=[:nguoiDung_ID_0='?' (DbType = Decimal)], CommandType='Text', CommandTimeout='0']
      SELECT "c"."VAI_TRO_ID"
      FROM "QL_VAI_TRO_NGUOI_DUNG" "c"
      WHERE "c"."NGUOI_DUNG_ID" = :nguoiDung_ID_0
info: Microsoft.EntityFrameworkCore.Database.Command[20101]
      Executed DbCommand (2ms) [Parameters=[:Ma_0='?' (Size = 2000)], CommandType='Text', CommandTimeout='0']
      SELECT "l"."GIA_TRI"
      FROM "QL_NHAN_HIEN_THI" "l"
      WHERE "l"."MA" = :Ma_0
      FETCH FIRST 1 ROWS ONLY
info: Microsoft.EntityFrameworkCore.Database.Command[20101]
      Executed DbCommand (3ms) [Parameters=[:nguoiDung_ID_0='?' (DbType = Decimal)], CommandType='Text', CommandTimeout='0']
      SELECT "c"."VAI_TRO_ID"
      FROM "QL_VAI_TRO_NGUOI_DUNG" "c"
      WHERE "c"."NGUOI_DUNG_ID" = :nguoiDung_ID_0
info: Microsoft.EntityFrameworkCore.Database.Command[20101]
      Executed DbCommand (2ms) [Parameters=[:Ma_0='?' (Size = 2000)], CommandType='Text', CommandTimeout='0']
      SELECT "l"."GIA_TRI"
      FROM "QL_NHAN_HIEN_THI" "l"
      WHERE "l"."MA" = :Ma_0
      FETCH FIRST 1 ROWS ONLY
info: Microsoft.EntityFrameworkCore.Database.Command[20101]
      Executed DbCommand (2ms) [Parameters=[:nguoiDung_ID_0='?' (DbType = Decimal)], CommandType='Text', CommandTimeout='0']
      SELECT "c"."VAI_TRO_ID"
      FROM "QL_VAI_TRO_NGUOI_DUNG" "c"
      WHERE "c"."NGUOI_DUNG_ID" = :nguoiDung_ID_0
info: Microsoft.EntityFrameworkCore.Database.Command[20101]
      Executed DbCommand (3ms) [Parameters=[:Ma_0='?' (Size = 2000)], CommandType='Text', CommandTimeout='0']
      SELECT "l"."GIA_TRI"
      FROM "QL_NHAN_HIEN_THI" "l"
      WHERE "l"."MA" = :Ma_0
      FETCH FIRST 1 ROWS ONLY
info: Microsoft.EntityFrameworkCore.Database.Command[20101]
      Executed DbCommand (3ms) [Parameters=[:nguoiDung_ID_0='?' (DbType = Decimal)], CommandType='Text', CommandTimeout='0']
      SELECT "c"."VAI_TRO_ID"
      FROM "QL_VAI_TRO_NGUOI_DUNG" "c"
      WHERE "c"."NGUOI_DUNG_ID" = :nguoiDung_ID_0
info: Microsoft.EntityFrameworkCore.Database.Command[20101]
      Executed DbCommand (3ms) [Parameters=[:Ma_0='?' (Size = 2000)], CommandType='Text', CommandTimeout='0']
      SELECT "l"."GIA_TRI"
      FROM "QL_NHAN_HIEN_THI" "l"
      WHERE "l"."MA" = :Ma_0
      FETCH FIRST 1 ROWS ONLY
info: Microsoft.EntityFrameworkCore.Database.Command[20101]
      Executed DbCommand (3ms) [Parameters=[:nguoiDung_ID_0='?' (DbType = Decimal)], CommandType='Text', CommandTimeout='0']
      SELECT "c"."VAI_TRO_ID"
      FROM "QL_VAI_TRO_NGUOI_DUNG" "c"
      WHERE "c"."NGUOI_DUNG_ID" = :nguoiDung_ID_0
info: Microsoft.EntityFrameworkCore.Database.Command[20101]
      Executed DbCommand (2ms) [Parameters=[:Ma_0='?' (Size = 2000)], CommandType='Text', CommandTimeout='0']
      SELECT "l"."GIA_TRI"
      FROM "QL_NHAN_HIEN_THI" "l"
      WHERE "l"."MA" = :Ma_0
      FETCH FIRST 1 ROWS ONLY
info: Microsoft.EntityFrameworkCore.Database.Command[20101]
      Executed DbCommand (2ms) [Parameters=[:nguoiDung_ID_0='?' (DbType = Decimal)], CommandType='Text', CommandTimeout='0']
      SELECT "c"."VAI_TRO_ID"
      FROM "QL_VAI_TRO_NGUOI_DUNG" "c"
      WHERE "c"."NGUOI_DUNG_ID" = :nguoiDung_ID_0
info: Microsoft.EntityFrameworkCore.Database.Command[20101]
      Executed DbCommand (2ms) [Parameters=[:Ma_0='?' (Size = 2000)], CommandType='Text', CommandTimeout='0']
      SELECT "l"."GIA_TRI"
      FROM "QL_NHAN_HIEN_THI" "l"
      WHERE "l"."MA" = :Ma_0
      FETCH FIRST 1 ROWS ONLY
info: Microsoft.EntityFrameworkCore.Database.Command[20101]
      Executed DbCommand (2ms) [Parameters=[:nguoiDung_ID_0='?' (DbType = Decimal)], CommandType='Text', CommandTimeout='0']
      SELECT "c"."VAI_TRO_ID"
      FROM "QL_VAI_TRO_NGUOI_DUNG" "c"
      WHERE "c"."NGUOI_DUNG_ID" = :nguoiDung_ID_0
info: Microsoft.EntityFrameworkCore.Database.Command[20101]
      Executed DbCommand (2ms) [Parameters=[:Ma_0='?' (Size = 2000)], CommandType='Text', CommandTimeout='0']
      SELECT "l"."GIA_TRI"
      FROM "QL_NHAN_HIEN_THI" "l"
      WHERE "l"."MA" = :Ma_0
      FETCH FIRST 1 ROWS ONLY
info: Microsoft.EntityFrameworkCore.Database.Command[20101]
      Executed DbCommand (2ms) [Parameters=[:nguoiDung_ID_0='?' (DbType = Decimal)], CommandType='Text', CommandTimeout='0']
      SELECT "c"."VAI_TRO_ID"
      FROM "QL_VAI_TRO_NGUOI_DUNG" "c"
      WHERE "c"."NGUOI_DUNG_ID" = :nguoiDung_ID_0
info: Microsoft.EntityFrameworkCore.Database.Command[20101]
      Executed DbCommand (2ms) [Parameters=[:Ma_0='?' (Size = 2000)], CommandType='Text', CommandTimeout='0']
      SELECT "l"."GIA_TRI"
      FROM "QL_NHAN_HIEN_THI" "l"
      WHERE "l"."MA" = :Ma_0
      FETCH FIRST 1 ROWS ONLY
info: Microsoft.EntityFrameworkCore.Database.Command[20101]
      Executed DbCommand (2ms) [Parameters=[:nguoiDung_ID_0='?' (DbType = Decimal)], CommandType='Text', CommandTimeout='0']
      SELECT "c"."VAI_TRO_ID"
      FROM "QL_VAI_TRO_NGUOI_DUNG" "c"
      WHERE "c"."NGUOI_DUNG_ID" = :nguoiDung_ID_0
info: Microsoft.EntityFrameworkCore.Database.Command[20101]
      Executed DbCommand (60ms) [Parameters=[:donViId_0='?' (DbType = Decimal)], CommandType='Text', CommandTimeout='0']
      SELECT COUNT(*)
      FROM "DM_DON_VI" "p"
      WHERE ((("p"."PARENT_ID" = :donViId_0) AND ("p"."LA_BAN_QL_DU_AN" = 1)) OR (("p"."ID" = :donViId_0) AND ("p"."LOAI_DON_VI_ID" = 15.0))) OR (("p"."ID" = :donViId_0) AND ("p"."LA_BAN_QL_DU_AN" = 1))
info: Microsoft.EntityFrameworkCore.Database.Command[20101]
      Executed DbCommand (2ms) [Parameters=[:Ma_0='?' (Size = 2000)], CommandType='Text', CommandTimeout='0']
      SELECT "l"."GIA_TRI"
      FROM "QL_NHAN_HIEN_THI" "l"
      WHERE "l"."MA" = :Ma_0
      FETCH FIRST 1 ROWS ONLY
info: Microsoft.EntityFrameworkCore.Database.Command[20101]
      Executed DbCommand (2ms) [Parameters=[:nguoiDung_ID_0='?' (DbType = Decimal)], CommandType='Text', CommandTimeout='0']
      SELECT "c"."VAI_TRO_ID"
      FROM "QL_VAI_TRO_NGUOI_DUNG" "c"
      WHERE "c"."NGUOI_DUNG_ID" = :nguoiDung_ID_0
info: Microsoft.EntityFrameworkCore.Database.Command[20101]
      Executed DbCommand (3ms) [Parameters=[:Ma_0='?' (Size = 2000)], CommandType='Text', CommandTimeout='0']
      SELECT "l"."GIA_TRI"
      FROM "QL_NHAN_HIEN_THI" "l"
      WHERE "l"."MA" = :Ma_0
      FETCH FIRST 1 ROWS ONLY
info: Microsoft.EntityFrameworkCore.Database.Command[20101]
      Executed DbCommand (3ms) [Parameters=[:nguoiDung_ID_0='?' (DbType = Decimal)], CommandType='Text', CommandTimeout='0']
      SELECT "c"."VAI_TRO_ID"
      FROM "QL_VAI_TRO_NGUOI_DUNG" "c"
      WHERE "c"."NGUOI_DUNG_ID" = :nguoiDung_ID_0
info: Microsoft.EntityFrameworkCore.Database.Command[20101]
      Executed DbCommand (3ms) [Parameters=[:Ma_0='?' (Size = 2000)], CommandType='Text', CommandTimeout='0']
      SELECT "l"."GIA_TRI"
      FROM "QL_NHAN_HIEN_THI" "l"
      WHERE "l"."MA" = :Ma_0
      FETCH FIRST 1 ROWS ONLY
info: Microsoft.EntityFrameworkCore.Database.Command[20101]
      Executed DbCommand (2ms) [Parameters=[:nguoiDung_ID_0='?' (DbType = Decimal)], CommandType='Text', CommandTimeout='0']
      SELECT "c"."VAI_TRO_ID"
      FROM "QL_VAI_TRO_NGUOI_DUNG" "c"
      WHERE "c"."NGUOI_DUNG_ID" = :nguoiDung_ID_0
info: Microsoft.EntityFrameworkCore.Database.Command[20101]
      Executed DbCommand (2ms) [Parameters=[:Ma_0='?' (Size = 2000)], CommandType='Text', CommandTimeout='0']
      SELECT "l"."GIA_TRI"
      FROM "QL_NHAN_HIEN_THI" "l"
      WHERE "l"."MA" = :Ma_0
      FETCH FIRST 1 ROWS ONLY
info: Microsoft.EntityFrameworkCore.Database.Command[20101]
      Executed DbCommand (3ms) [Parameters=[:nguoiDung_ID_0='?' (DbType = Decimal)], CommandType='Text', CommandTimeout='0']
      SELECT "c"."VAI_TRO_ID"
      FROM "QL_VAI_TRO_NGUOI_DUNG" "c"
      WHERE "c"."NGUOI_DUNG_ID" = :nguoiDung_ID_0
info: Microsoft.EntityFrameworkCore.Database.Command[20101]
      Executed DbCommand (2ms) [Parameters=[:Ma_0='?' (Size = 2000)], CommandType='Text', CommandTimeout='0']
      SELECT "l"."GIA_TRI"
      FROM "QL_NHAN_HIEN_THI" "l"
      WHERE "l"."MA" = :Ma_0
      FETCH FIRST 1 ROWS ONLY
info: Microsoft.EntityFrameworkCore.Database.Command[20101]
      Executed DbCommand (2ms) [Parameters=[:nguoiDung_ID_0='?' (DbType = Decimal)], CommandType='Text', CommandTimeout='0']
      SELECT "c"."VAI_TRO_ID"
      FROM "QL_VAI_TRO_NGUOI_DUNG" "c"
      WHERE "c"."NGUOI_DUNG_ID" = :nguoiDung_ID_0
info: Microsoft.EntityFrameworkCore.Database.Command[20101]
      Executed DbCommand (2ms) [Parameters=[:Ma_0='?' (Size = 2000)], CommandType='Text', CommandTimeout='0']
      SELECT "l"."GIA_TRI"
      FROM "QL_NHAN_HIEN_THI" "l"
      WHERE "l"."MA" = :Ma_0
      FETCH FIRST 1 ROWS ONLY
info: Microsoft.EntityFrameworkCore.Database.Command[20101]
      Executed DbCommand (2ms) [Parameters=[:nguoiDung_ID_0='?' (DbType = Decimal)], CommandType='Text', CommandTimeout='0']
      SELECT "c"."VAI_TRO_ID"
      FROM "QL_VAI_TRO_NGUOI_DUNG" "c"
      WHERE "c"."NGUOI_DUNG_ID" = :nguoiDung_ID_0
info: Microsoft.EntityFrameworkCore.Database.Command[20101]
      Executed DbCommand (3ms) [Parameters=[:Ma_0='?' (Size = 2000)], CommandType='Text', CommandTimeout='0']
      SELECT "l"."GIA_TRI"
      FROM "QL_NHAN_HIEN_THI" "l"
      WHERE "l"."MA" = :Ma_0
      FETCH FIRST 1 ROWS ONLY
info: Microsoft.EntityFrameworkCore.Database.Command[20101]
      Executed DbCommand (2ms) [Parameters=[:nguoiDung_ID_0='?' (DbType = Decimal)], CommandType='Text', CommandTimeout='0']
      SELECT "c"."VAI_TRO_ID"
      FROM "QL_VAI_TRO_NGUOI_DUNG" "c"
      WHERE "c"."NGUOI_DUNG_ID" = :nguoiDung_ID_0
info: Microsoft.EntityFrameworkCore.Database.Command[20101]
      Executed DbCommand (3ms) [Parameters=[:Ma_0='?' (Size = 2000)], CommandType='Text', CommandTimeout='0']
      SELECT "l"."GIA_TRI"
      FROM "QL_NHAN_HIEN_THI" "l"
      WHERE "l"."MA" = :Ma_0
      FETCH FIRST 1 ROWS ONLY
info: Microsoft.EntityFrameworkCore.Database.Command[20101]
      Executed DbCommand (3ms) [Parameters=[:nguoiDung_ID_0='?' (DbType = Decimal)], CommandType='Text', CommandTimeout='0']
      SELECT "c"."VAI_TRO_ID"
      FROM "QL_VAI_TRO_NGUOI_DUNG" "c"
      WHERE "c"."NGUOI_DUNG_ID" = :nguoiDung_ID_0
info: Microsoft.EntityFrameworkCore.Database.Command[20101]
      Executed DbCommand (3ms) [Parameters=[:Ma_0='?' (Size = 2000)], CommandType='Text', CommandTimeout='0']
      SELECT "l"."GIA_TRI"
      FROM "QL_NHAN_HIEN_THI" "l"
      WHERE "l"."MA" = :Ma_0
      FETCH FIRST 1 ROWS ONLY
info: Microsoft.EntityFrameworkCore.Database.Command[20101]
      Executed DbCommand (2ms) [Parameters=[:nguoiDung_ID_0='?' (DbType = Decimal)], CommandType='Text', CommandTimeout='0']
      SELECT "c"."VAI_TRO_ID"
      FROM "QL_VAI_TRO_NGUOI_DUNG" "c"
      WHERE "c"."NGUOI_DUNG_ID" = :nguoiDung_ID_0
info: Microsoft.EntityFrameworkCore.Database.Command[20101]
      Executed DbCommand (3ms) [Parameters=[:Ma_0='?' (Size = 2000)], CommandType='Text', CommandTimeout='0']
      SELECT "l"."GIA_TRI"
      FROM "QL_NHAN_HIEN_THI" "l"
      WHERE "l"."MA" = :Ma_0
      FETCH FIRST 1 ROWS ONLY
info: Microsoft.EntityFrameworkCore.Database.Command[20101]
      Executed DbCommand (2ms) [Parameters=[:nguoiDung_ID_0='?' (DbType = Decimal)], CommandType='Text', CommandTimeout='0']
      SELECT "c"."VAI_TRO_ID"
      FROM "QL_VAI_TRO_NGUOI_DUNG" "c"
      WHERE "c"."NGUOI_DUNG_ID" = :nguoiDung_ID_0
info: Microsoft.EntityFrameworkCore.Database.Command[20101]
      Executed DbCommand (3ms) [Parameters=[:Ma_0='?' (Size = 2000)], CommandType='Text', CommandTimeout='0']
      SELECT "l"."GIA_TRI"
      FROM "QL_NHAN_HIEN_THI" "l"
      WHERE "l"."MA" = :Ma_0
      FETCH FIRST 1 ROWS ONLY
info: Microsoft.EntityFrameworkCore.Database.Command[20101]
      Executed DbCommand (3ms) [Parameters=[:nguoiDung_ID_0='?' (DbType = Decimal)], CommandType='Text', CommandTimeout='0']
      SELECT "c"."VAI_TRO_ID"
      FROM "QL_VAI_TRO_NGUOI_DUNG" "c"
      WHERE "c"."NGUOI_DUNG_ID" = :nguoiDung_ID_0
info: Microsoft.EntityFrameworkCore.Database.Command[20101]
      Executed DbCommand (5ms) [Parameters=[:Ma_0='?' (Size = 2000)], CommandType='Text', CommandTimeout='0']
      SELECT "l"."GIA_TRI"
      FROM "QL_NHAN_HIEN_THI" "l"
      WHERE "l"."MA" = :Ma_0
      FETCH FIRST 1 ROWS ONLY
info: Microsoft.EntityFrameworkCore.Database.Command[20101]
      Executed DbCommand (5ms) [Parameters=[:nguoiDung_ID_0='?' (DbType = Decimal)], CommandType='Text', CommandTimeout='0']
      SELECT "c"."VAI_TRO_ID"
      FROM "QL_VAI_TRO_NGUOI_DUNG" "c"
      WHERE "c"."NGUOI_DUNG_ID" = :nguoiDung_ID_0
info: Microsoft.EntityFrameworkCore.Database.Command[20101]
      Executed DbCommand (3ms) [Parameters=[:Ma_0='?' (Size = 2000)], CommandType='Text', CommandTimeout='0']
      SELECT "l"."GIA_TRI"
      FROM "QL_NHAN_HIEN_THI" "l"
      WHERE "l"."MA" = :Ma_0
      FETCH FIRST 1 ROWS ONLY
info: Microsoft.EntityFrameworkCore.Database.Command[20101]
      Executed DbCommand (2ms) [Parameters=[:nguoiDung_ID_0='?' (DbType = Decimal)], CommandType='Text', CommandTimeout='0']
      SELECT "c"."VAI_TRO_ID"
      FROM "QL_VAI_TRO_NGUOI_DUNG" "c"
      WHERE "c"."NGUOI_DUNG_ID" = :nguoiDung_ID_0
info: Microsoft.EntityFrameworkCore.Database.Command[20101]
      Executed DbCommand (4ms) [Parameters=[:Ma_0='?' (Size = 2000)], CommandType='Text', CommandTimeout='0']
      SELECT "l"."GIA_TRI"
      FROM "QL_NHAN_HIEN_THI" "l"
      WHERE "l"."MA" = :Ma_0
      FETCH FIRST 1 ROWS ONLY
info: Microsoft.EntityFrameworkCore.Database.Command[20101]
      Executed DbCommand (2ms) [Parameters=[:nguoiDung_ID_0='?' (DbType = Decimal)], CommandType='Text', CommandTimeout='0']
      SELECT "c"."VAI_TRO_ID"
      FROM "QL_VAI_TRO_NGUOI_DUNG" "c"
      WHERE "c"."NGUOI_DUNG_ID" = :nguoiDung_ID_0
info: Microsoft.EntityFrameworkCore.Database.Command[20101]
      Executed DbCommand (3ms) [Parameters=[:Ma_0='?' (Size = 2000)], CommandType='Text', CommandTimeout='0']
      SELECT "l"."GIA_TRI"
      FROM "QL_NHAN_HIEN_THI" "l"
      WHERE "l"."MA" = :Ma_0
      FETCH FIRST 1 ROWS ONLY
info: Microsoft.EntityFrameworkCore.Database.Command[20101]
      Executed DbCommand (3ms) [Parameters=[:nguoiDung_ID_0='?' (DbType = Decimal)], CommandType='Text', CommandTimeout='0']
      SELECT "c"."VAI_TRO_ID"
      FROM "QL_VAI_TRO_NGUOI_DUNG" "c"
      WHERE "c"."NGUOI_DUNG_ID" = :nguoiDung_ID_0
info: Microsoft.EntityFrameworkCore.Database.Command[20101]
      Executed DbCommand (3ms) [Parameters=[:Ma_0='?' (Size = 2000)], CommandType='Text', CommandTimeout='0']
      SELECT "l"."GIA_TRI"
      FROM "QL_NHAN_HIEN_THI" "l"
      WHERE "l"."MA" = :Ma_0
      FETCH FIRST 1 ROWS ONLY
info: Microsoft.EntityFrameworkCore.Database.Command[20101]
      Executed DbCommand (3ms) [Parameters=[:nguoiDung_ID_0='?' (DbType = Decimal)], CommandType='Text', CommandTimeout='0']
      SELECT "c"."VAI_TRO_ID"
      FROM "QL_VAI_TRO_NGUOI_DUNG" "c"
      WHERE "c"."NGUOI_DUNG_ID" = :nguoiDung_ID_0
info: Microsoft.EntityFrameworkCore.Database.Command[20101]
      Executed DbCommand (2ms) [Parameters=[:Ma_0='?' (Size = 2000)], CommandType='Text', CommandTimeout='0']
      SELECT "l"."GIA_TRI"
      FROM "QL_NHAN_HIEN_THI" "l"
      WHERE "l"."MA" = :Ma_0
      FETCH FIRST 1 ROWS ONLY
info: Microsoft.EntityFrameworkCore.Database.Command[20101]
      Executed DbCommand (2ms) [Parameters=[:nguoiDung_ID_0='?' (DbType = Decimal)], CommandType='Text', CommandTimeout='0']
      SELECT "c"."VAI_TRO_ID"
      FROM "QL_VAI_TRO_NGUOI_DUNG" "c"
      WHERE "c"."NGUOI_DUNG_ID" = :nguoiDung_ID_0
info: Microsoft.EntityFrameworkCore.Database.Command[20101]
      Executed DbCommand (3ms) [Parameters=[:Ma_0='?' (Size = 2000)], CommandType='Text', CommandTimeout='0']
      SELECT "l"."GIA_TRI"
      FROM "QL_NHAN_HIEN_THI" "l"
      WHERE "l"."MA" = :Ma_0
      FETCH FIRST 1 ROWS ONLY
info: Microsoft.EntityFrameworkCore.Database.Command[20101]
      Executed DbCommand (2ms) [Parameters=[:nguoiDung_ID_0='?' (DbType = Decimal)], CommandType='Text', CommandTimeout='0']
      SELECT "c"."VAI_TRO_ID"
      FROM "QL_VAI_TRO_NGUOI_DUNG" "c"
      WHERE "c"."NGUOI_DUNG_ID" = :nguoiDung_ID_0
info: Microsoft.EntityFrameworkCore.Database.Command[20101]
      Executed DbCommand (2ms) [Parameters=[:Ma_0='?' (Size = 2000)], CommandType='Text', CommandTimeout='0']
      SELECT "l"."GIA_TRI"
      FROM "QL_NHAN_HIEN_THI" "l"
      WHERE "l"."MA" = :Ma_0
      FETCH FIRST 1 ROWS ONLY
info: Microsoft.EntityFrameworkCore.Database.Command[20101]
      Executed DbCommand (2ms) [Parameters=[:nguoiDung_ID_0='?' (DbType = Decimal)], CommandType='Text', CommandTimeout='0']
      SELECT "c"."VAI_TRO_ID"
      FROM "QL_VAI_TRO_NGUOI_DUNG" "c"
      WHERE "c"."NGUOI_DUNG_ID" = :nguoiDung_ID_0
info: Microsoft.EntityFrameworkCore.Database.Command[20101]
      Executed DbCommand (2ms) [Parameters=[:Ma_0='?' (Size = 2000)], CommandType='Text', CommandTimeout='0']
      SELECT "l"."GIA_TRI"
      FROM "QL_NHAN_HIEN_THI" "l"
      WHERE "l"."MA" = :Ma_0
      FETCH FIRST 1 ROWS ONLY
info: Microsoft.EntityFrameworkCore.Database.Command[20101]
      Executed DbCommand (2ms) [Parameters=[:nguoiDung_ID_0='?' (DbType = Decimal)], CommandType='Text', CommandTimeout='0']
      SELECT "c"."VAI_TRO_ID"
      FROM "QL_VAI_TRO_NGUOI_DUNG" "c"
      WHERE "c"."NGUOI_DUNG_ID" = :nguoiDung_ID_0
info: Microsoft.EntityFrameworkCore.Database.Command[20101]
      Executed DbCommand (2ms) [Parameters=[:Ma_0='?' (Size = 2000)], CommandType='Text', CommandTimeout='0']
      SELECT "l"."GIA_TRI"
      FROM "QL_NHAN_HIEN_THI" "l"
      WHERE "l"."MA" = :Ma_0
      FETCH FIRST 1 ROWS ONLY
info: Microsoft.EntityFrameworkCore.Database.Command[20101]
      Executed DbCommand (2ms) [Parameters=[:nguoiDung_ID_0='?' (DbType = Decimal)], CommandType='Text', CommandTimeout='0']
      SELECT "c"."VAI_TRO_ID"
      FROM "QL_VAI_TRO_NGUOI_DUNG" "c"
      WHERE "c"."NGUOI_DUNG_ID" = :nguoiDung_ID_0
info: Microsoft.EntityFrameworkCore.Database.Command[20101]
      Executed DbCommand (2ms) [Parameters=[:Ma_0='?' (Size = 2000)], CommandType='Text', CommandTimeout='0']
      SELECT "l"."GIA_TRI"
      FROM "QL_NHAN_HIEN_THI" "l"
      WHERE "l"."MA" = :Ma_0
      FETCH FIRST 1 ROWS ONLY
info: Microsoft.EntityFrameworkCore.Database.Command[20101]
      Executed DbCommand (2ms) [Parameters=[:nguoiDung_ID_0='?' (DbType = Decimal)], CommandType='Text', CommandTimeout='0']
      SELECT "c"."VAI_TRO_ID"
      FROM "QL_VAI_TRO_NGUOI_DUNG" "c"
      WHERE "c"."NGUOI_DUNG_ID" = :nguoiDung_ID_0
info: Microsoft.EntityFrameworkCore.Database.Command[20101]
      Executed DbCommand (3ms) [Parameters=[:Ma_0='?' (Size = 2000)], CommandType='Text', CommandTimeout='0']
      SELECT "l"."GIA_TRI"
      FROM "QL_NHAN_HIEN_THI" "l"
      WHERE "l"."MA" = :Ma_0
      FETCH FIRST 1 ROWS ONLY
info: Microsoft.EntityFrameworkCore.Database.Command[20101]
      Executed DbCommand (2ms) [Parameters=[:nguoiDung_ID_0='?' (DbType = Decimal)], CommandType='Text', CommandTimeout='0']
      SELECT "c"."VAI_TRO_ID"
      FROM "QL_VAI_TRO_NGUOI_DUNG" "c"
      WHERE "c"."NGUOI_DUNG_ID" = :nguoiDung_ID_0
info: Microsoft.EntityFrameworkCore.Database.Command[20101]
      Executed DbCommand (3ms) [Parameters=[:Ma_0='?' (Size = 2000)], CommandType='Text', CommandTimeout='0']
      SELECT "l"."GIA_TRI"
      FROM "QL_NHAN_HIEN_THI" "l"
      WHERE "l"."MA" = :Ma_0
      FETCH FIRST 1 ROWS ONLY
info: Microsoft.EntityFrameworkCore.Database.Command[20101]
      Executed DbCommand (2ms) [Parameters=[:nguoiDung_ID_0='?' (DbType = Decimal)], CommandType='Text', CommandTimeout='0']
      SELECT "c"."VAI_TRO_ID"
      FROM "QL_VAI_TRO_NGUOI_DUNG" "c"
      WHERE "c"."NGUOI_DUNG_ID" = :nguoiDung_ID_0
info: Microsoft.EntityFrameworkCore.Database.Command[20101]
      Executed DbCommand (2ms) [Parameters=[:Ma_0='?' (Size = 2000)], CommandType='Text', CommandTimeout='0']
      SELECT "l"."GIA_TRI"
      FROM "QL_NHAN_HIEN_THI" "l"
      WHERE "l"."MA" = :Ma_0
      FETCH FIRST 1 ROWS ONLY
info: Microsoft.EntityFrameworkCore.Database.Command[20101]
      Executed DbCommand (2ms) [Parameters=[:nguoiDung_ID_0='?' (DbType = Decimal)], CommandType='Text', CommandTimeout='0']
      SELECT "c"."VAI_TRO_ID"
      FROM "QL_VAI_TRO_NGUOI_DUNG" "c"
      WHERE "c"."NGUOI_DUNG_ID" = :nguoiDung_ID_0
info: Microsoft.EntityFrameworkCore.Database.Command[20101]
      Executed DbCommand (2ms) [Parameters=[:Ma_0='?' (Size = 2000)], CommandType='Text', CommandTimeout='0']
      SELECT "l"."GIA_TRI"
      FROM "QL_NHAN_HIEN_THI" "l"
      WHERE "l"."MA" = :Ma_0
      FETCH FIRST 1 ROWS ONLY
info: Microsoft.EntityFrameworkCore.Database.Command[20101]
      Executed DbCommand (3ms) [Parameters=[:nguoiDung_ID_0='?' (DbType = Decimal)], CommandType='Text', CommandTimeout='0']
      SELECT "c"."VAI_TRO_ID"
      FROM "QL_VAI_TRO_NGUOI_DUNG" "c"
      WHERE "c"."NGUOI_DUNG_ID" = :nguoiDung_ID_0
info: Microsoft.EntityFrameworkCore.Database.Command[20101]
      Executed DbCommand (3ms) [Parameters=[:Ma_0='?' (Size = 2000)], CommandType='Text', CommandTimeout='0']
      SELECT "l"."GIA_TRI"
      FROM "QL_NHAN_HIEN_THI" "l"
      WHERE "l"."MA" = :Ma_0
      FETCH FIRST 1 ROWS ONLY
info: Microsoft.EntityFrameworkCore.Database.Command[20101]
      Executed DbCommand (2ms) [Parameters=[:nguoiDung_ID_0='?' (DbType = Decimal)], CommandType='Text', CommandTimeout='0']
      SELECT "c"."VAI_TRO_ID"
      FROM "QL_VAI_TRO_NGUOI_DUNG" "c"
      WHERE "c"."NGUOI_DUNG_ID" = :nguoiDung_ID_0
info: Microsoft.EntityFrameworkCore.Database.Command[20101]
      Executed DbCommand (3ms) [Parameters=[:Ma_0='?' (Size = 2000)], CommandType='Text', CommandTimeout='0']
      SELECT "l"."GIA_TRI"
      FROM "QL_NHAN_HIEN_THI" "l"
      WHERE "l"."MA" = :Ma_0
      FETCH FIRST 1 ROWS ONLY
info: Microsoft.EntityFrameworkCore.Database.Command[20101]
      Executed DbCommand (3ms) [Parameters=[:nguoiDung_ID_0='?' (DbType = Decimal)], CommandType='Text', CommandTimeout='0']
      SELECT "c"."VAI_TRO_ID"
      FROM "QL_VAI_TRO_NGUOI_DUNG" "c"
      WHERE "c"."NGUOI_DUNG_ID" = :nguoiDung_ID_0
info: Microsoft.EntityFrameworkCore.Database.Command[20101]
      Executed DbCommand (3ms) [Parameters=[:Ma_0='?' (Size = 2000)], CommandType='Text', CommandTimeout='0']
      SELECT "l"."GIA_TRI"
      FROM "QL_NHAN_HIEN_THI" "l"
      WHERE "l"."MA" = :Ma_0
      FETCH FIRST 1 ROWS ONLY
info: Microsoft.EntityFrameworkCore.Database.Command[20101]
      Executed DbCommand (3ms) [Parameters=[:nguoiDung_ID_0='?' (DbType = Decimal)], CommandType='Text', CommandTimeout='0']
      SELECT "c"."VAI_TRO_ID"
      FROM "QL_VAI_TRO_NGUOI_DUNG" "c"
      WHERE "c"."NGUOI_DUNG_ID" = :nguoiDung_ID_0
info: Microsoft.EntityFrameworkCore.Database.Command[20101]
      Executed DbCommand (60ms) [Parameters=[:donViId_0='?' (DbType = Decimal)], CommandType='Text', CommandTimeout='0']
      SELECT COUNT(*)
      FROM "DM_DON_VI" "p"
      WHERE ((("p"."PARENT_ID" = :donViId_0) AND ("p"."LA_BAN_QL_DU_AN" = 1)) OR (("p"."ID" = :donViId_0) AND ("p"."LOAI_DON_VI_ID" = 15.0))) OR (("p"."ID" = :donViId_0) AND ("p"."LA_BAN_QL_DU_AN" = 1))
info: Microsoft.EntityFrameworkCore.Database.Command[20101]
      Executed DbCommand (3ms) [Parameters=[:Ma_0='?' (Size = 2000)], CommandType='Text', CommandTimeout='0']
      SELECT "l"."GIA_TRI"
      FROM "QL_NHAN_HIEN_THI" "l"
      WHERE "l"."MA" = :Ma_0
      FETCH FIRST 1 ROWS ONLY
info: Microsoft.EntityFrameworkCore.Database.Command[20101]
      Executed DbCommand (2ms) [Parameters=[:nguoiDung_ID_0='?' (DbType = Decimal)], CommandType='Text', CommandTimeout='0']
      SELECT "c"."VAI_TRO_ID"
      FROM "QL_VAI_TRO_NGUOI_DUNG" "c"
      WHERE "c"."NGUOI_DUNG_ID" = :nguoiDung_ID_0
info: Microsoft.EntityFrameworkCore.Database.Command[20101]
      Executed DbCommand (63ms) [Parameters=[:donViId_0='?' (DbType = Decimal)], CommandType='Text', CommandTimeout='0']
      SELECT COUNT(*)
      FROM "DM_DON_VI" "p"
      WHERE ((("p"."PARENT_ID" = :donViId_0) AND ("p"."LA_BAN_QL_DU_AN" = 1)) OR (("p"."ID" = :donViId_0) AND ("p"."LOAI_DON_VI_ID" = 15.0))) OR (("p"."ID" = :donViId_0) AND ("p"."LA_BAN_QL_DU_AN" = 1))
info: Microsoft.EntityFrameworkCore.Database.Command[20101]
      Executed DbCommand (3ms) [Parameters=[:Ma_0='?' (Size = 2000)], CommandType='Text', CommandTimeout='0']
      SELECT "l"."GIA_TRI"
      FROM "QL_NHAN_HIEN_THI" "l"
      WHERE "l"."MA" = :Ma_0
      FETCH FIRST 1 ROWS ONLY
info: Microsoft.EntityFrameworkCore.Database.Command[20101]
      Executed DbCommand (2ms) [Parameters=[:nguoiDung_ID_0='?' (DbType = Decimal)], CommandType='Text', CommandTimeout='0']
      SELECT "c"."VAI_TRO_ID"
      FROM "QL_VAI_TRO_NGUOI_DUNG" "c"
      WHERE "c"."NGUOI_DUNG_ID" = :nguoiDung_ID_0
info: Microsoft.EntityFrameworkCore.Database.Command[20101]
      Executed DbCommand (64ms) [Parameters=[:donViId_0='?' (DbType = Decimal)], CommandType='Text', CommandTimeout='0']
      SELECT COUNT(*)
      FROM "DM_DON_VI" "p"
      WHERE ((("p"."PARENT_ID" = :donViId_0) AND ("p"."LA_BAN_QL_DU_AN" = 1)) OR (("p"."ID" = :donViId_0) AND ("p"."LOAI_DON_VI_ID" = 15.0))) OR (("p"."ID" = :donViId_0) AND ("p"."LA_BAN_QL_DU_AN" = 1))
info: Microsoft.EntityFrameworkCore.Database.Command[20101]
      Executed DbCommand (3ms) [Parameters=[:nguoiDung_ID_0='?' (DbType = Decimal)], CommandType='Text', CommandTimeout='0']
      SELECT "c"."VAI_TRO_ID"
      FROM "QL_VAI_TRO_NGUOI_DUNG" "c"
      WHERE "c"."NGUOI_DUNG_ID" = :nguoiDung_ID_0
info: Microsoft.EntityFrameworkCore.Database.Command[20101]
      Executed DbCommand (60ms) [Parameters=[:donViId_0='?' (DbType = Decimal)], CommandType='Text', CommandTimeout='0']
      SELECT COUNT(*)
      FROM "DM_DON_VI" "p"
      WHERE ((("p"."PARENT_ID" = :donViId_0) AND ("p"."LA_BAN_QL_DU_AN" = 1)) OR (("p"."ID" = :donViId_0) AND ("p"."LOAI_DON_VI_ID" = 15.0))) OR (("p"."ID" = :donViId_0) AND ("p"."LA_BAN_QL_DU_AN" = 1))
info: Microsoft.EntityFrameworkCore.Database.Command[20101]
      Executed DbCommand (2ms) [Parameters=[:nguoiDung_ID_0='?' (DbType = Decimal)], CommandType='Text', CommandTimeout='0']
      SELECT "c"."VAI_TRO_ID"
      FROM "QL_VAI_TRO_NGUOI_DUNG" "c"
      WHERE "c"."NGUOI_DUNG_ID" = :nguoiDung_ID_0
info: Microsoft.EntityFrameworkCore.Database.Command[20101]
      Executed DbCommand (63ms) [Parameters=[:donViId_0='?' (DbType = Decimal)], CommandType='Text', CommandTimeout='0']
      SELECT COUNT(*)
      FROM "DM_DON_VI" "p"
      WHERE ((("p"."PARENT_ID" = :donViId_0) AND ("p"."LA_BAN_QL_DU_AN" = 1)) OR (("p"."ID" = :donViId_0) AND ("p"."LOAI_DON_VI_ID" = 15.0))) OR (("p"."ID" = :donViId_0) AND ("p"."LA_BAN_QL_DU_AN" = 1))
info: Microsoft.EntityFrameworkCore.Database.Command[20101]
      Executed DbCommand (3ms) [Parameters=[:nguoiDung_ID_0='?' (DbType = Decimal)], CommandType='Text', CommandTimeout='0']
      SELECT "c"."VAI_TRO_ID"
      FROM "QL_VAI_TRO_NGUOI_DUNG" "c"
      WHERE "c"."NGUOI_DUNG_ID" = :nguoiDung_ID_0
info: Microsoft.EntityFrameworkCore.Database.Command[20101]
      Executed DbCommand (63ms) [Parameters=[:donViId_0='?' (DbType = Decimal)], CommandType='Text', CommandTimeout='0']
      SELECT COUNT(*)
      FROM "DM_DON_VI" "p"
      WHERE ((("p"."PARENT_ID" = :donViId_0) AND ("p"."LA_BAN_QL_DU_AN" = 1)) OR (("p"."ID" = :donViId_0) AND ("p"."LOAI_DON_VI_ID" = 15.0))) OR (("p"."ID" = :donViId_0) AND ("p"."LA_BAN_QL_DU_AN" = 1))
info: Microsoft.EntityFrameworkCore.Database.Command[20101]
      Executed DbCommand (3ms) [Parameters=[:nguoiDung_ID_0='?' (DbType = Decimal)], CommandType='Text', CommandTimeout='0']
      SELECT "c"."VAI_TRO_ID"
      FROM "QL_VAI_TRO_NGUOI_DUNG" "c"
      WHERE "c"."NGUOI_DUNG_ID" = :nguoiDung_ID_0
info: Microsoft.EntityFrameworkCore.Database.Command[20101]
      Executed DbCommand (62ms) [Parameters=[:donViId_0='?' (DbType = Decimal)], CommandType='Text', CommandTimeout='0']
      SELECT COUNT(*)
      FROM "DM_DON_VI" "p"
      WHERE ((("p"."PARENT_ID" = :donViId_0) AND ("p"."LA_BAN_QL_DU_AN" = 1)) OR (("p"."ID" = :donViId_0) AND ("p"."LOAI_DON_VI_ID" = 15.0))) OR (("p"."ID" = :donViId_0) AND ("p"."LA_BAN_QL_DU_AN" = 1))
info: Microsoft.EntityFrameworkCore.Database.Command[20101]
      Executed DbCommand (3ms) [Parameters=[:Ma_0='?' (Size = 2000)], CommandType='Text', CommandTimeout='0']
      SELECT "l"."GIA_TRI"
      FROM "QL_NHAN_HIEN_THI" "l"
      WHERE "l"."MA" = :Ma_0
      FETCH FIRST 1 ROWS ONLY
info: Microsoft.EntityFrameworkCore.Database.Command[20101]
      Executed DbCommand (2ms) [Parameters=[:nguoiDung_ID_0='?' (DbType = Decimal)], CommandType='Text', CommandTimeout='0']
      SELECT "c"."VAI_TRO_ID"
      FROM "QL_VAI_TRO_NGUOI_DUNG" "c"
      WHERE "c"."NGUOI_DUNG_ID" = :nguoiDung_ID_0
info: Microsoft.EntityFrameworkCore.Database.Command[20101]
      Executed DbCommand (2ms) [Parameters=[:Ma_0='?' (Size = 2000)], CommandType='Text', CommandTimeout='0']
      SELECT "l"."GIA_TRI"
      FROM "QL_NHAN_HIEN_THI" "l"
      WHERE "l"."MA" = :Ma_0
      FETCH FIRST 1 ROWS ONLY
info: Microsoft.EntityFrameworkCore.Database.Command[20101]
      Executed DbCommand (2ms) [Parameters=[:nguoiDung_ID_0='?' (DbType = Decimal)], CommandType='Text', CommandTimeout='0']
      SELECT "c"."VAI_TRO_ID"
      FROM "QL_VAI_TRO_NGUOI_DUNG" "c"
      WHERE "c"."NGUOI_DUNG_ID" = :nguoiDung_ID_0
info: Microsoft.EntityFrameworkCore.Database.Command[20101]
      Executed DbCommand (3ms) [Parameters=[:Ma_0='?' (Size = 2000)], CommandType='Text', CommandTimeout='0']
      SELECT "l"."GIA_TRI"
      FROM "QL_NHAN_HIEN_THI" "l"
      WHERE "l"."MA" = :Ma_0
      FETCH FIRST 1 ROWS ONLY
info: Microsoft.EntityFrameworkCore.Database.Command[20101]
      Executed DbCommand (2ms) [Parameters=[:nguoiDung_ID_0='?' (DbType = Decimal)], CommandType='Text', CommandTimeout='0']
      SELECT "c"."VAI_TRO_ID"
      FROM "QL_VAI_TRO_NGUOI_DUNG" "c"
      WHERE "c"."NGUOI_DUNG_ID" = :nguoiDung_ID_0
info: Microsoft.EntityFrameworkCore.Database.Command[20101]
      Executed DbCommand (2ms) [Parameters=[:Ma_0='?' (Size = 2000)], CommandType='Text', CommandTimeout='0']
      SELECT "l"."GIA_TRI"
      FROM "QL_NHAN_HIEN_THI" "l"
      WHERE "l"."MA" = :Ma_0
      FETCH FIRST 1 ROWS ONLY
info: Microsoft.EntityFrameworkCore.Database.Command[20101]
      Executed DbCommand (2ms) [Parameters=[:nguoiDung_ID_0='?' (DbType = Decimal)], CommandType='Text', CommandTimeout='0']
      SELECT "c"."VAI_TRO_ID"
      FROM "QL_VAI_TRO_NGUOI_DUNG" "c"
      WHERE "c"."NGUOI_DUNG_ID" = :nguoiDung_ID_0
info: Microsoft.EntityFrameworkCore.Database.Command[20101]
      Executed DbCommand (3ms) [Parameters=[:Ma_0='?' (Size = 2000)], CommandType='Text', CommandTimeout='0']
      SELECT "l"."GIA_TRI"
      FROM "QL_NHAN_HIEN_THI" "l"
      WHERE "l"."MA" = :Ma_0
      FETCH FIRST 1 ROWS ONLY
info: Microsoft.EntityFrameworkCore.Database.Command[20101]
      Executed DbCommand (2ms) [Parameters=[:nguoiDung_ID_0='?' (DbType = Decimal)], CommandType='Text', CommandTimeout='0']
      SELECT "c"."VAI_TRO_ID"
      FROM "QL_VAI_TRO_NGUOI_DUNG" "c"
      WHERE "c"."NGUOI_DUNG_ID" = :nguoiDung_ID_0
info: Microsoft.EntityFrameworkCore.Database.Command[20101]
      Executed DbCommand (4ms) [Parameters=[:Ma_0='?' (Size = 2000)], CommandType='Text', CommandTimeout='0']
      SELECT "l"."GIA_TRI"
      FROM "QL_NHAN_HIEN_THI" "l"
      WHERE "l"."MA" = :Ma_0
      FETCH FIRST 1 ROWS ONLY
info: Microsoft.EntityFrameworkCore.Database.Command[20101]
      Executed DbCommand (2ms) [Parameters=[:nguoiDung_ID_0='?' (DbType = Decimal)], CommandType='Text', CommandTimeout='0']
      SELECT "c"."VAI_TRO_ID"
      FROM "QL_VAI_TRO_NGUOI_DUNG" "c"
      WHERE "c"."NGUOI_DUNG_ID" = :nguoiDung_ID_0
info: Microsoft.EntityFrameworkCore.Database.Command[20101]
      Executed DbCommand (2ms) [Parameters=[:Ma_0='?' (Size = 2000)], CommandType='Text', CommandTimeout='0']
      SELECT "l"."GIA_TRI"
      FROM "QL_NHAN_HIEN_THI" "l"
      WHERE "l"."MA" = :Ma_0
      FETCH FIRST 1 ROWS ONLY
info: Microsoft.EntityFrameworkCore.Database.Command[20101]
      Executed DbCommand (2ms) [Parameters=[:nguoiDung_ID_0='?' (DbType = Decimal)], CommandType='Text', CommandTimeout='0']
      SELECT "c"."VAI_TRO_ID"
      FROM "QL_VAI_TRO_NGUOI_DUNG" "c"
      WHERE "c"."NGUOI_DUNG_ID" = :nguoiDung_ID_0
info: Microsoft.EntityFrameworkCore.Database.Command[20101]
      Executed DbCommand (3ms) [Parameters=[:Ma_0='?' (Size = 2000)], CommandType='Text', CommandTimeout='0']
      SELECT "l"."GIA_TRI"
      FROM "QL_NHAN_HIEN_THI" "l"
      WHERE "l"."MA" = :Ma_0
      FETCH FIRST 1 ROWS ONLY
info: Microsoft.EntityFrameworkCore.Database.Command[20101]
      Executed DbCommand (2ms) [Parameters=[:nguoiDung_ID_0='?' (DbType = Decimal)], CommandType='Text', CommandTimeout='0']
      SELECT "c"."VAI_TRO_ID"
      FROM "QL_VAI_TRO_NGUOI_DUNG" "c"
      WHERE "c"."NGUOI_DUNG_ID" = :nguoiDung_ID_0
info: Microsoft.EntityFrameworkCore.Database.Command[20101]
      Executed DbCommand (3ms) [Parameters=[:Ma_0='?' (Size = 2000)], CommandType='Text', CommandTimeout='0']
      SELECT "l"."GIA_TRI"
      FROM "QL_NHAN_HIEN_THI" "l"
      WHERE "l"."MA" = :Ma_0
      FETCH FIRST 1 ROWS ONLY
info: Microsoft.EntityFrameworkCore.Database.Command[20101]
      Executed DbCommand (2ms) [Parameters=[:nguoiDung_ID_0='?' (DbType = Decimal)], CommandType='Text', CommandTimeout='0']
      SELECT "c"."VAI_TRO_ID"
      FROM "QL_VAI_TRO_NGUOI_DUNG" "c"
      WHERE "c"."NGUOI_DUNG_ID" = :nguoiDung_ID_0
info: Microsoft.EntityFrameworkCore.Database.Command[20101]
      Executed DbCommand (3ms) [Parameters=[:Ma_0='?' (Size = 2000)], CommandType='Text', CommandTimeout='0']
      SELECT "l"."GIA_TRI"
      FROM "QL_NHAN_HIEN_THI" "l"
      WHERE "l"."MA" = :Ma_0
      FETCH FIRST 1 ROWS ONLY
info: Microsoft.EntityFrameworkCore.Database.Command[20101]
      Executed DbCommand (2ms) [Parameters=[:nguoiDung_ID_0='?' (DbType = Decimal)], CommandType='Text', CommandTimeout='0']
      SELECT "c"."VAI_TRO_ID"
      FROM "QL_VAI_TRO_NGUOI_DUNG" "c"
      WHERE "c"."NGUOI_DUNG_ID" = :nguoiDung_ID_0
info: Microsoft.EntityFrameworkCore.Database.Command[20101]
      Executed DbCommand (3ms) [Parameters=[:Ma_0='?' (Size = 2000)], CommandType='Text', CommandTimeout='0']
      SELECT "l"."GIA_TRI"
      FROM "QL_NHAN_HIEN_THI" "l"
      WHERE "l"."MA" = :Ma_0
      FETCH FIRST 1 ROWS ONLY
info: Microsoft.EntityFrameworkCore.Database.Command[20101]
      Executed DbCommand (2ms) [Parameters=[:nguoiDung_ID_0='?' (DbType = Decimal)], CommandType='Text', CommandTimeout='0']
      SELECT "c"."VAI_TRO_ID"
      FROM "QL_VAI_TRO_NGUOI_DUNG" "c"
      WHERE "c"."NGUOI_DUNG_ID" = :nguoiDung_ID_0
info: Microsoft.EntityFrameworkCore.Database.Command[20101]
      Executed DbCommand (3ms) [Parameters=[:Ma_0='?' (Size = 2000)], CommandType='Text', CommandTimeout='0']
      SELECT "l"."GIA_TRI"
      FROM "QL_NHAN_HIEN_THI" "l"
      WHERE "l"."MA" = :Ma_0
      FETCH FIRST 1 ROWS ONLY
info: Microsoft.EntityFrameworkCore.Database.Command[20101]
      Executed DbCommand (2ms) [Parameters=[:nguoiDung_ID_0='?' (DbType = Decimal)], CommandType='Text', CommandTimeout='0']
      SELECT "c"."VAI_TRO_ID"
      FROM "QL_VAI_TRO_NGUOI_DUNG" "c"
      WHERE "c"."NGUOI_DUNG_ID" = :nguoiDung_ID_0
info: Microsoft.EntityFrameworkCore.Database.Command[20101]
      Executed DbCommand (3ms) [Parameters=[:Ma_0='?' (Size = 2000)], CommandType='Text', CommandTimeout='0']
      SELECT "l"."GIA_TRI"
      FROM "QL_NHAN_HIEN_THI" "l"
      WHERE "l"."MA" = :Ma_0
      FETCH FIRST 1 ROWS ONLY
info: Microsoft.EntityFrameworkCore.Database.Command[20101]
      Executed DbCommand (2ms) [Parameters=[:nguoiDung_ID_0='?' (DbType = Decimal)], CommandType='Text', CommandTimeout='0']
      SELECT "c"."VAI_TRO_ID"
      FROM "QL_VAI_TRO_NGUOI_DUNG" "c"
      WHERE "c"."NGUOI_DUNG_ID" = :nguoiDung_ID_0
info: Microsoft.EntityFrameworkCore.Database.Command[20101]
      Executed DbCommand (2ms) [Parameters=[:Ma_0='?' (Size = 2000)], CommandType='Text', CommandTimeout='0']
      SELECT "l"."GIA_TRI"
      FROM "QL_NHAN_HIEN_THI" "l"
      WHERE "l"."MA" = :Ma_0
      FETCH FIRST 1 ROWS ONLY
info: Microsoft.EntityFrameworkCore.Database.Command[20101]
      Executed DbCommand (2ms) [Parameters=[:nguoiDung_ID_0='?' (DbType = Decimal)], CommandType='Text', CommandTimeout='0']
      SELECT "c"."VAI_TRO_ID"
      FROM "QL_VAI_TRO_NGUOI_DUNG" "c"
      WHERE "c"."NGUOI_DUNG_ID" = :nguoiDung_ID_0
info: Microsoft.EntityFrameworkCore.Database.Command[20101]
      Executed DbCommand (3ms) [Parameters=[:Ma_0='?' (Size = 2000)], CommandType='Text', CommandTimeout='0']
      SELECT "l"."GIA_TRI"
      FROM "QL_NHAN_HIEN_THI" "l"
      WHERE "l"."MA" = :Ma_0
      FETCH FIRST 1 ROWS ONLY
info: Microsoft.EntityFrameworkCore.Database.Command[20101]
      Executed DbCommand (2ms) [Parameters=[:nguoiDung_ID_0='?' (DbType = Decimal)], CommandType='Text', CommandTimeout='0']
      SELECT "c"."VAI_TRO_ID"
      FROM "QL_VAI_TRO_NGUOI_DUNG" "c"
      WHERE "c"."NGUOI_DUNG_ID" = :nguoiDung_ID_0
info: Microsoft.EntityFrameworkCore.Database.Command[20101]
      Executed DbCommand (3ms) [Parameters=[:Ma_0='?' (Size = 2000)], CommandType='Text', CommandTimeout='0']
      SELECT "l"."GIA_TRI"
      FROM "QL_NHAN_HIEN_THI" "l"
      WHERE "l"."MA" = :Ma_0
      FETCH FIRST 1 ROWS ONLY
info: Microsoft.EntityFrameworkCore.Database.Command[20101]
      Executed DbCommand (2ms) [Parameters=[:nguoiDung_ID_0='?' (DbType = Decimal)], CommandType='Text', CommandTimeout='0']
      SELECT "c"."VAI_TRO_ID"
      FROM "QL_VAI_TRO_NGUOI_DUNG" "c"
      WHERE "c"."NGUOI_DUNG_ID" = :nguoiDung_ID_0
info: Microsoft.EntityFrameworkCore.Database.Command[20101]
      Executed DbCommand (4ms) [Parameters=[:Ma_0='?' (Size = 2000)], CommandType='Text', CommandTimeout='0']
      SELECT "l"."GIA_TRI"
      FROM "QL_NHAN_HIEN_THI" "l"
      WHERE "l"."MA" = :Ma_0
      FETCH FIRST 1 ROWS ONLY
info: Microsoft.EntityFrameworkCore.Database.Command[20101]
      Executed DbCommand (3ms) [Parameters=[:nguoiDung_ID_0='?' (DbType = Decimal)], CommandType='Text', CommandTimeout='0']
      SELECT "c"."VAI_TRO_ID"
      FROM "QL_VAI_TRO_NGUOI_DUNG" "c"
      WHERE "c"."NGUOI_DUNG_ID" = :nguoiDung_ID_0
info: Microsoft.EntityFrameworkCore.Database.Command[20101]
      Executed DbCommand (3ms) [Parameters=[:Ma_0='?' (Size = 2000)], CommandType='Text', CommandTimeout='0']
      SELECT "l"."GIA_TRI"
      FROM "QL_NHAN_HIEN_THI" "l"
      WHERE "l"."MA" = :Ma_0
      FETCH FIRST 1 ROWS ONLY
info: Microsoft.EntityFrameworkCore.Database.Command[20101]
      Executed DbCommand (4ms) [Parameters=[:nguoiDung_ID_0='?' (DbType = Decimal)], CommandType='Text', CommandTimeout='0']
      SELECT "c"."VAI_TRO_ID"
      FROM "QL_VAI_TRO_NGUOI_DUNG" "c"
      WHERE "c"."NGUOI_DUNG_ID" = :nguoiDung_ID_0
info: Microsoft.EntityFrameworkCore.Database.Command[20101]
      Executed DbCommand (3ms) [Parameters=[:Ma_0='?' (Size = 2000)], CommandType='Text', CommandTimeout='0']
      SELECT "l"."GIA_TRI"
      FROM "QL_NHAN_HIEN_THI" "l"
      WHERE "l"."MA" = :Ma_0
      FETCH FIRST 1 ROWS ONLY
info: Microsoft.EntityFrameworkCore.Database.Command[20101]
      Executed DbCommand (3ms) [Parameters=[:Ma_0='?' (Size = 2000)], CommandType='Text', CommandTimeout='0']
      SELECT "l"."GIA_TRI"
      FROM "QL_NHAN_HIEN_THI" "l"
      WHERE "l"."MA" = :Ma_0
      FETCH FIRST 1 ROWS ONLY
info: Microsoft.EntityFrameworkCore.Database.Command[20101]
      Executed DbCommand (7ms) [Parameters=[:Ma_0='?' (Size = 2000)], CommandType='Text', CommandTimeout='0']
      SELECT "l"."GIA_TRI"
      FROM "QL_NHAN_HIEN_THI" "l"
      WHERE "l"."MA" = :Ma_0
      FETCH FIRST 1 ROWS ONLY
info: Microsoft.EntityFrameworkCore.Database.Command[20101]
      Executed DbCommand (3ms) [Parameters=[:Ma_0='?' (Size = 2000)], CommandType='Text', CommandTimeout='0']
      SELECT "l"."GIA_TRI"
      FROM "QL_NHAN_HIEN_THI" "l"
      WHERE "l"."MA" = :Ma_0
      FETCH FIRST 1 ROWS ONLY
info: Microsoft.EntityFrameworkCore.Database.Command[20101]
      Executed DbCommand (3ms) [Parameters=[:Ma_0='?' (Size = 2000)], CommandType='Text', CommandTimeout='0']
      SELECT "l"."GIA_TRI"
      FROM "QL_NHAN_HIEN_THI" "l"
      WHERE "l"."MA" = :Ma_0
      FETCH FIRST 1 ROWS ONLY
info: Microsoft.EntityFrameworkCore.Database.Command[20101]
      Executed DbCommand (3ms) [Parameters=[:nguoiDung_ID_0='?' (DbType = Decimal)], CommandType='Text', CommandTimeout='0']
      SELECT "c"."VAI_TRO_ID"
      FROM "QL_VAI_TRO_NGUOI_DUNG" "c"
      WHERE "c"."NGUOI_DUNG_ID" = :nguoiDung_ID_0
info: Microsoft.EntityFrameworkCore.Database.Command[20101]
      Executed DbCommand (3ms) [Parameters=[:Ma_0='?' (Size = 2000)], CommandType='Text', CommandTimeout='0']
      SELECT "l"."GIA_TRI"
      FROM "QL_NHAN_HIEN_THI" "l"
      WHERE "l"."MA" = :Ma_0
      FETCH FIRST 1 ROWS ONLY
info: Microsoft.EntityFrameworkCore.Database.Command[20101]
      Executed DbCommand (3ms) [Parameters=[:Ma_0='?' (Size = 2000)], CommandType='Text', CommandTimeout='0']
      SELECT "l"."GIA_TRI"
      FROM "QL_NHAN_HIEN_THI" "l"
      WHERE "l"."MA" = :Ma_0
      FETCH FIRST 1 ROWS ONLY
info: Microsoft.EntityFrameworkCore.Database.Command[20101]
      Executed DbCommand (3ms) [Parameters=[:Ma_0='?' (Size = 2000)], CommandType='Text', CommandTimeout='0']
      SELECT "l"."GIA_TRI"
      FROM "QL_NHAN_HIEN_THI" "l"
      WHERE "l"."MA" = :Ma_0
      FETCH FIRST 1 ROWS ONLY
info: Microsoft.EntityFrameworkCore.Database.Command[20101]
      Executed DbCommand (3ms) [Parameters=[:nguoiDung_ID_0='?' (DbType = Decimal)], CommandType='Text', CommandTimeout='0']
      SELECT "c"."VAI_TRO_ID"
      FROM "QL_VAI_TRO_NGUOI_DUNG" "c"
      WHERE "c"."NGUOI_DUNG_ID" = :nguoiDung_ID_0
info: Microsoft.EntityFrameworkCore.Database.Command[20101]
      Executed DbCommand (3ms) [Parameters=[:Ma_0='?' (Size = 2000)], CommandType='Text', CommandTimeout='0']
      SELECT "l"."GIA_TRI"
      FROM "QL_NHAN_HIEN_THI" "l"
      WHERE "l"."MA" = :Ma_0
      FETCH FIRST 1 ROWS ONLY
info: Microsoft.EntityFrameworkCore.Database.Command[20101]
      Executed DbCommand (4ms) [Parameters=[:Ma_0='?' (Size = 2000)], CommandType='Text', CommandTimeout='0']
      SELECT "l"."GIA_TRI"
      FROM "QL_NHAN_HIEN_THI" "l"
      WHERE "l"."MA" = :Ma_0
      FETCH FIRST 1 ROWS ONLY
info: Microsoft.EntityFrameworkCore.Database.Command[20101]
      Executed DbCommand (3ms) [Parameters=[:Ma_0='?' (Size = 2000)], CommandType='Text', CommandTimeout='0']
      SELECT "l"."GIA_TRI"
      FROM "QL_NHAN_HIEN_THI" "l"
      WHERE "l"."MA" = :Ma_0
      FETCH FIRST 1 ROWS ONLY
info: Microsoft.EntityFrameworkCore.Database.Command[20101]
      Executed DbCommand (2ms) [Parameters=[:nguoiDung_ID_0='?' (DbType = Decimal)], CommandType='Text', CommandTimeout='0']
      SELECT "c"."VAI_TRO_ID"
      FROM "QL_VAI_TRO_NGUOI_DUNG" "c"
      WHERE "c"."NGUOI_DUNG_ID" = :nguoiDung_ID_0
info: Microsoft.EntityFrameworkCore.Database.Command[20101]
      Executed DbCommand (4ms) [Parameters=[:Ma_0='?' (Size = 2000)], CommandType='Text', CommandTimeout='0']
      SELECT "l"."GIA_TRI"
      FROM "QL_NHAN_HIEN_THI" "l"
      WHERE "l"."MA" = :Ma_0
      FETCH FIRST 1 ROWS ONLY
info: Microsoft.EntityFrameworkCore.Database.Command[20101]
      Executed DbCommand (2ms) [Parameters=[:Ma_0='?' (Size = 2000)], CommandType='Text', CommandTimeout='0']
      SELECT "l"."GIA_TRI"
      FROM "QL_NHAN_HIEN_THI" "l"
      WHERE "l"."MA" = :Ma_0
      FETCH FIRST 1 ROWS ONLY
info: Microsoft.EntityFrameworkCore.Database.Command[20101]
      Executed DbCommand (2ms) [Parameters=[:nguoiDung_ID_0='?' (DbType = Decimal)], CommandType='Text', CommandTimeout='0']
      SELECT "c"."VAI_TRO_ID"
      FROM "QL_VAI_TRO_NGUOI_DUNG" "c"
      WHERE "c"."NGUOI_DUNG_ID" = :nguoiDung_ID_0
info: Microsoft.EntityFrameworkCore.Database.Command[20101]
      Executed DbCommand (3ms) [Parameters=[:Ma_0='?' (Size = 2000)], CommandType='Text', CommandTimeout='0']
      SELECT "l"."GIA_TRI"
      FROM "QL_NHAN_HIEN_THI" "l"
      WHERE "l"."MA" = :Ma_0
      FETCH FIRST 1 ROWS ONLY
info: Microsoft.EntityFrameworkCore.Database.Command[20101]
      Executed DbCommand (2ms) [Parameters=[:nguoiDung_ID_0='?' (DbType = Decimal)], CommandType='Text', CommandTimeout='0']
      SELECT "c"."VAI_TRO_ID"
      FROM "QL_VAI_TRO_NGUOI_DUNG" "c"
      WHERE "c"."NGUOI_DUNG_ID" = :nguoiDung_ID_0
info: Microsoft.EntityFrameworkCore.Database.Command[20101]
      Executed DbCommand (3ms) [Parameters=[:Ma_0='?' (Size = 2000)], CommandType='Text', CommandTimeout='0']
      SELECT "l"."GIA_TRI"
      FROM "QL_NHAN_HIEN_THI" "l"
      WHERE "l"."MA" = :Ma_0
      FETCH FIRST 1 ROWS ONLY
info: Microsoft.EntityFrameworkCore.Database.Command[20101]
      Executed DbCommand (2ms) [Parameters=[:nguoiDung_ID_0='?' (DbType = Decimal)], CommandType='Text', CommandTimeout='0']
      SELECT "c"."VAI_TRO_ID"
      FROM "QL_VAI_TRO_NGUOI_DUNG" "c"
      WHERE "c"."NGUOI_DUNG_ID" = :nguoiDung_ID_0
info: Microsoft.EntityFrameworkCore.Database.Command[20101]
      Executed DbCommand (3ms) [Parameters=[:Ma_0='?' (Size = 2000)], CommandType='Text', CommandTimeout='0']
      SELECT "l"."GIA_TRI"
      FROM "QL_NHAN_HIEN_THI" "l"
      WHERE "l"."MA" = :Ma_0
      FETCH FIRST 1 ROWS ONLY
info: Microsoft.EntityFrameworkCore.Database.Command[20101]
      Executed DbCommand (2ms) [Parameters=[:nguoiDung_ID_0='?' (DbType = Decimal)], CommandType='Text', CommandTimeout='0']
      SELECT "c"."VAI_TRO_ID"
      FROM "QL_VAI_TRO_NGUOI_DUNG" "c"
      WHERE "c"."NGUOI_DUNG_ID" = :nguoiDung_ID_0
info: Microsoft.EntityFrameworkCore.Database.Command[20101]
      Executed DbCommand (3ms) [Parameters=[:Ma_0='?' (Size = 2000)], CommandType='Text', CommandTimeout='0']
      SELECT "l"."GIA_TRI"
      FROM "QL_NHAN_HIEN_THI" "l"
      WHERE "l"."MA" = :Ma_0
      FETCH FIRST 1 ROWS ONLY
info: Microsoft.EntityFrameworkCore.Database.Command[20101]
      Executed DbCommand (2ms) [Parameters=[:nguoiDung_ID_0='?' (DbType = Decimal)], CommandType='Text', CommandTimeout='0']
      SELECT "c"."VAI_TRO_ID"
      FROM "QL_VAI_TRO_NGUOI_DUNG" "c"
      WHERE "c"."NGUOI_DUNG_ID" = :nguoiDung_ID_0
info: Microsoft.EntityFrameworkCore.Database.Command[20101]
      Executed DbCommand (3ms) [Parameters=[:Ma_0='?' (Size = 2000)], CommandType='Text', CommandTimeout='0']
      SELECT "l"."GIA_TRI"
      FROM "QL_NHAN_HIEN_THI" "l"
      WHERE "l"."MA" = :Ma_0
      FETCH FIRST 1 ROWS ONLY
info: Microsoft.EntityFrameworkCore.Database.Command[20101]
      Executed DbCommand (2ms) [Parameters=[:nguoiDung_ID_0='?' (DbType = Decimal)], CommandType='Text', CommandTimeout='0']
      SELECT "c"."VAI_TRO_ID"
      FROM "QL_VAI_TRO_NGUOI_DUNG" "c"
      WHERE "c"."NGUOI_DUNG_ID" = :nguoiDung_ID_0
info: Microsoft.EntityFrameworkCore.Database.Command[20101]
      Executed DbCommand (3ms) [Parameters=[:Ma_0='?' (Size = 2000)], CommandType='Text', CommandTimeout='0']
      SELECT "l"."GIA_TRI"
      FROM "QL_NHAN_HIEN_THI" "l"
      WHERE "l"."MA" = :Ma_0
      FETCH FIRST 1 ROWS ONLY
info: Microsoft.EntityFrameworkCore.Database.Command[20101]
      Executed DbCommand (3ms) [Parameters=[:Ma_0='?' (Size = 2000)], CommandType='Text', CommandTimeout='0']
      SELECT "l"."GIA_TRI"
      FROM "QL_NHAN_HIEN_THI" "l"
      WHERE "l"."MA" = :Ma_0
      FETCH FIRST 1 ROWS ONLY
info: Microsoft.EntityFrameworkCore.Database.Command[20101]
      Executed DbCommand (2ms) [Parameters=[:Ma_0='?' (Size = 2000)], CommandType='Text', CommandTimeout='0']
      SELECT "l"."GIA_TRI"
      FROM "QL_NHAN_HIEN_THI" "l"
      WHERE "l"."MA" = :Ma_0
      FETCH FIRST 1 ROWS ONLY
info: Microsoft.EntityFrameworkCore.Database.Command[20101]
      Executed DbCommand (3ms) [Parameters=[:Ma_0='?' (Size = 2000)], CommandType='Text', CommandTimeout='0']
      SELECT "l"."GIA_TRI"
      FROM "QL_NHAN_HIEN_THI" "l"
      WHERE "l"."MA" = :Ma_0
      FETCH FIRST 1 ROWS ONLY
info: Microsoft.EntityFrameworkCore.Database.Command[20101]
      Executed DbCommand (2ms) [Parameters=[:nguoiDung_ID_0='?' (DbType = Decimal)], CommandType='Text', CommandTimeout='0']
      SELECT "c"."VAI_TRO_ID"
      FROM "QL_VAI_TRO_NGUOI_DUNG" "c"
      WHERE "c"."NGUOI_DUNG_ID" = :nguoiDung_ID_0
info: Microsoft.EntityFrameworkCore.Database.Command[20101]
      Executed DbCommand (3ms) [Parameters=[:Ma_0='?' (Size = 2000)], CommandType='Text', CommandTimeout='0']
      SELECT "l"."GIA_TRI"
      FROM "QL_NHAN_HIEN_THI" "l"
      WHERE "l"."MA" = :Ma_0
      FETCH FIRST 1 ROWS ONLY
info: Microsoft.EntityFrameworkCore.Database.Command[20101]
      Executed DbCommand (2ms) [Parameters=[:nguoiDung_ID_0='?' (DbType = Decimal)], CommandType='Text', CommandTimeout='0']
      SELECT "c"."VAI_TRO_ID"
      FROM "QL_VAI_TRO_NGUOI_DUNG" "c"
      WHERE "c"."NGUOI_DUNG_ID" = :nguoiDung_ID_0
info: Microsoft.EntityFrameworkCore.Database.Command[20101]
      Executed DbCommand (3ms) [Parameters=[:Ma_0='?' (Size = 2000)], CommandType='Text', CommandTimeout='0']
      SELECT "l"."GIA_TRI"
      FROM "QL_NHAN_HIEN_THI" "l"
      WHERE "l"."MA" = :Ma_0
      FETCH FIRST 1 ROWS ONLY
info: Microsoft.EntityFrameworkCore.Database.Command[20101]
      Executed DbCommand (2ms) [Parameters=[:nguoiDung_ID_0='?' (DbType = Decimal)], CommandType='Text', CommandTimeout='0']
      SELECT "c"."VAI_TRO_ID"
      FROM "QL_VAI_TRO_NGUOI_DUNG" "c"
      WHERE "c"."NGUOI_DUNG_ID" = :nguoiDung_ID_0
info: Microsoft.EntityFrameworkCore.Database.Command[20101]
      Executed DbCommand (3ms) [Parameters=[:Ma_0='?' (Size = 2000)], CommandType='Text', CommandTimeout='0']
      SELECT "l"."GIA_TRI"
      FROM "QL_NHAN_HIEN_THI" "l"
      WHERE "l"."MA" = :Ma_0
      FETCH FIRST 1 ROWS ONLY
info: Microsoft.EntityFrameworkCore.Database.Command[20101]
      Executed DbCommand (3ms) [Parameters=[:nguoiDung_ID_0='?' (DbType = Decimal)], CommandType='Text', CommandTimeout='0']
      SELECT "c"."VAI_TRO_ID"
      FROM "QL_VAI_TRO_NGUOI_DUNG" "c"
      WHERE "c"."NGUOI_DUNG_ID" = :nguoiDung_ID_0
info: Microsoft.EntityFrameworkCore.Database.Command[20101]
      Executed DbCommand (3ms) [Parameters=[:Ma_0='?' (Size = 2000)], CommandType='Text', CommandTimeout='0']
      SELECT "l"."GIA_TRI"
      FROM "QL_NHAN_HIEN_THI" "l"
      WHERE "l"."MA" = :Ma_0
      FETCH FIRST 1 ROWS ONLY
info: Microsoft.EntityFrameworkCore.Database.Command[20101]
      Executed DbCommand (2ms) [Parameters=[:nguoiDung_ID_0='?' (DbType = Decimal)], CommandType='Text', CommandTimeout='0']
      SELECT "c"."VAI_TRO_ID"
      FROM "QL_VAI_TRO_NGUOI_DUNG" "c"
      WHERE "c"."NGUOI_DUNG_ID" = :nguoiDung_ID_0
info: Microsoft.EntityFrameworkCore.Database.Command[20101]
      Executed DbCommand (4ms) [Parameters=[:Ma_0='?' (Size = 2000)], CommandType='Text', CommandTimeout='0']
      SELECT "l"."GIA_TRI"
      FROM "QL_NHAN_HIEN_THI" "l"
      WHERE "l"."MA" = :Ma_0
      FETCH FIRST 1 ROWS ONLY
info: Microsoft.EntityFrameworkCore.Database.Command[20101]
      Executed DbCommand (3ms) [Parameters=[:nguoiDung_ID_0='?' (DbType = Decimal)], CommandType='Text', CommandTimeout='0']
      SELECT "c"."VAI_TRO_ID"
      FROM "QL_VAI_TRO_NGUOI_DUNG" "c"
      WHERE "c"."NGUOI_DUNG_ID" = :nguoiDung_ID_0
info: Microsoft.EntityFrameworkCore.Database.Command[20101]
      Executed DbCommand (3ms) [Parameters=[:Ma_0='?' (Size = 2000)], CommandType='Text', CommandTimeout='0']
      SELECT "l"."GIA_TRI"
      FROM "QL_NHAN_HIEN_THI" "l"
      WHERE "l"."MA" = :Ma_0
      FETCH FIRST 1 ROWS ONLY
info: Microsoft.EntityFrameworkCore.Database.Command[20101]
      Executed DbCommand (3ms) [Parameters=[:nguoiDung_ID_0='?' (DbType = Decimal)], CommandType='Text', CommandTimeout='0']
      SELECT "c"."VAI_TRO_ID"
      FROM "QL_VAI_TRO_NGUOI_DUNG" "c"
      WHERE "c"."NGUOI_DUNG_ID" = :nguoiDung_ID_0
info: Microsoft.EntityFrameworkCore.Database.Command[20101]
      Executed DbCommand (2ms) [Parameters=[:Ma_0='?' (Size = 2000)], CommandType='Text', CommandTimeout='0']
      SELECT "l"."GIA_TRI"
      FROM "QL_NHAN_HIEN_THI" "l"
      WHERE "l"."MA" = :Ma_0
      FETCH FIRST 1 ROWS ONLY
info: Microsoft.EntityFrameworkCore.Database.Command[20101]
      Executed DbCommand (2ms) [Parameters=[:nguoiDung_ID_0='?' (DbType = Decimal)], CommandType='Text', CommandTimeout='0']
      SELECT "c"."VAI_TRO_ID"
      FROM "QL_VAI_TRO_NGUOI_DUNG" "c"
      WHERE "c"."NGUOI_DUNG_ID" = :nguoiDung_ID_0
info: Microsoft.EntityFrameworkCore.Database.Command[20101]
      Executed DbCommand (3ms) [Parameters=[:Ma_0='?' (Size = 2000)], CommandType='Text', CommandTimeout='0']
      SELECT "l"."GIA_TRI"
      FROM "QL_NHAN_HIEN_THI" "l"
      WHERE "l"."MA" = :Ma_0
      FETCH FIRST 1 ROWS ONLY
info: Microsoft.EntityFrameworkCore.Database.Command[20101]
      Executed DbCommand (3ms) [Parameters=[:nguoiDung_ID_0='?' (DbType = Decimal)], CommandType='Text', CommandTimeout='0']
      SELECT "c"."VAI_TRO_ID"
      FROM "QL_VAI_TRO_NGUOI_DUNG" "c"
      WHERE "c"."NGUOI_DUNG_ID" = :nguoiDung_ID_0
info: Microsoft.EntityFrameworkCore.Database.Command[20101]
      Executed DbCommand (3ms) [Parameters=[:Ma_0='?' (Size = 2000)], CommandType='Text', CommandTimeout='0']
      SELECT "l"."GIA_TRI"
      FROM "QL_NHAN_HIEN_THI" "l"
      WHERE "l"."MA" = :Ma_0
      FETCH FIRST 1 ROWS ONLY
info: Microsoft.EntityFrameworkCore.Database.Command[20101]
      Executed DbCommand (2ms) [Parameters=[:nguoiDung_ID_0='?' (DbType = Decimal)], CommandType='Text', CommandTimeout='0']
      SELECT "c"."VAI_TRO_ID"
      FROM "QL_VAI_TRO_NGUOI_DUNG" "c"
      WHERE "c"."NGUOI_DUNG_ID" = :nguoiDung_ID_0
info: Microsoft.EntityFrameworkCore.Database.Command[20101]
      Executed DbCommand (3ms) [Parameters=[:Ma_0='?' (Size = 2000)], CommandType='Text', CommandTimeout='0']
      SELECT "l"."GIA_TRI"
      FROM "QL_NHAN_HIEN_THI" "l"
      WHERE "l"."MA" = :Ma_0
      FETCH FIRST 1 ROWS ONLY
info: Microsoft.EntityFrameworkCore.Database.Command[20101]
      Executed DbCommand (3ms) [Parameters=[:nguoiDung_ID_0='?' (DbType = Decimal)], CommandType='Text', CommandTimeout='0']
      SELECT "c"."VAI_TRO_ID"
      FROM "QL_VAI_TRO_NGUOI_DUNG" "c"
      WHERE "c"."NGUOI_DUNG_ID" = :nguoiDung_ID_0
info: Microsoft.EntityFrameworkCore.Database.Command[20101]
      Executed DbCommand (4ms) [Parameters=[:Ma_0='?' (Size = 2000)], CommandType='Text', CommandTimeout='0']
      SELECT "l"."GIA_TRI"
      FROM "QL_NHAN_HIEN_THI" "l"
      WHERE "l"."MA" = :Ma_0
      FETCH FIRST 1 ROWS ONLY
info: Microsoft.EntityFrameworkCore.Database.Command[20101]
      Executed DbCommand (2ms) [Parameters=[:nguoiDung_ID_0='?' (DbType = Decimal)], CommandType='Text', CommandTimeout='0']
      SELECT "c"."VAI_TRO_ID"
      FROM "QL_VAI_TRO_NGUOI_DUNG" "c"
      WHERE "c"."NGUOI_DUNG_ID" = :nguoiDung_ID_0
info: Microsoft.EntityFrameworkCore.Database.Command[20101]
      Executed DbCommand (3ms) [Parameters=[:Ma_0='?' (Size = 2000)], CommandType='Text', CommandTimeout='0']
      SELECT "l"."GIA_TRI"
      FROM "QL_NHAN_HIEN_THI" "l"
      WHERE "l"."MA" = :Ma_0
      FETCH FIRST 1 ROWS ONLY
info: Microsoft.EntityFrameworkCore.Database.Command[20101]
      Executed DbCommand (3ms) [Parameters=[:nguoiDung_ID_0='?' (DbType = Decimal)], CommandType='Text', CommandTimeout='0']
      SELECT "c"."VAI_TRO_ID"
      FROM "QL_VAI_TRO_NGUOI_DUNG" "c"
      WHERE "c"."NGUOI_DUNG_ID" = :nguoiDung_ID_0
info: Microsoft.EntityFrameworkCore.Database.Command[20101]
      Executed DbCommand (3ms) [Parameters=[:Ma_0='?' (Size = 2000)], CommandType='Text', CommandTimeout='0']
      SELECT "l"."GIA_TRI"
      FROM "QL_NHAN_HIEN_THI" "l"
      WHERE "l"."MA" = :Ma_0
      FETCH FIRST 1 ROWS ONLY
info: Microsoft.EntityFrameworkCore.Database.Command[20101]
      Executed DbCommand (2ms) [Parameters=[:nguoiDung_ID_0='?' (DbType = Decimal)], CommandType='Text', CommandTimeout='0']
      SELECT "c"."VAI_TRO_ID"
      FROM "QL_VAI_TRO_NGUOI_DUNG" "c"
      WHERE "c"."NGUOI_DUNG_ID" = :nguoiDung_ID_0
info: Microsoft.EntityFrameworkCore.Database.Command[20101]
      Executed DbCommand (3ms) [Parameters=[:Ma_0='?' (Size = 2000)], CommandType='Text', CommandTimeout='0']
      SELECT "l"."GIA_TRI"
      FROM "QL_NHAN_HIEN_THI" "l"
      WHERE "l"."MA" = :Ma_0
      FETCH FIRST 1 ROWS ONLY
info: Microsoft.EntityFrameworkCore.Database.Command[20101]
      Executed DbCommand (2ms) [Parameters=[:nguoiDung_ID_0='?' (DbType = Decimal)], CommandType='Text', CommandTimeout='0']
      SELECT "c"."VAI_TRO_ID"
      FROM "QL_VAI_TRO_NGUOI_DUNG" "c"
      WHERE "c"."NGUOI_DUNG_ID" = :nguoiDung_ID_0
info: Microsoft.EntityFrameworkCore.Database.Command[20101]
      Executed DbCommand (3ms) [Parameters=[:Ma_0='?' (Size = 2000)], CommandType='Text', CommandTimeout='0']
      SELECT "l"."GIA_TRI"
      FROM "QL_NHAN_HIEN_THI" "l"
      WHERE "l"."MA" = :Ma_0
      FETCH FIRST 1 ROWS ONLY
info: Microsoft.EntityFrameworkCore.Database.Command[20101]
      Executed DbCommand (4ms) [Parameters=[:Ma_0='?' (Size = 2000)], CommandType='Text', CommandTimeout='0']
      SELECT "l"."GIA_TRI"
      FROM "QL_NHAN_HIEN_THI" "l"
      WHERE "l"."MA" = :Ma_0
      FETCH FIRST 1 ROWS ONLY
info: Microsoft.EntityFrameworkCore.Database.Command[20101]
      Executed DbCommand (3ms) [Parameters=[:Ma_0='?' (Size = 2000)], CommandType='Text', CommandTimeout='0']
      SELECT "l"."GIA_TRI"
      FROM "QL_NHAN_HIEN_THI" "l"
      WHERE "l"."MA" = :Ma_0
      FETCH FIRST 1 ROWS ONLY
info: Microsoft.EntityFrameworkCore.Database.Command[20101]
      Executed DbCommand (2ms) [Parameters=[:Ma_0='?' (Size = 2000)], CommandType='Text', CommandTimeout='0']
      SELECT "l"."GIA_TRI"
      FROM "QL_NHAN_HIEN_THI" "l"
      WHERE "l"."MA" = :Ma_0
      FETCH FIRST 1 ROWS ONLY
info: Microsoft.EntityFrameworkCore.Database.Command[20101]
      Executed DbCommand (4ms) [Parameters=[:Ma_0='?' (Size = 2000)], CommandType='Text', CommandTimeout='0']
      SELECT "l"."GIA_TRI"
      FROM "QL_NHAN_HIEN_THI" "l"
      WHERE "l"."MA" = :Ma_0
      FETCH FIRST 1 ROWS ONLY
info: Microsoft.EntityFrameworkCore.Database.Command[20101]
      Executed DbCommand (4ms) [Parameters=[:Ma_0='?' (Size = 2000)], CommandType='Text', CommandTimeout='0']
      SELECT "l"."GIA_TRI"
      FROM "QL_NHAN_HIEN_THI" "l"
      WHERE "l"."MA" = :Ma_0
      FETCH FIRST 1 ROWS ONLY
info: Microsoft.EntityFrameworkCore.Database.Command[20101]
      Executed DbCommand (2ms) [Parameters=[:nguoiDung_ID_0='?' (DbType = Decimal)], CommandType='Text', CommandTimeout='0']
      SELECT "c"."VAI_TRO_ID"
      FROM "QL_VAI_TRO_NGUOI_DUNG" "c"
      WHERE "c"."NGUOI_DUNG_ID" = :nguoiDung_ID_0
info: Microsoft.EntityFrameworkCore.Database.Command[20101]
      Executed DbCommand (3ms) [Parameters=[:Ma_0='?' (Size = 2000)], CommandType='Text', CommandTimeout='0']
      SELECT "l"."GIA_TRI"
      FROM "QL_NHAN_HIEN_THI" "l"
      WHERE "l"."MA" = :Ma_0
      FETCH FIRST 1 ROWS ONLY
info: Microsoft.EntityFrameworkCore.Database.Command[20101]
      Executed DbCommand (2ms) [Parameters=[:nguoiDung_ID_0='?' (DbType = Decimal)], CommandType='Text', CommandTimeout='0']
      SELECT "c"."VAI_TRO_ID"
      FROM "QL_VAI_TRO_NGUOI_DUNG" "c"
      WHERE "c"."NGUOI_DUNG_ID" = :nguoiDung_ID_0
info: Microsoft.EntityFrameworkCore.Database.Command[20101]
      Executed DbCommand (2ms) [Parameters=[:nguoiDung_ID_0='?' (DbType = Decimal)], CommandType='Text', CommandTimeout='0']
      SELECT "c"."VAI_TRO_ID"
      FROM "QL_VAI_TRO_NGUOI_DUNG" "c"
      WHERE "c"."NGUOI_DUNG_ID" = :nguoiDung_ID_0
info: Microsoft.EntityFrameworkCore.Database.Command[20101]
      Executed DbCommand (3ms) [Parameters=[:Ma_0='?' (Size = 2000)], CommandType='Text', CommandTimeout='0']
      SELECT "l"."GIA_TRI"
      FROM "QL_NHAN_HIEN_THI" "l"
      WHERE "l"."MA" = :Ma_0
      FETCH FIRST 1 ROWS ONLY
info: Microsoft.EntityFrameworkCore.Database.Command[20101]
      Executed DbCommand (3ms) [Parameters=[:nguoiDung_ID_0='?' (DbType = Decimal)], CommandType='Text', CommandTimeout='0']
      SELECT "c"."VAI_TRO_ID"
      FROM "QL_VAI_TRO_NGUOI_DUNG" "c"
      WHERE "c"."NGUOI_DUNG_ID" = :nguoiDung_ID_0
info: Microsoft.EntityFrameworkCore.Database.Command[20101]
      Executed DbCommand (3ms) [Parameters=[:Ma_0='?' (Size = 2000)], CommandType='Text', CommandTimeout='0']
      SELECT "l"."GIA_TRI"
      FROM "QL_NHAN_HIEN_THI" "l"
      WHERE "l"."MA" = :Ma_0
      FETCH FIRST 1 ROWS ONLY
info: Microsoft.EntityFrameworkCore.Database.Command[20101]
      Executed DbCommand (2ms) [Parameters=[:nguoiDung_ID_0='?' (DbType = Decimal)], CommandType='Text', CommandTimeout='0']
      SELECT "c"."VAI_TRO_ID"
      FROM "QL_VAI_TRO_NGUOI_DUNG" "c"
      WHERE "c"."NGUOI_DUNG_ID" = :nguoiDung_ID_0
info: Microsoft.EntityFrameworkCore.Database.Command[20101]
      Executed DbCommand (2ms) [Parameters=[:nguoiDung_ID_0='?' (DbType = Decimal)], CommandType='Text', CommandTimeout='0']
      SELECT "c"."VAI_TRO_ID"
      FROM "QL_VAI_TRO_NGUOI_DUNG" "c"
      WHERE "c"."NGUOI_DUNG_ID" = :nguoiDung_ID_0
info: Microsoft.EntityFrameworkCore.Database.Command[20101]
      Executed DbCommand (3ms) [Parameters=[:Ma_0='?' (Size = 2000)], CommandType='Text', CommandTimeout='0']
      SELECT "l"."GIA_TRI"
      FROM "QL_NHAN_HIEN_THI" "l"
      WHERE "l"."MA" = :Ma_0
      FETCH FIRST 1 ROWS ONLY
info: Microsoft.EntityFrameworkCore.Database.Command[20101]
      Executed DbCommand (2ms) [Parameters=[:nguoiDung_ID_0='?' (DbType = Decimal)], CommandType='Text', CommandTimeout='0']
      SELECT "c"."VAI_TRO_ID"
      FROM "QL_VAI_TRO_NGUOI_DUNG" "c"
      WHERE "c"."NGUOI_DUNG_ID" = :nguoiDung_ID_0
info: Microsoft.EntityFrameworkCore.Database.Command[20101]
      Executed DbCommand (3ms) [Parameters=[:Ma_0='?' (Size = 2000)], CommandType='Text', CommandTimeout='0']
      SELECT "l"."GIA_TRI"
      FROM "QL_NHAN_HIEN_THI" "l"
      WHERE "l"."MA" = :Ma_0
      FETCH FIRST 1 ROWS ONLY
info: Microsoft.EntityFrameworkCore.Database.Command[20101]
      Executed DbCommand (2ms) [Parameters=[:nguoiDung_ID_0='?' (DbType = Decimal)], CommandType='Text', CommandTimeout='0']
      SELECT "c"."VAI_TRO_ID"
      FROM "QL_VAI_TRO_NGUOI_DUNG" "c"
      WHERE "c"."NGUOI_DUNG_ID" = :nguoiDung_ID_0
info: Microsoft.EntityFrameworkCore.Database.Command[20101]
      Executed DbCommand (2ms) [Parameters=[:Ma_0='?' (Size = 2000)], CommandType='Text', CommandTimeout='0']
      SELECT "l"."GIA_TRI"
      FROM "QL_NHAN_HIEN_THI" "l"
      WHERE "l"."MA" = :Ma_0
      FETCH FIRST 1 ROWS ONLY
info: Microsoft.EntityFrameworkCore.Database.Command[20101]
      Executed DbCommand (2ms) [Parameters=[:nguoiDung_ID_0='?' (DbType = Decimal)], CommandType='Text', CommandTimeout='0']
      SELECT "c"."VAI_TRO_ID"
      FROM "QL_VAI_TRO_NGUOI_DUNG" "c"
      WHERE "c"."NGUOI_DUNG_ID" = :nguoiDung_ID_0
info: Microsoft.EntityFrameworkCore.Database.Command[20101]
      Executed DbCommand (2ms) [Parameters=[:Ma_0='?' (Size = 2000)], CommandType='Text', CommandTimeout='0']
      SELECT "l"."GIA_TRI"
      FROM "QL_NHAN_HIEN_THI" "l"
      WHERE "l"."MA" = :Ma_0
      FETCH FIRST 1 ROWS ONLY
info: Microsoft.EntityFrameworkCore.Database.Command[20101]
      Executed DbCommand (3ms) [Parameters=[:nguoiDung_ID_0='?' (DbType = Decimal)], CommandType='Text', CommandTimeout='0']
      SELECT "c"."VAI_TRO_ID"
      FROM "QL_VAI_TRO_NGUOI_DUNG" "c"
      WHERE "c"."NGUOI_DUNG_ID" = :nguoiDung_ID_0
info: Microsoft.EntityFrameworkCore.Database.Command[20101]
      Executed DbCommand (3ms) [Parameters=[:Ma_0='?' (Size = 2000)], CommandType='Text', CommandTimeout='0']
      SELECT "l"."GIA_TRI"
      FROM "QL_NHAN_HIEN_THI" "l"
      WHERE "l"."MA" = :Ma_0
      FETCH FIRST 1 ROWS ONLY
info: Microsoft.EntityFrameworkCore.Database.Command[20101]
      Executed DbCommand (2ms) [Parameters=[:nguoiDung_ID_0='?' (DbType = Decimal)], CommandType='Text', CommandTimeout='0']
      SELECT "c"."VAI_TRO_ID"
      FROM "QL_VAI_TRO_NGUOI_DUNG" "c"
      WHERE "c"."NGUOI_DUNG_ID" = :nguoiDung_ID_0
info: Microsoft.EntityFrameworkCore.Database.Command[20101]
      Executed DbCommand (2ms) [Parameters=[:Ma_0='?' (Size = 2000)], CommandType='Text', CommandTimeout='0']
      SELECT "l"."GIA_TRI"
      FROM "QL_NHAN_HIEN_THI" "l"
      WHERE "l"."MA" = :Ma_0
      FETCH FIRST 1 ROWS ONLY
info: Microsoft.EntityFrameworkCore.Database.Command[20101]
      Executed DbCommand (3ms) [Parameters=[:nguoiDung_ID_0='?' (DbType = Decimal)], CommandType='Text', CommandTimeout='0']
      SELECT "c"."VAI_TRO_ID"
      FROM "QL_VAI_TRO_NGUOI_DUNG" "c"
      WHERE "c"."NGUOI_DUNG_ID" = :nguoiDung_ID_0
info: Microsoft.EntityFrameworkCore.Database.Command[20101]
      Executed DbCommand (3ms) [Parameters=[:Ma_0='?' (Size = 2000)], CommandType='Text', CommandTimeout='0']
      SELECT "l"."GIA_TRI"
      FROM "QL_NHAN_HIEN_THI" "l"
      WHERE "l"."MA" = :Ma_0
      FETCH FIRST 1 ROWS ONLY
info: Microsoft.EntityFrameworkCore.Database.Command[20101]
      Executed DbCommand (2ms) [Parameters=[:nguoiDung_ID_0='?' (DbType = Decimal)], CommandType='Text', CommandTimeout='0']
      SELECT "c"."VAI_TRO_ID"
      FROM "QL_VAI_TRO_NGUOI_DUNG" "c"
      WHERE "c"."NGUOI_DUNG_ID" = :nguoiDung_ID_0
info: Microsoft.EntityFrameworkCore.Database.Command[20101]
      Executed DbCommand (3ms) [Parameters=[:Ma_0='?' (Size = 2000)], CommandType='Text', CommandTimeout='0']
      SELECT "l"."GIA_TRI"
      FROM "QL_NHAN_HIEN_THI" "l"
      WHERE "l"."MA" = :Ma_0
      FETCH FIRST 1 ROWS ONLY
info: Microsoft.EntityFrameworkCore.Database.Command[20101]
      Executed DbCommand (2ms) [Parameters=[:nguoiDung_ID_0='?' (DbType = Decimal)], CommandType='Text', CommandTimeout='0']
      SELECT "c"."VAI_TRO_ID"
      FROM "QL_VAI_TRO_NGUOI_DUNG" "c"
      WHERE "c"."NGUOI_DUNG_ID" = :nguoiDung_ID_0
info: Microsoft.EntityFrameworkCore.Database.Command[20101]
      Executed DbCommand (2ms) [Parameters=[:Ma_0='?' (Size = 2000)], CommandType='Text', CommandTimeout='0']
      SELECT "l"."GIA_TRI"
      FROM "QL_NHAN_HIEN_THI" "l"
      WHERE "l"."MA" = :Ma_0
      FETCH FIRST 1 ROWS ONLY
info: Microsoft.EntityFrameworkCore.Database.Command[20101]
      Executed DbCommand (2ms) [Parameters=[:nguoiDung_ID_0='?' (DbType = Decimal)], CommandType='Text', CommandTimeout='0']
      SELECT "c"."VAI_TRO_ID"
      FROM "QL_VAI_TRO_NGUOI_DUNG" "c"
      WHERE "c"."NGUOI_DUNG_ID" = :nguoiDung_ID_0
info: Microsoft.EntityFrameworkCore.Database.Command[20101]
      Executed DbCommand (3ms) [Parameters=[:Ma_0='?' (Size = 2000)], CommandType='Text', CommandTimeout='0']
      SELECT "l"."GIA_TRI"
      FROM "QL_NHAN_HIEN_THI" "l"
      WHERE "l"."MA" = :Ma_0
      FETCH FIRST 1 ROWS ONLY
info: Microsoft.EntityFrameworkCore.Database.Command[20101]
      Executed DbCommand (3ms) [Parameters=[:nguoiDung_ID_0='?' (DbType = Decimal)], CommandType='Text', CommandTimeout='0']
      SELECT "c"."VAI_TRO_ID"
      FROM "QL_VAI_TRO_NGUOI_DUNG" "c"
      WHERE "c"."NGUOI_DUNG_ID" = :nguoiDung_ID_0
info: Microsoft.EntityFrameworkCore.Database.Command[20101]
      Executed DbCommand (3ms) [Parameters=[:Ma_0='?' (Size = 2000)], CommandType='Text', CommandTimeout='0']
      SELECT "l"."GIA_TRI"
      FROM "QL_NHAN_HIEN_THI" "l"
      WHERE "l"."MA" = :Ma_0
      FETCH FIRST 1 ROWS ONLY
info: Microsoft.EntityFrameworkCore.Database.Command[20101]
      Executed DbCommand (2ms) [Parameters=[:nguoiDung_ID_0='?' (DbType = Decimal)], CommandType='Text', CommandTimeout='0']
      SELECT "c"."VAI_TRO_ID"
      FROM "QL_VAI_TRO_NGUOI_DUNG" "c"
      WHERE "c"."NGUOI_DUNG_ID" = :nguoiDung_ID_0
info: Microsoft.EntityFrameworkCore.Database.Command[20101]
      Executed DbCommand (3ms) [Parameters=[:Ma_0='?' (Size = 2000)], CommandType='Text', CommandTimeout='0']
      SELECT "l"."GIA_TRI"
      FROM "QL_NHAN_HIEN_THI" "l"
      WHERE "l"."MA" = :Ma_0
      FETCH FIRST 1 ROWS ONLY
info: Microsoft.EntityFrameworkCore.Database.Command[20101]
      Executed DbCommand (3ms) [Parameters=[:nguoiDung_ID_0='?' (DbType = Decimal)], CommandType='Text', CommandTimeout='0']
      SELECT "c"."VAI_TRO_ID"
      FROM "QL_VAI_TRO_NGUOI_DUNG" "c"
      WHERE "c"."NGUOI_DUNG_ID" = :nguoiDung_ID_0
info: Microsoft.EntityFrameworkCore.Database.Command[20101]
      Executed DbCommand (4ms) [Parameters=[:Ma_0='?' (Size = 2000)], CommandType='Text', CommandTimeout='0']
      SELECT "l"."GIA_TRI"
      FROM "QL_NHAN_HIEN_THI" "l"
      WHERE "l"."MA" = :Ma_0
      FETCH FIRST 1 ROWS ONLY
info: Microsoft.EntityFrameworkCore.Database.Command[20101]
      Executed DbCommand (2ms) [Parameters=[:nguoiDung_ID_0='?' (DbType = Decimal)], CommandType='Text', CommandTimeout='0']
      SELECT "c"."VAI_TRO_ID"
      FROM "QL_VAI_TRO_NGUOI_DUNG" "c"
      WHERE "c"."NGUOI_DUNG_ID" = :nguoiDung_ID_0
info: Microsoft.EntityFrameworkCore.Database.Command[20101]
      Executed DbCommand (2ms) [Parameters=[:Ma_0='?' (Size = 2000)], CommandType='Text', CommandTimeout='0']
      SELECT "l"."GIA_TRI"
      FROM "QL_NHAN_HIEN_THI" "l"
      WHERE "l"."MA" = :Ma_0
      FETCH FIRST 1 ROWS ONLY
info: Microsoft.EntityFrameworkCore.Database.Command[20101]
      Executed DbCommand (2ms) [Parameters=[:nguoiDung_ID_0='?' (DbType = Decimal)], CommandType='Text', CommandTimeout='0']
      SELECT "c"."VAI_TRO_ID"
      FROM "QL_VAI_TRO_NGUOI_DUNG" "c"
      WHERE "c"."NGUOI_DUNG_ID" = :nguoiDung_ID_0
info: Microsoft.EntityFrameworkCore.Database.Command[20101]
      Executed DbCommand (3ms) [Parameters=[:Ma_0='?' (Size = 2000)], CommandType='Text', CommandTimeout='0']
      SELECT "l"."GIA_TRI"
      FROM "QL_NHAN_HIEN_THI" "l"
      WHERE "l"."MA" = :Ma_0
      FETCH FIRST 1 ROWS ONLY
info: Microsoft.EntityFrameworkCore.Database.Command[20101]
      Executed DbCommand (2ms) [Parameters=[:nguoiDung_ID_0='?' (DbType = Decimal)], CommandType='Text', CommandTimeout='0']
      SELECT "c"."VAI_TRO_ID"
      FROM "QL_VAI_TRO_NGUOI_DUNG" "c"
      WHERE "c"."NGUOI_DUNG_ID" = :nguoiDung_ID_0
info: Microsoft.EntityFrameworkCore.Database.Command[20101]
      Executed DbCommand (62ms) [Parameters=[:donViId_0='?' (DbType = Decimal)], CommandType='Text', CommandTimeout='0']
      SELECT COUNT(*)
      FROM "DM_DON_VI" "p"
      WHERE ((("p"."PARENT_ID" = :donViId_0) AND ("p"."LA_BAN_QL_DU_AN" = 1)) OR (("p"."ID" = :donViId_0) AND ("p"."LOAI_DON_VI_ID" = 15.0))) OR (("p"."ID" = :donViId_0) AND ("p"."LA_BAN_QL_DU_AN" = 1))
info: Microsoft.EntityFrameworkCore.Database.Command[20101]
      Executed DbCommand (3ms) [Parameters=[:Ma_0='?' (Size = 2000)], CommandType='Text', CommandTimeout='0']
      SELECT "l"."GIA_TRI"
      FROM "QL_NHAN_HIEN_THI" "l"
      WHERE "l"."MA" = :Ma_0
      FETCH FIRST 1 ROWS ONLY
info: Microsoft.EntityFrameworkCore.Database.Command[20101]
      Executed DbCommand (4ms) [Parameters=[:nguoiDung_ID_0='?' (DbType = Decimal)], CommandType='Text', CommandTimeout='0']
      SELECT "c"."VAI_TRO_ID"
      FROM "QL_VAI_TRO_NGUOI_DUNG" "c"
      WHERE "c"."NGUOI_DUNG_ID" = :nguoiDung_ID_0
info: Microsoft.EntityFrameworkCore.Database.Command[20101]
      Executed DbCommand (3ms) [Parameters=[:Ma_0='?' (Size = 2000)], CommandType='Text', CommandTimeout='0']
      SELECT "l"."GIA_TRI"
      FROM "QL_NHAN_HIEN_THI" "l"
      WHERE "l"."MA" = :Ma_0
      FETCH FIRST 1 ROWS ONLY
info: Microsoft.EntityFrameworkCore.Database.Command[20101]
      Executed DbCommand (2ms) [Parameters=[:nguoiDung_ID_0='?' (DbType = Decimal)], CommandType='Text', CommandTimeout='0']
      SELECT "c"."VAI_TRO_ID"
      FROM "QL_VAI_TRO_NGUOI_DUNG" "c"
      WHERE "c"."NGUOI_DUNG_ID" = :nguoiDung_ID_0
info: Microsoft.EntityFrameworkCore.Database.Command[20101]
      Executed DbCommand (3ms) [Parameters=[:Ma_0='?' (Size = 2000)], CommandType='Text', CommandTimeout='0']
      SELECT "l"."GIA_TRI"
      FROM "QL_NHAN_HIEN_THI" "l"
      WHERE "l"."MA" = :Ma_0
      FETCH FIRST 1 ROWS ONLY
info: Microsoft.EntityFrameworkCore.Database.Command[20101]
      Executed DbCommand (2ms) [Parameters=[:nguoiDung_ID_0='?' (DbType = Decimal)], CommandType='Text', CommandTimeout='0']
      SELECT "c"."VAI_TRO_ID"
      FROM "QL_VAI_TRO_NGUOI_DUNG" "c"
      WHERE "c"."NGUOI_DUNG_ID" = :nguoiDung_ID_0
info: Microsoft.EntityFrameworkCore.Database.Command[20101]
      Executed DbCommand (3ms) [Parameters=[:Ma_0='?' (Size = 2000)], CommandType='Text', CommandTimeout='0']
      SELECT "l"."GIA_TRI"
      FROM "QL_NHAN_HIEN_THI" "l"
      WHERE "l"."MA" = :Ma_0
      FETCH FIRST 1 ROWS ONLY
info: Microsoft.EntityFrameworkCore.Database.Command[20101]
      Executed DbCommand (2ms) [Parameters=[:nguoiDung_ID_0='?' (DbType = Decimal)], CommandType='Text', CommandTimeout='0']
      SELECT "c"."VAI_TRO_ID"
      FROM "QL_VAI_TRO_NGUOI_DUNG" "c"
      WHERE "c"."NGUOI_DUNG_ID" = :nguoiDung_ID_0
info: Microsoft.EntityFrameworkCore.Database.Command[20101]
      Executed DbCommand (3ms) [Parameters=[:Ma_0='?' (Size = 2000)], CommandType='Text', CommandTimeout='0']
      SELECT "l"."GIA_TRI"
      FROM "QL_NHAN_HIEN_THI" "l"
      WHERE "l"."MA" = :Ma_0
      FETCH FIRST 1 ROWS ONLY
info: Microsoft.EntityFrameworkCore.Database.Command[20101]
      Executed DbCommand (3ms) [Parameters=[:nguoiDung_ID_0='?' (DbType = Decimal)], CommandType='Text', CommandTimeout='0']
      SELECT "c"."VAI_TRO_ID"
      FROM "QL_VAI_TRO_NGUOI_DUNG" "c"
      WHERE "c"."NGUOI_DUNG_ID" = :nguoiDung_ID_0
info: Microsoft.EntityFrameworkCore.Database.Command[20101]
      Executed DbCommand (3ms) [Parameters=[:Ma_0='?' (Size = 2000)], CommandType='Text', CommandTimeout='0']
      SELECT "l"."GIA_TRI"
      FROM "QL_NHAN_HIEN_THI" "l"
      WHERE "l"."MA" = :Ma_0
      FETCH FIRST 1 ROWS ONLY
info: Microsoft.EntityFrameworkCore.Database.Command[20101]
      Executed DbCommand (3ms) [Parameters=[:nguoiDung_ID_0='?' (DbType = Decimal)], CommandType='Text', CommandTimeout='0']
      SELECT "c"."VAI_TRO_ID"
      FROM "QL_VAI_TRO_NGUOI_DUNG" "c"
      WHERE "c"."NGUOI_DUNG_ID" = :nguoiDung_ID_0
info: Microsoft.EntityFrameworkCore.Database.Command[20101]
      Executed DbCommand (3ms) [Parameters=[:Ma_0='?' (Size = 2000)], CommandType='Text', CommandTimeout='0']
      SELECT "l"."GIA_TRI"
      FROM "QL_NHAN_HIEN_THI" "l"
      WHERE "l"."MA" = :Ma_0
      FETCH FIRST 1 ROWS ONLY
info: Microsoft.EntityFrameworkCore.Database.Command[20101]
      Executed DbCommand (2ms) [Parameters=[:nguoiDung_ID_0='?' (DbType = Decimal)], CommandType='Text', CommandTimeout='0']
      SELECT "c"."VAI_TRO_ID"
      FROM "QL_VAI_TRO_NGUOI_DUNG" "c"
      WHERE "c"."NGUOI_DUNG_ID" = :nguoiDung_ID_0
info: Microsoft.EntityFrameworkCore.Database.Command[20101]
      Executed DbCommand (3ms) [Parameters=[:Ma_0='?' (Size = 2000)], CommandType='Text', CommandTimeout='0']
      SELECT "l"."GIA_TRI"
      FROM "QL_NHAN_HIEN_THI" "l"
      WHERE "l"."MA" = :Ma_0
      FETCH FIRST 1 ROWS ONLY
info: Microsoft.EntityFrameworkCore.Database.Command[20101]
      Executed DbCommand (2ms) [Parameters=[:nguoiDung_ID_0='?' (DbType = Decimal)], CommandType='Text', CommandTimeout='0']
      SELECT "c"."VAI_TRO_ID"
      FROM "QL_VAI_TRO_NGUOI_DUNG" "c"
      WHERE "c"."NGUOI_DUNG_ID" = :nguoiDung_ID_0
info: Microsoft.EntityFrameworkCore.Database.Command[20101]
      Executed DbCommand (3ms) [Parameters=[:Ma_0='?' (Size = 2000)], CommandType='Text', CommandTimeout='0']
      SELECT "l"."GIA_TRI"
      FROM "QL_NHAN_HIEN_THI" "l"
      WHERE "l"."MA" = :Ma_0
      FETCH FIRST 1 ROWS ONLY
info: Microsoft.EntityFrameworkCore.Database.Command[20101]
      Executed DbCommand (3ms) [Parameters=[:nguoiDung_ID_0='?' (DbType = Decimal)], CommandType='Text', CommandTimeout='0']
      SELECT "c"."VAI_TRO_ID"
      FROM "QL_VAI_TRO_NGUOI_DUNG" "c"
      WHERE "c"."NGUOI_DUNG_ID" = :nguoiDung_ID_0
info: Microsoft.EntityFrameworkCore.Database.Command[20101]
      Executed DbCommand (3ms) [Parameters=[:guid_0='?' (DbType = Binary)], CommandType='Text', CommandTimeout='0']
      SELECT "c"."ID", "c"."CURRENT_DON_VI_ID", "c"."DB_ID", "c"."EMAIL", "c"."GHI_CHU", "c"."GUID", "c"."IP_TRUY_CAP", "c"."IS_QUAN_TRI", "c"."MAT_KHAU", "c"."MAT_KHAU_KEY", "c"."MA_CAN_BO", "c"."MOBILE", "c"."NGAY_TAO", "c"."NGAY_TRUY_CAP", "c"."NGUOI_TAO", "c"."NGUON_ID", "c"."PASSWORD_HASH", "c"."TEN_DANG_NHAP", "c"."TEN_DAY_DU", "c"."TMP_MAT_KHAU", "c"."TRANG_THAI_ID", "c"."UNG_DUNG"
      FROM "QL_NGUOI_DUNG" "c"
      WHERE "c"."GUID" = :guid_0
      FETCH FIRST 1 ROWS ONLY
info: Microsoft.EntityFrameworkCore.Database.Command[20101]
      Executed DbCommand (2ms) [Parameters=[:nguoiDung_ID_0='?' (DbType = Int32)], CommandType='Text', CommandTimeout='0']
      SELECT "p"."ID", "p"."DATA_JSON", "p"."DB_QUEUE_PROCESS_ID", "p"."DON_VI_ID", "p"."FILE_TYPE", "p"."GUID", "p"."GUID_FILE", "p"."MA_BAO_CAO", "p"."MODEL_DATA_TYPE", "p"."NGAY_TAO", "p"."NGUOI_TAO_ID", "p"."REPORT_CLASS", "p"."RESPONSE", "p"."SEARCH_MODEL_CLASS", "p"."SEARCH_MODEL_JSON", "p"."STATEMENT", "p"."TIME_END_GET_DATA", "p"."TIME_START_GET_DATA", "p"."TRANG_THAI_ID", "p"."TYPE_QUEUE_PROCESS_ID"
      FROM "BC_QUEUE_PROCESS" "p"
      WHERE "p"."NGUOI_TAO_ID" = :nguoiDung_ID_0
      ORDER BY "p"."ID" DESC
      FETCH FIRST 1 ROWS ONLY
info: Microsoft.EntityFrameworkCore.Database.Command[20101]
      Executed DbCommand (3ms) [Parameters=[:Ma_0='?' (Size = 2000)], CommandType='Text', CommandTimeout='0']
      SELECT "l"."GIA_TRI"
      FROM "QL_NHAN_HIEN_THI" "l"
      WHERE "l"."MA" = :Ma_0
      FETCH FIRST 1 ROWS ONLY
info: Microsoft.EntityFrameworkCore.Database.Command[20101]
      Executed DbCommand (3ms) [Parameters=[:Ma_0='?' (Size = 2000)], CommandType='Text', CommandTimeout='0']
      SELECT "l"."GIA_TRI"
      FROM "QL_NHAN_HIEN_THI" "l"
      WHERE "l"."MA" = :Ma_0
      FETCH FIRST 1 ROWS ONLY
info: Microsoft.EntityFrameworkCore.Database.Command[20101]
      Executed DbCommand (3ms) [Parameters=[:Ma_0='?' (Size = 2000)], CommandType='Text', CommandTimeout='0']
      SELECT "l"."GIA_TRI"
      FROM "QL_NHAN_HIEN_THI" "l"
      WHERE "l"."MA" = :Ma_0
      FETCH FIRST 1 ROWS ONLY
info: Microsoft.EntityFrameworkCore.Database.Command[20101]
      Executed DbCommand (3ms) [Parameters=[:Ma_0='?' (Size = 2000)], CommandType='Text', CommandTimeout='0']
      SELECT "l"."GIA_TRI"
      FROM "QL_NHAN_HIEN_THI" "l"
      WHERE "l"."MA" = :Ma_0
      FETCH FIRST 1 ROWS ONLY
info: Microsoft.AspNetCore.Mvc.ViewFeatures.ViewResultExecutor[4]
      Executed ViewResult - view ChonLoaiTaiSan executed in 3136.3516ms.
info: Microsoft.AspNetCore.Mvc.Internal.ControllerActionInvoker[2]
      Executed action GS.Web.Controllers.TaiSanController.ChonLoaiTaiSan (GS.Web) in 3442.7081ms
info: Microsoft.AspNetCore.Hosting.Internal.WebHost[2]
      Request finished in 3449.5292ms 200 text/html; charset=utf-8
info: Microsoft.AspNetCore.Hosting.Internal.WebHost[1]
      Request starting HTTP/1.1 GET http://localhost:62432/Home/GetTLHD  
info: Microsoft.AspNetCore.Mvc.Internal.ControllerActionInvoker[1]
      Route matched with {action = "GetTLHD", controller = "Home"}. Executing action GS.Web.Controllers.HomeController.GetTLHD (GS.Web)
info: Microsoft.AspNetCore.Mvc.Internal.ControllerActionInvoker[1]
      Executing action method GS.Web.Controllers.HomeController.GetTLHD (GS.Web) - Validation state: Valid
info: Microsoft.EntityFrameworkCore.Infrastructure[10403]
      Entity Framework Core 2.2.6-servicing-10079 initialized 'GSObjectContext' using provider 'Oracle.EntityFrameworkCore' with options: using lazy-loading proxies 
info: Microsoft.EntityFrameworkCore.Database.Command[20101]
      Executed DbCommand (3ms) [Parameters=[:get_Item_0='?' (DbType = Decimal)], CommandType='Text', CommandTimeout='0']
      SELECT "e"."ID", "e"."DON_VI_ID", "e"."GIA_TRI", "e"."TEN"
      FROM "QL_CAU_HINH" "e"
      WHERE "e"."ID" = :get_Item_0
      FETCH FIRST 1 ROWS ONLY
info: Microsoft.AspNetCore.Mvc.Internal.ControllerActionInvoker[2]
      Executed action method GS.Web.Controllers.HomeController.GetTLHD (GS.Web), returned result Microsoft.AspNetCore.Mvc.JsonResult in 16.5413ms.
info: Microsoft.AspNetCore.Mvc.Formatters.Json.Internal.JsonResultExecutor[1]
      Executing JsonResult, writing value of type 'System.String'.
info: Microsoft.AspNetCore.Mvc.Internal.ControllerActionInvoker[2]
      Executed action GS.Web.Controllers.HomeController.GetTLHD (GS.Web) in 25.0395ms
info: Microsoft.AspNetCore.Hosting.Internal.WebHost[2]
      Request finished in 40.5465ms 200 application/json; charset=utf-8
info: Microsoft.AspNetCore.Hosting.Internal.WebHost[1]
      Request starting HTTP/1.1 GET http://localhost:62432/TaiSan/ChonLoaiTaiSan?isTangMoi=false  
info: Microsoft.AspNetCore.Mvc.Internal.ControllerActionInvoker[1]
      Route matched with {action = "ChonLoaiTaiSan", controller = "TaiSan"}. Executing action GS.Web.Controllers.TaiSanController.ChonLoaiTaiSan (GS.Web)
info: Microsoft.AspNetCore.Mvc.Internal.ControllerActionInvoker[1]
      Executing action method GS.Web.Controllers.TaiSanController.ChonLoaiTaiSan (GS.Web) with arguments (False, False) - Validation state: Valid
info: Microsoft.EntityFrameworkCore.Infrastructure[10403]
      Entity Framework Core 2.2.6-servicing-10079 initialized 'GSObjectContext' using provider 'Oracle.EntityFrameworkCore' with options: using lazy-loading proxies 
info: Microsoft.EntityFrameworkCore.Database.Command[20101]
      Executed DbCommand (4ms) [Parameters=[:Ma_0='?' (Size = 2000)], CommandType='Text', CommandTimeout='0']
      SELECT "l"."GIA_TRI"
      FROM "QL_NHAN_HIEN_THI" "l"
      WHERE "l"."MA" = :Ma_0
      FETCH FIRST 1 ROWS ONLY
info: Microsoft.EntityFrameworkCore.Database.Command[20101]
      Executed DbCommand (3ms) [Parameters=[:Ma_0='?' (Size = 2000)], CommandType='Text', CommandTimeout='0']
      SELECT "l"."GIA_TRI"
      FROM "QL_NHAN_HIEN_THI" "l"
      WHERE "l"."MA" = :Ma_0
      FETCH FIRST 1 ROWS ONLY
info: Microsoft.EntityFrameworkCore.Database.Command[20101]
      Executed DbCommand (2ms) [Parameters=[:Ma_0='?' (Size = 2000)], CommandType='Text', CommandTimeout='0']
      SELECT "l"."GIA_TRI"
      FROM "QL_NHAN_HIEN_THI" "l"
      WHERE "l"."MA" = :Ma_0
      FETCH FIRST 1 ROWS ONLY
info: Microsoft.EntityFrameworkCore.Database.Command[20101]
      Executed DbCommand (2ms) [Parameters=[:Ma_0='?' (Size = 2000)], CommandType='Text', CommandTimeout='0']
      SELECT "l"."GIA_TRI"
      FROM "QL_NHAN_HIEN_THI" "l"
      WHERE "l"."MA" = :Ma_0
      FETCH FIRST 1 ROWS ONLY
info: Microsoft.EntityFrameworkCore.Database.Command[20101]
      Executed DbCommand (3ms) [Parameters=[:Ma_0='?' (Size = 2000)], CommandType='Text', CommandTimeout='0']
      SELECT "l"."GIA_TRI"
      FROM "QL_NHAN_HIEN_THI" "l"
      WHERE "l"."MA" = :Ma_0
      FETCH FIRST 1 ROWS ONLY
info: Microsoft.EntityFrameworkCore.Database.Command[20101]
      Executed DbCommand (2ms) [Parameters=[:Ma_0='?' (Size = 2000)], CommandType='Text', CommandTimeout='0']
      SELECT "l"."GIA_TRI"
      FROM "QL_NHAN_HIEN_THI" "l"
      WHERE "l"."MA" = :Ma_0
      FETCH FIRST 1 ROWS ONLY
info: Microsoft.EntityFrameworkCore.Database.Command[20101]
      Executed DbCommand (2ms) [Parameters=[:Ma_0='?' (Size = 2000)], CommandType='Text', CommandTimeout='0']
      SELECT "l"."GIA_TRI"
      FROM "QL_NHAN_HIEN_THI" "l"
      WHERE "l"."MA" = :Ma_0
      FETCH FIRST 1 ROWS ONLY
info: Microsoft.EntityFrameworkCore.Database.Command[20101]
      Executed DbCommand (3ms) [Parameters=[:Ma_0='?' (Size = 2000)], CommandType='Text', CommandTimeout='0']
      SELECT "l"."GIA_TRI"
      FROM "QL_NHAN_HIEN_THI" "l"
      WHERE "l"."MA" = :Ma_0
      FETCH FIRST 1 ROWS ONLY
info: Microsoft.EntityFrameworkCore.Database.Command[20101]
      Executed DbCommand (3ms) [Parameters=[:Ma_0='?' (Size = 2000)], CommandType='Text', CommandTimeout='0']
      SELECT "l"."GIA_TRI"
      FROM "QL_NHAN_HIEN_THI" "l"
      WHERE "l"."MA" = :Ma_0
      FETCH FIRST 1 ROWS ONLY
info: Microsoft.EntityFrameworkCore.Database.Command[20101]
      Executed DbCommand (3ms) [Parameters=[:Ma_0='?' (Size = 2000)], CommandType='Text', CommandTimeout='0']
      SELECT "l"."GIA_TRI"
      FROM "QL_NHAN_HIEN_THI" "l"
      WHERE "l"."MA" = :Ma_0
      FETCH FIRST 1 ROWS ONLY
info: Microsoft.EntityFrameworkCore.Database.Command[20101]
      Executed DbCommand (3ms) [Parameters=[:Ma_0='?' (Size = 2000)], CommandType='Text', CommandTimeout='0']
      SELECT "l"."GIA_TRI"
      FROM "QL_NHAN_HIEN_THI" "l"
      WHERE "l"."MA" = :Ma_0
      FETCH FIRST 1 ROWS ONLY
info: Microsoft.EntityFrameworkCore.Database.Command[20101]
      Executed DbCommand (3ms) [Parameters=[:Ma_0='?' (Size = 2000)], CommandType='Text', CommandTimeout='0']
      SELECT "l"."GIA_TRI"
      FROM "QL_NHAN_HIEN_THI" "l"
      WHERE "l"."MA" = :Ma_0
      FETCH FIRST 1 ROWS ONLY
info: Microsoft.EntityFrameworkCore.Database.Command[20101]
      Executed DbCommand (2ms) [Parameters=[:get_Item_0='?' (DbType = Decimal)], CommandType='Text', CommandTimeout='0']
      SELECT "e"."ID", "e"."CAP_DON_VI_ID", "e"."CHE_DO_HACH_TOAN_ID", "e"."CO_TAI_SAN", "e"."CQTC_MA", "e"."DA_CO_QUYET_DINH_GIAO_VON", "e"."DB_ID", "e"."DIA_BAN_ID", "e"."DIA_CHI", "e"."DIEN_THOAI", "e"."DON_VI_HIEN_THI", "e"."FAX", "e"."HUYEN_ID", "e"."IS_TSQUAN_LY_CHU_KY_SO", "e"."IS_TSQUAN_LY_NHU_TSCD", "e"."IS_XAC_NHAN_DU_LIEU", "e"."KHONG_CHUYEN_MA", "e"."LA_BAN_QL_DU_AN", "e"."LA_DON_VI_NHAP_LIEU", "e"."LA_DON_VI_TU_CHU_TAI_CHINH", "e"."LIST_FILE_XAC_NHAN", "e"."LOAI_CAP_DON_VI_ID", "e"."LOAI_DON_VI_ID", "e"."MA", "e"."MA_BO", "e"."MA_CHUONG", "e"."MA_DIA_BAN", "e"."MA_DVQHNS", "e"."MA_HUYEN", "e"."MA_TINH", "e"."NGAY_CAP_NHAT", "e"."NGAY_QUYET_DINH", "e"."NGAY_QUYET_DINH_GIAO_VON", "e"."NGAY_TAO", "e"."NGAY_XAC_NHAN", "e"."NGUOI_CAP_NHAT_ID", "e"."NGUOI_TAO_ID", "e"."NHOM_DON_VI_ID", "e"."OLD_CAP_DON_VI_ID", "e"."PARENT_ID", "e"."SO_QUYET_DINH", "e"."SO_QUYET_DINH_GIAO_VON", "e"."TEN", "e"."TINH_ID", "e"."TRANG_THAI_DONG_BO_ID", "e"."TRANG_THAI_ID", "e"."TRANG_THAI_THAY_DOI_ID", "e"."TREE_LEVEL", "e"."TREE_NODE", "e"."XA_ID"
      FROM "DM_DON_VI" "e"
      WHERE "e"."ID" = :get_Item_0
      FETCH FIRST 1 ROWS ONLY
info: Microsoft.EntityFrameworkCore.Database.Command[20101]
      Executed DbCommand (32ms) [Parameters=[:TREE_NODE_LON_NHAT_0='?' (Size = 2000)], CommandType='Text', CommandTimeout='0']
      SELECT "p"."ID", "p"."CAP_DON_VI_ID", "p"."CHE_DO_HACH_TOAN_ID", "p"."CO_TAI_SAN", "p"."CQTC_MA", "p"."DA_CO_QUYET_DINH_GIAO_VON", "p"."DB_ID", "p"."DIA_BAN_ID", "p"."DIA_CHI", "p"."DIEN_THOAI", "p"."DON_VI_HIEN_THI", "p"."FAX", "p"."HUYEN_ID", "p"."IS_TSQUAN_LY_CHU_KY_SO", "p"."IS_TSQUAN_LY_NHU_TSCD", "p"."IS_XAC_NHAN_DU_LIEU", "p"."KHONG_CHUYEN_MA", "p"."LA_BAN_QL_DU_AN", "p"."LA_DON_VI_NHAP_LIEU", "p"."LA_DON_VI_TU_CHU_TAI_CHINH", "p"."LIST_FILE_XAC_NHAN", "p"."LOAI_CAP_DON_VI_ID", "p"."LOAI_DON_VI_ID", "p"."MA", "p"."MA_BO", "p"."MA_CHUONG", "p"."MA_DIA_BAN", "p"."MA_DVQHNS", "p"."MA_HUYEN", "p"."MA_TINH", "p"."NGAY_CAP_NHAT", "p"."NGAY_QUYET_DINH", "p"."NGAY_QUYET_DINH_GIAO_VON", "p"."NGAY_TAO", "p"."NGAY_XAC_NHAN", "p"."NGUOI_CAP_NHAT_ID", "p"."NGUOI_TAO_ID", "p"."NHOM_DON_VI_ID", "p"."OLD_CAP_DON_VI_ID", "p"."PARENT_ID", "p"."SO_QUYET_DINH", "p"."SO_QUYET_DINH_GIAO_VON", "p"."TEN", "p"."TINH_ID", "p"."TRANG_THAI_DONG_BO_ID", "p"."TRANG_THAI_ID", "p"."TRANG_THAI_THAY_DOI_ID", "p"."TREE_LEVEL", "p"."TREE_NODE", "p"."XA_ID"
      FROM "DM_DON_VI" "p"
      WHERE ("p"."TREE_NODE" = :TREE_NODE_LON_NHAT_0) AND (("p"."TRANG_THAI_ID" <> 0) OR "p"."TRANG_THAI_ID" IS NULL)
      FETCH FIRST 1 ROWS ONLY
info: Microsoft.EntityFrameworkCore.Database.Command[20101]
      Executed DbCommand (97ms) [Parameters=[], CommandType='Text', CommandTimeout='0']
      SELECT "c"."ID"
      FROM "DM_DON_VI" "c"
      WHERE (CAST(LENGTH("c"."MA") AS NUMBER(10)) = 3) AND (COALESCE("c"."TRANG_THAI_ID", 0) = 1)
info: Microsoft.EntityFrameworkCore.Database.Command[20101]
      Executed DbCommand (3ms) [Parameters=[:donViCapTren_ID_0='?' (DbType = Decimal)], CommandType='Text', CommandTimeout='0']
      SELECT CASE
          WHEN EXISTS (
              SELECT 1
              FROM "DM_LOAI_TAI_SAN_DON_VI" "c"
              WHERE ("c"."LOAI_HINH_TAI_SAN_ID" = 10.0) AND ("c"."DON_VI_ID" = :donViCapTren_ID_0))
          THEN 1 ELSE 0
      END FROM DUAL
info: Microsoft.EntityFrameworkCore.Database.Command[20101]
      Executed DbCommand (33ms) [Parameters=[:TREE_NODE_LON_NHAT_0='?' (Size = 2000)], CommandType='Text', CommandTimeout='0']
      SELECT "p"."ID", "p"."CAP_DON_VI_ID", "p"."CHE_DO_HACH_TOAN_ID", "p"."CO_TAI_SAN", "p"."CQTC_MA", "p"."DA_CO_QUYET_DINH_GIAO_VON", "p"."DB_ID", "p"."DIA_BAN_ID", "p"."DIA_CHI", "p"."DIEN_THOAI", "p"."DON_VI_HIEN_THI", "p"."FAX", "p"."HUYEN_ID", "p"."IS_TSQUAN_LY_CHU_KY_SO", "p"."IS_TSQUAN_LY_NHU_TSCD", "p"."IS_XAC_NHAN_DU_LIEU", "p"."KHONG_CHUYEN_MA", "p"."LA_BAN_QL_DU_AN", "p"."LA_DON_VI_NHAP_LIEU", "p"."LA_DON_VI_TU_CHU_TAI_CHINH", "p"."LIST_FILE_XAC_NHAN", "p"."LOAI_CAP_DON_VI_ID", "p"."LOAI_DON_VI_ID", "p"."MA", "p"."MA_BO", "p"."MA_CHUONG", "p"."MA_DIA_BAN", "p"."MA_DVQHNS", "p"."MA_HUYEN", "p"."MA_TINH", "p"."NGAY_CAP_NHAT", "p"."NGAY_QUYET_DINH", "p"."NGAY_QUYET_DINH_GIAO_VON", "p"."NGAY_TAO", "p"."NGAY_XAC_NHAN", "p"."NGUOI_CAP_NHAT_ID", "p"."NGUOI_TAO_ID", "p"."NHOM_DON_VI_ID", "p"."OLD_CAP_DON_VI_ID", "p"."PARENT_ID", "p"."SO_QUYET_DINH", "p"."SO_QUYET_DINH_GIAO_VON", "p"."TEN", "p"."TINH_ID", "p"."TRANG_THAI_DONG_BO_ID", "p"."TRANG_THAI_ID", "p"."TRANG_THAI_THAY_DOI_ID", "p"."TREE_LEVEL", "p"."TREE_NODE", "p"."XA_ID"
      FROM "DM_DON_VI" "p"
      WHERE ("p"."TREE_NODE" = :TREE_NODE_LON_NHAT_0) AND (("p"."TRANG_THAI_ID" <> 0) OR "p"."TRANG_THAI_ID" IS NULL)
      FETCH FIRST 1 ROWS ONLY
info: Microsoft.EntityFrameworkCore.Database.Command[20101]
      Executed DbCommand (3ms) [Parameters=[:get_Item_0='?' (DbType = Decimal)], CommandType='Text', CommandTimeout='0']
      SELECT "e"."ID", "e"."CAP_DON_VI_ID", "e"."CHE_DO_HACH_TOAN_ID", "e"."CO_TAI_SAN", "e"."CQTC_MA", "e"."DA_CO_QUYET_DINH_GIAO_VON", "e"."DB_ID", "e"."DIA_BAN_ID", "e"."DIA_CHI", "e"."DIEN_THOAI", "e"."DON_VI_HIEN_THI", "e"."FAX", "e"."HUYEN_ID", "e"."IS_TSQUAN_LY_CHU_KY_SO", "e"."IS_TSQUAN_LY_NHU_TSCD", "e"."IS_XAC_NHAN_DU_LIEU", "e"."KHONG_CHUYEN_MA", "e"."LA_BAN_QL_DU_AN", "e"."LA_DON_VI_NHAP_LIEU", "e"."LA_DON_VI_TU_CHU_TAI_CHINH", "e"."LIST_FILE_XAC_NHAN", "e"."LOAI_CAP_DON_VI_ID", "e"."LOAI_DON_VI_ID", "e"."MA", "e"."MA_BO", "e"."MA_CHUONG", "e"."MA_DIA_BAN", "e"."MA_DVQHNS", "e"."MA_HUYEN", "e"."MA_TINH", "e"."NGAY_CAP_NHAT", "e"."NGAY_QUYET_DINH", "e"."NGAY_QUYET_DINH_GIAO_VON", "e"."NGAY_TAO", "e"."NGAY_XAC_NHAN", "e"."NGUOI_CAP_NHAT_ID", "e"."NGUOI_TAO_ID", "e"."NHOM_DON_VI_ID", "e"."OLD_CAP_DON_VI_ID", "e"."PARENT_ID", "e"."SO_QUYET_DINH", "e"."SO_QUYET_DINH_GIAO_VON", "e"."TEN", "e"."TINH_ID", "e"."TRANG_THAI_DONG_BO_ID", "e"."TRANG_THAI_ID", "e"."TRANG_THAI_THAY_DOI_ID", "e"."TREE_LEVEL", "e"."TREE_NODE", "e"."XA_ID"
      FROM "DM_DON_VI" "e"
      WHERE "e"."ID" = :get_Item_0
      FETCH FIRST 1 ROWS ONLY
info: Microsoft.AspNetCore.Mvc.Internal.ControllerActionInvoker[2]
      Executed action method GS.Web.Controllers.TaiSanController.ChonLoaiTaiSan (GS.Web), returned result Microsoft.AspNetCore.Mvc.ViewResult in 293.699ms.
info: Microsoft.AspNetCore.Mvc.ViewFeatures.ViewResultExecutor[1]
      Executing ViewResult, running view ChonLoaiTaiSan.
info: Microsoft.EntityFrameworkCore.Database.Command[20101]
      Executed DbCommand (3ms) [Parameters=[:Ma_0='?' (Size = 2000)], CommandType='Text', CommandTimeout='0']
      SELECT "l"."GIA_TRI"
      FROM "QL_NHAN_HIEN_THI" "l"
      WHERE "l"."MA" = :Ma_0
      FETCH FIRST 1 ROWS ONLY
info: Microsoft.EntityFrameworkCore.Database.Command[20101]
      Executed DbCommand (2ms) [Parameters=[:nguoiDung_ID_0='?' (DbType = Decimal)], CommandType='Text', CommandTimeout='0']
      SELECT "c"."VAI_TRO_ID"
      FROM "QL_VAI_TRO_NGUOI_DUNG" "c"
      WHERE "c"."NGUOI_DUNG_ID" = :nguoiDung_ID_0
info: Microsoft.EntityFrameworkCore.Database.Command[20101]
      Executed DbCommand (2ms) [Parameters=[:Ma_0='?' (Size = 2000)], CommandType='Text', CommandTimeout='0']
      SELECT "l"."GIA_TRI"
      FROM "QL_NHAN_HIEN_THI" "l"
      WHERE "l"."MA" = :Ma_0
      FETCH FIRST 1 ROWS ONLY
info: Microsoft.EntityFrameworkCore.Database.Command[20101]
      Executed DbCommand (2ms) [Parameters=[:nguoiDung_ID_0='?' (DbType = Decimal)], CommandType='Text', CommandTimeout='0']
      SELECT "c"."VAI_TRO_ID"
      FROM "QL_VAI_TRO_NGUOI_DUNG" "c"
      WHERE "c"."NGUOI_DUNG_ID" = :nguoiDung_ID_0
info: Microsoft.EntityFrameworkCore.Database.Command[20101]
      Executed DbCommand (3ms) [Parameters=[:Ma_0='?' (Size = 2000)], CommandType='Text', CommandTimeout='0']
      SELECT "l"."GIA_TRI"
      FROM "QL_NHAN_HIEN_THI" "l"
      WHERE "l"."MA" = :Ma_0
      FETCH FIRST 1 ROWS ONLY
info: Microsoft.EntityFrameworkCore.Database.Command[20101]
      Executed DbCommand (2ms) [Parameters=[:nguoiDung_ID_0='?' (DbType = Decimal)], CommandType='Text', CommandTimeout='0']
      SELECT "c"."VAI_TRO_ID"
      FROM "QL_VAI_TRO_NGUOI_DUNG" "c"
      WHERE "c"."NGUOI_DUNG_ID" = :nguoiDung_ID_0
info: Microsoft.EntityFrameworkCore.Database.Command[20101]
      Executed DbCommand (2ms) [Parameters=[:Ma_0='?' (Size = 2000)], CommandType='Text', CommandTimeout='0']
      SELECT "l"."GIA_TRI"
      FROM "QL_NHAN_HIEN_THI" "l"
      WHERE "l"."MA" = :Ma_0
      FETCH FIRST 1 ROWS ONLY
info: Microsoft.EntityFrameworkCore.Database.Command[20101]
      Executed DbCommand (2ms) [Parameters=[:nguoiDung_ID_0='?' (DbType = Decimal)], CommandType='Text', CommandTimeout='0']
      SELECT "c"."VAI_TRO_ID"
      FROM "QL_VAI_TRO_NGUOI_DUNG" "c"
      WHERE "c"."NGUOI_DUNG_ID" = :nguoiDung_ID_0
info: Microsoft.EntityFrameworkCore.Database.Command[20101]
      Executed DbCommand (2ms) [Parameters=[:Ma_0='?' (Size = 2000)], CommandType='Text', CommandTimeout='0']
      SELECT "l"."GIA_TRI"
      FROM "QL_NHAN_HIEN_THI" "l"
      WHERE "l"."MA" = :Ma_0
      FETCH FIRST 1 ROWS ONLY
info: Microsoft.EntityFrameworkCore.Database.Command[20101]
      Executed DbCommand (2ms) [Parameters=[:nguoiDung_ID_0='?' (DbType = Decimal)], CommandType='Text', CommandTimeout='0']
      SELECT "c"."VAI_TRO_ID"
      FROM "QL_VAI_TRO_NGUOI_DUNG" "c"
      WHERE "c"."NGUOI_DUNG_ID" = :nguoiDung_ID_0
info: Microsoft.EntityFrameworkCore.Database.Command[20101]
      Executed DbCommand (2ms) [Parameters=[:Ma_0='?' (Size = 2000)], CommandType='Text', CommandTimeout='0']
      SELECT "l"."GIA_TRI"
      FROM "QL_NHAN_HIEN_THI" "l"
      WHERE "l"."MA" = :Ma_0
      FETCH FIRST 1 ROWS ONLY
info: Microsoft.EntityFrameworkCore.Database.Command[20101]
      Executed DbCommand (2ms) [Parameters=[:nguoiDung_ID_0='?' (DbType = Decimal)], CommandType='Text', CommandTimeout='0']
      SELECT "c"."VAI_TRO_ID"
      FROM "QL_VAI_TRO_NGUOI_DUNG" "c"
      WHERE "c"."NGUOI_DUNG_ID" = :nguoiDung_ID_0
info: Microsoft.EntityFrameworkCore.Database.Command[20101]
      Executed DbCommand (3ms) [Parameters=[:Ma_0='?' (Size = 2000)], CommandType='Text', CommandTimeout='0']
      SELECT "l"."GIA_TRI"
      FROM "QL_NHAN_HIEN_THI" "l"
      WHERE "l"."MA" = :Ma_0
      FETCH FIRST 1 ROWS ONLY
info: Microsoft.EntityFrameworkCore.Database.Command[20101]
      Executed DbCommand (2ms) [Parameters=[:nguoiDung_ID_0='?' (DbType = Decimal)], CommandType='Text', CommandTimeout='0']
      SELECT "c"."VAI_TRO_ID"
      FROM "QL_VAI_TRO_NGUOI_DUNG" "c"
      WHERE "c"."NGUOI_DUNG_ID" = :nguoiDung_ID_0
info: Microsoft.EntityFrameworkCore.Database.Command[20101]
      Executed DbCommand (3ms) [Parameters=[:Ma_0='?' (Size = 2000)], CommandType='Text', CommandTimeout='0']
      SELECT "l"."GIA_TRI"
      FROM "QL_NHAN_HIEN_THI" "l"
      WHERE "l"."MA" = :Ma_0
      FETCH FIRST 1 ROWS ONLY
info: Microsoft.EntityFrameworkCore.Database.Command[20101]
      Executed DbCommand (2ms) [Parameters=[:nguoiDung_ID_0='?' (DbType = Decimal)], CommandType='Text', CommandTimeout='0']
      SELECT "c"."VAI_TRO_ID"
      FROM "QL_VAI_TRO_NGUOI_DUNG" "c"
      WHERE "c"."NGUOI_DUNG_ID" = :nguoiDung_ID_0
info: Microsoft.EntityFrameworkCore.Database.Command[20101]
      Executed DbCommand (3ms) [Parameters=[:Ma_0='?' (Size = 2000)], CommandType='Text', CommandTimeout='0']
      SELECT "l"."GIA_TRI"
      FROM "QL_NHAN_HIEN_THI" "l"
      WHERE "l"."MA" = :Ma_0
      FETCH FIRST 1 ROWS ONLY
info: Microsoft.EntityFrameworkCore.Database.Command[20101]
      Executed DbCommand (3ms) [Parameters=[:nguoiDung_ID_0='?' (DbType = Decimal)], CommandType='Text', CommandTimeout='0']
      SELECT "c"."VAI_TRO_ID"
      FROM "QL_VAI_TRO_NGUOI_DUNG" "c"
      WHERE "c"."NGUOI_DUNG_ID" = :nguoiDung_ID_0
info: Microsoft.EntityFrameworkCore.Database.Command[20101]
      Executed DbCommand (3ms) [Parameters=[:Ma_0='?' (Size = 2000)], CommandType='Text', CommandTimeout='0']
      SELECT "l"."GIA_TRI"
      FROM "QL_NHAN_HIEN_THI" "l"
      WHERE "l"."MA" = :Ma_0
      FETCH FIRST 1 ROWS ONLY
info: Microsoft.EntityFrameworkCore.Database.Command[20101]
      Executed DbCommand (2ms) [Parameters=[:nguoiDung_ID_0='?' (DbType = Decimal)], CommandType='Text', CommandTimeout='0']
      SELECT "c"."VAI_TRO_ID"
      FROM "QL_VAI_TRO_NGUOI_DUNG" "c"
      WHERE "c"."NGUOI_DUNG_ID" = :nguoiDung_ID_0
info: Microsoft.EntityFrameworkCore.Database.Command[20101]
      Executed DbCommand (5ms) [Parameters=[:Ma_0='?' (Size = 2000)], CommandType='Text', CommandTimeout='0']
      SELECT "l"."GIA_TRI"
      FROM "QL_NHAN_HIEN_THI" "l"
      WHERE "l"."MA" = :Ma_0
      FETCH FIRST 1 ROWS ONLY
info: Microsoft.EntityFrameworkCore.Database.Command[20101]
      Executed DbCommand (2ms) [Parameters=[:nguoiDung_ID_0='?' (DbType = Decimal)], CommandType='Text', CommandTimeout='0']
      SELECT "c"."VAI_TRO_ID"
      FROM "QL_VAI_TRO_NGUOI_DUNG" "c"
      WHERE "c"."NGUOI_DUNG_ID" = :nguoiDung_ID_0
info: Microsoft.EntityFrameworkCore.Database.Command[20101]
      Executed DbCommand (2ms) [Parameters=[:Ma_0='?' (Size = 2000)], CommandType='Text', CommandTimeout='0']
      SELECT "l"."GIA_TRI"
      FROM "QL_NHAN_HIEN_THI" "l"
      WHERE "l"."MA" = :Ma_0
      FETCH FIRST 1 ROWS ONLY
info: Microsoft.EntityFrameworkCore.Database.Command[20101]
      Executed DbCommand (2ms) [Parameters=[:nguoiDung_ID_0='?' (DbType = Decimal)], CommandType='Text', CommandTimeout='0']
      SELECT "c"."VAI_TRO_ID"
      FROM "QL_VAI_TRO_NGUOI_DUNG" "c"
      WHERE "c"."NGUOI_DUNG_ID" = :nguoiDung_ID_0
info: Microsoft.EntityFrameworkCore.Database.Command[20101]
      Executed DbCommand (2ms) [Parameters=[:nguoiDung_ID_0='?' (DbType = Decimal)], CommandType='Text', CommandTimeout='0']
      SELECT "c"."VAI_TRO_ID"
      FROM "QL_VAI_TRO_NGUOI_DUNG" "c"
      WHERE "c"."NGUOI_DUNG_ID" = :nguoiDung_ID_0
info: Microsoft.EntityFrameworkCore.Database.Command[20101]
      Executed DbCommand (2ms) [Parameters=[:Ma_0='?' (Size = 2000)], CommandType='Text', CommandTimeout='0']
      SELECT "l"."GIA_TRI"
      FROM "QL_NHAN_HIEN_THI" "l"
      WHERE "l"."MA" = :Ma_0
      FETCH FIRST 1 ROWS ONLY
info: Microsoft.EntityFrameworkCore.Database.Command[20101]
      Executed DbCommand (2ms) [Parameters=[:nguoiDung_ID_0='?' (DbType = Decimal)], CommandType='Text', CommandTimeout='0']
      SELECT "c"."VAI_TRO_ID"
      FROM "QL_VAI_TRO_NGUOI_DUNG" "c"
      WHERE "c"."NGUOI_DUNG_ID" = :nguoiDung_ID_0
info: Microsoft.EntityFrameworkCore.Database.Command[20101]
      Executed DbCommand (2ms) [Parameters=[:Ma_0='?' (Size = 2000)], CommandType='Text', CommandTimeout='0']
      SELECT "l"."GIA_TRI"
      FROM "QL_NHAN_HIEN_THI" "l"
      WHERE "l"."MA" = :Ma_0
      FETCH FIRST 1 ROWS ONLY
info: Microsoft.EntityFrameworkCore.Database.Command[20101]
      Executed DbCommand (2ms) [Parameters=[:nguoiDung_ID_0='?' (DbType = Decimal)], CommandType='Text', CommandTimeout='0']
      SELECT "c"."VAI_TRO_ID"
      FROM "QL_VAI_TRO_NGUOI_DUNG" "c"
      WHERE "c"."NGUOI_DUNG_ID" = :nguoiDung_ID_0
info: Microsoft.EntityFrameworkCore.Database.Command[20101]
      Executed DbCommand (3ms) [Parameters=[:Ma_0='?' (Size = 2000)], CommandType='Text', CommandTimeout='0']
      SELECT "l"."GIA_TRI"
      FROM "QL_NHAN_HIEN_THI" "l"
      WHERE "l"."MA" = :Ma_0
      FETCH FIRST 1 ROWS ONLY
info: Microsoft.EntityFrameworkCore.Database.Command[20101]
      Executed DbCommand (2ms) [Parameters=[:nguoiDung_ID_0='?' (DbType = Decimal)], CommandType='Text', CommandTimeout='0']
      SELECT "c"."VAI_TRO_ID"
      FROM "QL_VAI_TRO_NGUOI_DUNG" "c"
      WHERE "c"."NGUOI_DUNG_ID" = :nguoiDung_ID_0
info: Microsoft.EntityFrameworkCore.Database.Command[20101]
      Executed DbCommand (2ms) [Parameters=[:Ma_0='?' (Size = 2000)], CommandType='Text', CommandTimeout='0']
      SELECT "l"."GIA_TRI"
      FROM "QL_NHAN_HIEN_THI" "l"
      WHERE "l"."MA" = :Ma_0
      FETCH FIRST 1 ROWS ONLY
info: Microsoft.EntityFrameworkCore.Database.Command[20101]
      Executed DbCommand (2ms) [Parameters=[:nguoiDung_ID_0='?' (DbType = Decimal)], CommandType='Text', CommandTimeout='0']
      SELECT "c"."VAI_TRO_ID"
      FROM "QL_VAI_TRO_NGUOI_DUNG" "c"
      WHERE "c"."NGUOI_DUNG_ID" = :nguoiDung_ID_0
info: Microsoft.EntityFrameworkCore.Database.Command[20101]
      Executed DbCommand (2ms) [Parameters=[:Ma_0='?' (Size = 2000)], CommandType='Text', CommandTimeout='0']
      SELECT "l"."GIA_TRI"
      FROM "QL_NHAN_HIEN_THI" "l"
      WHERE "l"."MA" = :Ma_0
      FETCH FIRST 1 ROWS ONLY
info: Microsoft.EntityFrameworkCore.Database.Command[20101]
      Executed DbCommand (2ms) [Parameters=[:nguoiDung_ID_0='?' (DbType = Decimal)], CommandType='Text', CommandTimeout='0']
      SELECT "c"."VAI_TRO_ID"
      FROM "QL_VAI_TRO_NGUOI_DUNG" "c"
      WHERE "c"."NGUOI_DUNG_ID" = :nguoiDung_ID_0
info: Microsoft.EntityFrameworkCore.Database.Command[20101]
      Executed DbCommand (2ms) [Parameters=[:Ma_0='?' (Size = 2000)], CommandType='Text', CommandTimeout='0']
      SELECT "l"."GIA_TRI"
      FROM "QL_NHAN_HIEN_THI" "l"
      WHERE "l"."MA" = :Ma_0
      FETCH FIRST 1 ROWS ONLY
info: Microsoft.EntityFrameworkCore.Database.Command[20101]
      Executed DbCommand (2ms) [Parameters=[:nguoiDung_ID_0='?' (DbType = Decimal)], CommandType='Text', CommandTimeout='0']
      SELECT "c"."VAI_TRO_ID"
      FROM "QL_VAI_TRO_NGUOI_DUNG" "c"
      WHERE "c"."NGUOI_DUNG_ID" = :nguoiDung_ID_0
info: Microsoft.EntityFrameworkCore.Database.Command[20101]
      Executed DbCommand (2ms) [Parameters=[:Ma_0='?' (Size = 2000)], CommandType='Text', CommandTimeout='0']
      SELECT "l"."GIA_TRI"
      FROM "QL_NHAN_HIEN_THI" "l"
      WHERE "l"."MA" = :Ma_0
      FETCH FIRST 1 ROWS ONLY
info: Microsoft.EntityFrameworkCore.Database.Command[20101]
      Executed DbCommand (2ms) [Parameters=[:nguoiDung_ID_0='?' (DbType = Decimal)], CommandType='Text', CommandTimeout='0']
      SELECT "c"."VAI_TRO_ID"
      FROM "QL_VAI_TRO_NGUOI_DUNG" "c"
      WHERE "c"."NGUOI_DUNG_ID" = :nguoiDung_ID_0
info: Microsoft.EntityFrameworkCore.Database.Command[20101]
      Executed DbCommand (2ms) [Parameters=[:Ma_0='?' (Size = 2000)], CommandType='Text', CommandTimeout='0']
      SELECT "l"."GIA_TRI"
      FROM "QL_NHAN_HIEN_THI" "l"
      WHERE "l"."MA" = :Ma_0
      FETCH FIRST 1 ROWS ONLY
info: Microsoft.EntityFrameworkCore.Database.Command[20101]
      Executed DbCommand (2ms) [Parameters=[:nguoiDung_ID_0='?' (DbType = Decimal)], CommandType='Text', CommandTimeout='0']
      SELECT "c"."VAI_TRO_ID"
      FROM "QL_VAI_TRO_NGUOI_DUNG" "c"
      WHERE "c"."NGUOI_DUNG_ID" = :nguoiDung_ID_0
info: Microsoft.EntityFrameworkCore.Database.Command[20101]
      Executed DbCommand (2ms) [Parameters=[:Ma_0='?' (Size = 2000)], CommandType='Text', CommandTimeout='0']
      SELECT "l"."GIA_TRI"
      FROM "QL_NHAN_HIEN_THI" "l"
      WHERE "l"."MA" = :Ma_0
      FETCH FIRST 1 ROWS ONLY
info: Microsoft.EntityFrameworkCore.Database.Command[20101]
      Executed DbCommand (2ms) [Parameters=[:nguoiDung_ID_0='?' (DbType = Decimal)], CommandType='Text', CommandTimeout='0']
      SELECT "c"."VAI_TRO_ID"
      FROM "QL_VAI_TRO_NGUOI_DUNG" "c"
      WHERE "c"."NGUOI_DUNG_ID" = :nguoiDung_ID_0
info: Microsoft.EntityFrameworkCore.Database.Command[20101]
      Executed DbCommand (3ms) [Parameters=[:Ma_0='?' (Size = 2000)], CommandType='Text', CommandTimeout='0']
      SELECT "l"."GIA_TRI"
      FROM "QL_NHAN_HIEN_THI" "l"
      WHERE "l"."MA" = :Ma_0
      FETCH FIRST 1 ROWS ONLY
info: Microsoft.EntityFrameworkCore.Database.Command[20101]
      Executed DbCommand (2ms) [Parameters=[:nguoiDung_ID_0='?' (DbType = Decimal)], CommandType='Text', CommandTimeout='0']
      SELECT "c"."VAI_TRO_ID"
      FROM "QL_VAI_TRO_NGUOI_DUNG" "c"
      WHERE "c"."NGUOI_DUNG_ID" = :nguoiDung_ID_0
info: Microsoft.EntityFrameworkCore.Database.Command[20101]
      Executed DbCommand (2ms) [Parameters=[:Ma_0='?' (Size = 2000)], CommandType='Text', CommandTimeout='0']
      SELECT "l"."GIA_TRI"
      FROM "QL_NHAN_HIEN_THI" "l"
      WHERE "l"."MA" = :Ma_0
      FETCH FIRST 1 ROWS ONLY
info: Microsoft.EntityFrameworkCore.Database.Command[20101]
      Executed DbCommand (2ms) [Parameters=[:nguoiDung_ID_0='?' (DbType = Decimal)], CommandType='Text', CommandTimeout='0']
      SELECT "c"."VAI_TRO_ID"
      FROM "QL_VAI_TRO_NGUOI_DUNG" "c"
      WHERE "c"."NGUOI_DUNG_ID" = :nguoiDung_ID_0
info: Microsoft.EntityFrameworkCore.Database.Command[20101]
      Executed DbCommand (2ms) [Parameters=[:Ma_0='?' (Size = 2000)], CommandType='Text', CommandTimeout='0']
      SELECT "l"."GIA_TRI"
      FROM "QL_NHAN_HIEN_THI" "l"
      WHERE "l"."MA" = :Ma_0
      FETCH FIRST 1 ROWS ONLY
info: Microsoft.EntityFrameworkCore.Database.Command[20101]
      Executed DbCommand (2ms) [Parameters=[:nguoiDung_ID_0='?' (DbType = Decimal)], CommandType='Text', CommandTimeout='0']
      SELECT "c"."VAI_TRO_ID"
      FROM "QL_VAI_TRO_NGUOI_DUNG" "c"
      WHERE "c"."NGUOI_DUNG_ID" = :nguoiDung_ID_0
info: Microsoft.EntityFrameworkCore.Database.Command[20101]
      Executed DbCommand (2ms) [Parameters=[:Ma_0='?' (Size = 2000)], CommandType='Text', CommandTimeout='0']
      SELECT "l"."GIA_TRI"
      FROM "QL_NHAN_HIEN_THI" "l"
      WHERE "l"."MA" = :Ma_0
      FETCH FIRST 1 ROWS ONLY
info: Microsoft.EntityFrameworkCore.Database.Command[20101]
      Executed DbCommand (2ms) [Parameters=[:nguoiDung_ID_0='?' (DbType = Decimal)], CommandType='Text', CommandTimeout='0']
      SELECT "c"."VAI_TRO_ID"
      FROM "QL_VAI_TRO_NGUOI_DUNG" "c"
      WHERE "c"."NGUOI_DUNG_ID" = :nguoiDung_ID_0
info: Microsoft.EntityFrameworkCore.Database.Command[20101]
      Executed DbCommand (3ms) [Parameters=[:Ma_0='?' (Size = 2000)], CommandType='Text', CommandTimeout='0']
      SELECT "l"."GIA_TRI"
      FROM "QL_NHAN_HIEN_THI" "l"
      WHERE "l"."MA" = :Ma_0
      FETCH FIRST 1 ROWS ONLY
info: Microsoft.EntityFrameworkCore.Database.Command[20101]
      Executed DbCommand (2ms) [Parameters=[:nguoiDung_ID_0='?' (DbType = Decimal)], CommandType='Text', CommandTimeout='0']
      SELECT "c"."VAI_TRO_ID"
      FROM "QL_VAI_TRO_NGUOI_DUNG" "c"
      WHERE "c"."NGUOI_DUNG_ID" = :nguoiDung_ID_0
info: Microsoft.EntityFrameworkCore.Database.Command[20101]
      Executed DbCommand (3ms) [Parameters=[:Ma_0='?' (Size = 2000)], CommandType='Text', CommandTimeout='0']
      SELECT "l"."GIA_TRI"
      FROM "QL_NHAN_HIEN_THI" "l"
      WHERE "l"."MA" = :Ma_0
      FETCH FIRST 1 ROWS ONLY
info: Microsoft.EntityFrameworkCore.Database.Command[20101]
      Executed DbCommand (2ms) [Parameters=[:nguoiDung_ID_0='?' (DbType = Decimal)], CommandType='Text', CommandTimeout='0']
      SELECT "c"."VAI_TRO_ID"
      FROM "QL_VAI_TRO_NGUOI_DUNG" "c"
      WHERE "c"."NGUOI_DUNG_ID" = :nguoiDung_ID_0
info: Microsoft.EntityFrameworkCore.Database.Command[20101]
      Executed DbCommand (3ms) [Parameters=[:Ma_0='?' (Size = 2000)], CommandType='Text', CommandTimeout='0']
      SELECT "l"."GIA_TRI"
      FROM "QL_NHAN_HIEN_THI" "l"
      WHERE "l"."MA" = :Ma_0
      FETCH FIRST 1 ROWS ONLY
info: Microsoft.EntityFrameworkCore.Database.Command[20101]
      Executed DbCommand (2ms) [Parameters=[:nguoiDung_ID_0='?' (DbType = Decimal)], CommandType='Text', CommandTimeout='0']
      SELECT "c"."VAI_TRO_ID"
      FROM "QL_VAI_TRO_NGUOI_DUNG" "c"
      WHERE "c"."NGUOI_DUNG_ID" = :nguoiDung_ID_0
info: Microsoft.EntityFrameworkCore.Database.Command[20101]
      Executed DbCommand (3ms) [Parameters=[:Ma_0='?' (Size = 2000)], CommandType='Text', CommandTimeout='0']
      SELECT "l"."GIA_TRI"
      FROM "QL_NHAN_HIEN_THI" "l"
      WHERE "l"."MA" = :Ma_0
      FETCH FIRST 1 ROWS ONLY
info: Microsoft.EntityFrameworkCore.Database.Command[20101]
      Executed DbCommand (2ms) [Parameters=[:nguoiDung_ID_0='?' (DbType = Decimal)], CommandType='Text', CommandTimeout='0']
      SELECT "c"."VAI_TRO_ID"
      FROM "QL_VAI_TRO_NGUOI_DUNG" "c"
      WHERE "c"."NGUOI_DUNG_ID" = :nguoiDung_ID_0
info: Microsoft.EntityFrameworkCore.Database.Command[20101]
      Executed DbCommand (3ms) [Parameters=[:Ma_0='?' (Size = 2000)], CommandType='Text', CommandTimeout='0']
      SELECT "l"."GIA_TRI"
      FROM "QL_NHAN_HIEN_THI" "l"
      WHERE "l"."MA" = :Ma_0
      FETCH FIRST 1 ROWS ONLY
info: Microsoft.EntityFrameworkCore.Database.Command[20101]
      Executed DbCommand (2ms) [Parameters=[:nguoiDung_ID_0='?' (DbType = Decimal)], CommandType='Text', CommandTimeout='0']
      SELECT "c"."VAI_TRO_ID"
      FROM "QL_VAI_TRO_NGUOI_DUNG" "c"
      WHERE "c"."NGUOI_DUNG_ID" = :nguoiDung_ID_0
info: Microsoft.EntityFrameworkCore.Database.Command[20101]
      Executed DbCommand (3ms) [Parameters=[:Ma_0='?' (Size = 2000)], CommandType='Text', CommandTimeout='0']
      SELECT "l"."GIA_TRI"
      FROM "QL_NHAN_HIEN_THI" "l"
      WHERE "l"."MA" = :Ma_0
      FETCH FIRST 1 ROWS ONLY
info: Microsoft.EntityFrameworkCore.Database.Command[20101]
      Executed DbCommand (4ms) [Parameters=[:nguoiDung_ID_0='?' (DbType = Decimal)], CommandType='Text', CommandTimeout='0']
      SELECT "c"."VAI_TRO_ID"
      FROM "QL_VAI_TRO_NGUOI_DUNG" "c"
      WHERE "c"."NGUOI_DUNG_ID" = :nguoiDung_ID_0
info: Microsoft.EntityFrameworkCore.Database.Command[20101]
      Executed DbCommand (3ms) [Parameters=[:Ma_0='?' (Size = 2000)], CommandType='Text', CommandTimeout='0']
      SELECT "l"."GIA_TRI"
      FROM "QL_NHAN_HIEN_THI" "l"
      WHERE "l"."MA" = :Ma_0
      FETCH FIRST 1 ROWS ONLY
info: Microsoft.EntityFrameworkCore.Database.Command[20101]
      Executed DbCommand (2ms) [Parameters=[:nguoiDung_ID_0='?' (DbType = Decimal)], CommandType='Text', CommandTimeout='0']
      SELECT "c"."VAI_TRO_ID"
      FROM "QL_VAI_TRO_NGUOI_DUNG" "c"
      WHERE "c"."NGUOI_DUNG_ID" = :nguoiDung_ID_0
info: Microsoft.EntityFrameworkCore.Database.Command[20101]
      Executed DbCommand (3ms) [Parameters=[:Ma_0='?' (Size = 2000)], CommandType='Text', CommandTimeout='0']
      SELECT "l"."GIA_TRI"
      FROM "QL_NHAN_HIEN_THI" "l"
      WHERE "l"."MA" = :Ma_0
      FETCH FIRST 1 ROWS ONLY
info: Microsoft.EntityFrameworkCore.Database.Command[20101]
      Executed DbCommand (2ms) [Parameters=[:nguoiDung_ID_0='?' (DbType = Decimal)], CommandType='Text', CommandTimeout='0']
      SELECT "c"."VAI_TRO_ID"
      FROM "QL_VAI_TRO_NGUOI_DUNG" "c"
      WHERE "c"."NGUOI_DUNG_ID" = :nguoiDung_ID_0
info: Microsoft.EntityFrameworkCore.Database.Command[20101]
      Executed DbCommand (3ms) [Parameters=[:Ma_0='?' (Size = 2000)], CommandType='Text', CommandTimeout='0']
      SELECT "l"."GIA_TRI"
      FROM "QL_NHAN_HIEN_THI" "l"
      WHERE "l"."MA" = :Ma_0
      FETCH FIRST 1 ROWS ONLY
info: Microsoft.EntityFrameworkCore.Database.Command[20101]
      Executed DbCommand (2ms) [Parameters=[:nguoiDung_ID_0='?' (DbType = Decimal)], CommandType='Text', CommandTimeout='0']
      SELECT "c"."VAI_TRO_ID"
      FROM "QL_VAI_TRO_NGUOI_DUNG" "c"
      WHERE "c"."NGUOI_DUNG_ID" = :nguoiDung_ID_0
info: Microsoft.EntityFrameworkCore.Database.Command[20101]
      Executed DbCommand (3ms) [Parameters=[:Ma_0='?' (Size = 2000)], CommandType='Text', CommandTimeout='0']
      SELECT "l"."GIA_TRI"
      FROM "QL_NHAN_HIEN_THI" "l"
      WHERE "l"."MA" = :Ma_0
      FETCH FIRST 1 ROWS ONLY
info: Microsoft.EntityFrameworkCore.Database.Command[20101]
      Executed DbCommand (2ms) [Parameters=[:nguoiDung_ID_0='?' (DbType = Decimal)], CommandType='Text', CommandTimeout='0']
      SELECT "c"."VAI_TRO_ID"
      FROM "QL_VAI_TRO_NGUOI_DUNG" "c"
      WHERE "c"."NGUOI_DUNG_ID" = :nguoiDung_ID_0
info: Microsoft.EntityFrameworkCore.Database.Command[20101]
      Executed DbCommand (3ms) [Parameters=[:Ma_0='?' (Size = 2000)], CommandType='Text', CommandTimeout='0']
      SELECT "l"."GIA_TRI"
      FROM "QL_NHAN_HIEN_THI" "l"
      WHERE "l"."MA" = :Ma_0
      FETCH FIRST 1 ROWS ONLY
info: Microsoft.EntityFrameworkCore.Database.Command[20101]
      Executed DbCommand (2ms) [Parameters=[:nguoiDung_ID_0='?' (DbType = Decimal)], CommandType='Text', CommandTimeout='0']
      SELECT "c"."VAI_TRO_ID"
      FROM "QL_VAI_TRO_NGUOI_DUNG" "c"
      WHERE "c"."NGUOI_DUNG_ID" = :nguoiDung_ID_0
info: Microsoft.EntityFrameworkCore.Database.Command[20101]
      Executed DbCommand (3ms) [Parameters=[:Ma_0='?' (Size = 2000)], CommandType='Text', CommandTimeout='0']
      SELECT "l"."GIA_TRI"
      FROM "QL_NHAN_HIEN_THI" "l"
      WHERE "l"."MA" = :Ma_0
      FETCH FIRST 1 ROWS ONLY
info: Microsoft.EntityFrameworkCore.Database.Command[20101]
      Executed DbCommand (2ms) [Parameters=[:nguoiDung_ID_0='?' (DbType = Decimal)], CommandType='Text', CommandTimeout='0']
      SELECT "c"."VAI_TRO_ID"
      FROM "QL_VAI_TRO_NGUOI_DUNG" "c"
      WHERE "c"."NGUOI_DUNG_ID" = :nguoiDung_ID_0
info: Microsoft.EntityFrameworkCore.Database.Command[20101]
      Executed DbCommand (3ms) [Parameters=[:Ma_0='?' (Size = 2000)], CommandType='Text', CommandTimeout='0']
      SELECT "l"."GIA_TRI"
      FROM "QL_NHAN_HIEN_THI" "l"
      WHERE "l"."MA" = :Ma_0
      FETCH FIRST 1 ROWS ONLY
info: Microsoft.EntityFrameworkCore.Database.Command[20101]
      Executed DbCommand (2ms) [Parameters=[:nguoiDung_ID_0='?' (DbType = Decimal)], CommandType='Text', CommandTimeout='0']
      SELECT "c"."VAI_TRO_ID"
      FROM "QL_VAI_TRO_NGUOI_DUNG" "c"
      WHERE "c"."NGUOI_DUNG_ID" = :nguoiDung_ID_0
info: Microsoft.EntityFrameworkCore.Database.Command[20101]
      Executed DbCommand (3ms) [Parameters=[:Ma_0='?' (Size = 2000)], CommandType='Text', CommandTimeout='0']
      SELECT "l"."GIA_TRI"
      FROM "QL_NHAN_HIEN_THI" "l"
      WHERE "l"."MA" = :Ma_0
      FETCH FIRST 1 ROWS ONLY
info: Microsoft.EntityFrameworkCore.Database.Command[20101]
      Executed DbCommand (2ms) [Parameters=[:nguoiDung_ID_0='?' (DbType = Decimal)], CommandType='Text', CommandTimeout='0']
      SELECT "c"."VAI_TRO_ID"
      FROM "QL_VAI_TRO_NGUOI_DUNG" "c"
      WHERE "c"."NGUOI_DUNG_ID" = :nguoiDung_ID_0
info: Microsoft.EntityFrameworkCore.Database.Command[20101]
      Executed DbCommand (3ms) [Parameters=[:Ma_0='?' (Size = 2000)], CommandType='Text', CommandTimeout='0']
      SELECT "l"."GIA_TRI"
      FROM "QL_NHAN_HIEN_THI" "l"
      WHERE "l"."MA" = :Ma_0
      FETCH FIRST 1 ROWS ONLY
info: Microsoft.EntityFrameworkCore.Database.Command[20101]
      Executed DbCommand (2ms) [Parameters=[:nguoiDung_ID_0='?' (DbType = Decimal)], CommandType='Text', CommandTimeout='0']
      SELECT "c"."VAI_TRO_ID"
      FROM "QL_VAI_TRO_NGUOI_DUNG" "c"
      WHERE "c"."NGUOI_DUNG_ID" = :nguoiDung_ID_0
info: Microsoft.EntityFrameworkCore.Database.Command[20101]
      Executed DbCommand (2ms) [Parameters=[:Ma_0='?' (Size = 2000)], CommandType='Text', CommandTimeout='0']
      SELECT "l"."GIA_TRI"
      FROM "QL_NHAN_HIEN_THI" "l"
      WHERE "l"."MA" = :Ma_0
      FETCH FIRST 1 ROWS ONLY
info: Microsoft.EntityFrameworkCore.Database.Command[20101]
      Executed DbCommand (2ms) [Parameters=[:nguoiDung_ID_0='?' (DbType = Decimal)], CommandType='Text', CommandTimeout='0']
      SELECT "c"."VAI_TRO_ID"
      FROM "QL_VAI_TRO_NGUOI_DUNG" "c"
      WHERE "c"."NGUOI_DUNG_ID" = :nguoiDung_ID_0
info: Microsoft.EntityFrameworkCore.Database.Command[20101]
      Executed DbCommand (2ms) [Parameters=[:Ma_0='?' (Size = 2000)], CommandType='Text', CommandTimeout='0']
      SELECT "l"."GIA_TRI"
      FROM "QL_NHAN_HIEN_THI" "l"
      WHERE "l"."MA" = :Ma_0
      FETCH FIRST 1 ROWS ONLY
info: Microsoft.EntityFrameworkCore.Database.Command[20101]
      Executed DbCommand (2ms) [Parameters=[:nguoiDung_ID_0='?' (DbType = Decimal)], CommandType='Text', CommandTimeout='0']
      SELECT "c"."VAI_TRO_ID"
      FROM "QL_VAI_TRO_NGUOI_DUNG" "c"
      WHERE "c"."NGUOI_DUNG_ID" = :nguoiDung_ID_0
info: Microsoft.EntityFrameworkCore.Database.Command[20101]
      Executed DbCommand (2ms) [Parameters=[:Ma_0='?' (Size = 2000)], CommandType='Text', CommandTimeout='0']
      SELECT "l"."GIA_TRI"
      FROM "QL_NHAN_HIEN_THI" "l"
      WHERE "l"."MA" = :Ma_0
      FETCH FIRST 1 ROWS ONLY
info: Microsoft.EntityFrameworkCore.Database.Command[20101]
      Executed DbCommand (2ms) [Parameters=[:nguoiDung_ID_0='?' (DbType = Decimal)], CommandType='Text', CommandTimeout='0']
      SELECT "c"."VAI_TRO_ID"
      FROM "QL_VAI_TRO_NGUOI_DUNG" "c"
      WHERE "c"."NGUOI_DUNG_ID" = :nguoiDung_ID_0
info: Microsoft.EntityFrameworkCore.Database.Command[20101]
      Executed DbCommand (2ms) [Parameters=[:Ma_0='?' (Size = 2000)], CommandType='Text', CommandTimeout='0']
      SELECT "l"."GIA_TRI"
      FROM "QL_NHAN_HIEN_THI" "l"
      WHERE "l"."MA" = :Ma_0
      FETCH FIRST 1 ROWS ONLY
info: Microsoft.EntityFrameworkCore.Database.Command[20101]
      Executed DbCommand (2ms) [Parameters=[:nguoiDung_ID_0='?' (DbType = Decimal)], CommandType='Text', CommandTimeout='0']
      SELECT "c"."VAI_TRO_ID"
      FROM "QL_VAI_TRO_NGUOI_DUNG" "c"
      WHERE "c"."NGUOI_DUNG_ID" = :nguoiDung_ID_0
info: Microsoft.EntityFrameworkCore.Database.Command[20101]
      Executed DbCommand (2ms) [Parameters=[:Ma_0='?' (Size = 2000)], CommandType='Text', CommandTimeout='0']
      SELECT "l"."GIA_TRI"
      FROM "QL_NHAN_HIEN_THI" "l"
      WHERE "l"."MA" = :Ma_0
      FETCH FIRST 1 ROWS ONLY
info: Microsoft.EntityFrameworkCore.Database.Command[20101]
      Executed DbCommand (2ms) [Parameters=[:nguoiDung_ID_0='?' (DbType = Decimal)], CommandType='Text', CommandTimeout='0']
      SELECT "c"."VAI_TRO_ID"
      FROM "QL_VAI_TRO_NGUOI_DUNG" "c"
      WHERE "c"."NGUOI_DUNG_ID" = :nguoiDung_ID_0
info: Microsoft.EntityFrameworkCore.Database.Command[20101]
      Executed DbCommand (3ms) [Parameters=[:Ma_0='?' (Size = 2000)], CommandType='Text', CommandTimeout='0']
      SELECT "l"."GIA_TRI"
      FROM "QL_NHAN_HIEN_THI" "l"
      WHERE "l"."MA" = :Ma_0
      FETCH FIRST 1 ROWS ONLY
info: Microsoft.EntityFrameworkCore.Database.Command[20101]
      Executed DbCommand (2ms) [Parameters=[:nguoiDung_ID_0='?' (DbType = Decimal)], CommandType='Text', CommandTimeout='0']
      SELECT "c"."VAI_TRO_ID"
      FROM "QL_VAI_TRO_NGUOI_DUNG" "c"
      WHERE "c"."NGUOI_DUNG_ID" = :nguoiDung_ID_0
info: Microsoft.EntityFrameworkCore.Database.Command[20101]
      Executed DbCommand (3ms) [Parameters=[:Ma_0='?' (Size = 2000)], CommandType='Text', CommandTimeout='0']
      SELECT "l"."GIA_TRI"
      FROM "QL_NHAN_HIEN_THI" "l"
      WHERE "l"."MA" = :Ma_0
      FETCH FIRST 1 ROWS ONLY
info: Microsoft.EntityFrameworkCore.Database.Command[20101]
      Executed DbCommand (2ms) [Parameters=[:nguoiDung_ID_0='?' (DbType = Decimal)], CommandType='Text', CommandTimeout='0']
      SELECT "c"."VAI_TRO_ID"
      FROM "QL_VAI_TRO_NGUOI_DUNG" "c"
      WHERE "c"."NGUOI_DUNG_ID" = :nguoiDung_ID_0
info: Microsoft.EntityFrameworkCore.Database.Command[20101]
      Executed DbCommand (2ms) [Parameters=[:Ma_0='?' (Size = 2000)], CommandType='Text', CommandTimeout='0']
      SELECT "l"."GIA_TRI"
      FROM "QL_NHAN_HIEN_THI" "l"
      WHERE "l"."MA" = :Ma_0
      FETCH FIRST 1 ROWS ONLY
info: Microsoft.EntityFrameworkCore.Database.Command[20101]
      Executed DbCommand (2ms) [Parameters=[:nguoiDung_ID_0='?' (DbType = Decimal)], CommandType='Text', CommandTimeout='0']
      SELECT "c"."VAI_TRO_ID"
      FROM "QL_VAI_TRO_NGUOI_DUNG" "c"
      WHERE "c"."NGUOI_DUNG_ID" = :nguoiDung_ID_0
info: Microsoft.EntityFrameworkCore.Database.Command[20101]
      Executed DbCommand (2ms) [Parameters=[:Ma_0='?' (Size = 2000)], CommandType='Text', CommandTimeout='0']
      SELECT "l"."GIA_TRI"
      FROM "QL_NHAN_HIEN_THI" "l"
      WHERE "l"."MA" = :Ma_0
      FETCH FIRST 1 ROWS ONLY
info: Microsoft.EntityFrameworkCore.Database.Command[20101]
      Executed DbCommand (2ms) [Parameters=[:nguoiDung_ID_0='?' (DbType = Decimal)], CommandType='Text', CommandTimeout='0']
      SELECT "c"."VAI_TRO_ID"
      FROM "QL_VAI_TRO_NGUOI_DUNG" "c"
      WHERE "c"."NGUOI_DUNG_ID" = :nguoiDung_ID_0
info: Microsoft.EntityFrameworkCore.Database.Command[20101]
      Executed DbCommand (2ms) [Parameters=[:Ma_0='?' (Size = 2000)], CommandType='Text', CommandTimeout='0']
      SELECT "l"."GIA_TRI"
      FROM "QL_NHAN_HIEN_THI" "l"
      WHERE "l"."MA" = :Ma_0
      FETCH FIRST 1 ROWS ONLY
info: Microsoft.EntityFrameworkCore.Database.Command[20101]
      Executed DbCommand (2ms) [Parameters=[:nguoiDung_ID_0='?' (DbType = Decimal)], CommandType='Text', CommandTimeout='0']
      SELECT "c"."VAI_TRO_ID"
      FROM "QL_VAI_TRO_NGUOI_DUNG" "c"
      WHERE "c"."NGUOI_DUNG_ID" = :nguoiDung_ID_0
info: Microsoft.EntityFrameworkCore.Database.Command[20101]
      Executed DbCommand (2ms) [Parameters=[:Ma_0='?' (Size = 2000)], CommandType='Text', CommandTimeout='0']
      SELECT "l"."GIA_TRI"
      FROM "QL_NHAN_HIEN_THI" "l"
      WHERE "l"."MA" = :Ma_0
      FETCH FIRST 1 ROWS ONLY
info: Microsoft.EntityFrameworkCore.Database.Command[20101]
      Executed DbCommand (2ms) [Parameters=[:nguoiDung_ID_0='?' (DbType = Decimal)], CommandType='Text', CommandTimeout='0']
      SELECT "c"."VAI_TRO_ID"
      FROM "QL_VAI_TRO_NGUOI_DUNG" "c"
      WHERE "c"."NGUOI_DUNG_ID" = :nguoiDung_ID_0
info: Microsoft.EntityFrameworkCore.Database.Command[20101]
      Executed DbCommand (2ms) [Parameters=[:Ma_0='?' (Size = 2000)], CommandType='Text', CommandTimeout='0']
      SELECT "l"."GIA_TRI"
      FROM "QL_NHAN_HIEN_THI" "l"
      WHERE "l"."MA" = :Ma_0
      FETCH FIRST 1 ROWS ONLY
info: Microsoft.EntityFrameworkCore.Database.Command[20101]
      Executed DbCommand (2ms) [Parameters=[:nguoiDung_ID_0='?' (DbType = Decimal)], CommandType='Text', CommandTimeout='0']
      SELECT "c"."VAI_TRO_ID"
      FROM "QL_VAI_TRO_NGUOI_DUNG" "c"
      WHERE "c"."NGUOI_DUNG_ID" = :nguoiDung_ID_0
info: Microsoft.EntityFrameworkCore.Database.Command[20101]
      Executed DbCommand (2ms) [Parameters=[:Ma_0='?' (Size = 2000)], CommandType='Text', CommandTimeout='0']
      SELECT "l"."GIA_TRI"
      FROM "QL_NHAN_HIEN_THI" "l"
      WHERE "l"."MA" = :Ma_0
      FETCH FIRST 1 ROWS ONLY
info: Microsoft.EntityFrameworkCore.Database.Command[20101]
      Executed DbCommand (2ms) [Parameters=[:nguoiDung_ID_0='?' (DbType = Decimal)], CommandType='Text', CommandTimeout='0']
      SELECT "c"."VAI_TRO_ID"
      FROM "QL_VAI_TRO_NGUOI_DUNG" "c"
      WHERE "c"."NGUOI_DUNG_ID" = :nguoiDung_ID_0
info: Microsoft.EntityFrameworkCore.Database.Command[20101]
      Executed DbCommand (2ms) [Parameters=[:Ma_0='?' (Size = 2000)], CommandType='Text', CommandTimeout='0']
      SELECT "l"."GIA_TRI"
      FROM "QL_NHAN_HIEN_THI" "l"
      WHERE "l"."MA" = :Ma_0
      FETCH FIRST 1 ROWS ONLY
info: Microsoft.EntityFrameworkCore.Database.Command[20101]
      Executed DbCommand (2ms) [Parameters=[:nguoiDung_ID_0='?' (DbType = Decimal)], CommandType='Text', CommandTimeout='0']
      SELECT "c"."VAI_TRO_ID"
      FROM "QL_VAI_TRO_NGUOI_DUNG" "c"
      WHERE "c"."NGUOI_DUNG_ID" = :nguoiDung_ID_0
info: Microsoft.EntityFrameworkCore.Database.Command[20101]
      Executed DbCommand (2ms) [Parameters=[:Ma_0='?' (Size = 2000)], CommandType='Text', CommandTimeout='0']
      SELECT "l"."GIA_TRI"
      FROM "QL_NHAN_HIEN_THI" "l"
      WHERE "l"."MA" = :Ma_0
      FETCH FIRST 1 ROWS ONLY
info: Microsoft.EntityFrameworkCore.Database.Command[20101]
      Executed DbCommand (2ms) [Parameters=[:nguoiDung_ID_0='?' (DbType = Decimal)], CommandType='Text', CommandTimeout='0']
      SELECT "c"."VAI_TRO_ID"
      FROM "QL_VAI_TRO_NGUOI_DUNG" "c"
      WHERE "c"."NGUOI_DUNG_ID" = :nguoiDung_ID_0
info: Microsoft.EntityFrameworkCore.Database.Command[20101]
      Executed DbCommand (2ms) [Parameters=[:Ma_0='?' (Size = 2000)], CommandType='Text', CommandTimeout='0']
      SELECT "l"."GIA_TRI"
      FROM "QL_NHAN_HIEN_THI" "l"
      WHERE "l"."MA" = :Ma_0
      FETCH FIRST 1 ROWS ONLY
info: Microsoft.EntityFrameworkCore.Database.Command[20101]
      Executed DbCommand (2ms) [Parameters=[:nguoiDung_ID_0='?' (DbType = Decimal)], CommandType='Text', CommandTimeout='0']
      SELECT "c"."VAI_TRO_ID"
      FROM "QL_VAI_TRO_NGUOI_DUNG" "c"
      WHERE "c"."NGUOI_DUNG_ID" = :nguoiDung_ID_0
info: Microsoft.EntityFrameworkCore.Database.Command[20101]
      Executed DbCommand (3ms) [Parameters=[:Ma_0='?' (Size = 2000)], CommandType='Text', CommandTimeout='0']
      SELECT "l"."GIA_TRI"
      FROM "QL_NHAN_HIEN_THI" "l"
      WHERE "l"."MA" = :Ma_0
      FETCH FIRST 1 ROWS ONLY
info: Microsoft.EntityFrameworkCore.Database.Command[20101]
      Executed DbCommand (2ms) [Parameters=[:nguoiDung_ID_0='?' (DbType = Decimal)], CommandType='Text', CommandTimeout='0']
      SELECT "c"."VAI_TRO_ID"
      FROM "QL_VAI_TRO_NGUOI_DUNG" "c"
      WHERE "c"."NGUOI_DUNG_ID" = :nguoiDung_ID_0
info: Microsoft.EntityFrameworkCore.Database.Command[20101]
      Executed DbCommand (3ms) [Parameters=[:Ma_0='?' (Size = 2000)], CommandType='Text', CommandTimeout='0']
      SELECT "l"."GIA_TRI"
      FROM "QL_NHAN_HIEN_THI" "l"
      WHERE "l"."MA" = :Ma_0
      FETCH FIRST 1 ROWS ONLY
info: Microsoft.EntityFrameworkCore.Database.Command[20101]
      Executed DbCommand (2ms) [Parameters=[:nguoiDung_ID_0='?' (DbType = Decimal)], CommandType='Text', CommandTimeout='0']
      SELECT "c"."VAI_TRO_ID"
      FROM "QL_VAI_TRO_NGUOI_DUNG" "c"
      WHERE "c"."NGUOI_DUNG_ID" = :nguoiDung_ID_0
info: Microsoft.EntityFrameworkCore.Database.Command[20101]
      Executed DbCommand (3ms) [Parameters=[:Ma_0='?' (Size = 2000)], CommandType='Text', CommandTimeout='0']
      SELECT "l"."GIA_TRI"
      FROM "QL_NHAN_HIEN_THI" "l"
      WHERE "l"."MA" = :Ma_0
      FETCH FIRST 1 ROWS ONLY
info: Microsoft.EntityFrameworkCore.Database.Command[20101]
      Executed DbCommand (2ms) [Parameters=[:nguoiDung_ID_0='?' (DbType = Decimal)], CommandType='Text', CommandTimeout='0']
      SELECT "c"."VAI_TRO_ID"
      FROM "QL_VAI_TRO_NGUOI_DUNG" "c"
      WHERE "c"."NGUOI_DUNG_ID" = :nguoiDung_ID_0
info: Microsoft.EntityFrameworkCore.Database.Command[20101]
      Executed DbCommand (2ms) [Parameters=[:Ma_0='?' (Size = 2000)], CommandType='Text', CommandTimeout='0']
      SELECT "l"."GIA_TRI"
      FROM "QL_NHAN_HIEN_THI" "l"
      WHERE "l"."MA" = :Ma_0
      FETCH FIRST 1 ROWS ONLY
info: Microsoft.EntityFrameworkCore.Database.Command[20101]
      Executed DbCommand (2ms) [Parameters=[:nguoiDung_ID_0='?' (DbType = Decimal)], CommandType='Text', CommandTimeout='0']
      SELECT "c"."VAI_TRO_ID"
      FROM "QL_VAI_TRO_NGUOI_DUNG" "c"
      WHERE "c"."NGUOI_DUNG_ID" = :nguoiDung_ID_0
info: Microsoft.EntityFrameworkCore.Database.Command[20101]
      Executed DbCommand (3ms) [Parameters=[:Ma_0='?' (Size = 2000)], CommandType='Text', CommandTimeout='0']
      SELECT "l"."GIA_TRI"
      FROM "QL_NHAN_HIEN_THI" "l"
      WHERE "l"."MA" = :Ma_0
      FETCH FIRST 1 ROWS ONLY
info: Microsoft.EntityFrameworkCore.Database.Command[20101]
      Executed DbCommand (2ms) [Parameters=[:nguoiDung_ID_0='?' (DbType = Decimal)], CommandType='Text', CommandTimeout='0']
      SELECT "c"."VAI_TRO_ID"
      FROM "QL_VAI_TRO_NGUOI_DUNG" "c"
      WHERE "c"."NGUOI_DUNG_ID" = :nguoiDung_ID_0
info: Microsoft.EntityFrameworkCore.Database.Command[20101]
      Executed DbCommand (60ms) [Parameters=[:donViId_0='?' (DbType = Decimal)], CommandType='Text', CommandTimeout='0']
      SELECT COUNT(*)
      FROM "DM_DON_VI" "p"
      WHERE ((("p"."PARENT_ID" = :donViId_0) AND ("p"."LA_BAN_QL_DU_AN" = 1)) OR (("p"."ID" = :donViId_0) AND ("p"."LOAI_DON_VI_ID" = 15.0))) OR (("p"."ID" = :donViId_0) AND ("p"."LA_BAN_QL_DU_AN" = 1))
info: Microsoft.EntityFrameworkCore.Database.Command[20101]
      Executed DbCommand (3ms) [Parameters=[:Ma_0='?' (Size = 2000)], CommandType='Text', CommandTimeout='0']
      SELECT "l"."GIA_TRI"
      FROM "QL_NHAN_HIEN_THI" "l"
      WHERE "l"."MA" = :Ma_0
      FETCH FIRST 1 ROWS ONLY
info: Microsoft.EntityFrameworkCore.Database.Command[20101]
      Executed DbCommand (3ms) [Parameters=[:nguoiDung_ID_0='?' (DbType = Decimal)], CommandType='Text', CommandTimeout='0']
      SELECT "c"."VAI_TRO_ID"
      FROM "QL_VAI_TRO_NGUOI_DUNG" "c"
      WHERE "c"."NGUOI_DUNG_ID" = :nguoiDung_ID_0
info: Microsoft.EntityFrameworkCore.Database.Command[20101]
      Executed DbCommand (2ms) [Parameters=[:Ma_0='?' (Size = 2000)], CommandType='Text', CommandTimeout='0']
      SELECT "l"."GIA_TRI"
      FROM "QL_NHAN_HIEN_THI" "l"
      WHERE "l"."MA" = :Ma_0
      FETCH FIRST 1 ROWS ONLY
info: Microsoft.EntityFrameworkCore.Database.Command[20101]
      Executed DbCommand (2ms) [Parameters=[:nguoiDung_ID_0='?' (DbType = Decimal)], CommandType='Text', CommandTimeout='0']
      SELECT "c"."VAI_TRO_ID"
      FROM "QL_VAI_TRO_NGUOI_DUNG" "c"
      WHERE "c"."NGUOI_DUNG_ID" = :nguoiDung_ID_0
info: Microsoft.EntityFrameworkCore.Database.Command[20101]
      Executed DbCommand (3ms) [Parameters=[:Ma_0='?' (Size = 2000)], CommandType='Text', CommandTimeout='0']
      SELECT "l"."GIA_TRI"
      FROM "QL_NHAN_HIEN_THI" "l"
      WHERE "l"."MA" = :Ma_0
      FETCH FIRST 1 ROWS ONLY
info: Microsoft.EntityFrameworkCore.Database.Command[20101]
      Executed DbCommand (2ms) [Parameters=[:nguoiDung_ID_0='?' (DbType = Decimal)], CommandType='Text', CommandTimeout='0']
      SELECT "c"."VAI_TRO_ID"
      FROM "QL_VAI_TRO_NGUOI_DUNG" "c"
      WHERE "c"."NGUOI_DUNG_ID" = :nguoiDung_ID_0
info: Microsoft.EntityFrameworkCore.Database.Command[20101]
      Executed DbCommand (2ms) [Parameters=[:Ma_0='?' (Size = 2000)], CommandType='Text', CommandTimeout='0']
      SELECT "l"."GIA_TRI"
      FROM "QL_NHAN_HIEN_THI" "l"
      WHERE "l"."MA" = :Ma_0
      FETCH FIRST 1 ROWS ONLY
info: Microsoft.EntityFrameworkCore.Database.Command[20101]
      Executed DbCommand (3ms) [Parameters=[:nguoiDung_ID_0='?' (DbType = Decimal)], CommandType='Text', CommandTimeout='0']
      SELECT "c"."VAI_TRO_ID"
      FROM "QL_VAI_TRO_NGUOI_DUNG" "c"
      WHERE "c"."NGUOI_DUNG_ID" = :nguoiDung_ID_0
info: Microsoft.EntityFrameworkCore.Database.Command[20101]
      Executed DbCommand (3ms) [Parameters=[:Ma_0='?' (Size = 2000)], CommandType='Text', CommandTimeout='0']
      SELECT "l"."GIA_TRI"
      FROM "QL_NHAN_HIEN_THI" "l"
      WHERE "l"."MA" = :Ma_0
      FETCH FIRST 1 ROWS ONLY
info: Microsoft.EntityFrameworkCore.Database.Command[20101]
      Executed DbCommand (3ms) [Parameters=[:nguoiDung_ID_0='?' (DbType = Decimal)], CommandType='Text', CommandTimeout='0']
      SELECT "c"."VAI_TRO_ID"
      FROM "QL_VAI_TRO_NGUOI_DUNG" "c"
      WHERE "c"."NGUOI_DUNG_ID" = :nguoiDung_ID_0
info: Microsoft.EntityFrameworkCore.Database.Command[20101]
      Executed DbCommand (2ms) [Parameters=[:Ma_0='?' (Size = 2000)], CommandType='Text', CommandTimeout='0']
      SELECT "l"."GIA_TRI"
      FROM "QL_NHAN_HIEN_THI" "l"
      WHERE "l"."MA" = :Ma_0
      FETCH FIRST 1 ROWS ONLY
info: Microsoft.EntityFrameworkCore.Database.Command[20101]
      Executed DbCommand (3ms) [Parameters=[:nguoiDung_ID_0='?' (DbType = Decimal)], CommandType='Text', CommandTimeout='0']
      SELECT "c"."VAI_TRO_ID"
      FROM "QL_VAI_TRO_NGUOI_DUNG" "c"
      WHERE "c"."NGUOI_DUNG_ID" = :nguoiDung_ID_0
info: Microsoft.EntityFrameworkCore.Database.Command[20101]
      Executed DbCommand (2ms) [Parameters=[:Ma_0='?' (Size = 2000)], CommandType='Text', CommandTimeout='0']
      SELECT "l"."GIA_TRI"
      FROM "QL_NHAN_HIEN_THI" "l"
      WHERE "l"."MA" = :Ma_0
      FETCH FIRST 1 ROWS ONLY
info: Microsoft.EntityFrameworkCore.Database.Command[20101]
      Executed DbCommand (2ms) [Parameters=[:nguoiDung_ID_0='?' (DbType = Decimal)], CommandType='Text', CommandTimeout='0']
      SELECT "c"."VAI_TRO_ID"
      FROM "QL_VAI_TRO_NGUOI_DUNG" "c"
      WHERE "c"."NGUOI_DUNG_ID" = :nguoiDung_ID_0
info: Microsoft.EntityFrameworkCore.Database.Command[20101]
      Executed DbCommand (2ms) [Parameters=[:Ma_0='?' (Size = 2000)], CommandType='Text', CommandTimeout='0']
      SELECT "l"."GIA_TRI"
      FROM "QL_NHAN_HIEN_THI" "l"
      WHERE "l"."MA" = :Ma_0
      FETCH FIRST 1 ROWS ONLY
info: Microsoft.EntityFrameworkCore.Database.Command[20101]
      Executed DbCommand (2ms) [Parameters=[:nguoiDung_ID_0='?' (DbType = Decimal)], CommandType='Text', CommandTimeout='0']
      SELECT "c"."VAI_TRO_ID"
      FROM "QL_VAI_TRO_NGUOI_DUNG" "c"
      WHERE "c"."NGUOI_DUNG_ID" = :nguoiDung_ID_0
info: Microsoft.EntityFrameworkCore.Database.Command[20101]
      Executed DbCommand (3ms) [Parameters=[:Ma_0='?' (Size = 2000)], CommandType='Text', CommandTimeout='0']
      SELECT "l"."GIA_TRI"
      FROM "QL_NHAN_HIEN_THI" "l"
      WHERE "l"."MA" = :Ma_0
      FETCH FIRST 1 ROWS ONLY
info: Microsoft.EntityFrameworkCore.Database.Command[20101]
      Executed DbCommand (2ms) [Parameters=[:nguoiDung_ID_0='?' (DbType = Decimal)], CommandType='Text', CommandTimeout='0']
      SELECT "c"."VAI_TRO_ID"
      FROM "QL_VAI_TRO_NGUOI_DUNG" "c"
      WHERE "c"."NGUOI_DUNG_ID" = :nguoiDung_ID_0
info: Microsoft.EntityFrameworkCore.Database.Command[20101]
      Executed DbCommand (3ms) [Parameters=[:Ma_0='?' (Size = 2000)], CommandType='Text', CommandTimeout='0']
      SELECT "l"."GIA_TRI"
      FROM "QL_NHAN_HIEN_THI" "l"
      WHERE "l"."MA" = :Ma_0
      FETCH FIRST 1 ROWS ONLY
info: Microsoft.EntityFrameworkCore.Database.Command[20101]
      Executed DbCommand (2ms) [Parameters=[:nguoiDung_ID_0='?' (DbType = Decimal)], CommandType='Text', CommandTimeout='0']
      SELECT "c"."VAI_TRO_ID"
      FROM "QL_VAI_TRO_NGUOI_DUNG" "c"
      WHERE "c"."NGUOI_DUNG_ID" = :nguoiDung_ID_0
info: Microsoft.EntityFrameworkCore.Database.Command[20101]
      Executed DbCommand (5ms) [Parameters=[:Ma_0='?' (Size = 2000)], CommandType='Text', CommandTimeout='0']
      SELECT "l"."GIA_TRI"
      FROM "QL_NHAN_HIEN_THI" "l"
      WHERE "l"."MA" = :Ma_0
      FETCH FIRST 1 ROWS ONLY
info: Microsoft.EntityFrameworkCore.Database.Command[20101]
      Executed DbCommand (4ms) [Parameters=[:nguoiDung_ID_0='?' (DbType = Decimal)], CommandType='Text', CommandTimeout='0']
      SELECT "c"."VAI_TRO_ID"
      FROM "QL_VAI_TRO_NGUOI_DUNG" "c"
      WHERE "c"."NGUOI_DUNG_ID" = :nguoiDung_ID_0
info: Microsoft.EntityFrameworkCore.Database.Command[20101]
      Executed DbCommand (4ms) [Parameters=[:Ma_0='?' (Size = 2000)], CommandType='Text', CommandTimeout='0']
      SELECT "l"."GIA_TRI"
      FROM "QL_NHAN_HIEN_THI" "l"
      WHERE "l"."MA" = :Ma_0
      FETCH FIRST 1 ROWS ONLY
info: Microsoft.EntityFrameworkCore.Database.Command[20101]
      Executed DbCommand (5ms) [Parameters=[:nguoiDung_ID_0='?' (DbType = Decimal)], CommandType='Text', CommandTimeout='0']
      SELECT "c"."VAI_TRO_ID"
      FROM "QL_VAI_TRO_NGUOI_DUNG" "c"
      WHERE "c"."NGUOI_DUNG_ID" = :nguoiDung_ID_0
info: Microsoft.EntityFrameworkCore.Database.Command[20101]
      Executed DbCommand (2ms) [Parameters=[:Ma_0='?' (Size = 2000)], CommandType='Text', CommandTimeout='0']
      SELECT "l"."GIA_TRI"
      FROM "QL_NHAN_HIEN_THI" "l"
      WHERE "l"."MA" = :Ma_0
      FETCH FIRST 1 ROWS ONLY
info: Microsoft.EntityFrameworkCore.Database.Command[20101]
      Executed DbCommand (4ms) [Parameters=[:nguoiDung_ID_0='?' (DbType = Decimal)], CommandType='Text', CommandTimeout='0']
      SELECT "c"."VAI_TRO_ID"
      FROM "QL_VAI_TRO_NGUOI_DUNG" "c"
      WHERE "c"."NGUOI_DUNG_ID" = :nguoiDung_ID_0
info: Microsoft.EntityFrameworkCore.Database.Command[20101]
      Executed DbCommand (4ms) [Parameters=[:Ma_0='?' (Size = 2000)], CommandType='Text', CommandTimeout='0']
      SELECT "l"."GIA_TRI"
      FROM "QL_NHAN_HIEN_THI" "l"
      WHERE "l"."MA" = :Ma_0
      FETCH FIRST 1 ROWS ONLY
info: Microsoft.EntityFrameworkCore.Database.Command[20101]
      Executed DbCommand (4ms) [Parameters=[:nguoiDung_ID_0='?' (DbType = Decimal)], CommandType='Text', CommandTimeout='0']
      SELECT "c"."VAI_TRO_ID"
      FROM "QL_VAI_TRO_NGUOI_DUNG" "c"
      WHERE "c"."NGUOI_DUNG_ID" = :nguoiDung_ID_0
info: Microsoft.EntityFrameworkCore.Database.Command[20101]
      Executed DbCommand (4ms) [Parameters=[:Ma_0='?' (Size = 2000)], CommandType='Text', CommandTimeout='0']
      SELECT "l"."GIA_TRI"
      FROM "QL_NHAN_HIEN_THI" "l"
      WHERE "l"."MA" = :Ma_0
      FETCH FIRST 1 ROWS ONLY
info: Microsoft.EntityFrameworkCore.Database.Command[20101]
      Executed DbCommand (4ms) [Parameters=[:nguoiDung_ID_0='?' (DbType = Decimal)], CommandType='Text', CommandTimeout='0']
      SELECT "c"."VAI_TRO_ID"
      FROM "QL_VAI_TRO_NGUOI_DUNG" "c"
      WHERE "c"."NGUOI_DUNG_ID" = :nguoiDung_ID_0
info: Microsoft.EntityFrameworkCore.Database.Command[20101]
      Executed DbCommand (5ms) [Parameters=[:Ma_0='?' (Size = 2000)], CommandType='Text', CommandTimeout='0']
      SELECT "l"."GIA_TRI"
      FROM "QL_NHAN_HIEN_THI" "l"
      WHERE "l"."MA" = :Ma_0
      FETCH FIRST 1 ROWS ONLY
info: Microsoft.EntityFrameworkCore.Database.Command[20101]
      Executed DbCommand (4ms) [Parameters=[:nguoiDung_ID_0='?' (DbType = Decimal)], CommandType='Text', CommandTimeout='0']
      SELECT "c"."VAI_TRO_ID"
      FROM "QL_VAI_TRO_NGUOI_DUNG" "c"
      WHERE "c"."NGUOI_DUNG_ID" = :nguoiDung_ID_0
info: Microsoft.EntityFrameworkCore.Database.Command[20101]
      Executed DbCommand (4ms) [Parameters=[:Ma_0='?' (Size = 2000)], CommandType='Text', CommandTimeout='0']
      SELECT "l"."GIA_TRI"
      FROM "QL_NHAN_HIEN_THI" "l"
      WHERE "l"."MA" = :Ma_0
      FETCH FIRST 1 ROWS ONLY
info: Microsoft.EntityFrameworkCore.Database.Command[20101]
      Executed DbCommand (4ms) [Parameters=[:nguoiDung_ID_0='?' (DbType = Decimal)], CommandType='Text', CommandTimeout='0']
      SELECT "c"."VAI_TRO_ID"
      FROM "QL_VAI_TRO_NGUOI_DUNG" "c"
      WHERE "c"."NGUOI_DUNG_ID" = :nguoiDung_ID_0
info: Microsoft.EntityFrameworkCore.Database.Command[20101]
      Executed DbCommand (4ms) [Parameters=[:Ma_0='?' (Size = 2000)], CommandType='Text', CommandTimeout='0']
      SELECT "l"."GIA_TRI"
      FROM "QL_NHAN_HIEN_THI" "l"
      WHERE "l"."MA" = :Ma_0
      FETCH FIRST 1 ROWS ONLY
info: Microsoft.EntityFrameworkCore.Database.Command[20101]
      Executed DbCommand (2ms) [Parameters=[:nguoiDung_ID_0='?' (DbType = Decimal)], CommandType='Text', CommandTimeout='0']
      SELECT "c"."VAI_TRO_ID"
      FROM "QL_VAI_TRO_NGUOI_DUNG" "c"
      WHERE "c"."NGUOI_DUNG_ID" = :nguoiDung_ID_0
info: Microsoft.EntityFrameworkCore.Database.Command[20101]
      Executed DbCommand (3ms) [Parameters=[:Ma_0='?' (Size = 2000)], CommandType='Text', CommandTimeout='0']
      SELECT "l"."GIA_TRI"
      FROM "QL_NHAN_HIEN_THI" "l"
      WHERE "l"."MA" = :Ma_0
      FETCH FIRST 1 ROWS ONLY
info: Microsoft.EntityFrameworkCore.Database.Command[20101]
      Executed DbCommand (4ms) [Parameters=[:nguoiDung_ID_0='?' (DbType = Decimal)], CommandType='Text', CommandTimeout='0']
      SELECT "c"."VAI_TRO_ID"
      FROM "QL_VAI_TRO_NGUOI_DUNG" "c"
      WHERE "c"."NGUOI_DUNG_ID" = :nguoiDung_ID_0
info: Microsoft.EntityFrameworkCore.Database.Command[20101]
      Executed DbCommand (5ms) [Parameters=[:Ma_0='?' (Size = 2000)], CommandType='Text', CommandTimeout='0']
      SELECT "l"."GIA_TRI"
      FROM "QL_NHAN_HIEN_THI" "l"
      WHERE "l"."MA" = :Ma_0
      FETCH FIRST 1 ROWS ONLY
info: Microsoft.EntityFrameworkCore.Database.Command[20101]
      Executed DbCommand (4ms) [Parameters=[:nguoiDung_ID_0='?' (DbType = Decimal)], CommandType='Text', CommandTimeout='0']
      SELECT "c"."VAI_TRO_ID"
      FROM "QL_VAI_TRO_NGUOI_DUNG" "c"
      WHERE "c"."NGUOI_DUNG_ID" = :nguoiDung_ID_0
info: Microsoft.EntityFrameworkCore.Database.Command[20101]
      Executed DbCommand (4ms) [Parameters=[:Ma_0='?' (Size = 2000)], CommandType='Text', CommandTimeout='0']
      SELECT "l"."GIA_TRI"
      FROM "QL_NHAN_HIEN_THI" "l"
      WHERE "l"."MA" = :Ma_0
      FETCH FIRST 1 ROWS ONLY
info: Microsoft.EntityFrameworkCore.Database.Command[20101]
      Executed DbCommand (4ms) [Parameters=[:nguoiDung_ID_0='?' (DbType = Decimal)], CommandType='Text', CommandTimeout='0']
      SELECT "c"."VAI_TRO_ID"
      FROM "QL_VAI_TRO_NGUOI_DUNG" "c"
      WHERE "c"."NGUOI_DUNG_ID" = :nguoiDung_ID_0
info: Microsoft.EntityFrameworkCore.Database.Command[20101]
      Executed DbCommand (5ms) [Parameters=[:Ma_0='?' (Size = 2000)], CommandType='Text', CommandTimeout='0']
      SELECT "l"."GIA_TRI"
      FROM "QL_NHAN_HIEN_THI" "l"
      WHERE "l"."MA" = :Ma_0
      FETCH FIRST 1 ROWS ONLY
info: Microsoft.EntityFrameworkCore.Database.Command[20101]
      Executed DbCommand (4ms) [Parameters=[:nguoiDung_ID_0='?' (DbType = Decimal)], CommandType='Text', CommandTimeout='0']
      SELECT "c"."VAI_TRO_ID"
      FROM "QL_VAI_TRO_NGUOI_DUNG" "c"
      WHERE "c"."NGUOI_DUNG_ID" = :nguoiDung_ID_0
info: Microsoft.EntityFrameworkCore.Database.Command[20101]
      Executed DbCommand (4ms) [Parameters=[:Ma_0='?' (Size = 2000)], CommandType='Text', CommandTimeout='0']
      SELECT "l"."GIA_TRI"
      FROM "QL_NHAN_HIEN_THI" "l"
      WHERE "l"."MA" = :Ma_0
      FETCH FIRST 1 ROWS ONLY
info: Microsoft.EntityFrameworkCore.Database.Command[20101]
      Executed DbCommand (2ms) [Parameters=[:nguoiDung_ID_0='?' (DbType = Decimal)], CommandType='Text', CommandTimeout='0']
      SELECT "c"."VAI_TRO_ID"
      FROM "QL_VAI_TRO_NGUOI_DUNG" "c"
      WHERE "c"."NGUOI_DUNG_ID" = :nguoiDung_ID_0
info: Microsoft.EntityFrameworkCore.Database.Command[20101]
      Executed DbCommand (3ms) [Parameters=[:Ma_0='?' (Size = 2000)], CommandType='Text', CommandTimeout='0']
      SELECT "l"."GIA_TRI"
      FROM "QL_NHAN_HIEN_THI" "l"
      WHERE "l"."MA" = :Ma_0
      FETCH FIRST 1 ROWS ONLY
info: Microsoft.EntityFrameworkCore.Database.Command[20101]
      Executed DbCommand (3ms) [Parameters=[:nguoiDung_ID_0='?' (DbType = Decimal)], CommandType='Text', CommandTimeout='0']
      SELECT "c"."VAI_TRO_ID"
      FROM "QL_VAI_TRO_NGUOI_DUNG" "c"
      WHERE "c"."NGUOI_DUNG_ID" = :nguoiDung_ID_0
info: Microsoft.EntityFrameworkCore.Database.Command[20101]
      Executed DbCommand (2ms) [Parameters=[:Ma_0='?' (Size = 2000)], CommandType='Text', CommandTimeout='0']
      SELECT "l"."GIA_TRI"
      FROM "QL_NHAN_HIEN_THI" "l"
      WHERE "l"."MA" = :Ma_0
      FETCH FIRST 1 ROWS ONLY
info: Microsoft.EntityFrameworkCore.Database.Command[20101]
      Executed DbCommand (2ms) [Parameters=[:nguoiDung_ID_0='?' (DbType = Decimal)], CommandType='Text', CommandTimeout='0']
      SELECT "c"."VAI_TRO_ID"
      FROM "QL_VAI_TRO_NGUOI_DUNG" "c"
      WHERE "c"."NGUOI_DUNG_ID" = :nguoiDung_ID_0
info: Microsoft.EntityFrameworkCore.Database.Command[20101]
      Executed DbCommand (3ms) [Parameters=[:Ma_0='?' (Size = 2000)], CommandType='Text', CommandTimeout='0']
      SELECT "l"."GIA_TRI"
      FROM "QL_NHAN_HIEN_THI" "l"
      WHERE "l"."MA" = :Ma_0
      FETCH FIRST 1 ROWS ONLY
info: Microsoft.EntityFrameworkCore.Database.Command[20101]
      Executed DbCommand (2ms) [Parameters=[:nguoiDung_ID_0='?' (DbType = Decimal)], CommandType='Text', CommandTimeout='0']
      SELECT "c"."VAI_TRO_ID"
      FROM "QL_VAI_TRO_NGUOI_DUNG" "c"
      WHERE "c"."NGUOI_DUNG_ID" = :nguoiDung_ID_0
info: Microsoft.EntityFrameworkCore.Database.Command[20101]
      Executed DbCommand (2ms) [Parameters=[:Ma_0='?' (Size = 2000)], CommandType='Text', CommandTimeout='0']
      SELECT "l"."GIA_TRI"
      FROM "QL_NHAN_HIEN_THI" "l"
      WHERE "l"."MA" = :Ma_0
      FETCH FIRST 1 ROWS ONLY
info: Microsoft.EntityFrameworkCore.Database.Command[20101]
      Executed DbCommand (2ms) [Parameters=[:nguoiDung_ID_0='?' (DbType = Decimal)], CommandType='Text', CommandTimeout='0']
      SELECT "c"."VAI_TRO_ID"
      FROM "QL_VAI_TRO_NGUOI_DUNG" "c"
      WHERE "c"."NGUOI_DUNG_ID" = :nguoiDung_ID_0
info: Microsoft.EntityFrameworkCore.Database.Command[20101]
      Executed DbCommand (3ms) [Parameters=[:Ma_0='?' (Size = 2000)], CommandType='Text', CommandTimeout='0']
      SELECT "l"."GIA_TRI"
      FROM "QL_NHAN_HIEN_THI" "l"
      WHERE "l"."MA" = :Ma_0
      FETCH FIRST 1 ROWS ONLY
info: Microsoft.EntityFrameworkCore.Database.Command[20101]
      Executed DbCommand (2ms) [Parameters=[:nguoiDung_ID_0='?' (DbType = Decimal)], CommandType='Text', CommandTimeout='0']
      SELECT "c"."VAI_TRO_ID"
      FROM "QL_VAI_TRO_NGUOI_DUNG" "c"
      WHERE "c"."NGUOI_DUNG_ID" = :nguoiDung_ID_0
info: Microsoft.EntityFrameworkCore.Database.Command[20101]
      Executed DbCommand (3ms) [Parameters=[:Ma_0='?' (Size = 2000)], CommandType='Text', CommandTimeout='0']
      SELECT "l"."GIA_TRI"
      FROM "QL_NHAN_HIEN_THI" "l"
      WHERE "l"."MA" = :Ma_0
      FETCH FIRST 1 ROWS ONLY
info: Microsoft.EntityFrameworkCore.Database.Command[20101]
      Executed DbCommand (2ms) [Parameters=[:nguoiDung_ID_0='?' (DbType = Decimal)], CommandType='Text', CommandTimeout='0']
      SELECT "c"."VAI_TRO_ID"
      FROM "QL_VAI_TRO_NGUOI_DUNG" "c"
      WHERE "c"."NGUOI_DUNG_ID" = :nguoiDung_ID_0
info: Microsoft.EntityFrameworkCore.Database.Command[20101]
      Executed DbCommand (62ms) [Parameters=[:donViId_0='?' (DbType = Decimal)], CommandType='Text', CommandTimeout='0']
      SELECT COUNT(*)
      FROM "DM_DON_VI" "p"
      WHERE ((("p"."PARENT_ID" = :donViId_0) AND ("p"."LA_BAN_QL_DU_AN" = 1)) OR (("p"."ID" = :donViId_0) AND ("p"."LOAI_DON_VI_ID" = 15.0))) OR (("p"."ID" = :donViId_0) AND ("p"."LA_BAN_QL_DU_AN" = 1))
info: Microsoft.EntityFrameworkCore.Database.Command[20101]
      Executed DbCommand (3ms) [Parameters=[:Ma_0='?' (Size = 2000)], CommandType='Text', CommandTimeout='0']
      SELECT "l"."GIA_TRI"
      FROM "QL_NHAN_HIEN_THI" "l"
      WHERE "l"."MA" = :Ma_0
      FETCH FIRST 1 ROWS ONLY
info: Microsoft.EntityFrameworkCore.Database.Command[20101]
      Executed DbCommand (3ms) [Parameters=[:nguoiDung_ID_0='?' (DbType = Decimal)], CommandType='Text', CommandTimeout='0']
      SELECT "c"."VAI_TRO_ID"
      FROM "QL_VAI_TRO_NGUOI_DUNG" "c"
      WHERE "c"."NGUOI_DUNG_ID" = :nguoiDung_ID_0
info: Microsoft.EntityFrameworkCore.Database.Command[20101]
      Executed DbCommand (60ms) [Parameters=[:donViId_0='?' (DbType = Decimal)], CommandType='Text', CommandTimeout='0']
      SELECT COUNT(*)
      FROM "DM_DON_VI" "p"
      WHERE ((("p"."PARENT_ID" = :donViId_0) AND ("p"."LA_BAN_QL_DU_AN" = 1)) OR (("p"."ID" = :donViId_0) AND ("p"."LOAI_DON_VI_ID" = 15.0))) OR (("p"."ID" = :donViId_0) AND ("p"."LA_BAN_QL_DU_AN" = 1))
info: Microsoft.EntityFrameworkCore.Database.Command[20101]
      Executed DbCommand (3ms) [Parameters=[:Ma_0='?' (Size = 2000)], CommandType='Text', CommandTimeout='0']
      SELECT "l"."GIA_TRI"
      FROM "QL_NHAN_HIEN_THI" "l"
      WHERE "l"."MA" = :Ma_0
      FETCH FIRST 1 ROWS ONLY
info: Microsoft.EntityFrameworkCore.Database.Command[20101]
      Executed DbCommand (2ms) [Parameters=[:nguoiDung_ID_0='?' (DbType = Decimal)], CommandType='Text', CommandTimeout='0']
      SELECT "c"."VAI_TRO_ID"
      FROM "QL_VAI_TRO_NGUOI_DUNG" "c"
      WHERE "c"."NGUOI_DUNG_ID" = :nguoiDung_ID_0
info: Microsoft.EntityFrameworkCore.Database.Command[20101]
      Executed DbCommand (59ms) [Parameters=[:donViId_0='?' (DbType = Decimal)], CommandType='Text', CommandTimeout='0']
      SELECT COUNT(*)
      FROM "DM_DON_VI" "p"
      WHERE ((("p"."PARENT_ID" = :donViId_0) AND ("p"."LA_BAN_QL_DU_AN" = 1)) OR (("p"."ID" = :donViId_0) AND ("p"."LOAI_DON_VI_ID" = 15.0))) OR (("p"."ID" = :donViId_0) AND ("p"."LA_BAN_QL_DU_AN" = 1))
info: Microsoft.EntityFrameworkCore.Database.Command[20101]
      Executed DbCommand (2ms) [Parameters=[:nguoiDung_ID_0='?' (DbType = Decimal)], CommandType='Text', CommandTimeout='0']
      SELECT "c"."VAI_TRO_ID"
      FROM "QL_VAI_TRO_NGUOI_DUNG" "c"
      WHERE "c"."NGUOI_DUNG_ID" = :nguoiDung_ID_0
info: Microsoft.EntityFrameworkCore.Database.Command[20101]
      Executed DbCommand (62ms) [Parameters=[:donViId_0='?' (DbType = Decimal)], CommandType='Text', CommandTimeout='0']
      SELECT COUNT(*)
      FROM "DM_DON_VI" "p"
      WHERE ((("p"."PARENT_ID" = :donViId_0) AND ("p"."LA_BAN_QL_DU_AN" = 1)) OR (("p"."ID" = :donViId_0) AND ("p"."LOAI_DON_VI_ID" = 15.0))) OR (("p"."ID" = :donViId_0) AND ("p"."LA_BAN_QL_DU_AN" = 1))
info: Microsoft.EntityFrameworkCore.Database.Command[20101]
      Executed DbCommand (3ms) [Parameters=[:nguoiDung_ID_0='?' (DbType = Decimal)], CommandType='Text', CommandTimeout='0']
      SELECT "c"."VAI_TRO_ID"
      FROM "QL_VAI_TRO_NGUOI_DUNG" "c"
      WHERE "c"."NGUOI_DUNG_ID" = :nguoiDung_ID_0
info: Microsoft.EntityFrameworkCore.Database.Command[20101]
      Executed DbCommand (62ms) [Parameters=[:donViId_0='?' (DbType = Decimal)], CommandType='Text', CommandTimeout='0']
      SELECT COUNT(*)
      FROM "DM_DON_VI" "p"
      WHERE ((("p"."PARENT_ID" = :donViId_0) AND ("p"."LA_BAN_QL_DU_AN" = 1)) OR (("p"."ID" = :donViId_0) AND ("p"."LOAI_DON_VI_ID" = 15.0))) OR (("p"."ID" = :donViId_0) AND ("p"."LA_BAN_QL_DU_AN" = 1))
info: Microsoft.EntityFrameworkCore.Database.Command[20101]
      Executed DbCommand (3ms) [Parameters=[:nguoiDung_ID_0='?' (DbType = Decimal)], CommandType='Text', CommandTimeout='0']
      SELECT "c"."VAI_TRO_ID"
      FROM "QL_VAI_TRO_NGUOI_DUNG" "c"
      WHERE "c"."NGUOI_DUNG_ID" = :nguoiDung_ID_0
info: Microsoft.EntityFrameworkCore.Database.Command[20101]
      Executed DbCommand (62ms) [Parameters=[:donViId_0='?' (DbType = Decimal)], CommandType='Text', CommandTimeout='0']
      SELECT COUNT(*)
      FROM "DM_DON_VI" "p"
      WHERE ((("p"."PARENT_ID" = :donViId_0) AND ("p"."LA_BAN_QL_DU_AN" = 1)) OR (("p"."ID" = :donViId_0) AND ("p"."LOAI_DON_VI_ID" = 15.0))) OR (("p"."ID" = :donViId_0) AND ("p"."LA_BAN_QL_DU_AN" = 1))
info: Microsoft.EntityFrameworkCore.Database.Command[20101]
      Executed DbCommand (3ms) [Parameters=[:nguoiDung_ID_0='?' (DbType = Decimal)], CommandType='Text', CommandTimeout='0']
      SELECT "c"."VAI_TRO_ID"
      FROM "QL_VAI_TRO_NGUOI_DUNG" "c"
      WHERE "c"."NGUOI_DUNG_ID" = :nguoiDung_ID_0
info: Microsoft.EntityFrameworkCore.Database.Command[20101]
      Executed DbCommand (62ms) [Parameters=[:donViId_0='?' (DbType = Decimal)], CommandType='Text', CommandTimeout='0']
      SELECT COUNT(*)
      FROM "DM_DON_VI" "p"
      WHERE ((("p"."PARENT_ID" = :donViId_0) AND ("p"."LA_BAN_QL_DU_AN" = 1)) OR (("p"."ID" = :donViId_0) AND ("p"."LOAI_DON_VI_ID" = 15.0))) OR (("p"."ID" = :donViId_0) AND ("p"."LA_BAN_QL_DU_AN" = 1))
info: Microsoft.EntityFrameworkCore.Database.Command[20101]
      Executed DbCommand (3ms) [Parameters=[:Ma_0='?' (Size = 2000)], CommandType='Text', CommandTimeout='0']
      SELECT "l"."GIA_TRI"
      FROM "QL_NHAN_HIEN_THI" "l"
      WHERE "l"."MA" = :Ma_0
      FETCH FIRST 1 ROWS ONLY
info: Microsoft.EntityFrameworkCore.Database.Command[20101]
      Executed DbCommand (2ms) [Parameters=[:nguoiDung_ID_0='?' (DbType = Decimal)], CommandType='Text', CommandTimeout='0']
      SELECT "c"."VAI_TRO_ID"
      FROM "QL_VAI_TRO_NGUOI_DUNG" "c"
      WHERE "c"."NGUOI_DUNG_ID" = :nguoiDung_ID_0
info: Microsoft.EntityFrameworkCore.Database.Command[20101]
      Executed DbCommand (2ms) [Parameters=[:Ma_0='?' (Size = 2000)], CommandType='Text', CommandTimeout='0']
      SELECT "l"."GIA_TRI"
      FROM "QL_NHAN_HIEN_THI" "l"
      WHERE "l"."MA" = :Ma_0
      FETCH FIRST 1 ROWS ONLY
info: Microsoft.EntityFrameworkCore.Database.Command[20101]
      Executed DbCommand (2ms) [Parameters=[:nguoiDung_ID_0='?' (DbType = Decimal)], CommandType='Text', CommandTimeout='0']
      SELECT "c"."VAI_TRO_ID"
      FROM "QL_VAI_TRO_NGUOI_DUNG" "c"
      WHERE "c"."NGUOI_DUNG_ID" = :nguoiDung_ID_0
info: Microsoft.EntityFrameworkCore.Database.Command[20101]
      Executed DbCommand (3ms) [Parameters=[:Ma_0='?' (Size = 2000)], CommandType='Text', CommandTimeout='0']
      SELECT "l"."GIA_TRI"
      FROM "QL_NHAN_HIEN_THI" "l"
      WHERE "l"."MA" = :Ma_0
      FETCH FIRST 1 ROWS ONLY
info: Microsoft.EntityFrameworkCore.Database.Command[20101]
      Executed DbCommand (3ms) [Parameters=[:nguoiDung_ID_0='?' (DbType = Decimal)], CommandType='Text', CommandTimeout='0']
      SELECT "c"."VAI_TRO_ID"
      FROM "QL_VAI_TRO_NGUOI_DUNG" "c"
      WHERE "c"."NGUOI_DUNG_ID" = :nguoiDung_ID_0
info: Microsoft.EntityFrameworkCore.Database.Command[20101]
      Executed DbCommand (3ms) [Parameters=[:Ma_0='?' (Size = 2000)], CommandType='Text', CommandTimeout='0']
      SELECT "l"."GIA_TRI"
      FROM "QL_NHAN_HIEN_THI" "l"
      WHERE "l"."MA" = :Ma_0
      FETCH FIRST 1 ROWS ONLY
info: Microsoft.EntityFrameworkCore.Database.Command[20101]
      Executed DbCommand (3ms) [Parameters=[:nguoiDung_ID_0='?' (DbType = Decimal)], CommandType='Text', CommandTimeout='0']
      SELECT "c"."VAI_TRO_ID"
      FROM "QL_VAI_TRO_NGUOI_DUNG" "c"
      WHERE "c"."NGUOI_DUNG_ID" = :nguoiDung_ID_0
info: Microsoft.EntityFrameworkCore.Database.Command[20101]
      Executed DbCommand (3ms) [Parameters=[:Ma_0='?' (Size = 2000)], CommandType='Text', CommandTimeout='0']
      SELECT "l"."GIA_TRI"
      FROM "QL_NHAN_HIEN_THI" "l"
      WHERE "l"."MA" = :Ma_0
      FETCH FIRST 1 ROWS ONLY
info: Microsoft.EntityFrameworkCore.Database.Command[20101]
      Executed DbCommand (3ms) [Parameters=[:nguoiDung_ID_0='?' (DbType = Decimal)], CommandType='Text', CommandTimeout='0']
      SELECT "c"."VAI_TRO_ID"
      FROM "QL_VAI_TRO_NGUOI_DUNG" "c"
      WHERE "c"."NGUOI_DUNG_ID" = :nguoiDung_ID_0
info: Microsoft.EntityFrameworkCore.Database.Command[20101]
      Executed DbCommand (3ms) [Parameters=[:Ma_0='?' (Size = 2000)], CommandType='Text', CommandTimeout='0']
      SELECT "l"."GIA_TRI"
      FROM "QL_NHAN_HIEN_THI" "l"
      WHERE "l"."MA" = :Ma_0
      FETCH FIRST 1 ROWS ONLY
info: Microsoft.EntityFrameworkCore.Database.Command[20101]
      Executed DbCommand (2ms) [Parameters=[:nguoiDung_ID_0='?' (DbType = Decimal)], CommandType='Text', CommandTimeout='0']
      SELECT "c"."VAI_TRO_ID"
      FROM "QL_VAI_TRO_NGUOI_DUNG" "c"
      WHERE "c"."NGUOI_DUNG_ID" = :nguoiDung_ID_0
info: Microsoft.EntityFrameworkCore.Database.Command[20101]
      Executed DbCommand (2ms) [Parameters=[:Ma_0='?' (Size = 2000)], CommandType='Text', CommandTimeout='0']
      SELECT "l"."GIA_TRI"
      FROM "QL_NHAN_HIEN_THI" "l"
      WHERE "l"."MA" = :Ma_0
      FETCH FIRST 1 ROWS ONLY
info: Microsoft.EntityFrameworkCore.Database.Command[20101]
      Executed DbCommand (2ms) [Parameters=[:nguoiDung_ID_0='?' (DbType = Decimal)], CommandType='Text', CommandTimeout='0']
      SELECT "c"."VAI_TRO_ID"
      FROM "QL_VAI_TRO_NGUOI_DUNG" "c"
      WHERE "c"."NGUOI_DUNG_ID" = :nguoiDung_ID_0
info: Microsoft.EntityFrameworkCore.Database.Command[20101]
      Executed DbCommand (3ms) [Parameters=[:Ma_0='?' (Size = 2000)], CommandType='Text', CommandTimeout='0']
      SELECT "l"."GIA_TRI"
      FROM "QL_NHAN_HIEN_THI" "l"
      WHERE "l"."MA" = :Ma_0
      FETCH FIRST 1 ROWS ONLY
info: Microsoft.EntityFrameworkCore.Database.Command[20101]
      Executed DbCommand (2ms) [Parameters=[:nguoiDung_ID_0='?' (DbType = Decimal)], CommandType='Text', CommandTimeout='0']
      SELECT "c"."VAI_TRO_ID"
      FROM "QL_VAI_TRO_NGUOI_DUNG" "c"
      WHERE "c"."NGUOI_DUNG_ID" = :nguoiDung_ID_0
info: Microsoft.EntityFrameworkCore.Database.Command[20101]
      Executed DbCommand (3ms) [Parameters=[:Ma_0='?' (Size = 2000)], CommandType='Text', CommandTimeout='0']
      SELECT "l"."GIA_TRI"
      FROM "QL_NHAN_HIEN_THI" "l"
      WHERE "l"."MA" = :Ma_0
      FETCH FIRST 1 ROWS ONLY
info: Microsoft.EntityFrameworkCore.Database.Command[20101]
      Executed DbCommand (2ms) [Parameters=[:nguoiDung_ID_0='?' (DbType = Decimal)], CommandType='Text', CommandTimeout='0']
      SELECT "c"."VAI_TRO_ID"
      FROM "QL_VAI_TRO_NGUOI_DUNG" "c"
      WHERE "c"."NGUOI_DUNG_ID" = :nguoiDung_ID_0
info: Microsoft.EntityFrameworkCore.Database.Command[20101]
      Executed DbCommand (3ms) [Parameters=[:Ma_0='?' (Size = 2000)], CommandType='Text', CommandTimeout='0']
      SELECT "l"."GIA_TRI"
      FROM "QL_NHAN_HIEN_THI" "l"
      WHERE "l"."MA" = :Ma_0
      FETCH FIRST 1 ROWS ONLY
info: Microsoft.EntityFrameworkCore.Database.Command[20101]
      Executed DbCommand (3ms) [Parameters=[:nguoiDung_ID_0='?' (DbType = Decimal)], CommandType='Text', CommandTimeout='0']
      SELECT "c"."VAI_TRO_ID"
      FROM "QL_VAI_TRO_NGUOI_DUNG" "c"
      WHERE "c"."NGUOI_DUNG_ID" = :nguoiDung_ID_0
info: Microsoft.EntityFrameworkCore.Database.Command[20101]
      Executed DbCommand (2ms) [Parameters=[:Ma_0='?' (Size = 2000)], CommandType='Text', CommandTimeout='0']
      SELECT "l"."GIA_TRI"
      FROM "QL_NHAN_HIEN_THI" "l"
      WHERE "l"."MA" = :Ma_0
      FETCH FIRST 1 ROWS ONLY
info: Microsoft.EntityFrameworkCore.Database.Command[20101]
      Executed DbCommand (2ms) [Parameters=[:nguoiDung_ID_0='?' (DbType = Decimal)], CommandType='Text', CommandTimeout='0']
      SELECT "c"."VAI_TRO_ID"
      FROM "QL_VAI_TRO_NGUOI_DUNG" "c"
      WHERE "c"."NGUOI_DUNG_ID" = :nguoiDung_ID_0
info: Microsoft.EntityFrameworkCore.Database.Command[20101]
      Executed DbCommand (2ms) [Parameters=[:Ma_0='?' (Size = 2000)], CommandType='Text', CommandTimeout='0']
      SELECT "l"."GIA_TRI"
      FROM "QL_NHAN_HIEN_THI" "l"
      WHERE "l"."MA" = :Ma_0
      FETCH FIRST 1 ROWS ONLY
info: Microsoft.EntityFrameworkCore.Database.Command[20101]
      Executed DbCommand (3ms) [Parameters=[:nguoiDung_ID_0='?' (DbType = Decimal)], CommandType='Text', CommandTimeout='0']
      SELECT "c"."VAI_TRO_ID"
      FROM "QL_VAI_TRO_NGUOI_DUNG" "c"
      WHERE "c"."NGUOI_DUNG_ID" = :nguoiDung_ID_0
info: Microsoft.EntityFrameworkCore.Database.Command[20101]
      Executed DbCommand (2ms) [Parameters=[:Ma_0='?' (Size = 2000)], CommandType='Text', CommandTimeout='0']
      SELECT "l"."GIA_TRI"
      FROM "QL_NHAN_HIEN_THI" "l"
      WHERE "l"."MA" = :Ma_0
      FETCH FIRST 1 ROWS ONLY
info: Microsoft.EntityFrameworkCore.Database.Command[20101]
      Executed DbCommand (2ms) [Parameters=[:nguoiDung_ID_0='?' (DbType = Decimal)], CommandType='Text', CommandTimeout='0']
      SELECT "c"."VAI_TRO_ID"
      FROM "QL_VAI_TRO_NGUOI_DUNG" "c"
      WHERE "c"."NGUOI_DUNG_ID" = :nguoiDung_ID_0
info: Microsoft.EntityFrameworkCore.Database.Command[20101]
      Executed DbCommand (7ms) [Parameters=[:Ma_0='?' (Size = 2000)], CommandType='Text', CommandTimeout='0']
      SELECT "l"."GIA_TRI"
      FROM "QL_NHAN_HIEN_THI" "l"
      WHERE "l"."MA" = :Ma_0
      FETCH FIRST 1 ROWS ONLY
info: Microsoft.EntityFrameworkCore.Database.Command[20101]
      Executed DbCommand (2ms) [Parameters=[:nguoiDung_ID_0='?' (DbType = Decimal)], CommandType='Text', CommandTimeout='0']
      SELECT "c"."VAI_TRO_ID"
      FROM "QL_VAI_TRO_NGUOI_DUNG" "c"
      WHERE "c"."NGUOI_DUNG_ID" = :nguoiDung_ID_0
info: Microsoft.EntityFrameworkCore.Database.Command[20101]
      Executed DbCommand (3ms) [Parameters=[:Ma_0='?' (Size = 2000)], CommandType='Text', CommandTimeout='0']
      SELECT "l"."GIA_TRI"
      FROM "QL_NHAN_HIEN_THI" "l"
      WHERE "l"."MA" = :Ma_0
      FETCH FIRST 1 ROWS ONLY
info: Microsoft.EntityFrameworkCore.Database.Command[20101]
      Executed DbCommand (3ms) [Parameters=[:nguoiDung_ID_0='?' (DbType = Decimal)], CommandType='Text', CommandTimeout='0']
      SELECT "c"."VAI_TRO_ID"
      FROM "QL_VAI_TRO_NGUOI_DUNG" "c"
      WHERE "c"."NGUOI_DUNG_ID" = :nguoiDung_ID_0
info: Microsoft.EntityFrameworkCore.Database.Command[20101]
      Executed DbCommand (2ms) [Parameters=[:Ma_0='?' (Size = 2000)], CommandType='Text', CommandTimeout='0']
      SELECT "l"."GIA_TRI"
      FROM "QL_NHAN_HIEN_THI" "l"
      WHERE "l"."MA" = :Ma_0
      FETCH FIRST 1 ROWS ONLY
info: Microsoft.EntityFrameworkCore.Database.Command[20101]
      Executed DbCommand (3ms) [Parameters=[:nguoiDung_ID_0='?' (DbType = Decimal)], CommandType='Text', CommandTimeout='0']
      SELECT "c"."VAI_TRO_ID"
      FROM "QL_VAI_TRO_NGUOI_DUNG" "c"
      WHERE "c"."NGUOI_DUNG_ID" = :nguoiDung_ID_0
info: Microsoft.EntityFrameworkCore.Database.Command[20101]
      Executed DbCommand (2ms) [Parameters=[:Ma_0='?' (Size = 2000)], CommandType='Text', CommandTimeout='0']
      SELECT "l"."GIA_TRI"
      FROM "QL_NHAN_HIEN_THI" "l"
      WHERE "l"."MA" = :Ma_0
      FETCH FIRST 1 ROWS ONLY
info: Microsoft.EntityFrameworkCore.Database.Command[20101]
      Executed DbCommand (2ms) [Parameters=[:nguoiDung_ID_0='?' (DbType = Decimal)], CommandType='Text', CommandTimeout='0']
      SELECT "c"."VAI_TRO_ID"
      FROM "QL_VAI_TRO_NGUOI_DUNG" "c"
      WHERE "c"."NGUOI_DUNG_ID" = :nguoiDung_ID_0
info: Microsoft.EntityFrameworkCore.Database.Command[20101]
      Executed DbCommand (2ms) [Parameters=[:Ma_0='?' (Size = 2000)], CommandType='Text', CommandTimeout='0']
      SELECT "l"."GIA_TRI"
      FROM "QL_NHAN_HIEN_THI" "l"
      WHERE "l"."MA" = :Ma_0
      FETCH FIRST 1 ROWS ONLY
info: Microsoft.EntityFrameworkCore.Database.Command[20101]
      Executed DbCommand (2ms) [Parameters=[:nguoiDung_ID_0='?' (DbType = Decimal)], CommandType='Text', CommandTimeout='0']
      SELECT "c"."VAI_TRO_ID"
      FROM "QL_VAI_TRO_NGUOI_DUNG" "c"
      WHERE "c"."NGUOI_DUNG_ID" = :nguoiDung_ID_0
info: Microsoft.EntityFrameworkCore.Database.Command[20101]
      Executed DbCommand (2ms) [Parameters=[:Ma_0='?' (Size = 2000)], CommandType='Text', CommandTimeout='0']
      SELECT "l"."GIA_TRI"
      FROM "QL_NHAN_HIEN_THI" "l"
      WHERE "l"."MA" = :Ma_0
      FETCH FIRST 1 ROWS ONLY
info: Microsoft.EntityFrameworkCore.Database.Command[20101]
      Executed DbCommand (3ms) [Parameters=[:Ma_0='?' (Size = 2000)], CommandType='Text', CommandTimeout='0']
      SELECT "l"."GIA_TRI"
      FROM "QL_NHAN_HIEN_THI" "l"
      WHERE "l"."MA" = :Ma_0
      FETCH FIRST 1 ROWS ONLY
info: Microsoft.EntityFrameworkCore.Database.Command[20101]
      Executed DbCommand (3ms) [Parameters=[:Ma_0='?' (Size = 2000)], CommandType='Text', CommandTimeout='0']
      SELECT "l"."GIA_TRI"
      FROM "QL_NHAN_HIEN_THI" "l"
      WHERE "l"."MA" = :Ma_0
      FETCH FIRST 1 ROWS ONLY
info: Microsoft.EntityFrameworkCore.Database.Command[20101]
      Executed DbCommand (2ms) [Parameters=[:Ma_0='?' (Size = 2000)], CommandType='Text', CommandTimeout='0']
      SELECT "l"."GIA_TRI"
      FROM "QL_NHAN_HIEN_THI" "l"
      WHERE "l"."MA" = :Ma_0
      FETCH FIRST 1 ROWS ONLY
info: Microsoft.EntityFrameworkCore.Database.Command[20101]
      Executed DbCommand (3ms) [Parameters=[:Ma_0='?' (Size = 2000)], CommandType='Text', CommandTimeout='0']
      SELECT "l"."GIA_TRI"
      FROM "QL_NHAN_HIEN_THI" "l"
      WHERE "l"."MA" = :Ma_0
      FETCH FIRST 1 ROWS ONLY
info: Microsoft.EntityFrameworkCore.Database.Command[20101]
      Executed DbCommand (2ms) [Parameters=[:nguoiDung_ID_0='?' (DbType = Decimal)], CommandType='Text', CommandTimeout='0']
      SELECT "c"."VAI_TRO_ID"
      FROM "QL_VAI_TRO_NGUOI_DUNG" "c"
      WHERE "c"."NGUOI_DUNG_ID" = :nguoiDung_ID_0
info: Microsoft.EntityFrameworkCore.Database.Command[20101]
      Executed DbCommand (3ms) [Parameters=[:Ma_0='?' (Size = 2000)], CommandType='Text', CommandTimeout='0']
      SELECT "l"."GIA_TRI"
      FROM "QL_NHAN_HIEN_THI" "l"
      WHERE "l"."MA" = :Ma_0
      FETCH FIRST 1 ROWS ONLY
info: Microsoft.EntityFrameworkCore.Database.Command[20101]
      Executed DbCommand (3ms) [Parameters=[:Ma_0='?' (Size = 2000)], CommandType='Text', CommandTimeout='0']
      SELECT "l"."GIA_TRI"
      FROM "QL_NHAN_HIEN_THI" "l"
      WHERE "l"."MA" = :Ma_0
      FETCH FIRST 1 ROWS ONLY
info: Microsoft.EntityFrameworkCore.Database.Command[20101]
      Executed DbCommand (2ms) [Parameters=[:Ma_0='?' (Size = 2000)], CommandType='Text', CommandTimeout='0']
      SELECT "l"."GIA_TRI"
      FROM "QL_NHAN_HIEN_THI" "l"
      WHERE "l"."MA" = :Ma_0
      FETCH FIRST 1 ROWS ONLY
info: Microsoft.EntityFrameworkCore.Database.Command[20101]
      Executed DbCommand (2ms) [Parameters=[:nguoiDung_ID_0='?' (DbType = Decimal)], CommandType='Text', CommandTimeout='0']
      SELECT "c"."VAI_TRO_ID"
      FROM "QL_VAI_TRO_NGUOI_DUNG" "c"
      WHERE "c"."NGUOI_DUNG_ID" = :nguoiDung_ID_0
info: Microsoft.EntityFrameworkCore.Database.Command[20101]
      Executed DbCommand (3ms) [Parameters=[:Ma_0='?' (Size = 2000)], CommandType='Text', CommandTimeout='0']
      SELECT "l"."GIA_TRI"
      FROM "QL_NHAN_HIEN_THI" "l"
      WHERE "l"."MA" = :Ma_0
      FETCH FIRST 1 ROWS ONLY
info: Microsoft.EntityFrameworkCore.Database.Command[20101]
      Executed DbCommand (3ms) [Parameters=[:Ma_0='?' (Size = 2000)], CommandType='Text', CommandTimeout='0']
      SELECT "l"."GIA_TRI"
      FROM "QL_NHAN_HIEN_THI" "l"
      WHERE "l"."MA" = :Ma_0
      FETCH FIRST 1 ROWS ONLY
info: Microsoft.EntityFrameworkCore.Database.Command[20101]
      Executed DbCommand (3ms) [Parameters=[:Ma_0='?' (Size = 2000)], CommandType='Text', CommandTimeout='0']
      SELECT "l"."GIA_TRI"
      FROM "QL_NHAN_HIEN_THI" "l"
      WHERE "l"."MA" = :Ma_0
      FETCH FIRST 1 ROWS ONLY
info: Microsoft.EntityFrameworkCore.Database.Command[20101]
      Executed DbCommand (3ms) [Parameters=[:nguoiDung_ID_0='?' (DbType = Decimal)], CommandType='Text', CommandTimeout='0']
      SELECT "c"."VAI_TRO_ID"
      FROM "QL_VAI_TRO_NGUOI_DUNG" "c"
      WHERE "c"."NGUOI_DUNG_ID" = :nguoiDung_ID_0
info: Microsoft.EntityFrameworkCore.Database.Command[20101]
      Executed DbCommand (3ms) [Parameters=[:Ma_0='?' (Size = 2000)], CommandType='Text', CommandTimeout='0']
      SELECT "l"."GIA_TRI"
      FROM "QL_NHAN_HIEN_THI" "l"
      WHERE "l"."MA" = :Ma_0
      FETCH FIRST 1 ROWS ONLY
info: Microsoft.EntityFrameworkCore.Database.Command[20101]
      Executed DbCommand (2ms) [Parameters=[:Ma_0='?' (Size = 2000)], CommandType='Text', CommandTimeout='0']
      SELECT "l"."GIA_TRI"
      FROM "QL_NHAN_HIEN_THI" "l"
      WHERE "l"."MA" = :Ma_0
      FETCH FIRST 1 ROWS ONLY
info: Microsoft.EntityFrameworkCore.Database.Command[20101]
      Executed DbCommand (2ms) [Parameters=[:nguoiDung_ID_0='?' (DbType = Decimal)], CommandType='Text', CommandTimeout='0']
      SELECT "c"."VAI_TRO_ID"
      FROM "QL_VAI_TRO_NGUOI_DUNG" "c"
      WHERE "c"."NGUOI_DUNG_ID" = :nguoiDung_ID_0
info: Microsoft.EntityFrameworkCore.Database.Command[20101]
      Executed DbCommand (3ms) [Parameters=[:Ma_0='?' (Size = 2000)], CommandType='Text', CommandTimeout='0']
      SELECT "l"."GIA_TRI"
      FROM "QL_NHAN_HIEN_THI" "l"
      WHERE "l"."MA" = :Ma_0
      FETCH FIRST 1 ROWS ONLY
info: Microsoft.EntityFrameworkCore.Database.Command[20101]
      Executed DbCommand (2ms) [Parameters=[:nguoiDung_ID_0='?' (DbType = Decimal)], CommandType='Text', CommandTimeout='0']
      SELECT "c"."VAI_TRO_ID"
      FROM "QL_VAI_TRO_NGUOI_DUNG" "c"
      WHERE "c"."NGUOI_DUNG_ID" = :nguoiDung_ID_0
info: Microsoft.EntityFrameworkCore.Database.Command[20101]
      Executed DbCommand (3ms) [Parameters=[:Ma_0='?' (Size = 2000)], CommandType='Text', CommandTimeout='0']
      SELECT "l"."GIA_TRI"
      FROM "QL_NHAN_HIEN_THI" "l"
      WHERE "l"."MA" = :Ma_0
      FETCH FIRST 1 ROWS ONLY
info: Microsoft.EntityFrameworkCore.Database.Command[20101]
      Executed DbCommand (3ms) [Parameters=[:nguoiDung_ID_0='?' (DbType = Decimal)], CommandType='Text', CommandTimeout='0']
      SELECT "c"."VAI_TRO_ID"
      FROM "QL_VAI_TRO_NGUOI_DUNG" "c"
      WHERE "c"."NGUOI_DUNG_ID" = :nguoiDung_ID_0
info: Microsoft.EntityFrameworkCore.Database.Command[20101]
      Executed DbCommand (3ms) [Parameters=[:Ma_0='?' (Size = 2000)], CommandType='Text', CommandTimeout='0']
      SELECT "l"."GIA_TRI"
      FROM "QL_NHAN_HIEN_THI" "l"
      WHERE "l"."MA" = :Ma_0
      FETCH FIRST 1 ROWS ONLY
info: Microsoft.EntityFrameworkCore.Database.Command[20101]
      Executed DbCommand (2ms) [Parameters=[:nguoiDung_ID_0='?' (DbType = Decimal)], CommandType='Text', CommandTimeout='0']
      SELECT "c"."VAI_TRO_ID"
      FROM "QL_VAI_TRO_NGUOI_DUNG" "c"
      WHERE "c"."NGUOI_DUNG_ID" = :nguoiDung_ID_0
info: Microsoft.EntityFrameworkCore.Database.Command[20101]
      Executed DbCommand (3ms) [Parameters=[:Ma_0='?' (Size = 2000)], CommandType='Text', CommandTimeout='0']
      SELECT "l"."GIA_TRI"
      FROM "QL_NHAN_HIEN_THI" "l"
      WHERE "l"."MA" = :Ma_0
      FETCH FIRST 1 ROWS ONLY
info: Microsoft.EntityFrameworkCore.Database.Command[20101]
      Executed DbCommand (2ms) [Parameters=[:nguoiDung_ID_0='?' (DbType = Decimal)], CommandType='Text', CommandTimeout='0']
      SELECT "c"."VAI_TRO_ID"
      FROM "QL_VAI_TRO_NGUOI_DUNG" "c"
      WHERE "c"."NGUOI_DUNG_ID" = :nguoiDung_ID_0
info: Microsoft.EntityFrameworkCore.Database.Command[20101]
      Executed DbCommand (3ms) [Parameters=[:Ma_0='?' (Size = 2000)], CommandType='Text', CommandTimeout='0']
      SELECT "l"."GIA_TRI"
      FROM "QL_NHAN_HIEN_THI" "l"
      WHERE "l"."MA" = :Ma_0
      FETCH FIRST 1 ROWS ONLY
info: Microsoft.EntityFrameworkCore.Database.Command[20101]
      Executed DbCommand (2ms) [Parameters=[:nguoiDung_ID_0='?' (DbType = Decimal)], CommandType='Text', CommandTimeout='0']
      SELECT "c"."VAI_TRO_ID"
      FROM "QL_VAI_TRO_NGUOI_DUNG" "c"
      WHERE "c"."NGUOI_DUNG_ID" = :nguoiDung_ID_0
info: Microsoft.EntityFrameworkCore.Database.Command[20101]
      Executed DbCommand (3ms) [Parameters=[:Ma_0='?' (Size = 2000)], CommandType='Text', CommandTimeout='0']
      SELECT "l"."GIA_TRI"
      FROM "QL_NHAN_HIEN_THI" "l"
      WHERE "l"."MA" = :Ma_0
      FETCH FIRST 1 ROWS ONLY
info: Microsoft.EntityFrameworkCore.Database.Command[20101]
      Executed DbCommand (3ms) [Parameters=[:Ma_0='?' (Size = 2000)], CommandType='Text', CommandTimeout='0']
      SELECT "l"."GIA_TRI"
      FROM "QL_NHAN_HIEN_THI" "l"
      WHERE "l"."MA" = :Ma_0
      FETCH FIRST 1 ROWS ONLY
info: Microsoft.EntityFrameworkCore.Database.Command[20101]
      Executed DbCommand (3ms) [Parameters=[:Ma_0='?' (Size = 2000)], CommandType='Text', CommandTimeout='0']
      SELECT "l"."GIA_TRI"
      FROM "QL_NHAN_HIEN_THI" "l"
      WHERE "l"."MA" = :Ma_0
      FETCH FIRST 1 ROWS ONLY
info: Microsoft.EntityFrameworkCore.Database.Command[20101]
      Executed DbCommand (3ms) [Parameters=[:Ma_0='?' (Size = 2000)], CommandType='Text', CommandTimeout='0']
      SELECT "l"."GIA_TRI"
      FROM "QL_NHAN_HIEN_THI" "l"
      WHERE "l"."MA" = :Ma_0
      FETCH FIRST 1 ROWS ONLY
info: Microsoft.EntityFrameworkCore.Database.Command[20101]
      Executed DbCommand (2ms) [Parameters=[:nguoiDung_ID_0='?' (DbType = Decimal)], CommandType='Text', CommandTimeout='0']
      SELECT "c"."VAI_TRO_ID"
      FROM "QL_VAI_TRO_NGUOI_DUNG" "c"
      WHERE "c"."NGUOI_DUNG_ID" = :nguoiDung_ID_0
info: Microsoft.EntityFrameworkCore.Database.Command[20101]
      Executed DbCommand (3ms) [Parameters=[:Ma_0='?' (Size = 2000)], CommandType='Text', CommandTimeout='0']
      SELECT "l"."GIA_TRI"
      FROM "QL_NHAN_HIEN_THI" "l"
      WHERE "l"."MA" = :Ma_0
      FETCH FIRST 1 ROWS ONLY
info: Microsoft.EntityFrameworkCore.Database.Command[20101]
      Executed DbCommand (2ms) [Parameters=[:nguoiDung_ID_0='?' (DbType = Decimal)], CommandType='Text', CommandTimeout='0']
      SELECT "c"."VAI_TRO_ID"
      FROM "QL_VAI_TRO_NGUOI_DUNG" "c"
      WHERE "c"."NGUOI_DUNG_ID" = :nguoiDung_ID_0
info: Microsoft.EntityFrameworkCore.Database.Command[20101]
      Executed DbCommand (3ms) [Parameters=[:Ma_0='?' (Size = 2000)], CommandType='Text', CommandTimeout='0']
      SELECT "l"."GIA_TRI"
      FROM "QL_NHAN_HIEN_THI" "l"
      WHERE "l"."MA" = :Ma_0
      FETCH FIRST 1 ROWS ONLY
info: Microsoft.EntityFrameworkCore.Database.Command[20101]
      Executed DbCommand (2ms) [Parameters=[:nguoiDung_ID_0='?' (DbType = Decimal)], CommandType='Text', CommandTimeout='0']
      SELECT "c"."VAI_TRO_ID"
      FROM "QL_VAI_TRO_NGUOI_DUNG" "c"
      WHERE "c"."NGUOI_DUNG_ID" = :nguoiDung_ID_0
info: Microsoft.EntityFrameworkCore.Database.Command[20101]
      Executed DbCommand (3ms) [Parameters=[:Ma_0='?' (Size = 2000)], CommandType='Text', CommandTimeout='0']
      SELECT "l"."GIA_TRI"
      FROM "QL_NHAN_HIEN_THI" "l"
      WHERE "l"."MA" = :Ma_0
      FETCH FIRST 1 ROWS ONLY
info: Microsoft.EntityFrameworkCore.Database.Command[20101]
      Executed DbCommand (2ms) [Parameters=[:nguoiDung_ID_0='?' (DbType = Decimal)], CommandType='Text', CommandTimeout='0']
      SELECT "c"."VAI_TRO_ID"
      FROM "QL_VAI_TRO_NGUOI_DUNG" "c"
      WHERE "c"."NGUOI_DUNG_ID" = :nguoiDung_ID_0
info: Microsoft.EntityFrameworkCore.Database.Command[20101]
      Executed DbCommand (317ms) [Parameters=[:Ma_0='?' (Size = 2000)], CommandType='Text', CommandTimeout='0']
      SELECT "l"."GIA_TRI"
      FROM "QL_NHAN_HIEN_THI" "l"
      WHERE "l"."MA" = :Ma_0
      FETCH FIRST 1 ROWS ONLY
info: Microsoft.EntityFrameworkCore.Database.Command[20101]
      Executed DbCommand (5ms) [Parameters=[:nguoiDung_ID_0='?' (DbType = Decimal)], CommandType='Text', CommandTimeout='0']
      SELECT "c"."VAI_TRO_ID"
      FROM "QL_VAI_TRO_NGUOI_DUNG" "c"
      WHERE "c"."NGUOI_DUNG_ID" = :nguoiDung_ID_0
info: Microsoft.EntityFrameworkCore.Database.Command[20101]
      Executed DbCommand (5ms) [Parameters=[:Ma_0='?' (Size = 2000)], CommandType='Text', CommandTimeout='0']
      SELECT "l"."GIA_TRI"
      FROM "QL_NHAN_HIEN_THI" "l"
      WHERE "l"."MA" = :Ma_0
      FETCH FIRST 1 ROWS ONLY
info: Microsoft.EntityFrameworkCore.Database.Command[20101]
      Executed DbCommand (5ms) [Parameters=[:nguoiDung_ID_0='?' (DbType = Decimal)], CommandType='Text', CommandTimeout='0']
      SELECT "c"."VAI_TRO_ID"
      FROM "QL_VAI_TRO_NGUOI_DUNG" "c"
      WHERE "c"."NGUOI_DUNG_ID" = :nguoiDung_ID_0
info: Microsoft.EntityFrameworkCore.Database.Command[20101]
      Executed DbCommand (5ms) [Parameters=[:Ma_0='?' (Size = 2000)], CommandType='Text', CommandTimeout='0']
      SELECT "l"."GIA_TRI"
      FROM "QL_NHAN_HIEN_THI" "l"
      WHERE "l"."MA" = :Ma_0
      FETCH FIRST 1 ROWS ONLY
info: Microsoft.EntityFrameworkCore.Database.Command[20101]
      Executed DbCommand (6ms) [Parameters=[:nguoiDung_ID_0='?' (DbType = Decimal)], CommandType='Text', CommandTimeout='0']
      SELECT "c"."VAI_TRO_ID"
      FROM "QL_VAI_TRO_NGUOI_DUNG" "c"
      WHERE "c"."NGUOI_DUNG_ID" = :nguoiDung_ID_0
info: Microsoft.EntityFrameworkCore.Database.Command[20101]
      Executed DbCommand (4ms) [Parameters=[:Ma_0='?' (Size = 2000)], CommandType='Text', CommandTimeout='0']
      SELECT "l"."GIA_TRI"
      FROM "QL_NHAN_HIEN_THI" "l"
      WHERE "l"."MA" = :Ma_0
      FETCH FIRST 1 ROWS ONLY
info: Microsoft.EntityFrameworkCore.Database.Command[20101]
      Executed DbCommand (4ms) [Parameters=[:nguoiDung_ID_0='?' (DbType = Decimal)], CommandType='Text', CommandTimeout='0']
      SELECT "c"."VAI_TRO_ID"
      FROM "QL_VAI_TRO_NGUOI_DUNG" "c"
      WHERE "c"."NGUOI_DUNG_ID" = :nguoiDung_ID_0
info: Microsoft.EntityFrameworkCore.Database.Command[20101]
      Executed DbCommand (5ms) [Parameters=[:Ma_0='?' (Size = 2000)], CommandType='Text', CommandTimeout='0']
      SELECT "l"."GIA_TRI"
      FROM "QL_NHAN_HIEN_THI" "l"
      WHERE "l"."MA" = :Ma_0
      FETCH FIRST 1 ROWS ONLY
info: Microsoft.EntityFrameworkCore.Database.Command[20101]
      Executed DbCommand (5ms) [Parameters=[:nguoiDung_ID_0='?' (DbType = Decimal)], CommandType='Text', CommandTimeout='0']
      SELECT "c"."VAI_TRO_ID"
      FROM "QL_VAI_TRO_NGUOI_DUNG" "c"
      WHERE "c"."NGUOI_DUNG_ID" = :nguoiDung_ID_0
info: Microsoft.EntityFrameworkCore.Database.Command[20101]
      Executed DbCommand (4ms) [Parameters=[:Ma_0='?' (Size = 2000)], CommandType='Text', CommandTimeout='0']
      SELECT "l"."GIA_TRI"
      FROM "QL_NHAN_HIEN_THI" "l"
      WHERE "l"."MA" = :Ma_0
      FETCH FIRST 1 ROWS ONLY
info: Microsoft.EntityFrameworkCore.Database.Command[20101]
      Executed DbCommand (3ms) [Parameters=[:nguoiDung_ID_0='?' (DbType = Decimal)], CommandType='Text', CommandTimeout='0']
      SELECT "c"."VAI_TRO_ID"
      FROM "QL_VAI_TRO_NGUOI_DUNG" "c"
      WHERE "c"."NGUOI_DUNG_ID" = :nguoiDung_ID_0
info: Microsoft.EntityFrameworkCore.Database.Command[20101]
      Executed DbCommand (4ms) [Parameters=[:Ma_0='?' (Size = 2000)], CommandType='Text', CommandTimeout='0']
      SELECT "l"."GIA_TRI"
      FROM "QL_NHAN_HIEN_THI" "l"
      WHERE "l"."MA" = :Ma_0
      FETCH FIRST 1 ROWS ONLY
info: Microsoft.EntityFrameworkCore.Database.Command[20101]
      Executed DbCommand (3ms) [Parameters=[:nguoiDung_ID_0='?' (DbType = Decimal)], CommandType='Text', CommandTimeout='0']
      SELECT "c"."VAI_TRO_ID"
      FROM "QL_VAI_TRO_NGUOI_DUNG" "c"
      WHERE "c"."NGUOI_DUNG_ID" = :nguoiDung_ID_0
info: Microsoft.EntityFrameworkCore.Database.Command[20101]
      Executed DbCommand (3ms) [Parameters=[:Ma_0='?' (Size = 2000)], CommandType='Text', CommandTimeout='0']
      SELECT "l"."GIA_TRI"
      FROM "QL_NHAN_HIEN_THI" "l"
      WHERE "l"."MA" = :Ma_0
      FETCH FIRST 1 ROWS ONLY
info: Microsoft.EntityFrameworkCore.Database.Command[20101]
      Executed DbCommand (3ms) [Parameters=[:nguoiDung_ID_0='?' (DbType = Decimal)], CommandType='Text', CommandTimeout='0']
      SELECT "c"."VAI_TRO_ID"
      FROM "QL_VAI_TRO_NGUOI_DUNG" "c"
      WHERE "c"."NGUOI_DUNG_ID" = :nguoiDung_ID_0
info: Microsoft.EntityFrameworkCore.Database.Command[20101]
      Executed DbCommand (3ms) [Parameters=[:Ma_0='?' (Size = 2000)], CommandType='Text', CommandTimeout='0']
      SELECT "l"."GIA_TRI"
      FROM "QL_NHAN_HIEN_THI" "l"
      WHERE "l"."MA" = :Ma_0
      FETCH FIRST 1 ROWS ONLY
info: Microsoft.EntityFrameworkCore.Database.Command[20101]
      Executed DbCommand (2ms) [Parameters=[:nguoiDung_ID_0='?' (DbType = Decimal)], CommandType='Text', CommandTimeout='0']
      SELECT "c"."VAI_TRO_ID"
      FROM "QL_VAI_TRO_NGUOI_DUNG" "c"
      WHERE "c"."NGUOI_DUNG_ID" = :nguoiDung_ID_0
info: Microsoft.EntityFrameworkCore.Database.Command[20101]
      Executed DbCommand (3ms) [Parameters=[:Ma_0='?' (Size = 2000)], CommandType='Text', CommandTimeout='0']
      SELECT "l"."GIA_TRI"
      FROM "QL_NHAN_HIEN_THI" "l"
      WHERE "l"."MA" = :Ma_0
      FETCH FIRST 1 ROWS ONLY
info: Microsoft.EntityFrameworkCore.Database.Command[20101]
      Executed DbCommand (3ms) [Parameters=[:nguoiDung_ID_0='?' (DbType = Decimal)], CommandType='Text', CommandTimeout='0']
      SELECT "c"."VAI_TRO_ID"
      FROM "QL_VAI_TRO_NGUOI_DUNG" "c"
      WHERE "c"."NGUOI_DUNG_ID" = :nguoiDung_ID_0
info: Microsoft.EntityFrameworkCore.Database.Command[20101]
      Executed DbCommand (3ms) [Parameters=[:Ma_0='?' (Size = 2000)], CommandType='Text', CommandTimeout='0']
      SELECT "l"."GIA_TRI"
      FROM "QL_NHAN_HIEN_THI" "l"
      WHERE "l"."MA" = :Ma_0
      FETCH FIRST 1 ROWS ONLY
info: Microsoft.EntityFrameworkCore.Database.Command[20101]
      Executed DbCommand (2ms) [Parameters=[:nguoiDung_ID_0='?' (DbType = Decimal)], CommandType='Text', CommandTimeout='0']
      SELECT "c"."VAI_TRO_ID"
      FROM "QL_VAI_TRO_NGUOI_DUNG" "c"
      WHERE "c"."NGUOI_DUNG_ID" = :nguoiDung_ID_0
info: Microsoft.EntityFrameworkCore.Database.Command[20101]
      Executed DbCommand (3ms) [Parameters=[:Ma_0='?' (Size = 2000)], CommandType='Text', CommandTimeout='0']
      SELECT "l"."GIA_TRI"
      FROM "QL_NHAN_HIEN_THI" "l"
      WHERE "l"."MA" = :Ma_0
      FETCH FIRST 1 ROWS ONLY
info: Microsoft.EntityFrameworkCore.Database.Command[20101]
      Executed DbCommand (3ms) [Parameters=[:Ma_0='?' (Size = 2000)], CommandType='Text', CommandTimeout='0']
      SELECT "l"."GIA_TRI"
      FROM "QL_NHAN_HIEN_THI" "l"
      WHERE "l"."MA" = :Ma_0
      FETCH FIRST 1 ROWS ONLY
info: Microsoft.EntityFrameworkCore.Database.Command[20101]
      Executed DbCommand (3ms) [Parameters=[:Ma_0='?' (Size = 2000)], CommandType='Text', CommandTimeout='0']
      SELECT "l"."GIA_TRI"
      FROM "QL_NHAN_HIEN_THI" "l"
      WHERE "l"."MA" = :Ma_0
      FETCH FIRST 1 ROWS ONLY
info: Microsoft.EntityFrameworkCore.Database.Command[20101]
      Executed DbCommand (3ms) [Parameters=[:Ma_0='?' (Size = 2000)], CommandType='Text', CommandTimeout='0']
      SELECT "l"."GIA_TRI"
      FROM "QL_NHAN_HIEN_THI" "l"
      WHERE "l"."MA" = :Ma_0
      FETCH FIRST 1 ROWS ONLY
info: Microsoft.EntityFrameworkCore.Database.Command[20101]
      Executed DbCommand (3ms) [Parameters=[:Ma_0='?' (Size = 2000)], CommandType='Text', CommandTimeout='0']
      SELECT "l"."GIA_TRI"
      FROM "QL_NHAN_HIEN_THI" "l"
      WHERE "l"."MA" = :Ma_0
      FETCH FIRST 1 ROWS ONLY
info: Microsoft.EntityFrameworkCore.Database.Command[20101]
      Executed DbCommand (4ms) [Parameters=[:Ma_0='?' (Size = 2000)], CommandType='Text', CommandTimeout='0']
      SELECT "l"."GIA_TRI"
      FROM "QL_NHAN_HIEN_THI" "l"
      WHERE "l"."MA" = :Ma_0
      FETCH FIRST 1 ROWS ONLY
info: Microsoft.EntityFrameworkCore.Database.Command[20101]
      Executed DbCommand (4ms) [Parameters=[:nguoiDung_ID_0='?' (DbType = Decimal)], CommandType='Text', CommandTimeout='0']
      SELECT "c"."VAI_TRO_ID"
      FROM "QL_VAI_TRO_NGUOI_DUNG" "c"
      WHERE "c"."NGUOI_DUNG_ID" = :nguoiDung_ID_0
info: Microsoft.EntityFrameworkCore.Database.Command[20101]
      Executed DbCommand (3ms) [Parameters=[:Ma_0='?' (Size = 2000)], CommandType='Text', CommandTimeout='0']
      SELECT "l"."GIA_TRI"
      FROM "QL_NHAN_HIEN_THI" "l"
      WHERE "l"."MA" = :Ma_0
      FETCH FIRST 1 ROWS ONLY
info: Microsoft.EntityFrameworkCore.Database.Command[20101]
      Executed DbCommand (3ms) [Parameters=[:nguoiDung_ID_0='?' (DbType = Decimal)], CommandType='Text', CommandTimeout='0']
      SELECT "c"."VAI_TRO_ID"
      FROM "QL_VAI_TRO_NGUOI_DUNG" "c"
      WHERE "c"."NGUOI_DUNG_ID" = :nguoiDung_ID_0
info: Microsoft.EntityFrameworkCore.Database.Command[20101]
      Executed DbCommand (3ms) [Parameters=[:nguoiDung_ID_0='?' (DbType = Decimal)], CommandType='Text', CommandTimeout='0']
      SELECT "c"."VAI_TRO_ID"
      FROM "QL_VAI_TRO_NGUOI_DUNG" "c"
      WHERE "c"."NGUOI_DUNG_ID" = :nguoiDung_ID_0
info: Microsoft.EntityFrameworkCore.Database.Command[20101]
      Executed DbCommand (3ms) [Parameters=[:Ma_0='?' (Size = 2000)], CommandType='Text', CommandTimeout='0']
      SELECT "l"."GIA_TRI"
      FROM "QL_NHAN_HIEN_THI" "l"
      WHERE "l"."MA" = :Ma_0
      FETCH FIRST 1 ROWS ONLY
info: Microsoft.EntityFrameworkCore.Database.Command[20101]
      Executed DbCommand (2ms) [Parameters=[:nguoiDung_ID_0='?' (DbType = Decimal)], CommandType='Text', CommandTimeout='0']
      SELECT "c"."VAI_TRO_ID"
      FROM "QL_VAI_TRO_NGUOI_DUNG" "c"
      WHERE "c"."NGUOI_DUNG_ID" = :nguoiDung_ID_0
info: Microsoft.EntityFrameworkCore.Database.Command[20101]
      Executed DbCommand (3ms) [Parameters=[:Ma_0='?' (Size = 2000)], CommandType='Text', CommandTimeout='0']
      SELECT "l"."GIA_TRI"
      FROM "QL_NHAN_HIEN_THI" "l"
      WHERE "l"."MA" = :Ma_0
      FETCH FIRST 1 ROWS ONLY
info: Microsoft.EntityFrameworkCore.Database.Command[20101]
      Executed DbCommand (2ms) [Parameters=[:nguoiDung_ID_0='?' (DbType = Decimal)], CommandType='Text', CommandTimeout='0']
      SELECT "c"."VAI_TRO_ID"
      FROM "QL_VAI_TRO_NGUOI_DUNG" "c"
      WHERE "c"."NGUOI_DUNG_ID" = :nguoiDung_ID_0
info: Microsoft.EntityFrameworkCore.Database.Command[20101]
      Executed DbCommand (5ms) [Parameters=[:nguoiDung_ID_0='?' (DbType = Decimal)], CommandType='Text', CommandTimeout='0']
      SELECT "c"."VAI_TRO_ID"
      FROM "QL_VAI_TRO_NGUOI_DUNG" "c"
      WHERE "c"."NGUOI_DUNG_ID" = :nguoiDung_ID_0
info: Microsoft.EntityFrameworkCore.Database.Command[20101]
      Executed DbCommand (3ms) [Parameters=[:Ma_0='?' (Size = 2000)], CommandType='Text', CommandTimeout='0']
      SELECT "l"."GIA_TRI"
      FROM "QL_NHAN_HIEN_THI" "l"
      WHERE "l"."MA" = :Ma_0
      FETCH FIRST 1 ROWS ONLY
info: Microsoft.EntityFrameworkCore.Database.Command[20101]
      Executed DbCommand (6ms) [Parameters=[:nguoiDung_ID_0='?' (DbType = Decimal)], CommandType='Text', CommandTimeout='0']
      SELECT "c"."VAI_TRO_ID"
      FROM "QL_VAI_TRO_NGUOI_DUNG" "c"
      WHERE "c"."NGUOI_DUNG_ID" = :nguoiDung_ID_0
info: Microsoft.EntityFrameworkCore.Database.Command[20101]
      Executed DbCommand (6ms) [Parameters=[:Ma_0='?' (Size = 2000)], CommandType='Text', CommandTimeout='0']
      SELECT "l"."GIA_TRI"
      FROM "QL_NHAN_HIEN_THI" "l"
      WHERE "l"."MA" = :Ma_0
      FETCH FIRST 1 ROWS ONLY
info: Microsoft.EntityFrameworkCore.Database.Command[20101]
      Executed DbCommand (8ms) [Parameters=[:nguoiDung_ID_0='?' (DbType = Decimal)], CommandType='Text', CommandTimeout='0']
      SELECT "c"."VAI_TRO_ID"
      FROM "QL_VAI_TRO_NGUOI_DUNG" "c"
      WHERE "c"."NGUOI_DUNG_ID" = :nguoiDung_ID_0
info: Microsoft.EntityFrameworkCore.Database.Command[20101]
      Executed DbCommand (318ms) [Parameters=[:Ma_0='?' (Size = 2000)], CommandType='Text', CommandTimeout='0']
      SELECT "l"."GIA_TRI"
      FROM "QL_NHAN_HIEN_THI" "l"
      WHERE "l"."MA" = :Ma_0
      FETCH FIRST 1 ROWS ONLY
info: Microsoft.EntityFrameworkCore.Database.Command[20101]
      Executed DbCommand (2ms) [Parameters=[:nguoiDung_ID_0='?' (DbType = Decimal)], CommandType='Text', CommandTimeout='0']
      SELECT "c"."VAI_TRO_ID"
      FROM "QL_VAI_TRO_NGUOI_DUNG" "c"
      WHERE "c"."NGUOI_DUNG_ID" = :nguoiDung_ID_0
info: Microsoft.EntityFrameworkCore.Database.Command[20101]
      Executed DbCommand (3ms) [Parameters=[:Ma_0='?' (Size = 2000)], CommandType='Text', CommandTimeout='0']
      SELECT "l"."GIA_TRI"
      FROM "QL_NHAN_HIEN_THI" "l"
      WHERE "l"."MA" = :Ma_0
      FETCH FIRST 1 ROWS ONLY
info: Microsoft.EntityFrameworkCore.Database.Command[20101]
      Executed DbCommand (2ms) [Parameters=[:nguoiDung_ID_0='?' (DbType = Decimal)], CommandType='Text', CommandTimeout='0']
      SELECT "c"."VAI_TRO_ID"
      FROM "QL_VAI_TRO_NGUOI_DUNG" "c"
      WHERE "c"."NGUOI_DUNG_ID" = :nguoiDung_ID_0
info: Microsoft.EntityFrameworkCore.Database.Command[20101]
      Executed DbCommand (3ms) [Parameters=[:Ma_0='?' (Size = 2000)], CommandType='Text', CommandTimeout='0']
      SELECT "l"."GIA_TRI"
      FROM "QL_NHAN_HIEN_THI" "l"
      WHERE "l"."MA" = :Ma_0
      FETCH FIRST 1 ROWS ONLY
info: Microsoft.EntityFrameworkCore.Database.Command[20101]
      Executed DbCommand (2ms) [Parameters=[:nguoiDung_ID_0='?' (DbType = Decimal)], CommandType='Text', CommandTimeout='0']
      SELECT "c"."VAI_TRO_ID"
      FROM "QL_VAI_TRO_NGUOI_DUNG" "c"
      WHERE "c"."NGUOI_DUNG_ID" = :nguoiDung_ID_0
info: Microsoft.EntityFrameworkCore.Database.Command[20101]
      Executed DbCommand (3ms) [Parameters=[:Ma_0='?' (Size = 2000)], CommandType='Text', CommandTimeout='0']
      SELECT "l"."GIA_TRI"
      FROM "QL_NHAN_HIEN_THI" "l"
      WHERE "l"."MA" = :Ma_0
      FETCH FIRST 1 ROWS ONLY
info: Microsoft.EntityFrameworkCore.Database.Command[20101]
      Executed DbCommand (3ms) [Parameters=[:nguoiDung_ID_0='?' (DbType = Decimal)], CommandType='Text', CommandTimeout='0']
      SELECT "c"."VAI_TRO_ID"
      FROM "QL_VAI_TRO_NGUOI_DUNG" "c"
      WHERE "c"."NGUOI_DUNG_ID" = :nguoiDung_ID_0
info: Microsoft.EntityFrameworkCore.Database.Command[20101]
      Executed DbCommand (2ms) [Parameters=[:Ma_0='?' (Size = 2000)], CommandType='Text', CommandTimeout='0']
      SELECT "l"."GIA_TRI"
      FROM "QL_NHAN_HIEN_THI" "l"
      WHERE "l"."MA" = :Ma_0
      FETCH FIRST 1 ROWS ONLY
info: Microsoft.EntityFrameworkCore.Database.Command[20101]
      Executed DbCommand (2ms) [Parameters=[:nguoiDung_ID_0='?' (DbType = Decimal)], CommandType='Text', CommandTimeout='0']
      SELECT "c"."VAI_TRO_ID"
      FROM "QL_VAI_TRO_NGUOI_DUNG" "c"
      WHERE "c"."NGUOI_DUNG_ID" = :nguoiDung_ID_0
info: Microsoft.EntityFrameworkCore.Database.Command[20101]
      Executed DbCommand (3ms) [Parameters=[:Ma_0='?' (Size = 2000)], CommandType='Text', CommandTimeout='0']
      SELECT "l"."GIA_TRI"
      FROM "QL_NHAN_HIEN_THI" "l"
      WHERE "l"."MA" = :Ma_0
      FETCH FIRST 1 ROWS ONLY
info: Microsoft.EntityFrameworkCore.Database.Command[20101]
      Executed DbCommand (3ms) [Parameters=[:nguoiDung_ID_0='?' (DbType = Decimal)], CommandType='Text', CommandTimeout='0']
      SELECT "c"."VAI_TRO_ID"
      FROM "QL_VAI_TRO_NGUOI_DUNG" "c"
      WHERE "c"."NGUOI_DUNG_ID" = :nguoiDung_ID_0
info: Microsoft.EntityFrameworkCore.Database.Command[20101]
      Executed DbCommand (3ms) [Parameters=[:Ma_0='?' (Size = 2000)], CommandType='Text', CommandTimeout='0']
      SELECT "l"."GIA_TRI"
      FROM "QL_NHAN_HIEN_THI" "l"
      WHERE "l"."MA" = :Ma_0
      FETCH FIRST 1 ROWS ONLY
info: Microsoft.EntityFrameworkCore.Database.Command[20101]
      Executed DbCommand (2ms) [Parameters=[:nguoiDung_ID_0='?' (DbType = Decimal)], CommandType='Text', CommandTimeout='0']
      SELECT "c"."VAI_TRO_ID"
      FROM "QL_VAI_TRO_NGUOI_DUNG" "c"
      WHERE "c"."NGUOI_DUNG_ID" = :nguoiDung_ID_0
info: Microsoft.EntityFrameworkCore.Database.Command[20101]
      Executed DbCommand (2ms) [Parameters=[:Ma_0='?' (Size = 2000)], CommandType='Text', CommandTimeout='0']
      SELECT "l"."GIA_TRI"
      FROM "QL_NHAN_HIEN_THI" "l"
      WHERE "l"."MA" = :Ma_0
      FETCH FIRST 1 ROWS ONLY
info: Microsoft.EntityFrameworkCore.Database.Command[20101]
      Executed DbCommand (2ms) [Parameters=[:nguoiDung_ID_0='?' (DbType = Decimal)], CommandType='Text', CommandTimeout='0']
      SELECT "c"."VAI_TRO_ID"
      FROM "QL_VAI_TRO_NGUOI_DUNG" "c"
      WHERE "c"."NGUOI_DUNG_ID" = :nguoiDung_ID_0
info: Microsoft.EntityFrameworkCore.Database.Command[20101]
      Executed DbCommand (2ms) [Parameters=[:Ma_0='?' (Size = 2000)], CommandType='Text', CommandTimeout='0']
      SELECT "l"."GIA_TRI"
      FROM "QL_NHAN_HIEN_THI" "l"
      WHERE "l"."MA" = :Ma_0
      FETCH FIRST 1 ROWS ONLY
info: Microsoft.EntityFrameworkCore.Database.Command[20101]
      Executed DbCommand (2ms) [Parameters=[:nguoiDung_ID_0='?' (DbType = Decimal)], CommandType='Text', CommandTimeout='0']
      SELECT "c"."VAI_TRO_ID"
      FROM "QL_VAI_TRO_NGUOI_DUNG" "c"
      WHERE "c"."NGUOI_DUNG_ID" = :nguoiDung_ID_0
info: Microsoft.EntityFrameworkCore.Database.Command[20101]
      Executed DbCommand (3ms) [Parameters=[:Ma_0='?' (Size = 2000)], CommandType='Text', CommandTimeout='0']
      SELECT "l"."GIA_TRI"
      FROM "QL_NHAN_HIEN_THI" "l"
      WHERE "l"."MA" = :Ma_0
      FETCH FIRST 1 ROWS ONLY
info: Microsoft.EntityFrameworkCore.Database.Command[20101]
      Executed DbCommand (2ms) [Parameters=[:nguoiDung_ID_0='?' (DbType = Decimal)], CommandType='Text', CommandTimeout='0']
      SELECT "c"."VAI_TRO_ID"
      FROM "QL_VAI_TRO_NGUOI_DUNG" "c"
      WHERE "c"."NGUOI_DUNG_ID" = :nguoiDung_ID_0
info: Microsoft.EntityFrameworkCore.Database.Command[20101]
      Executed DbCommand (3ms) [Parameters=[:Ma_0='?' (Size = 2000)], CommandType='Text', CommandTimeout='0']
      SELECT "l"."GIA_TRI"
      FROM "QL_NHAN_HIEN_THI" "l"
      WHERE "l"."MA" = :Ma_0
      FETCH FIRST 1 ROWS ONLY
info: Microsoft.EntityFrameworkCore.Database.Command[20101]
      Executed DbCommand (2ms) [Parameters=[:nguoiDung_ID_0='?' (DbType = Decimal)], CommandType='Text', CommandTimeout='0']
      SELECT "c"."VAI_TRO_ID"
      FROM "QL_VAI_TRO_NGUOI_DUNG" "c"
      WHERE "c"."NGUOI_DUNG_ID" = :nguoiDung_ID_0
info: Microsoft.EntityFrameworkCore.Database.Command[20101]
      Executed DbCommand (2ms) [Parameters=[:Ma_0='?' (Size = 2000)], CommandType='Text', CommandTimeout='0']
      SELECT "l"."GIA_TRI"
      FROM "QL_NHAN_HIEN_THI" "l"
      WHERE "l"."MA" = :Ma_0
      FETCH FIRST 1 ROWS ONLY
info: Microsoft.EntityFrameworkCore.Database.Command[20101]
      Executed DbCommand (2ms) [Parameters=[:nguoiDung_ID_0='?' (DbType = Decimal)], CommandType='Text', CommandTimeout='0']
      SELECT "c"."VAI_TRO_ID"
      FROM "QL_VAI_TRO_NGUOI_DUNG" "c"
      WHERE "c"."NGUOI_DUNG_ID" = :nguoiDung_ID_0
info: Microsoft.EntityFrameworkCore.Database.Command[20101]
      Executed DbCommand (2ms) [Parameters=[:Ma_0='?' (Size = 2000)], CommandType='Text', CommandTimeout='0']
      SELECT "l"."GIA_TRI"
      FROM "QL_NHAN_HIEN_THI" "l"
      WHERE "l"."MA" = :Ma_0
      FETCH FIRST 1 ROWS ONLY
info: Microsoft.EntityFrameworkCore.Database.Command[20101]
      Executed DbCommand (2ms) [Parameters=[:nguoiDung_ID_0='?' (DbType = Decimal)], CommandType='Text', CommandTimeout='0']
      SELECT "c"."VAI_TRO_ID"
      FROM "QL_VAI_TRO_NGUOI_DUNG" "c"
      WHERE "c"."NGUOI_DUNG_ID" = :nguoiDung_ID_0
info: Microsoft.EntityFrameworkCore.Database.Command[20101]
      Executed DbCommand (60ms) [Parameters=[:donViId_0='?' (DbType = Decimal)], CommandType='Text', CommandTimeout='0']
      SELECT COUNT(*)
      FROM "DM_DON_VI" "p"
      WHERE ((("p"."PARENT_ID" = :donViId_0) AND ("p"."LA_BAN_QL_DU_AN" = 1)) OR (("p"."ID" = :donViId_0) AND ("p"."LOAI_DON_VI_ID" = 15.0))) OR (("p"."ID" = :donViId_0) AND ("p"."LA_BAN_QL_DU_AN" = 1))
info: Microsoft.EntityFrameworkCore.Database.Command[20101]
      Executed DbCommand (3ms) [Parameters=[:Ma_0='?' (Size = 2000)], CommandType='Text', CommandTimeout='0']
      SELECT "l"."GIA_TRI"
      FROM "QL_NHAN_HIEN_THI" "l"
      WHERE "l"."MA" = :Ma_0
      FETCH FIRST 1 ROWS ONLY
info: Microsoft.EntityFrameworkCore.Database.Command[20101]
      Executed DbCommand (2ms) [Parameters=[:nguoiDung_ID_0='?' (DbType = Decimal)], CommandType='Text', CommandTimeout='0']
      SELECT "c"."VAI_TRO_ID"
      FROM "QL_VAI_TRO_NGUOI_DUNG" "c"
      WHERE "c"."NGUOI_DUNG_ID" = :nguoiDung_ID_0
info: Microsoft.EntityFrameworkCore.Database.Command[20101]
      Executed DbCommand (3ms) [Parameters=[:Ma_0='?' (Size = 2000)], CommandType='Text', CommandTimeout='0']
      SELECT "l"."GIA_TRI"
      FROM "QL_NHAN_HIEN_THI" "l"
      WHERE "l"."MA" = :Ma_0
      FETCH FIRST 1 ROWS ONLY
info: Microsoft.EntityFrameworkCore.Database.Command[20101]
      Executed DbCommand (3ms) [Parameters=[:nguoiDung_ID_0='?' (DbType = Decimal)], CommandType='Text', CommandTimeout='0']
      SELECT "c"."VAI_TRO_ID"
      FROM "QL_VAI_TRO_NGUOI_DUNG" "c"
      WHERE "c"."NGUOI_DUNG_ID" = :nguoiDung_ID_0
info: Microsoft.EntityFrameworkCore.Database.Command[20101]
      Executed DbCommand (3ms) [Parameters=[:Ma_0='?' (Size = 2000)], CommandType='Text', CommandTimeout='0']
      SELECT "l"."GIA_TRI"
      FROM "QL_NHAN_HIEN_THI" "l"
      WHERE "l"."MA" = :Ma_0
      FETCH FIRST 1 ROWS ONLY
info: Microsoft.EntityFrameworkCore.Database.Command[20101]
      Executed DbCommand (2ms) [Parameters=[:nguoiDung_ID_0='?' (DbType = Decimal)], CommandType='Text', CommandTimeout='0']
      SELECT "c"."VAI_TRO_ID"
      FROM "QL_VAI_TRO_NGUOI_DUNG" "c"
      WHERE "c"."NGUOI_DUNG_ID" = :nguoiDung_ID_0
info: Microsoft.EntityFrameworkCore.Database.Command[20101]
      Executed DbCommand (3ms) [Parameters=[:Ma_0='?' (Size = 2000)], CommandType='Text', CommandTimeout='0']
      SELECT "l"."GIA_TRI"
      FROM "QL_NHAN_HIEN_THI" "l"
      WHERE "l"."MA" = :Ma_0
      FETCH FIRST 1 ROWS ONLY
info: Microsoft.EntityFrameworkCore.Database.Command[20101]
      Executed DbCommand (3ms) [Parameters=[:nguoiDung_ID_0='?' (DbType = Decimal)], CommandType='Text', CommandTimeout='0']
      SELECT "c"."VAI_TRO_ID"
      FROM "QL_VAI_TRO_NGUOI_DUNG" "c"
      WHERE "c"."NGUOI_DUNG_ID" = :nguoiDung_ID_0
info: Microsoft.EntityFrameworkCore.Database.Command[20101]
      Executed DbCommand (3ms) [Parameters=[:Ma_0='?' (Size = 2000)], CommandType='Text', CommandTimeout='0']
      SELECT "l"."GIA_TRI"
      FROM "QL_NHAN_HIEN_THI" "l"
      WHERE "l"."MA" = :Ma_0
      FETCH FIRST 1 ROWS ONLY
info: Microsoft.EntityFrameworkCore.Database.Command[20101]
      Executed DbCommand (2ms) [Parameters=[:nguoiDung_ID_0='?' (DbType = Decimal)], CommandType='Text', CommandTimeout='0']
      SELECT "c"."VAI_TRO_ID"
      FROM "QL_VAI_TRO_NGUOI_DUNG" "c"
      WHERE "c"."NGUOI_DUNG_ID" = :nguoiDung_ID_0
info: Microsoft.EntityFrameworkCore.Database.Command[20101]
      Executed DbCommand (3ms) [Parameters=[:Ma_0='?' (Size = 2000)], CommandType='Text', CommandTimeout='0']
      SELECT "l"."GIA_TRI"
      FROM "QL_NHAN_HIEN_THI" "l"
      WHERE "l"."MA" = :Ma_0
      FETCH FIRST 1 ROWS ONLY
info: Microsoft.EntityFrameworkCore.Database.Command[20101]
      Executed DbCommand (3ms) [Parameters=[:nguoiDung_ID_0='?' (DbType = Decimal)], CommandType='Text', CommandTimeout='0']
      SELECT "c"."VAI_TRO_ID"
      FROM "QL_VAI_TRO_NGUOI_DUNG" "c"
      WHERE "c"."NGUOI_DUNG_ID" = :nguoiDung_ID_0
info: Microsoft.EntityFrameworkCore.Database.Command[20101]
      Executed DbCommand (4ms) [Parameters=[:Ma_0='?' (Size = 2000)], CommandType='Text', CommandTimeout='0']
      SELECT "l"."GIA_TRI"
      FROM "QL_NHAN_HIEN_THI" "l"
      WHERE "l"."MA" = :Ma_0
      FETCH FIRST 1 ROWS ONLY
info: Microsoft.EntityFrameworkCore.Database.Command[20101]
      Executed DbCommand (3ms) [Parameters=[:nguoiDung_ID_0='?' (DbType = Decimal)], CommandType='Text', CommandTimeout='0']
      SELECT "c"."VAI_TRO_ID"
      FROM "QL_VAI_TRO_NGUOI_DUNG" "c"
      WHERE "c"."NGUOI_DUNG_ID" = :nguoiDung_ID_0
info: Microsoft.EntityFrameworkCore.Database.Command[20101]
      Executed DbCommand (3ms) [Parameters=[:Ma_0='?' (Size = 2000)], CommandType='Text', CommandTimeout='0']
      SELECT "l"."GIA_TRI"
      FROM "QL_NHAN_HIEN_THI" "l"
      WHERE "l"."MA" = :Ma_0
      FETCH FIRST 1 ROWS ONLY
info: Microsoft.EntityFrameworkCore.Database.Command[20101]
      Executed DbCommand (3ms) [Parameters=[:nguoiDung_ID_0='?' (DbType = Decimal)], CommandType='Text', CommandTimeout='0']
      SELECT "c"."VAI_TRO_ID"
      FROM "QL_VAI_TRO_NGUOI_DUNG" "c"
      WHERE "c"."NGUOI_DUNG_ID" = :nguoiDung_ID_0
info: Microsoft.EntityFrameworkCore.Database.Command[20101]
      Executed DbCommand (3ms) [Parameters=[:Ma_0='?' (Size = 2000)], CommandType='Text', CommandTimeout='0']
      SELECT "l"."GIA_TRI"
      FROM "QL_NHAN_HIEN_THI" "l"
      WHERE "l"."MA" = :Ma_0
      FETCH FIRST 1 ROWS ONLY
info: Microsoft.EntityFrameworkCore.Database.Command[20101]
      Executed DbCommand (2ms) [Parameters=[:nguoiDung_ID_0='?' (DbType = Decimal)], CommandType='Text', CommandTimeout='0']
      SELECT "c"."VAI_TRO_ID"
      FROM "QL_VAI_TRO_NGUOI_DUNG" "c"
      WHERE "c"."NGUOI_DUNG_ID" = :nguoiDung_ID_0
info: Microsoft.EntityFrameworkCore.Database.Command[20101]
      Executed DbCommand (2ms) [Parameters=[:guid_0='?' (DbType = Binary)], CommandType='Text', CommandTimeout='0']
      SELECT "c"."ID", "c"."CURRENT_DON_VI_ID", "c"."DB_ID", "c"."EMAIL", "c"."GHI_CHU", "c"."GUID", "c"."IP_TRUY_CAP", "c"."IS_QUAN_TRI", "c"."MAT_KHAU", "c"."MAT_KHAU_KEY", "c"."MA_CAN_BO", "c"."MOBILE", "c"."NGAY_TAO", "c"."NGAY_TRUY_CAP", "c"."NGUOI_TAO", "c"."NGUON_ID", "c"."PASSWORD_HASH", "c"."TEN_DANG_NHAP", "c"."TEN_DAY_DU", "c"."TMP_MAT_KHAU", "c"."TRANG_THAI_ID", "c"."UNG_DUNG"
      FROM "QL_NGUOI_DUNG" "c"
      WHERE "c"."GUID" = :guid_0
      FETCH FIRST 1 ROWS ONLY
info: Microsoft.EntityFrameworkCore.Database.Command[20101]
      Executed DbCommand (2ms) [Parameters=[:nguoiDung_ID_0='?' (DbType = Int32)], CommandType='Text', CommandTimeout='0']
      SELECT "p"."ID", "p"."DATA_JSON", "p"."DB_QUEUE_PROCESS_ID", "p"."DON_VI_ID", "p"."FILE_TYPE", "p"."GUID", "p"."GUID_FILE", "p"."MA_BAO_CAO", "p"."MODEL_DATA_TYPE", "p"."NGAY_TAO", "p"."NGUOI_TAO_ID", "p"."REPORT_CLASS", "p"."RESPONSE", "p"."SEARCH_MODEL_CLASS", "p"."SEARCH_MODEL_JSON", "p"."STATEMENT", "p"."TIME_END_GET_DATA", "p"."TIME_START_GET_DATA", "p"."TRANG_THAI_ID", "p"."TYPE_QUEUE_PROCESS_ID"
      FROM "BC_QUEUE_PROCESS" "p"
      WHERE "p"."NGUOI_TAO_ID" = :nguoiDung_ID_0
      ORDER BY "p"."ID" DESC
      FETCH FIRST 1 ROWS ONLY
info: Microsoft.EntityFrameworkCore.Database.Command[20101]
      Executed DbCommand (3ms) [Parameters=[:Ma_0='?' (Size = 2000)], CommandType='Text', CommandTimeout='0']
      SELECT "l"."GIA_TRI"
      FROM "QL_NHAN_HIEN_THI" "l"
      WHERE "l"."MA" = :Ma_0
      FETCH FIRST 1 ROWS ONLY
info: Microsoft.EntityFrameworkCore.Database.Command[20101]
      Executed DbCommand (3ms) [Parameters=[:Ma_0='?' (Size = 2000)], CommandType='Text', CommandTimeout='0']
      SELECT "l"."GIA_TRI"
      FROM "QL_NHAN_HIEN_THI" "l"
      WHERE "l"."MA" = :Ma_0
      FETCH FIRST 1 ROWS ONLY
info: Microsoft.EntityFrameworkCore.Database.Command[20101]
      Executed DbCommand (3ms) [Parameters=[:Ma_0='?' (Size = 2000)], CommandType='Text', CommandTimeout='0']
      SELECT "l"."GIA_TRI"
      FROM "QL_NHAN_HIEN_THI" "l"
      WHERE "l"."MA" = :Ma_0
      FETCH FIRST 1 ROWS ONLY
info: Microsoft.EntityFrameworkCore.Database.Command[20101]
      Executed DbCommand (3ms) [Parameters=[:Ma_0='?' (Size = 2000)], CommandType='Text', CommandTimeout='0']
      SELECT "l"."GIA_TRI"
      FROM "QL_NHAN_HIEN_THI" "l"
      WHERE "l"."MA" = :Ma_0
      FETCH FIRST 1 ROWS ONLY
info: Microsoft.AspNetCore.Mvc.ViewFeatures.ViewResultExecutor[4]
      Executed ViewResult - view ChonLoaiTaiSan executed in 5066.9117ms.
info: Microsoft.AspNetCore.Mvc.Internal.ControllerActionInvoker[2]
      Executed action GS.Web.Controllers.TaiSanController.ChonLoaiTaiSan (GS.Web) in 5368.7171ms
info: Microsoft.AspNetCore.Hosting.Internal.WebHost[2]
      Request finished in 5410.2175ms 200 text/html; charset=utf-8
info: Microsoft.AspNetCore.Hosting.Internal.WebHost[1]
      Request starting HTTP/1.1 GET http://localhost:62432/Home/GetTLHD  
info: Microsoft.AspNetCore.Mvc.Internal.ControllerActionInvoker[1]
      Route matched with {action = "GetTLHD", controller = "Home"}. Executing action GS.Web.Controllers.HomeController.GetTLHD (GS.Web)
info: Microsoft.AspNetCore.Mvc.Internal.ControllerActionInvoker[1]
      Executing action method GS.Web.Controllers.HomeController.GetTLHD (GS.Web) - Validation state: Valid
info: Microsoft.EntityFrameworkCore.Infrastructure[10403]
      Entity Framework Core 2.2.6-servicing-10079 initialized 'GSObjectContext' using provider 'Oracle.EntityFrameworkCore' with options: using lazy-loading proxies 
info: Microsoft.EntityFrameworkCore.Database.Command[20101]
      Executed DbCommand (8ms) [Parameters=[:get_Item_0='?' (DbType = Decimal)], CommandType='Text', CommandTimeout='0']
      SELECT "e"."ID", "e"."DON_VI_ID", "e"."GIA_TRI", "e"."TEN"
      FROM "QL_CAU_HINH" "e"
      WHERE "e"."ID" = :get_Item_0
      FETCH FIRST 1 ROWS ONLY
info: Microsoft.AspNetCore.Mvc.Internal.ControllerActionInvoker[2]
      Executed action method GS.Web.Controllers.HomeController.GetTLHD (GS.Web), returned result Microsoft.AspNetCore.Mvc.JsonResult in 25.7142ms.
info: Microsoft.AspNetCore.Mvc.Formatters.Json.Internal.JsonResultExecutor[1]
      Executing JsonResult, writing value of type 'System.String'.
info: Microsoft.AspNetCore.Mvc.Internal.ControllerActionInvoker[2]
      Executed action GS.Web.Controllers.HomeController.GetTLHD (GS.Web) in 35.847ms
info: Microsoft.AspNetCore.Hosting.Internal.WebHost[2]
      Request finished in 48.846ms 200 application/json; charset=utf-8










































































































































































































































































































































































































































