info: Microsoft.EntityFrameworkCore.Infrastructure[10403]
      Entity Framework Core 2.2.6-servicing-10079 initialized 'GSObjectContext' using provider 'Oracle.EntityFrameworkCore' with options: using lazy-loading proxies 
info: Microsoft.EntityFrameworkCore.Database.Command[20101]
      Executed DbCommand (150ms) [Parameters=[:p0='?' (DbType = Int32), :p1='?' (Size = 4000) (DbType = Object), :p2='?' (DbType = Binary), :p3='?' (Size = 2000), :p4='?' (Size = 2000), :p5='?' (DbType = DateTime), :p6='?' (Size = 2000), :p7='?' (Size = 2000), :p8='?' (Size = 2000), :p9='?' (Size = 2000), :p10='?' (Size = 2000), :p11='?' (Size = 2000), cur1='?' (Direction = Output) (DbType = Object)], CommandType='Text', CommandTimeout='0']
      DECLARE
      TYPE "rQL_NHAT_KY_0" IS RECORD
      (
      "ID" DECIMAL(18, 2)
      );
      TYPE "tQL_NHAT_KY_0" IS TABLE OF "rQL_NHAT_KY_0";
      "lQL_NHAT_KY_0" "tQL_NHAT_KY_0";
      v_RowCount INTEGER;
      BEGIN
      
      "lQL_NHAT_KY_0" := "tQL_NHAT_KY_0"();
      "lQL_NHAT_KY_0".extend(1);
      INSERT INTO "QL_NHAT_KY" ("CAP_DO_ID", "DU_LIEU", "GUID", "IP_ADDRESS", "MO_TA", "NGAY_TAO", "NOI_DUNG", "PAGE_URL", "PHAN_LOAI", "TEN_DANG_NHAP", "TEN_DAY_DU", "UNG_DUNG")
      VALUES (:p0, :p1, :p2, :p3, :p4, :p5, :p6, :p7, :p8, :p9, :p10, :p11)
      RETURNING "ID" INTO "lQL_NHAT_KY_0"(1)."ID";
      OPEN :cur1 FOR SELECT "lQL_NHAT_KY_0"(1)."ID" FROM DUAL;
      END;
info: Microsoft.EntityFrameworkCore.Database.Command[20101]
      Executed DbCommand (5ms) [Parameters=[], CommandType='Text', CommandTimeout='0']
      SELECT "s"."ID", "s"."DON_VI_ID", "s"."GIA_TRI", "s"."TEN"
      FROM "QL_CAU_HINH" "s"
      ORDER BY "s"."TEN"
Hosting environment: Development
Content root path: D:\work\Gsolution\QLTS_2025\BackEnd\Presentation\GS.Web
Now listening on: http://127.0.0.1:46393
Application started. Press Ctrl+C to shut down.
info: Microsoft.AspNetCore.Hosting.Internal.WebHost[1]
      Request starting HTTP/1.1 GET http://localhost:62432/  
info: Microsoft.AspNetCore.Hosting.Internal.WebHost[1]
      Request starting HTTP/1.1 DEBUG http://localhost:62432/  0
info: Microsoft.AspNetCore.Hosting.Internal.WebHost[2]
      Request finished in 155.7181ms 200 
info: Microsoft.AspNetCore.Mvc.Internal.ControllerActionInvoker[1]
      Route matched with {action = "IndexSSO", controller = "Home"}. Executing action GS.Web.Controllers.HomeController.IndexSSO (GS.Web)
info: Microsoft.AspNetCore.Mvc.Internal.ControllerActionInvoker[1]
      Executing action method GS.Web.Controllers.HomeController.IndexSSO (GS.Web) with arguments () - Validation state: Valid
info: Microsoft.AspNetCore.Mvc.Internal.ControllerActionInvoker[2]
      Executed action method GS.Web.Controllers.HomeController.IndexSSO (GS.Web), returned result Microsoft.AspNetCore.Mvc.RedirectToActionResult in 4.7742ms.
info: Microsoft.AspNetCore.Mvc.RedirectToActionResult[1]
      Executing RedirectResult, redirecting to /Home/Index.
info: Microsoft.AspNetCore.Mvc.Internal.ControllerActionInvoker[2]
      Executed action GS.Web.Controllers.HomeController.IndexSSO (GS.Web) in 286.8578ms
info: Microsoft.AspNetCore.Hosting.Internal.WebHost[2]
      Request finished in 1523.2632ms 302 
info: Microsoft.AspNetCore.Hosting.Internal.WebHost[1]
      Request starting HTTP/1.1 GET http://localhost:62432/Home/Index  
info: Microsoft.AspNetCore.Mvc.Internal.ControllerActionInvoker[1]
      Route matched with {action = "Index", controller = "Home"}. Executing action GS.Web.Controllers.HomeController.Index (GS.Web)
info: Microsoft.AspNetCore.Mvc.Internal.ControllerActionInvoker[1]
      Executing action method GS.Web.Controllers.HomeController.Index (GS.Web) with arguments () - Validation state: Valid
info: Microsoft.AspNetCore.Mvc.Internal.ControllerActionInvoker[2]
      Executed action method GS.Web.Controllers.HomeController.Index (GS.Web), returned result Microsoft.AspNetCore.Mvc.ViewResult in 4.5214ms.
info: Microsoft.AspNetCore.Mvc.ViewFeatures.ViewResultExecutor[1]
      Executing ViewResult, running view Index.
info: Microsoft.AspNetCore.Mvc.ViewFeatures.ViewResultExecutor[4]
      Executed ViewResult - view Index executed in 8125.0278ms.
info: Microsoft.AspNetCore.Mvc.Internal.ControllerActionInvoker[2]
      Executed action GS.Web.Controllers.HomeController.Index (GS.Web) in 8166.3209ms
info: Microsoft.AspNetCore.Hosting.Internal.WebHost[2]
      Request finished in 8219.9366ms 200 text/html; charset=utf-8
info: Microsoft.AspNetCore.Hosting.Internal.WebHost[1]
      Request starting HTTP/1.1 POST http://localhost:62432/Home/Index application/x-www-form-urlencoded 225
info: Microsoft.AspNetCore.Mvc.Internal.ControllerActionInvoker[1]
      Route matched with {action = "Index", controller = "Home"}. Executing action GS.Web.Controllers.HomeController.Index (GS.Web)
info: Microsoft.EntityFrameworkCore.Infrastructure[10403]
      Entity Framework Core 2.2.6-servicing-10079 initialized 'GSObjectContext' using provider 'Oracle.EntityFrameworkCore' with options: using lazy-loading proxies 
info: Microsoft.EntityFrameworkCore.Database.Command[20101]
      Executed DbCommand (17ms) [Parameters=[:Ma_0='?' (Size = 2000)], CommandType='Text', CommandTimeout='0']
      SELECT "l"."GIA_TRI"
      FROM "QL_NHAN_HIEN_THI" "l"
      WHERE "l"."MA" = :Ma_0
      FETCH FIRST 1 ROWS ONLY
info: Microsoft.EntityFrameworkCore.Database.Command[20101]
      Executed DbCommand (3ms) [Parameters=[:Ma_0='?' (Size = 2000)], CommandType='Text', CommandTimeout='0']
      SELECT "l"."GIA_TRI"
      FROM "QL_NHAN_HIEN_THI" "l"
      WHERE "l"."MA" = :Ma_0
      FETCH FIRST 1 ROWS ONLY
info: Microsoft.AspNetCore.Mvc.Internal.ControllerActionInvoker[1]
      Executing action method GS.Web.Controllers.HomeController.Index (GS.Web) with arguments (GS.Web.Models.Common.LoginModel, , False) - Validation state: Valid
info: Microsoft.EntityFrameworkCore.Database.Command[20101]
      Executed DbCommand (10ms) [Parameters=[:username_0='?' (Size = 2000)], CommandType='Text', CommandTimeout='0']
      SELECT "c"."ID", "c"."CURRENT_DON_VI_ID", "c"."DB_ID", "c"."EMAIL", "c"."GHI_CHU", "c"."GUID", "c"."IP_TRUY_CAP", "c"."IS_QUAN_TRI", "c"."MAT_KHAU", "c"."MAT_KHAU_KEY", "c"."MA_CAN_BO", "c"."MOBILE", "c"."NGAY_TAO", "c"."NGAY_TRUY_CAP", "c"."NGUOI_TAO", "c"."NGUON_ID", "c"."PASSWORD_HASH", "c"."TEN_DANG_NHAP", "c"."TEN_DAY_DU", "c"."TMP_MAT_KHAU", "c"."TRANG_THAI_ID", "c"."UNG_DUNG"
      FROM "QL_NGUOI_DUNG" "c"
      WHERE "c"."TEN_DANG_NHAP" = :username_0
      ORDER BY "c"."ID"
info: Microsoft.EntityFrameworkCore.Database.Command[20101]
      Executed DbCommand (6ms) [Parameters=[:username_0='?' (Size = 2000)], CommandType='Text', CommandTimeout='0']
      SELECT "c"."ID", "c"."CURRENT_DON_VI_ID", "c"."DB_ID", "c"."EMAIL", "c"."GHI_CHU", "c"."GUID", "c"."IP_TRUY_CAP", "c"."IS_QUAN_TRI", "c"."MAT_KHAU", "c"."MAT_KHAU_KEY", "c"."MA_CAN_BO", "c"."MOBILE", "c"."NGAY_TAO", "c"."NGAY_TRUY_CAP", "c"."NGUOI_TAO", "c"."NGUON_ID", "c"."PASSWORD_HASH", "c"."TEN_DANG_NHAP", "c"."TEN_DAY_DU", "c"."TMP_MAT_KHAU", "c"."TRANG_THAI_ID", "c"."UNG_DUNG"
      FROM "QL_NGUOI_DUNG" "c"
      WHERE "c"."TEN_DANG_NHAP" = :username_0
      ORDER BY "c"."ID"
info: Microsoft.EntityFrameworkCore.Database.Command[20101]
      Executed DbCommand (6ms) [Parameters=[:guid_0='?' (DbType = Binary)], CommandType='Text', CommandTimeout='0']
      SELECT "c"."ID", "c"."CURRENT_DON_VI_ID", "c"."DB_ID", "c"."EMAIL", "c"."GHI_CHU", "c"."GUID", "c"."IP_TRUY_CAP", "c"."IS_QUAN_TRI", "c"."MAT_KHAU", "c"."MAT_KHAU_KEY", "c"."MA_CAN_BO", "c"."MOBILE", "c"."NGAY_TAO", "c"."NGAY_TRUY_CAP", "c"."NGUOI_TAO", "c"."NGUON_ID", "c"."PASSWORD_HASH", "c"."TEN_DANG_NHAP", "c"."TEN_DAY_DU", "c"."TMP_MAT_KHAU", "c"."TRANG_THAI_ID", "c"."UNG_DUNG"
      FROM "QL_NGUOI_DUNG" "c"
      WHERE "c"."GUID" = :guid_0
      FETCH FIRST 1 ROWS ONLY
info: Microsoft.EntityFrameworkCore.Database.Command[20101]
      Executed DbCommand (8ms) [Parameters=[:get_Item_0='?' (DbType = Decimal)], CommandType='Text', CommandTimeout='0']
      SELECT "e"."ID", "e"."CAP_DON_VI_ID", "e"."CHE_DO_HACH_TOAN_ID", "e"."CO_TAI_SAN", "e"."CQTC_MA", "e"."DA_CO_QUYET_DINH_GIAO_VON", "e"."DB_ID", "e"."DIA_BAN_ID", "e"."DIA_CHI", "e"."DIEN_THOAI", "e"."DON_VI_HIEN_THI", "e"."FAX", "e"."HUYEN_ID", "e"."IS_TSQUAN_LY_CHU_KY_SO", "e"."IS_TSQUAN_LY_NHU_TSCD", "e"."IS_XAC_NHAN_DU_LIEU", "e"."KHONG_CHUYEN_MA", "e"."LA_BAN_QL_DU_AN", "e"."LA_DON_VI_NHAP_LIEU", "e"."LA_DON_VI_TU_CHU_TAI_CHINH", "e"."LIST_FILE_XAC_NHAN", "e"."LOAI_CAP_DON_VI_ID", "e"."LOAI_DON_VI_ID", "e"."MA", "e"."MA_BO", "e"."MA_CHUONG", "e"."MA_DIA_BAN", "e"."MA_DVQHNS", "e"."MA_HUYEN", "e"."MA_TINH", "e"."NGAY_CAP_NHAT", "e"."NGAY_QUYET_DINH", "e"."NGAY_QUYET_DINH_GIAO_VON", "e"."NGAY_TAO", "e"."NGAY_XAC_NHAN", "e"."NGUOI_CAP_NHAT_ID", "e"."NGUOI_TAO_ID", "e"."NHOM_DON_VI_ID", "e"."OLD_CAP_DON_VI_ID", "e"."PARENT_ID", "e"."SO_QUYET_DINH", "e"."SO_QUYET_DINH_GIAO_VON", "e"."TEN", "e"."TINH_ID", "e"."TRANG_THAI_DONG_BO_ID", "e"."TRANG_THAI_ID", "e"."TRANG_THAI_THAY_DOI_ID", "e"."TREE_LEVEL", "e"."TREE_NODE", "e"."XA_ID"
      FROM "DM_DON_VI" "e"
      WHERE "e"."ID" = :get_Item_0
      FETCH FIRST 1 ROWS ONLY
info: Microsoft.EntityFrameworkCore.Database.Command[20101]
      Executed DbCommand (33ms) [Parameters=[:TREE_NODE_LON_NHAT_0='?' (Size = 2000)], CommandType='Text', CommandTimeout='0']
      SELECT "p"."ID", "p"."CAP_DON_VI_ID", "p"."CHE_DO_HACH_TOAN_ID", "p"."CO_TAI_SAN", "p"."CQTC_MA", "p"."DA_CO_QUYET_DINH_GIAO_VON", "p"."DB_ID", "p"."DIA_BAN_ID", "p"."DIA_CHI", "p"."DIEN_THOAI", "p"."DON_VI_HIEN_THI", "p"."FAX", "p"."HUYEN_ID", "p"."IS_TSQUAN_LY_CHU_KY_SO", "p"."IS_TSQUAN_LY_NHU_TSCD", "p"."IS_XAC_NHAN_DU_LIEU", "p"."KHONG_CHUYEN_MA", "p"."LA_BAN_QL_DU_AN", "p"."LA_DON_VI_NHAP_LIEU", "p"."LA_DON_VI_TU_CHU_TAI_CHINH", "p"."LIST_FILE_XAC_NHAN", "p"."LOAI_CAP_DON_VI_ID", "p"."LOAI_DON_VI_ID", "p"."MA", "p"."MA_BO", "p"."MA_CHUONG", "p"."MA_DIA_BAN", "p"."MA_DVQHNS", "p"."MA_HUYEN", "p"."MA_TINH", "p"."NGAY_CAP_NHAT", "p"."NGAY_QUYET_DINH", "p"."NGAY_QUYET_DINH_GIAO_VON", "p"."NGAY_TAO", "p"."NGAY_XAC_NHAN", "p"."NGUOI_CAP_NHAT_ID", "p"."NGUOI_TAO_ID", "p"."NHOM_DON_VI_ID", "p"."OLD_CAP_DON_VI_ID", "p"."PARENT_ID", "p"."SO_QUYET_DINH", "p"."SO_QUYET_DINH_GIAO_VON", "p"."TEN", "p"."TINH_ID", "p"."TRANG_THAI_DONG_BO_ID", "p"."TRANG_THAI_ID", "p"."TRANG_THAI_THAY_DOI_ID", "p"."TREE_LEVEL", "p"."TREE_NODE", "p"."XA_ID"
      FROM "DM_DON_VI" "p"
      WHERE ("p"."TREE_NODE" = :TREE_NODE_LON_NHAT_0) AND (("p"."TRANG_THAI_ID" <> 0) OR "p"."TRANG_THAI_ID" IS NULL)
      FETCH FIRST 1 ROWS ONLY
info: Microsoft.AspNetCore.Authentication.Cookies.CookieAuthenticationHandler[10]
      AuthenticationScheme: Authentication signed in.
info: Microsoft.EntityFrameworkCore.Database.Command[20101]
      Executed DbCommand (3ms) [Parameters=[], CommandType='Text', CommandTimeout='0']
      SELECT "alt"."ID", "alt"."TEN", "alt"."TINH_KHA_DUNG", "alt"."TU_KHOA_HE_THONG"
      FROM "QL_LOAI_HOAT_DONG" "alt"
      ORDER BY "alt"."TEN"
info: Microsoft.EntityFrameworkCore.Database.Command[20101]
      Executed DbCommand (6ms) [Parameters=[:p0='?' (Size = 2000), :p1='?' (DbType = Decimal), :p2='?' (Size = 4000), :p3='?' (Size = 2000), :p4='?' (DbType = Decimal), :p5='?' (Size = 2000), :p6='?' (DbType = DateTime), :p7='?' (DbType = Decimal), :p8='?' (Size = 2000), :p9='?' (Size = 2000), cur1='?' (Direction = Output) (DbType = Object)], CommandType='Text', CommandTimeout='0']
      DECLARE
      TYPE "rQL_HOAT_DONG_0" IS RECORD
      (
      "ID" DECIMAL(18, 2)
      );
      TYPE "tQL_HOAT_DONG_0" IS TABLE OF "rQL_HOAT_DONG_0";
      "lQL_HOAT_DONG_0" "tQL_HOAT_DONG_0";
      v_RowCount INTEGER;
      BEGIN
      
      "lQL_HOAT_DONG_0" := "tQL_HOAT_DONG_0"();
      "lQL_HOAT_DONG_0".extend(1);
      INSERT INTO "QL_HOAT_DONG" ("CONNECTION", "DOI_TUONG_ID", "DU_LIEU", "IP_TRUY_CAP", "LOAI_HOAT_DONG_ID", "MO_TA", "NGAY_TAO", "NGUOI_DUNG_ID", "SESSION_ID", "TEN_DOI_TUONG")
      VALUES (:p0, :p1, :p2, :p3, :p4, :p5, :p6, :p7, :p8, :p9)
      RETURNING "ID" INTO "lQL_HOAT_DONG_0"(1)."ID";
      OPEN :cur1 FOR SELECT "lQL_HOAT_DONG_0"(1)."ID" FROM DUAL;
      END;
info: Microsoft.AspNetCore.Mvc.Internal.ControllerActionInvoker[2]
      Executed action method GS.Web.Controllers.HomeController.Index (GS.Web), returned result Microsoft.AspNetCore.Mvc.RedirectResult in 675.1197ms.
info: Microsoft.AspNetCore.Mvc.Infrastructure.RedirectResultExecutor[1]
      Executing RedirectResult, redirecting to /AppWork/Index.
info: Microsoft.AspNetCore.Mvc.Internal.ControllerActionInvoker[2]
      Executed action GS.Web.Controllers.HomeController.Index (GS.Web) in 997.3078ms
info: Microsoft.AspNetCore.Session.DistributedSession[3]
      Session started; Key:dbfdaecb-f408-461a-fdd3-ac951a5ec55f, Id:1193bb8f-7879-8dc8-636e-7376b7433982
info: Microsoft.AspNetCore.Hosting.Internal.WebHost[2]
      Request finished in 1044.6282ms 302 
info: Microsoft.AspNetCore.Hosting.Internal.WebHost[1]
      Request starting HTTP/1.1 GET http://localhost:62432/AppWork/Index  
info: Microsoft.AspNetCore.Mvc.Internal.ControllerActionInvoker[1]
      Route matched with {action = "Index", controller = "AppWork"}. Executing action GS.Web.Controllers.AppWorkController.Index (GS.Web)
info: Microsoft.AspNetCore.Mvc.Internal.ControllerActionInvoker[1]
      Executing action method GS.Web.Controllers.AppWorkController.Index (GS.Web) - Validation state: Valid
info: Microsoft.AspNetCore.Mvc.Internal.ControllerActionInvoker[2]
      Executed action method GS.Web.Controllers.AppWorkController.Index (GS.Web), returned result Microsoft.AspNetCore.Mvc.ViewResult in 0.1413ms.
info: Microsoft.AspNetCore.Mvc.ViewFeatures.ViewResultExecutor[1]
      Executing ViewResult, running view Index.
info: Microsoft.EntityFrameworkCore.Infrastructure[10403]
      Entity Framework Core 2.2.6-servicing-10079 initialized 'GSObjectContext' using provider 'Oracle.EntityFrameworkCore' with options: using lazy-loading proxies 
info: Microsoft.EntityFrameworkCore.Database.Command[20101]
      Executed DbCommand (4ms) [Parameters=[:Ma_0='?' (Size = 2000)], CommandType='Text', CommandTimeout='0']
      SELECT "l"."GIA_TRI"
      FROM "QL_NHAN_HIEN_THI" "l"
      WHERE "l"."MA" = :Ma_0
      FETCH FIRST 1 ROWS ONLY
info: Microsoft.EntityFrameworkCore.Database.Command[20101]
      Executed DbCommand (6ms) [Parameters=[:nguoiDung_ID_0='?' (DbType = Decimal)], CommandType='Text', CommandTimeout='0']
      SELECT "c"."VAI_TRO_ID"
      FROM "QL_VAI_TRO_NGUOI_DUNG" "c"
      WHERE "c"."NGUOI_DUNG_ID" = :nguoiDung_ID_0
info: Microsoft.EntityFrameworkCore.Database.Command[20101]
      Executed DbCommand (8ms) [Parameters=[:vaiTro_0='?' (DbType = Decimal)], CommandType='Text', CommandTimeout='0']
      SELECT "q"."ID", "q"."MA", "q"."PHAN_HE", "q"."TEN"
      FROM "QL_QUYEN" "q"
      INNER JOIN "QL_QUYEN_VAI_TRO" "qvt" ON "q"."ID" = "qvt"."QUYEN_ID"
      WHERE "qvt"."VAI_TRO_ID" = :vaiTro_0
      ORDER BY "q"."ID"
info: Microsoft.EntityFrameworkCore.Database.Command[20101]
      Executed DbCommand (3ms) [Parameters=[:Ma_0='?' (Size = 2000)], CommandType='Text', CommandTimeout='0']
      SELECT "l"."GIA_TRI"
      FROM "QL_NHAN_HIEN_THI" "l"
      WHERE "l"."MA" = :Ma_0
      FETCH FIRST 1 ROWS ONLY
info: Microsoft.EntityFrameworkCore.Database.Command[20101]
      Executed DbCommand (3ms) [Parameters=[:nguoiDung_ID_0='?' (DbType = Decimal)], CommandType='Text', CommandTimeout='0']
      SELECT "c"."VAI_TRO_ID"
      FROM "QL_VAI_TRO_NGUOI_DUNG" "c"
      WHERE "c"."NGUOI_DUNG_ID" = :nguoiDung_ID_0
info: Microsoft.EntityFrameworkCore.Database.Command[20101]
      Executed DbCommand (2ms) [Parameters=[:Ma_0='?' (Size = 2000)], CommandType='Text', CommandTimeout='0']
      SELECT "l"."GIA_TRI"
      FROM "QL_NHAN_HIEN_THI" "l"
      WHERE "l"."MA" = :Ma_0
      FETCH FIRST 1 ROWS ONLY
info: Microsoft.EntityFrameworkCore.Database.Command[20101]
      Executed DbCommand (3ms) [Parameters=[:nguoiDung_ID_0='?' (DbType = Decimal)], CommandType='Text', CommandTimeout='0']
      SELECT "c"."VAI_TRO_ID"
      FROM "QL_VAI_TRO_NGUOI_DUNG" "c"
      WHERE "c"."NGUOI_DUNG_ID" = :nguoiDung_ID_0
info: Microsoft.EntityFrameworkCore.Database.Command[20101]
      Executed DbCommand (2ms) [Parameters=[:Ma_0='?' (Size = 2000)], CommandType='Text', CommandTimeout='0']
      SELECT "l"."GIA_TRI"
      FROM "QL_NHAN_HIEN_THI" "l"
      WHERE "l"."MA" = :Ma_0
      FETCH FIRST 1 ROWS ONLY
info: Microsoft.EntityFrameworkCore.Database.Command[20101]
      Executed DbCommand (3ms) [Parameters=[:nguoiDung_ID_0='?' (DbType = Decimal)], CommandType='Text', CommandTimeout='0']
      SELECT "c"."VAI_TRO_ID"
      FROM "QL_VAI_TRO_NGUOI_DUNG" "c"
      WHERE "c"."NGUOI_DUNG_ID" = :nguoiDung_ID_0
info: Microsoft.EntityFrameworkCore.Database.Command[20101]
      Executed DbCommand (2ms) [Parameters=[:Ma_0='?' (Size = 2000)], CommandType='Text', CommandTimeout='0']
      SELECT "l"."GIA_TRI"
      FROM "QL_NHAN_HIEN_THI" "l"
      WHERE "l"."MA" = :Ma_0
      FETCH FIRST 1 ROWS ONLY
info: Microsoft.EntityFrameworkCore.Database.Command[20101]
      Executed DbCommand (2ms) [Parameters=[:nguoiDung_ID_0='?' (DbType = Decimal)], CommandType='Text', CommandTimeout='0']
      SELECT "c"."VAI_TRO_ID"
      FROM "QL_VAI_TRO_NGUOI_DUNG" "c"
      WHERE "c"."NGUOI_DUNG_ID" = :nguoiDung_ID_0
info: Microsoft.EntityFrameworkCore.Database.Command[20101]
      Executed DbCommand (3ms) [Parameters=[:Ma_0='?' (Size = 2000)], CommandType='Text', CommandTimeout='0']
      SELECT "l"."GIA_TRI"
      FROM "QL_NHAN_HIEN_THI" "l"
      WHERE "l"."MA" = :Ma_0
      FETCH FIRST 1 ROWS ONLY
info: Microsoft.EntityFrameworkCore.Database.Command[20101]
      Executed DbCommand (3ms) [Parameters=[:nguoiDung_ID_0='?' (DbType = Decimal)], CommandType='Text', CommandTimeout='0']
      SELECT "c"."VAI_TRO_ID"
      FROM "QL_VAI_TRO_NGUOI_DUNG" "c"
      WHERE "c"."NGUOI_DUNG_ID" = :nguoiDung_ID_0
info: Microsoft.EntityFrameworkCore.Database.Command[20101]
      Executed DbCommand (3ms) [Parameters=[:Ma_0='?' (Size = 2000)], CommandType='Text', CommandTimeout='0']
      SELECT "l"."GIA_TRI"
      FROM "QL_NHAN_HIEN_THI" "l"
      WHERE "l"."MA" = :Ma_0
      FETCH FIRST 1 ROWS ONLY
info: Microsoft.EntityFrameworkCore.Database.Command[20101]
      Executed DbCommand (2ms) [Parameters=[:nguoiDung_ID_0='?' (DbType = Decimal)], CommandType='Text', CommandTimeout='0']
      SELECT "c"."VAI_TRO_ID"
      FROM "QL_VAI_TRO_NGUOI_DUNG" "c"
      WHERE "c"."NGUOI_DUNG_ID" = :nguoiDung_ID_0
info: Microsoft.EntityFrameworkCore.Database.Command[20101]
      Executed DbCommand (4ms) [Parameters=[:Ma_0='?' (Size = 2000)], CommandType='Text', CommandTimeout='0']
      SELECT "l"."GIA_TRI"
      FROM "QL_NHAN_HIEN_THI" "l"
      WHERE "l"."MA" = :Ma_0
      FETCH FIRST 1 ROWS ONLY
info: Microsoft.EntityFrameworkCore.Database.Command[20101]
      Executed DbCommand (3ms) [Parameters=[:nguoiDung_ID_0='?' (DbType = Decimal)], CommandType='Text', CommandTimeout='0']
      SELECT "c"."VAI_TRO_ID"
      FROM "QL_VAI_TRO_NGUOI_DUNG" "c"
      WHERE "c"."NGUOI_DUNG_ID" = :nguoiDung_ID_0
info: Microsoft.EntityFrameworkCore.Database.Command[20101]
      Executed DbCommand (3ms) [Parameters=[:Ma_0='?' (Size = 2000)], CommandType='Text', CommandTimeout='0']
      SELECT "l"."GIA_TRI"
      FROM "QL_NHAN_HIEN_THI" "l"
      WHERE "l"."MA" = :Ma_0
      FETCH FIRST 1 ROWS ONLY
info: Microsoft.EntityFrameworkCore.Database.Command[20101]
      Executed DbCommand (2ms) [Parameters=[:nguoiDung_ID_0='?' (DbType = Decimal)], CommandType='Text', CommandTimeout='0']
      SELECT "c"."VAI_TRO_ID"
      FROM "QL_VAI_TRO_NGUOI_DUNG" "c"
      WHERE "c"."NGUOI_DUNG_ID" = :nguoiDung_ID_0
info: Microsoft.EntityFrameworkCore.Database.Command[20101]
      Executed DbCommand (2ms) [Parameters=[:Ma_0='?' (Size = 2000)], CommandType='Text', CommandTimeout='0']
      SELECT "l"."GIA_TRI"
      FROM "QL_NHAN_HIEN_THI" "l"
      WHERE "l"."MA" = :Ma_0
      FETCH FIRST 1 ROWS ONLY
info: Microsoft.EntityFrameworkCore.Database.Command[20101]
      Executed DbCommand (3ms) [Parameters=[:nguoiDung_ID_0='?' (DbType = Decimal)], CommandType='Text', CommandTimeout='0']
      SELECT "c"."VAI_TRO_ID"
      FROM "QL_VAI_TRO_NGUOI_DUNG" "c"
      WHERE "c"."NGUOI_DUNG_ID" = :nguoiDung_ID_0
info: Microsoft.EntityFrameworkCore.Database.Command[20101]
      Executed DbCommand (4ms) [Parameters=[:vaiTro_0='?' (DbType = Decimal)], CommandType='Text', CommandTimeout='0']
      SELECT "q"."ID", "q"."MA", "q"."PHAN_HE", "q"."TEN"
      FROM "QL_QUYEN" "q"
      INNER JOIN "QL_QUYEN_VAI_TRO" "qvt" ON "q"."ID" = "qvt"."QUYEN_ID"
      WHERE "qvt"."VAI_TRO_ID" = :vaiTro_0
      ORDER BY "q"."ID"
info: Microsoft.EntityFrameworkCore.Database.Command[20101]
      Executed DbCommand (4ms) [Parameters=[:vaiTro_0='?' (DbType = Decimal)], CommandType='Text', CommandTimeout='0']
      SELECT "q"."ID", "q"."MA", "q"."PHAN_HE", "q"."TEN"
      FROM "QL_QUYEN" "q"
      INNER JOIN "QL_QUYEN_VAI_TRO" "qvt" ON "q"."ID" = "qvt"."QUYEN_ID"
      WHERE "qvt"."VAI_TRO_ID" = :vaiTro_0
      ORDER BY "q"."ID"
info: Microsoft.EntityFrameworkCore.Database.Command[20101]
      Executed DbCommand (2ms) [Parameters=[:Ma_0='?' (Size = 2000)], CommandType='Text', CommandTimeout='0']
      SELECT "l"."GIA_TRI"
      FROM "QL_NHAN_HIEN_THI" "l"
      WHERE "l"."MA" = :Ma_0
      FETCH FIRST 1 ROWS ONLY
info: Microsoft.EntityFrameworkCore.Database.Command[20101]
      Executed DbCommand (2ms) [Parameters=[:nguoiDung_ID_0='?' (DbType = Decimal)], CommandType='Text', CommandTimeout='0']
      SELECT "c"."VAI_TRO_ID"
      FROM "QL_VAI_TRO_NGUOI_DUNG" "c"
      WHERE "c"."NGUOI_DUNG_ID" = :nguoiDung_ID_0
info: Microsoft.EntityFrameworkCore.Database.Command[20101]
      Executed DbCommand (3ms) [Parameters=[:Ma_0='?' (Size = 2000)], CommandType='Text', CommandTimeout='0']
      SELECT "l"."GIA_TRI"
      FROM "QL_NHAN_HIEN_THI" "l"
      WHERE "l"."MA" = :Ma_0
      FETCH FIRST 1 ROWS ONLY
info: Microsoft.EntityFrameworkCore.Database.Command[20101]
      Executed DbCommand (2ms) [Parameters=[:nguoiDung_ID_0='?' (DbType = Decimal)], CommandType='Text', CommandTimeout='0']
      SELECT "c"."VAI_TRO_ID"
      FROM "QL_VAI_TRO_NGUOI_DUNG" "c"
      WHERE "c"."NGUOI_DUNG_ID" = :nguoiDung_ID_0
info: Microsoft.EntityFrameworkCore.Database.Command[20101]
      Executed DbCommand (2ms) [Parameters=[:nguoiDung_ID_0='?' (DbType = Decimal)], CommandType='Text', CommandTimeout='0']
      SELECT "c"."VAI_TRO_ID"
      FROM "QL_VAI_TRO_NGUOI_DUNG" "c"
      WHERE "c"."NGUOI_DUNG_ID" = :nguoiDung_ID_0
info: Microsoft.EntityFrameworkCore.Database.Command[20101]
      Executed DbCommand (2ms) [Parameters=[:Ma_0='?' (Size = 2000)], CommandType='Text', CommandTimeout='0']
      SELECT "l"."GIA_TRI"
      FROM "QL_NHAN_HIEN_THI" "l"
      WHERE "l"."MA" = :Ma_0
      FETCH FIRST 1 ROWS ONLY
info: Microsoft.EntityFrameworkCore.Database.Command[20101]
      Executed DbCommand (2ms) [Parameters=[:nguoiDung_ID_0='?' (DbType = Decimal)], CommandType='Text', CommandTimeout='0']
      SELECT "c"."VAI_TRO_ID"
      FROM "QL_VAI_TRO_NGUOI_DUNG" "c"
      WHERE "c"."NGUOI_DUNG_ID" = :nguoiDung_ID_0
info: Microsoft.EntityFrameworkCore.Database.Command[20101]
      Executed DbCommand (2ms) [Parameters=[:Ma_0='?' (Size = 2000)], CommandType='Text', CommandTimeout='0']
      SELECT "l"."GIA_TRI"
      FROM "QL_NHAN_HIEN_THI" "l"
      WHERE "l"."MA" = :Ma_0
      FETCH FIRST 1 ROWS ONLY
info: Microsoft.EntityFrameworkCore.Database.Command[20101]
      Executed DbCommand (2ms) [Parameters=[:nguoiDung_ID_0='?' (DbType = Decimal)], CommandType='Text', CommandTimeout='0']
      SELECT "c"."VAI_TRO_ID"
      FROM "QL_VAI_TRO_NGUOI_DUNG" "c"
      WHERE "c"."NGUOI_DUNG_ID" = :nguoiDung_ID_0
info: Microsoft.EntityFrameworkCore.Database.Command[20101]
      Executed DbCommand (3ms) [Parameters=[:Ma_0='?' (Size = 2000)], CommandType='Text', CommandTimeout='0']
      SELECT "l"."GIA_TRI"
      FROM "QL_NHAN_HIEN_THI" "l"
      WHERE "l"."MA" = :Ma_0
      FETCH FIRST 1 ROWS ONLY
info: Microsoft.EntityFrameworkCore.Database.Command[20101]
      Executed DbCommand (2ms) [Parameters=[:nguoiDung_ID_0='?' (DbType = Decimal)], CommandType='Text', CommandTimeout='0']
      SELECT "c"."VAI_TRO_ID"
      FROM "QL_VAI_TRO_NGUOI_DUNG" "c"
      WHERE "c"."NGUOI_DUNG_ID" = :nguoiDung_ID_0
info: Microsoft.EntityFrameworkCore.Database.Command[20101]
      Executed DbCommand (2ms) [Parameters=[:Ma_0='?' (Size = 2000)], CommandType='Text', CommandTimeout='0']
      SELECT "l"."GIA_TRI"
      FROM "QL_NHAN_HIEN_THI" "l"
      WHERE "l"."MA" = :Ma_0
      FETCH FIRST 1 ROWS ONLY
info: Microsoft.EntityFrameworkCore.Database.Command[20101]
      Executed DbCommand (2ms) [Parameters=[:nguoiDung_ID_0='?' (DbType = Decimal)], CommandType='Text', CommandTimeout='0']
      SELECT "c"."VAI_TRO_ID"
      FROM "QL_VAI_TRO_NGUOI_DUNG" "c"
      WHERE "c"."NGUOI_DUNG_ID" = :nguoiDung_ID_0
info: Microsoft.EntityFrameworkCore.Database.Command[20101]
      Executed DbCommand (2ms) [Parameters=[:Ma_0='?' (Size = 2000)], CommandType='Text', CommandTimeout='0']
      SELECT "l"."GIA_TRI"
      FROM "QL_NHAN_HIEN_THI" "l"
      WHERE "l"."MA" = :Ma_0
      FETCH FIRST 1 ROWS ONLY
info: Microsoft.EntityFrameworkCore.Database.Command[20101]
      Executed DbCommand (2ms) [Parameters=[:nguoiDung_ID_0='?' (DbType = Decimal)], CommandType='Text', CommandTimeout='0']
      SELECT "c"."VAI_TRO_ID"
      FROM "QL_VAI_TRO_NGUOI_DUNG" "c"
      WHERE "c"."NGUOI_DUNG_ID" = :nguoiDung_ID_0
info: Microsoft.EntityFrameworkCore.Database.Command[20101]
      Executed DbCommand (3ms) [Parameters=[:Ma_0='?' (Size = 2000)], CommandType='Text', CommandTimeout='0']
      SELECT "l"."GIA_TRI"
      FROM "QL_NHAN_HIEN_THI" "l"
      WHERE "l"."MA" = :Ma_0
      FETCH FIRST 1 ROWS ONLY
info: Microsoft.EntityFrameworkCore.Database.Command[20101]
      Executed DbCommand (3ms) [Parameters=[:nguoiDung_ID_0='?' (DbType = Decimal)], CommandType='Text', CommandTimeout='0']
      SELECT "c"."VAI_TRO_ID"
      FROM "QL_VAI_TRO_NGUOI_DUNG" "c"
      WHERE "c"."NGUOI_DUNG_ID" = :nguoiDung_ID_0
info: Microsoft.EntityFrameworkCore.Database.Command[20101]
      Executed DbCommand (3ms) [Parameters=[:Ma_0='?' (Size = 2000)], CommandType='Text', CommandTimeout='0']
      SELECT "l"."GIA_TRI"
      FROM "QL_NHAN_HIEN_THI" "l"
      WHERE "l"."MA" = :Ma_0
      FETCH FIRST 1 ROWS ONLY
info: Microsoft.EntityFrameworkCore.Database.Command[20101]
      Executed DbCommand (3ms) [Parameters=[:nguoiDung_ID_0='?' (DbType = Decimal)], CommandType='Text', CommandTimeout='0']
      SELECT "c"."VAI_TRO_ID"
      FROM "QL_VAI_TRO_NGUOI_DUNG" "c"
      WHERE "c"."NGUOI_DUNG_ID" = :nguoiDung_ID_0
info: Microsoft.EntityFrameworkCore.Database.Command[20101]
      Executed DbCommand (2ms) [Parameters=[:Ma_0='?' (Size = 2000)], CommandType='Text', CommandTimeout='0']
      SELECT "l"."GIA_TRI"
      FROM "QL_NHAN_HIEN_THI" "l"
      WHERE "l"."MA" = :Ma_0
      FETCH FIRST 1 ROWS ONLY
info: Microsoft.EntityFrameworkCore.Database.Command[20101]
      Executed DbCommand (2ms) [Parameters=[:nguoiDung_ID_0='?' (DbType = Decimal)], CommandType='Text', CommandTimeout='0']
      SELECT "c"."VAI_TRO_ID"
      FROM "QL_VAI_TRO_NGUOI_DUNG" "c"
      WHERE "c"."NGUOI_DUNG_ID" = :nguoiDung_ID_0
info: Microsoft.EntityFrameworkCore.Database.Command[20101]
      Executed DbCommand (3ms) [Parameters=[:Ma_0='?' (Size = 2000)], CommandType='Text', CommandTimeout='0']
      SELECT "l"."GIA_TRI"
      FROM "QL_NHAN_HIEN_THI" "l"
      WHERE "l"."MA" = :Ma_0
      FETCH FIRST 1 ROWS ONLY
info: Microsoft.EntityFrameworkCore.Database.Command[20101]
      Executed DbCommand (2ms) [Parameters=[:nguoiDung_ID_0='?' (DbType = Decimal)], CommandType='Text', CommandTimeout='0']
      SELECT "c"."VAI_TRO_ID"
      FROM "QL_VAI_TRO_NGUOI_DUNG" "c"
      WHERE "c"."NGUOI_DUNG_ID" = :nguoiDung_ID_0
info: Microsoft.EntityFrameworkCore.Database.Command[20101]
      Executed DbCommand (3ms) [Parameters=[:Ma_0='?' (Size = 2000)], CommandType='Text', CommandTimeout='0']
      SELECT "l"."GIA_TRI"
      FROM "QL_NHAN_HIEN_THI" "l"
      WHERE "l"."MA" = :Ma_0
      FETCH FIRST 1 ROWS ONLY
info: Microsoft.EntityFrameworkCore.Database.Command[20101]
      Executed DbCommand (2ms) [Parameters=[:nguoiDung_ID_0='?' (DbType = Decimal)], CommandType='Text', CommandTimeout='0']
      SELECT "c"."VAI_TRO_ID"
      FROM "QL_VAI_TRO_NGUOI_DUNG" "c"
      WHERE "c"."NGUOI_DUNG_ID" = :nguoiDung_ID_0
info: Microsoft.EntityFrameworkCore.Database.Command[20101]
      Executed DbCommand (2ms) [Parameters=[:Ma_0='?' (Size = 2000)], CommandType='Text', CommandTimeout='0']
      SELECT "l"."GIA_TRI"
      FROM "QL_NHAN_HIEN_THI" "l"
      WHERE "l"."MA" = :Ma_0
      FETCH FIRST 1 ROWS ONLY
info: Microsoft.EntityFrameworkCore.Database.Command[20101]
      Executed DbCommand (2ms) [Parameters=[:nguoiDung_ID_0='?' (DbType = Decimal)], CommandType='Text', CommandTimeout='0']
      SELECT "c"."VAI_TRO_ID"
      FROM "QL_VAI_TRO_NGUOI_DUNG" "c"
      WHERE "c"."NGUOI_DUNG_ID" = :nguoiDung_ID_0
info: Microsoft.EntityFrameworkCore.Database.Command[20101]
      Executed DbCommand (3ms) [Parameters=[:Ma_0='?' (Size = 2000)], CommandType='Text', CommandTimeout='0']
      SELECT "l"."GIA_TRI"
      FROM "QL_NHAN_HIEN_THI" "l"
      WHERE "l"."MA" = :Ma_0
      FETCH FIRST 1 ROWS ONLY
info: Microsoft.EntityFrameworkCore.Database.Command[20101]
      Executed DbCommand (2ms) [Parameters=[:nguoiDung_ID_0='?' (DbType = Decimal)], CommandType='Text', CommandTimeout='0']
      SELECT "c"."VAI_TRO_ID"
      FROM "QL_VAI_TRO_NGUOI_DUNG" "c"
      WHERE "c"."NGUOI_DUNG_ID" = :nguoiDung_ID_0
info: Microsoft.EntityFrameworkCore.Database.Command[20101]
      Executed DbCommand (2ms) [Parameters=[:Ma_0='?' (Size = 2000)], CommandType='Text', CommandTimeout='0']
      SELECT "l"."GIA_TRI"
      FROM "QL_NHAN_HIEN_THI" "l"
      WHERE "l"."MA" = :Ma_0
      FETCH FIRST 1 ROWS ONLY
info: Microsoft.EntityFrameworkCore.Database.Command[20101]
      Executed DbCommand (3ms) [Parameters=[:nguoiDung_ID_0='?' (DbType = Decimal)], CommandType='Text', CommandTimeout='0']
      SELECT "c"."VAI_TRO_ID"
      FROM "QL_VAI_TRO_NGUOI_DUNG" "c"
      WHERE "c"."NGUOI_DUNG_ID" = :nguoiDung_ID_0
info: Microsoft.EntityFrameworkCore.Database.Command[20101]
      Executed DbCommand (3ms) [Parameters=[:Ma_0='?' (Size = 2000)], CommandType='Text', CommandTimeout='0']
      SELECT "l"."GIA_TRI"
      FROM "QL_NHAN_HIEN_THI" "l"
      WHERE "l"."MA" = :Ma_0
      FETCH FIRST 1 ROWS ONLY
info: Microsoft.EntityFrameworkCore.Database.Command[20101]
      Executed DbCommand (3ms) [Parameters=[:nguoiDung_ID_0='?' (DbType = Decimal)], CommandType='Text', CommandTimeout='0']
      SELECT "c"."VAI_TRO_ID"
      FROM "QL_VAI_TRO_NGUOI_DUNG" "c"
      WHERE "c"."NGUOI_DUNG_ID" = :nguoiDung_ID_0
info: Microsoft.EntityFrameworkCore.Database.Command[20101]
      Executed DbCommand (3ms) [Parameters=[:Ma_0='?' (Size = 2000)], CommandType='Text', CommandTimeout='0']
      SELECT "l"."GIA_TRI"
      FROM "QL_NHAN_HIEN_THI" "l"
      WHERE "l"."MA" = :Ma_0
      FETCH FIRST 1 ROWS ONLY
info: Microsoft.EntityFrameworkCore.Database.Command[20101]
      Executed DbCommand (2ms) [Parameters=[:nguoiDung_ID_0='?' (DbType = Decimal)], CommandType='Text', CommandTimeout='0']
      SELECT "c"."VAI_TRO_ID"
      FROM "QL_VAI_TRO_NGUOI_DUNG" "c"
      WHERE "c"."NGUOI_DUNG_ID" = :nguoiDung_ID_0
info: Microsoft.EntityFrameworkCore.Database.Command[20101]
      Executed DbCommand (3ms) [Parameters=[:Ma_0='?' (Size = 2000)], CommandType='Text', CommandTimeout='0']
      SELECT "l"."GIA_TRI"
      FROM "QL_NHAN_HIEN_THI" "l"
      WHERE "l"."MA" = :Ma_0
      FETCH FIRST 1 ROWS ONLY
info: Microsoft.EntityFrameworkCore.Database.Command[20101]
      Executed DbCommand (2ms) [Parameters=[:nguoiDung_ID_0='?' (DbType = Decimal)], CommandType='Text', CommandTimeout='0']
      SELECT "c"."VAI_TRO_ID"
      FROM "QL_VAI_TRO_NGUOI_DUNG" "c"
      WHERE "c"."NGUOI_DUNG_ID" = :nguoiDung_ID_0
info: Microsoft.EntityFrameworkCore.Database.Command[20101]
      Executed DbCommand (3ms) [Parameters=[:Ma_0='?' (Size = 2000)], CommandType='Text', CommandTimeout='0']
      SELECT "l"."GIA_TRI"
      FROM "QL_NHAN_HIEN_THI" "l"
      WHERE "l"."MA" = :Ma_0
      FETCH FIRST 1 ROWS ONLY
info: Microsoft.EntityFrameworkCore.Database.Command[20101]
      Executed DbCommand (2ms) [Parameters=[:nguoiDung_ID_0='?' (DbType = Decimal)], CommandType='Text', CommandTimeout='0']
      SELECT "c"."VAI_TRO_ID"
      FROM "QL_VAI_TRO_NGUOI_DUNG" "c"
      WHERE "c"."NGUOI_DUNG_ID" = :nguoiDung_ID_0
info: Microsoft.EntityFrameworkCore.Database.Command[20101]
      Executed DbCommand (3ms) [Parameters=[:Ma_0='?' (Size = 2000)], CommandType='Text', CommandTimeout='0']
      SELECT "l"."GIA_TRI"
      FROM "QL_NHAN_HIEN_THI" "l"
      WHERE "l"."MA" = :Ma_0
      FETCH FIRST 1 ROWS ONLY
info: Microsoft.EntityFrameworkCore.Database.Command[20101]
      Executed DbCommand (3ms) [Parameters=[:nguoiDung_ID_0='?' (DbType = Decimal)], CommandType='Text', CommandTimeout='0']
      SELECT "c"."VAI_TRO_ID"
      FROM "QL_VAI_TRO_NGUOI_DUNG" "c"
      WHERE "c"."NGUOI_DUNG_ID" = :nguoiDung_ID_0
info: Microsoft.EntityFrameworkCore.Database.Command[20101]
      Executed DbCommand (3ms) [Parameters=[:Ma_0='?' (Size = 2000)], CommandType='Text', CommandTimeout='0']
      SELECT "l"."GIA_TRI"
      FROM "QL_NHAN_HIEN_THI" "l"
      WHERE "l"."MA" = :Ma_0
      FETCH FIRST 1 ROWS ONLY
info: Microsoft.EntityFrameworkCore.Database.Command[20101]
      Executed DbCommand (2ms) [Parameters=[:nguoiDung_ID_0='?' (DbType = Decimal)], CommandType='Text', CommandTimeout='0']
      SELECT "c"."VAI_TRO_ID"
      FROM "QL_VAI_TRO_NGUOI_DUNG" "c"
      WHERE "c"."NGUOI_DUNG_ID" = :nguoiDung_ID_0
info: Microsoft.EntityFrameworkCore.Database.Command[20101]
      Executed DbCommand (4ms) [Parameters=[:Ma_0='?' (Size = 2000)], CommandType='Text', CommandTimeout='0']
      SELECT "l"."GIA_TRI"
      FROM "QL_NHAN_HIEN_THI" "l"
      WHERE "l"."MA" = :Ma_0
      FETCH FIRST 1 ROWS ONLY
info: Microsoft.EntityFrameworkCore.Database.Command[20101]
      Executed DbCommand (2ms) [Parameters=[:nguoiDung_ID_0='?' (DbType = Decimal)], CommandType='Text', CommandTimeout='0']
      SELECT "c"."VAI_TRO_ID"
      FROM "QL_VAI_TRO_NGUOI_DUNG" "c"
      WHERE "c"."NGUOI_DUNG_ID" = :nguoiDung_ID_0
info: Microsoft.EntityFrameworkCore.Database.Command[20101]
      Executed DbCommand (3ms) [Parameters=[:Ma_0='?' (Size = 2000)], CommandType='Text', CommandTimeout='0']
      SELECT "l"."GIA_TRI"
      FROM "QL_NHAN_HIEN_THI" "l"
      WHERE "l"."MA" = :Ma_0
      FETCH FIRST 1 ROWS ONLY
info: Microsoft.EntityFrameworkCore.Database.Command[20101]
      Executed DbCommand (3ms) [Parameters=[:nguoiDung_ID_0='?' (DbType = Decimal)], CommandType='Text', CommandTimeout='0']
      SELECT "c"."VAI_TRO_ID"
      FROM "QL_VAI_TRO_NGUOI_DUNG" "c"
      WHERE "c"."NGUOI_DUNG_ID" = :nguoiDung_ID_0
info: Microsoft.EntityFrameworkCore.Database.Command[20101]
      Executed DbCommand (3ms) [Parameters=[:Ma_0='?' (Size = 2000)], CommandType='Text', CommandTimeout='0']
      SELECT "l"."GIA_TRI"
      FROM "QL_NHAN_HIEN_THI" "l"
      WHERE "l"."MA" = :Ma_0
      FETCH FIRST 1 ROWS ONLY
info: Microsoft.EntityFrameworkCore.Database.Command[20101]
      Executed DbCommand (3ms) [Parameters=[:nguoiDung_ID_0='?' (DbType = Decimal)], CommandType='Text', CommandTimeout='0']
      SELECT "c"."VAI_TRO_ID"
      FROM "QL_VAI_TRO_NGUOI_DUNG" "c"
      WHERE "c"."NGUOI_DUNG_ID" = :nguoiDung_ID_0
info: Microsoft.EntityFrameworkCore.Database.Command[20101]
      Executed DbCommand (3ms) [Parameters=[:Ma_0='?' (Size = 2000)], CommandType='Text', CommandTimeout='0']
      SELECT "l"."GIA_TRI"
      FROM "QL_NHAN_HIEN_THI" "l"
      WHERE "l"."MA" = :Ma_0
      FETCH FIRST 1 ROWS ONLY
info: Microsoft.EntityFrameworkCore.Database.Command[20101]
      Executed DbCommand (2ms) [Parameters=[:nguoiDung_ID_0='?' (DbType = Decimal)], CommandType='Text', CommandTimeout='0']
      SELECT "c"."VAI_TRO_ID"
      FROM "QL_VAI_TRO_NGUOI_DUNG" "c"
      WHERE "c"."NGUOI_DUNG_ID" = :nguoiDung_ID_0
info: Microsoft.EntityFrameworkCore.Database.Command[20101]
      Executed DbCommand (3ms) [Parameters=[:Ma_0='?' (Size = 2000)], CommandType='Text', CommandTimeout='0']
      SELECT "l"."GIA_TRI"
      FROM "QL_NHAN_HIEN_THI" "l"
      WHERE "l"."MA" = :Ma_0
      FETCH FIRST 1 ROWS ONLY
info: Microsoft.EntityFrameworkCore.Database.Command[20101]
      Executed DbCommand (3ms) [Parameters=[:nguoiDung_ID_0='?' (DbType = Decimal)], CommandType='Text', CommandTimeout='0']
      SELECT "c"."VAI_TRO_ID"
      FROM "QL_VAI_TRO_NGUOI_DUNG" "c"
      WHERE "c"."NGUOI_DUNG_ID" = :nguoiDung_ID_0
info: Microsoft.EntityFrameworkCore.Database.Command[20101]
      Executed DbCommand (3ms) [Parameters=[:Ma_0='?' (Size = 2000)], CommandType='Text', CommandTimeout='0']
      SELECT "l"."GIA_TRI"
      FROM "QL_NHAN_HIEN_THI" "l"
      WHERE "l"."MA" = :Ma_0
      FETCH FIRST 1 ROWS ONLY
info: Microsoft.EntityFrameworkCore.Database.Command[20101]
      Executed DbCommand (2ms) [Parameters=[:nguoiDung_ID_0='?' (DbType = Decimal)], CommandType='Text', CommandTimeout='0']
      SELECT "c"."VAI_TRO_ID"
      FROM "QL_VAI_TRO_NGUOI_DUNG" "c"
      WHERE "c"."NGUOI_DUNG_ID" = :nguoiDung_ID_0
info: Microsoft.EntityFrameworkCore.Database.Command[20101]
      Executed DbCommand (3ms) [Parameters=[:Ma_0='?' (Size = 2000)], CommandType='Text', CommandTimeout='0']
      SELECT "l"."GIA_TRI"
      FROM "QL_NHAN_HIEN_THI" "l"
      WHERE "l"."MA" = :Ma_0
      FETCH FIRST 1 ROWS ONLY
info: Microsoft.EntityFrameworkCore.Database.Command[20101]
      Executed DbCommand (3ms) [Parameters=[:nguoiDung_ID_0='?' (DbType = Decimal)], CommandType='Text', CommandTimeout='0']
      SELECT "c"."VAI_TRO_ID"
      FROM "QL_VAI_TRO_NGUOI_DUNG" "c"
      WHERE "c"."NGUOI_DUNG_ID" = :nguoiDung_ID_0
info: Microsoft.EntityFrameworkCore.Database.Command[20101]
      Executed DbCommand (3ms) [Parameters=[:Ma_0='?' (Size = 2000)], CommandType='Text', CommandTimeout='0']
      SELECT "l"."GIA_TRI"
      FROM "QL_NHAN_HIEN_THI" "l"
      WHERE "l"."MA" = :Ma_0
      FETCH FIRST 1 ROWS ONLY
info: Microsoft.EntityFrameworkCore.Database.Command[20101]
      Executed DbCommand (2ms) [Parameters=[:nguoiDung_ID_0='?' (DbType = Decimal)], CommandType='Text', CommandTimeout='0']
      SELECT "c"."VAI_TRO_ID"
      FROM "QL_VAI_TRO_NGUOI_DUNG" "c"
      WHERE "c"."NGUOI_DUNG_ID" = :nguoiDung_ID_0
info: Microsoft.EntityFrameworkCore.Database.Command[20101]
      Executed DbCommand (3ms) [Parameters=[:Ma_0='?' (Size = 2000)], CommandType='Text', CommandTimeout='0']
      SELECT "l"."GIA_TRI"
      FROM "QL_NHAN_HIEN_THI" "l"
      WHERE "l"."MA" = :Ma_0
      FETCH FIRST 1 ROWS ONLY
info: Microsoft.EntityFrameworkCore.Database.Command[20101]
      Executed DbCommand (2ms) [Parameters=[:nguoiDung_ID_0='?' (DbType = Decimal)], CommandType='Text', CommandTimeout='0']
      SELECT "c"."VAI_TRO_ID"
      FROM "QL_VAI_TRO_NGUOI_DUNG" "c"
      WHERE "c"."NGUOI_DUNG_ID" = :nguoiDung_ID_0
info: Microsoft.EntityFrameworkCore.Database.Command[20101]
      Executed DbCommand (3ms) [Parameters=[:Ma_0='?' (Size = 2000)], CommandType='Text', CommandTimeout='0']
      SELECT "l"."GIA_TRI"
      FROM "QL_NHAN_HIEN_THI" "l"
      WHERE "l"."MA" = :Ma_0
      FETCH FIRST 1 ROWS ONLY
info: Microsoft.EntityFrameworkCore.Database.Command[20101]
      Executed DbCommand (2ms) [Parameters=[:nguoiDung_ID_0='?' (DbType = Decimal)], CommandType='Text', CommandTimeout='0']
      SELECT "c"."VAI_TRO_ID"
      FROM "QL_VAI_TRO_NGUOI_DUNG" "c"
      WHERE "c"."NGUOI_DUNG_ID" = :nguoiDung_ID_0
info: Microsoft.EntityFrameworkCore.Database.Command[20101]
      Executed DbCommand (2ms) [Parameters=[:Ma_0='?' (Size = 2000)], CommandType='Text', CommandTimeout='0']
      SELECT "l"."GIA_TRI"
      FROM "QL_NHAN_HIEN_THI" "l"
      WHERE "l"."MA" = :Ma_0
      FETCH FIRST 1 ROWS ONLY
info: Microsoft.EntityFrameworkCore.Database.Command[20101]
      Executed DbCommand (2ms) [Parameters=[:nguoiDung_ID_0='?' (DbType = Decimal)], CommandType='Text', CommandTimeout='0']
      SELECT "c"."VAI_TRO_ID"
      FROM "QL_VAI_TRO_NGUOI_DUNG" "c"
      WHERE "c"."NGUOI_DUNG_ID" = :nguoiDung_ID_0
info: Microsoft.EntityFrameworkCore.Database.Command[20101]
      Executed DbCommand (3ms) [Parameters=[:Ma_0='?' (Size = 2000)], CommandType='Text', CommandTimeout='0']
      SELECT "l"."GIA_TRI"
      FROM "QL_NHAN_HIEN_THI" "l"
      WHERE "l"."MA" = :Ma_0
      FETCH FIRST 1 ROWS ONLY
info: Microsoft.EntityFrameworkCore.Database.Command[20101]
      Executed DbCommand (3ms) [Parameters=[:nguoiDung_ID_0='?' (DbType = Decimal)], CommandType='Text', CommandTimeout='0']
      SELECT "c"."VAI_TRO_ID"
      FROM "QL_VAI_TRO_NGUOI_DUNG" "c"
      WHERE "c"."NGUOI_DUNG_ID" = :nguoiDung_ID_0
info: Microsoft.EntityFrameworkCore.Database.Command[20101]
      Executed DbCommand (3ms) [Parameters=[:Ma_0='?' (Size = 2000)], CommandType='Text', CommandTimeout='0']
      SELECT "l"."GIA_TRI"
      FROM "QL_NHAN_HIEN_THI" "l"
      WHERE "l"."MA" = :Ma_0
      FETCH FIRST 1 ROWS ONLY
info: Microsoft.EntityFrameworkCore.Database.Command[20101]
      Executed DbCommand (3ms) [Parameters=[:nguoiDung_ID_0='?' (DbType = Decimal)], CommandType='Text', CommandTimeout='0']
      SELECT "c"."VAI_TRO_ID"
      FROM "QL_VAI_TRO_NGUOI_DUNG" "c"
      WHERE "c"."NGUOI_DUNG_ID" = :nguoiDung_ID_0
info: Microsoft.EntityFrameworkCore.Database.Command[20101]
      Executed DbCommand (3ms) [Parameters=[:Ma_0='?' (Size = 2000)], CommandType='Text', CommandTimeout='0']
      SELECT "l"."GIA_TRI"
      FROM "QL_NHAN_HIEN_THI" "l"
      WHERE "l"."MA" = :Ma_0
      FETCH FIRST 1 ROWS ONLY
info: Microsoft.EntityFrameworkCore.Database.Command[20101]
      Executed DbCommand (2ms) [Parameters=[:nguoiDung_ID_0='?' (DbType = Decimal)], CommandType='Text', CommandTimeout='0']
      SELECT "c"."VAI_TRO_ID"
      FROM "QL_VAI_TRO_NGUOI_DUNG" "c"
      WHERE "c"."NGUOI_DUNG_ID" = :nguoiDung_ID_0
info: Microsoft.EntityFrameworkCore.Database.Command[20101]
      Executed DbCommand (3ms) [Parameters=[:Ma_0='?' (Size = 2000)], CommandType='Text', CommandTimeout='0']
      SELECT "l"."GIA_TRI"
      FROM "QL_NHAN_HIEN_THI" "l"
      WHERE "l"."MA" = :Ma_0
      FETCH FIRST 1 ROWS ONLY
info: Microsoft.EntityFrameworkCore.Database.Command[20101]
      Executed DbCommand (3ms) [Parameters=[:nguoiDung_ID_0='?' (DbType = Decimal)], CommandType='Text', CommandTimeout='0']
      SELECT "c"."VAI_TRO_ID"
      FROM "QL_VAI_TRO_NGUOI_DUNG" "c"
      WHERE "c"."NGUOI_DUNG_ID" = :nguoiDung_ID_0
info: Microsoft.EntityFrameworkCore.Database.Command[20101]
      Executed DbCommand (3ms) [Parameters=[:Ma_0='?' (Size = 2000)], CommandType='Text', CommandTimeout='0']
      SELECT "l"."GIA_TRI"
      FROM "QL_NHAN_HIEN_THI" "l"
      WHERE "l"."MA" = :Ma_0
      FETCH FIRST 1 ROWS ONLY
info: Microsoft.EntityFrameworkCore.Database.Command[20101]
      Executed DbCommand (2ms) [Parameters=[:nguoiDung_ID_0='?' (DbType = Decimal)], CommandType='Text', CommandTimeout='0']
      SELECT "c"."VAI_TRO_ID"
      FROM "QL_VAI_TRO_NGUOI_DUNG" "c"
      WHERE "c"."NGUOI_DUNG_ID" = :nguoiDung_ID_0
info: Microsoft.EntityFrameworkCore.Database.Command[20101]
      Executed DbCommand (2ms) [Parameters=[:Ma_0='?' (Size = 2000)], CommandType='Text', CommandTimeout='0']
      SELECT "l"."GIA_TRI"
      FROM "QL_NHAN_HIEN_THI" "l"
      WHERE "l"."MA" = :Ma_0
      FETCH FIRST 1 ROWS ONLY
info: Microsoft.EntityFrameworkCore.Database.Command[20101]
      Executed DbCommand (2ms) [Parameters=[:nguoiDung_ID_0='?' (DbType = Decimal)], CommandType='Text', CommandTimeout='0']
      SELECT "c"."VAI_TRO_ID"
      FROM "QL_VAI_TRO_NGUOI_DUNG" "c"
      WHERE "c"."NGUOI_DUNG_ID" = :nguoiDung_ID_0
info: Microsoft.EntityFrameworkCore.Database.Command[20101]
      Executed DbCommand (3ms) [Parameters=[:Ma_0='?' (Size = 2000)], CommandType='Text', CommandTimeout='0']
      SELECT "l"."GIA_TRI"
      FROM "QL_NHAN_HIEN_THI" "l"
      WHERE "l"."MA" = :Ma_0
      FETCH FIRST 1 ROWS ONLY
info: Microsoft.EntityFrameworkCore.Database.Command[20101]
      Executed DbCommand (2ms) [Parameters=[:nguoiDung_ID_0='?' (DbType = Decimal)], CommandType='Text', CommandTimeout='0']
      SELECT "c"."VAI_TRO_ID"
      FROM "QL_VAI_TRO_NGUOI_DUNG" "c"
      WHERE "c"."NGUOI_DUNG_ID" = :nguoiDung_ID_0
info: Microsoft.EntityFrameworkCore.Database.Command[20101]
      Executed DbCommand (3ms) [Parameters=[:Ma_0='?' (Size = 2000)], CommandType='Text', CommandTimeout='0']
      SELECT "l"."GIA_TRI"
      FROM "QL_NHAN_HIEN_THI" "l"
      WHERE "l"."MA" = :Ma_0
      FETCH FIRST 1 ROWS ONLY
info: Microsoft.EntityFrameworkCore.Database.Command[20101]
      Executed DbCommand (2ms) [Parameters=[:nguoiDung_ID_0='?' (DbType = Decimal)], CommandType='Text', CommandTimeout='0']
      SELECT "c"."VAI_TRO_ID"
      FROM "QL_VAI_TRO_NGUOI_DUNG" "c"
      WHERE "c"."NGUOI_DUNG_ID" = :nguoiDung_ID_0
info: Microsoft.EntityFrameworkCore.Database.Command[20101]
      Executed DbCommand (2ms) [Parameters=[:Ma_0='?' (Size = 2000)], CommandType='Text', CommandTimeout='0']
      SELECT "l"."GIA_TRI"
      FROM "QL_NHAN_HIEN_THI" "l"
      WHERE "l"."MA" = :Ma_0
      FETCH FIRST 1 ROWS ONLY
info: Microsoft.EntityFrameworkCore.Database.Command[20101]
      Executed DbCommand (2ms) [Parameters=[:nguoiDung_ID_0='?' (DbType = Decimal)], CommandType='Text', CommandTimeout='0']
      SELECT "c"."VAI_TRO_ID"
      FROM "QL_VAI_TRO_NGUOI_DUNG" "c"
      WHERE "c"."NGUOI_DUNG_ID" = :nguoiDung_ID_0
info: Microsoft.EntityFrameworkCore.Database.Command[20101]
      Executed DbCommand (6ms) [Parameters=[:Ma_0='?' (Size = 2000)], CommandType='Text', CommandTimeout='0']
      SELECT "l"."GIA_TRI"
      FROM "QL_NHAN_HIEN_THI" "l"
      WHERE "l"."MA" = :Ma_0
      FETCH FIRST 1 ROWS ONLY
info: Microsoft.EntityFrameworkCore.Database.Command[20101]
      Executed DbCommand (2ms) [Parameters=[:nguoiDung_ID_0='?' (DbType = Decimal)], CommandType='Text', CommandTimeout='0']
      SELECT "c"."VAI_TRO_ID"
      FROM "QL_VAI_TRO_NGUOI_DUNG" "c"
      WHERE "c"."NGUOI_DUNG_ID" = :nguoiDung_ID_0
info: Microsoft.EntityFrameworkCore.Database.Command[20101]
      Executed DbCommand (3ms) [Parameters=[:Ma_0='?' (Size = 2000)], CommandType='Text', CommandTimeout='0']
      SELECT "l"."GIA_TRI"
      FROM "QL_NHAN_HIEN_THI" "l"
      WHERE "l"."MA" = :Ma_0
      FETCH FIRST 1 ROWS ONLY
info: Microsoft.EntityFrameworkCore.Database.Command[20101]
      Executed DbCommand (3ms) [Parameters=[:nguoiDung_ID_0='?' (DbType = Decimal)], CommandType='Text', CommandTimeout='0']
      SELECT "c"."VAI_TRO_ID"
      FROM "QL_VAI_TRO_NGUOI_DUNG" "c"
      WHERE "c"."NGUOI_DUNG_ID" = :nguoiDung_ID_0
info: Microsoft.EntityFrameworkCore.Database.Command[20101]
      Executed DbCommand (2ms) [Parameters=[:Ma_0='?' (Size = 2000)], CommandType='Text', CommandTimeout='0']
      SELECT "l"."GIA_TRI"
      FROM "QL_NHAN_HIEN_THI" "l"
      WHERE "l"."MA" = :Ma_0
      FETCH FIRST 1 ROWS ONLY
info: Microsoft.EntityFrameworkCore.Database.Command[20101]
      Executed DbCommand (2ms) [Parameters=[:nguoiDung_ID_0='?' (DbType = Decimal)], CommandType='Text', CommandTimeout='0']
      SELECT "c"."VAI_TRO_ID"
      FROM "QL_VAI_TRO_NGUOI_DUNG" "c"
      WHERE "c"."NGUOI_DUNG_ID" = :nguoiDung_ID_0
info: Microsoft.EntityFrameworkCore.Database.Command[20101]
      Executed DbCommand (2ms) [Parameters=[:Ma_0='?' (Size = 2000)], CommandType='Text', CommandTimeout='0']
      SELECT "l"."GIA_TRI"
      FROM "QL_NHAN_HIEN_THI" "l"
      WHERE "l"."MA" = :Ma_0
      FETCH FIRST 1 ROWS ONLY
info: Microsoft.EntityFrameworkCore.Database.Command[20101]
      Executed DbCommand (3ms) [Parameters=[:nguoiDung_ID_0='?' (DbType = Decimal)], CommandType='Text', CommandTimeout='0']
      SELECT "c"."VAI_TRO_ID"
      FROM "QL_VAI_TRO_NGUOI_DUNG" "c"
      WHERE "c"."NGUOI_DUNG_ID" = :nguoiDung_ID_0
info: Microsoft.EntityFrameworkCore.Database.Command[20101]
      Executed DbCommand (3ms) [Parameters=[:Ma_0='?' (Size = 2000)], CommandType='Text', CommandTimeout='0']
      SELECT "l"."GIA_TRI"
      FROM "QL_NHAN_HIEN_THI" "l"
      WHERE "l"."MA" = :Ma_0
      FETCH FIRST 1 ROWS ONLY
info: Microsoft.EntityFrameworkCore.Database.Command[20101]
      Executed DbCommand (2ms) [Parameters=[:nguoiDung_ID_0='?' (DbType = Decimal)], CommandType='Text', CommandTimeout='0']
      SELECT "c"."VAI_TRO_ID"
      FROM "QL_VAI_TRO_NGUOI_DUNG" "c"
      WHERE "c"."NGUOI_DUNG_ID" = :nguoiDung_ID_0
info: Microsoft.EntityFrameworkCore.Database.Command[20101]
      Executed DbCommand (3ms) [Parameters=[:Ma_0='?' (Size = 2000)], CommandType='Text', CommandTimeout='0']
      SELECT "l"."GIA_TRI"
      FROM "QL_NHAN_HIEN_THI" "l"
      WHERE "l"."MA" = :Ma_0
      FETCH FIRST 1 ROWS ONLY
info: Microsoft.EntityFrameworkCore.Database.Command[20101]
      Executed DbCommand (2ms) [Parameters=[:nguoiDung_ID_0='?' (DbType = Decimal)], CommandType='Text', CommandTimeout='0']
      SELECT "c"."VAI_TRO_ID"
      FROM "QL_VAI_TRO_NGUOI_DUNG" "c"
      WHERE "c"."NGUOI_DUNG_ID" = :nguoiDung_ID_0
info: Microsoft.EntityFrameworkCore.Database.Command[20101]
      Executed DbCommand (3ms) [Parameters=[:Ma_0='?' (Size = 2000)], CommandType='Text', CommandTimeout='0']
      SELECT "l"."GIA_TRI"
      FROM "QL_NHAN_HIEN_THI" "l"
      WHERE "l"."MA" = :Ma_0
      FETCH FIRST 1 ROWS ONLY
info: Microsoft.EntityFrameworkCore.Database.Command[20101]
      Executed DbCommand (2ms) [Parameters=[:nguoiDung_ID_0='?' (DbType = Decimal)], CommandType='Text', CommandTimeout='0']
      SELECT "c"."VAI_TRO_ID"
      FROM "QL_VAI_TRO_NGUOI_DUNG" "c"
      WHERE "c"."NGUOI_DUNG_ID" = :nguoiDung_ID_0
info: Microsoft.EntityFrameworkCore.Database.Command[20101]
      Executed DbCommand (2ms) [Parameters=[:Ma_0='?' (Size = 2000)], CommandType='Text', CommandTimeout='0']
      SELECT "l"."GIA_TRI"
      FROM "QL_NHAN_HIEN_THI" "l"
      WHERE "l"."MA" = :Ma_0
      FETCH FIRST 1 ROWS ONLY
info: Microsoft.EntityFrameworkCore.Database.Command[20101]
      Executed DbCommand (6ms) [Parameters=[:nguoiDung_ID_0='?' (DbType = Decimal)], CommandType='Text', CommandTimeout='0']
      SELECT "c"."VAI_TRO_ID"
      FROM "QL_VAI_TRO_NGUOI_DUNG" "c"
      WHERE "c"."NGUOI_DUNG_ID" = :nguoiDung_ID_0
info: Microsoft.EntityFrameworkCore.Database.Command[20101]
      Executed DbCommand (3ms) [Parameters=[:Ma_0='?' (Size = 2000)], CommandType='Text', CommandTimeout='0']
      SELECT "l"."GIA_TRI"
      FROM "QL_NHAN_HIEN_THI" "l"
      WHERE "l"."MA" = :Ma_0
      FETCH FIRST 1 ROWS ONLY
info: Microsoft.EntityFrameworkCore.Database.Command[20101]
      Executed DbCommand (3ms) [Parameters=[:nguoiDung_ID_0='?' (DbType = Decimal)], CommandType='Text', CommandTimeout='0']
      SELECT "c"."VAI_TRO_ID"
      FROM "QL_VAI_TRO_NGUOI_DUNG" "c"
      WHERE "c"."NGUOI_DUNG_ID" = :nguoiDung_ID_0
info: Microsoft.EntityFrameworkCore.Database.Command[20101]
      Executed DbCommand (3ms) [Parameters=[:Ma_0='?' (Size = 2000)], CommandType='Text', CommandTimeout='0']
      SELECT "l"."GIA_TRI"
      FROM "QL_NHAN_HIEN_THI" "l"
      WHERE "l"."MA" = :Ma_0
      FETCH FIRST 1 ROWS ONLY
info: Microsoft.EntityFrameworkCore.Database.Command[20101]
      Executed DbCommand (3ms) [Parameters=[:nguoiDung_ID_0='?' (DbType = Decimal)], CommandType='Text', CommandTimeout='0']
      SELECT "c"."VAI_TRO_ID"
      FROM "QL_VAI_TRO_NGUOI_DUNG" "c"
      WHERE "c"."NGUOI_DUNG_ID" = :nguoiDung_ID_0
info: Microsoft.EntityFrameworkCore.Database.Command[20101]
      Executed DbCommand (61ms) [Parameters=[:donViId_0='?' (DbType = Decimal)], CommandType='Text', CommandTimeout='0']
      SELECT COUNT(*)
      FROM "DM_DON_VI" "p"
      WHERE ((("p"."PARENT_ID" = :donViId_0) AND ("p"."LA_BAN_QL_DU_AN" = 1)) OR (("p"."ID" = :donViId_0) AND ("p"."LOAI_DON_VI_ID" = 15.0))) OR (("p"."ID" = :donViId_0) AND ("p"."LA_BAN_QL_DU_AN" = 1))
info: Microsoft.EntityFrameworkCore.Database.Command[20101]
      Executed DbCommand (3ms) [Parameters=[:Ma_0='?' (Size = 2000)], CommandType='Text', CommandTimeout='0']
      SELECT "l"."GIA_TRI"
      FROM "QL_NHAN_HIEN_THI" "l"
      WHERE "l"."MA" = :Ma_0
      FETCH FIRST 1 ROWS ONLY
info: Microsoft.EntityFrameworkCore.Database.Command[20101]
      Executed DbCommand (2ms) [Parameters=[:nguoiDung_ID_0='?' (DbType = Decimal)], CommandType='Text', CommandTimeout='0']
      SELECT "c"."VAI_TRO_ID"
      FROM "QL_VAI_TRO_NGUOI_DUNG" "c"
      WHERE "c"."NGUOI_DUNG_ID" = :nguoiDung_ID_0
info: Microsoft.EntityFrameworkCore.Database.Command[20101]
      Executed DbCommand (3ms) [Parameters=[:Ma_0='?' (Size = 2000)], CommandType='Text', CommandTimeout='0']
      SELECT "l"."GIA_TRI"
      FROM "QL_NHAN_HIEN_THI" "l"
      WHERE "l"."MA" = :Ma_0
      FETCH FIRST 1 ROWS ONLY
info: Microsoft.EntityFrameworkCore.Database.Command[20101]
      Executed DbCommand (2ms) [Parameters=[:nguoiDung_ID_0='?' (DbType = Decimal)], CommandType='Text', CommandTimeout='0']
      SELECT "c"."VAI_TRO_ID"
      FROM "QL_VAI_TRO_NGUOI_DUNG" "c"
      WHERE "c"."NGUOI_DUNG_ID" = :nguoiDung_ID_0
info: Microsoft.EntityFrameworkCore.Database.Command[20101]
      Executed DbCommand (3ms) [Parameters=[:Ma_0='?' (Size = 2000)], CommandType='Text', CommandTimeout='0']
      SELECT "l"."GIA_TRI"
      FROM "QL_NHAN_HIEN_THI" "l"
      WHERE "l"."MA" = :Ma_0
      FETCH FIRST 1 ROWS ONLY
info: Microsoft.EntityFrameworkCore.Database.Command[20101]
      Executed DbCommand (2ms) [Parameters=[:nguoiDung_ID_0='?' (DbType = Decimal)], CommandType='Text', CommandTimeout='0']
      SELECT "c"."VAI_TRO_ID"
      FROM "QL_VAI_TRO_NGUOI_DUNG" "c"
      WHERE "c"."NGUOI_DUNG_ID" = :nguoiDung_ID_0
info: Microsoft.EntityFrameworkCore.Database.Command[20101]
      Executed DbCommand (3ms) [Parameters=[:Ma_0='?' (Size = 2000)], CommandType='Text', CommandTimeout='0']
      SELECT "l"."GIA_TRI"
      FROM "QL_NHAN_HIEN_THI" "l"
      WHERE "l"."MA" = :Ma_0
      FETCH FIRST 1 ROWS ONLY
info: Microsoft.EntityFrameworkCore.Database.Command[20101]
      Executed DbCommand (5ms) [Parameters=[:nguoiDung_ID_0='?' (DbType = Decimal)], CommandType='Text', CommandTimeout='0']
      SELECT "c"."VAI_TRO_ID"
      FROM "QL_VAI_TRO_NGUOI_DUNG" "c"
      WHERE "c"."NGUOI_DUNG_ID" = :nguoiDung_ID_0
info: Microsoft.EntityFrameworkCore.Database.Command[20101]
      Executed DbCommand (2ms) [Parameters=[:Ma_0='?' (Size = 2000)], CommandType='Text', CommandTimeout='0']
      SELECT "l"."GIA_TRI"
      FROM "QL_NHAN_HIEN_THI" "l"
      WHERE "l"."MA" = :Ma_0
      FETCH FIRST 1 ROWS ONLY
info: Microsoft.EntityFrameworkCore.Database.Command[20101]
      Executed DbCommand (2ms) [Parameters=[:nguoiDung_ID_0='?' (DbType = Decimal)], CommandType='Text', CommandTimeout='0']
      SELECT "c"."VAI_TRO_ID"
      FROM "QL_VAI_TRO_NGUOI_DUNG" "c"
      WHERE "c"."NGUOI_DUNG_ID" = :nguoiDung_ID_0
info: Microsoft.EntityFrameworkCore.Database.Command[20101]
      Executed DbCommand (4ms) [Parameters=[:Ma_0='?' (Size = 2000)], CommandType='Text', CommandTimeout='0']
      SELECT "l"."GIA_TRI"
      FROM "QL_NHAN_HIEN_THI" "l"
      WHERE "l"."MA" = :Ma_0
      FETCH FIRST 1 ROWS ONLY
info: Microsoft.EntityFrameworkCore.Database.Command[20101]
      Executed DbCommand (4ms) [Parameters=[:nguoiDung_ID_0='?' (DbType = Decimal)], CommandType='Text', CommandTimeout='0']
      SELECT "c"."VAI_TRO_ID"
      FROM "QL_VAI_TRO_NGUOI_DUNG" "c"
      WHERE "c"."NGUOI_DUNG_ID" = :nguoiDung_ID_0
info: Microsoft.EntityFrameworkCore.Database.Command[20101]
      Executed DbCommand (2ms) [Parameters=[:Ma_0='?' (Size = 2000)], CommandType='Text', CommandTimeout='0']
      SELECT "l"."GIA_TRI"
      FROM "QL_NHAN_HIEN_THI" "l"
      WHERE "l"."MA" = :Ma_0
      FETCH FIRST 1 ROWS ONLY
info: Microsoft.EntityFrameworkCore.Database.Command[20101]
      Executed DbCommand (2ms) [Parameters=[:nguoiDung_ID_0='?' (DbType = Decimal)], CommandType='Text', CommandTimeout='0']
      SELECT "c"."VAI_TRO_ID"
      FROM "QL_VAI_TRO_NGUOI_DUNG" "c"
      WHERE "c"."NGUOI_DUNG_ID" = :nguoiDung_ID_0
info: Microsoft.EntityFrameworkCore.Database.Command[20101]
      Executed DbCommand (2ms) [Parameters=[:Ma_0='?' (Size = 2000)], CommandType='Text', CommandTimeout='0']
      SELECT "l"."GIA_TRI"
      FROM "QL_NHAN_HIEN_THI" "l"
      WHERE "l"."MA" = :Ma_0
      FETCH FIRST 1 ROWS ONLY
info: Microsoft.EntityFrameworkCore.Database.Command[20101]
      Executed DbCommand (3ms) [Parameters=[:nguoiDung_ID_0='?' (DbType = Decimal)], CommandType='Text', CommandTimeout='0']
      SELECT "c"."VAI_TRO_ID"
      FROM "QL_VAI_TRO_NGUOI_DUNG" "c"
      WHERE "c"."NGUOI_DUNG_ID" = :nguoiDung_ID_0
info: Microsoft.EntityFrameworkCore.Database.Command[20101]
      Executed DbCommand (3ms) [Parameters=[:Ma_0='?' (Size = 2000)], CommandType='Text', CommandTimeout='0']
      SELECT "l"."GIA_TRI"
      FROM "QL_NHAN_HIEN_THI" "l"
      WHERE "l"."MA" = :Ma_0
      FETCH FIRST 1 ROWS ONLY
info: Microsoft.EntityFrameworkCore.Database.Command[20101]
      Executed DbCommand (2ms) [Parameters=[:nguoiDung_ID_0='?' (DbType = Decimal)], CommandType='Text', CommandTimeout='0']
      SELECT "c"."VAI_TRO_ID"
      FROM "QL_VAI_TRO_NGUOI_DUNG" "c"
      WHERE "c"."NGUOI_DUNG_ID" = :nguoiDung_ID_0
info: Microsoft.EntityFrameworkCore.Database.Command[20101]
      Executed DbCommand (4ms) [Parameters=[:Ma_0='?' (Size = 2000)], CommandType='Text', CommandTimeout='0']
      SELECT "l"."GIA_TRI"
      FROM "QL_NHAN_HIEN_THI" "l"
      WHERE "l"."MA" = :Ma_0
      FETCH FIRST 1 ROWS ONLY
info: Microsoft.EntityFrameworkCore.Database.Command[20101]
      Executed DbCommand (2ms) [Parameters=[:nguoiDung_ID_0='?' (DbType = Decimal)], CommandType='Text', CommandTimeout='0']
      SELECT "c"."VAI_TRO_ID"
      FROM "QL_VAI_TRO_NGUOI_DUNG" "c"
      WHERE "c"."NGUOI_DUNG_ID" = :nguoiDung_ID_0
info: Microsoft.EntityFrameworkCore.Database.Command[20101]
      Executed DbCommand (3ms) [Parameters=[:Ma_0='?' (Size = 2000)], CommandType='Text', CommandTimeout='0']
      SELECT "l"."GIA_TRI"
      FROM "QL_NHAN_HIEN_THI" "l"
      WHERE "l"."MA" = :Ma_0
      FETCH FIRST 1 ROWS ONLY
info: Microsoft.EntityFrameworkCore.Database.Command[20101]
      Executed DbCommand (3ms) [Parameters=[:nguoiDung_ID_0='?' (DbType = Decimal)], CommandType='Text', CommandTimeout='0']
      SELECT "c"."VAI_TRO_ID"
      FROM "QL_VAI_TRO_NGUOI_DUNG" "c"
      WHERE "c"."NGUOI_DUNG_ID" = :nguoiDung_ID_0
info: Microsoft.EntityFrameworkCore.Database.Command[20101]
      Executed DbCommand (3ms) [Parameters=[:Ma_0='?' (Size = 2000)], CommandType='Text', CommandTimeout='0']
      SELECT "l"."GIA_TRI"
      FROM "QL_NHAN_HIEN_THI" "l"
      WHERE "l"."MA" = :Ma_0
      FETCH FIRST 1 ROWS ONLY
info: Microsoft.EntityFrameworkCore.Database.Command[20101]
      Executed DbCommand (3ms) [Parameters=[:nguoiDung_ID_0='?' (DbType = Decimal)], CommandType='Text', CommandTimeout='0']
      SELECT "c"."VAI_TRO_ID"
      FROM "QL_VAI_TRO_NGUOI_DUNG" "c"
      WHERE "c"."NGUOI_DUNG_ID" = :nguoiDung_ID_0
info: Microsoft.EntityFrameworkCore.Database.Command[20101]
      Executed DbCommand (2ms) [Parameters=[:Ma_0='?' (Size = 2000)], CommandType='Text', CommandTimeout='0']
      SELECT "l"."GIA_TRI"
      FROM "QL_NHAN_HIEN_THI" "l"
      WHERE "l"."MA" = :Ma_0
      FETCH FIRST 1 ROWS ONLY
info: Microsoft.EntityFrameworkCore.Database.Command[20101]
      Executed DbCommand (3ms) [Parameters=[:nguoiDung_ID_0='?' (DbType = Decimal)], CommandType='Text', CommandTimeout='0']
      SELECT "c"."VAI_TRO_ID"
      FROM "QL_VAI_TRO_NGUOI_DUNG" "c"
      WHERE "c"."NGUOI_DUNG_ID" = :nguoiDung_ID_0
info: Microsoft.EntityFrameworkCore.Database.Command[20101]
      Executed DbCommand (2ms) [Parameters=[:Ma_0='?' (Size = 2000)], CommandType='Text', CommandTimeout='0']
      SELECT "l"."GIA_TRI"
      FROM "QL_NHAN_HIEN_THI" "l"
      WHERE "l"."MA" = :Ma_0
      FETCH FIRST 1 ROWS ONLY
info: Microsoft.EntityFrameworkCore.Database.Command[20101]
      Executed DbCommand (2ms) [Parameters=[:nguoiDung_ID_0='?' (DbType = Decimal)], CommandType='Text', CommandTimeout='0']
      SELECT "c"."VAI_TRO_ID"
      FROM "QL_VAI_TRO_NGUOI_DUNG" "c"
      WHERE "c"."NGUOI_DUNG_ID" = :nguoiDung_ID_0
info: Microsoft.EntityFrameworkCore.Database.Command[20101]
      Executed DbCommand (3ms) [Parameters=[:Ma_0='?' (Size = 2000)], CommandType='Text', CommandTimeout='0']
      SELECT "l"."GIA_TRI"
      FROM "QL_NHAN_HIEN_THI" "l"
      WHERE "l"."MA" = :Ma_0
      FETCH FIRST 1 ROWS ONLY
info: Microsoft.EntityFrameworkCore.Database.Command[20101]
      Executed DbCommand (3ms) [Parameters=[:nguoiDung_ID_0='?' (DbType = Decimal)], CommandType='Text', CommandTimeout='0']
      SELECT "c"."VAI_TRO_ID"
      FROM "QL_VAI_TRO_NGUOI_DUNG" "c"
      WHERE "c"."NGUOI_DUNG_ID" = :nguoiDung_ID_0
info: Microsoft.EntityFrameworkCore.Database.Command[20101]
      Executed DbCommand (3ms) [Parameters=[:Ma_0='?' (Size = 2000)], CommandType='Text', CommandTimeout='0']
      SELECT "l"."GIA_TRI"
      FROM "QL_NHAN_HIEN_THI" "l"
      WHERE "l"."MA" = :Ma_0
      FETCH FIRST 1 ROWS ONLY
info: Microsoft.EntityFrameworkCore.Database.Command[20101]
      Executed DbCommand (3ms) [Parameters=[:nguoiDung_ID_0='?' (DbType = Decimal)], CommandType='Text', CommandTimeout='0']
      SELECT "c"."VAI_TRO_ID"
      FROM "QL_VAI_TRO_NGUOI_DUNG" "c"
      WHERE "c"."NGUOI_DUNG_ID" = :nguoiDung_ID_0
info: Microsoft.EntityFrameworkCore.Database.Command[20101]
      Executed DbCommand (2ms) [Parameters=[:Ma_0='?' (Size = 2000)], CommandType='Text', CommandTimeout='0']
      SELECT "l"."GIA_TRI"
      FROM "QL_NHAN_HIEN_THI" "l"
      WHERE "l"."MA" = :Ma_0
      FETCH FIRST 1 ROWS ONLY
info: Microsoft.EntityFrameworkCore.Database.Command[20101]
      Executed DbCommand (3ms) [Parameters=[:nguoiDung_ID_0='?' (DbType = Decimal)], CommandType='Text', CommandTimeout='0']
      SELECT "c"."VAI_TRO_ID"
      FROM "QL_VAI_TRO_NGUOI_DUNG" "c"
      WHERE "c"."NGUOI_DUNG_ID" = :nguoiDung_ID_0
info: Microsoft.EntityFrameworkCore.Database.Command[20101]
      Executed DbCommand (5ms) [Parameters=[:Ma_0='?' (Size = 2000)], CommandType='Text', CommandTimeout='0']
      SELECT "l"."GIA_TRI"
      FROM "QL_NHAN_HIEN_THI" "l"
      WHERE "l"."MA" = :Ma_0
      FETCH FIRST 1 ROWS ONLY
info: Microsoft.EntityFrameworkCore.Database.Command[20101]
      Executed DbCommand (2ms) [Parameters=[:nguoiDung_ID_0='?' (DbType = Decimal)], CommandType='Text', CommandTimeout='0']
      SELECT "c"."VAI_TRO_ID"
      FROM "QL_VAI_TRO_NGUOI_DUNG" "c"
      WHERE "c"."NGUOI_DUNG_ID" = :nguoiDung_ID_0
info: Microsoft.EntityFrameworkCore.Database.Command[20101]
      Executed DbCommand (2ms) [Parameters=[:Ma_0='?' (Size = 2000)], CommandType='Text', CommandTimeout='0']
      SELECT "l"."GIA_TRI"
      FROM "QL_NHAN_HIEN_THI" "l"
      WHERE "l"."MA" = :Ma_0
      FETCH FIRST 1 ROWS ONLY
info: Microsoft.EntityFrameworkCore.Database.Command[20101]
      Executed DbCommand (2ms) [Parameters=[:nguoiDung_ID_0='?' (DbType = Decimal)], CommandType='Text', CommandTimeout='0']
      SELECT "c"."VAI_TRO_ID"
      FROM "QL_VAI_TRO_NGUOI_DUNG" "c"
      WHERE "c"."NGUOI_DUNG_ID" = :nguoiDung_ID_0
info: Microsoft.EntityFrameworkCore.Database.Command[20101]
      Executed DbCommand (2ms) [Parameters=[:Ma_0='?' (Size = 2000)], CommandType='Text', CommandTimeout='0']
      SELECT "l"."GIA_TRI"
      FROM "QL_NHAN_HIEN_THI" "l"
      WHERE "l"."MA" = :Ma_0
      FETCH FIRST 1 ROWS ONLY
info: Microsoft.EntityFrameworkCore.Database.Command[20101]
      Executed DbCommand (2ms) [Parameters=[:nguoiDung_ID_0='?' (DbType = Decimal)], CommandType='Text', CommandTimeout='0']
      SELECT "c"."VAI_TRO_ID"
      FROM "QL_VAI_TRO_NGUOI_DUNG" "c"
      WHERE "c"."NGUOI_DUNG_ID" = :nguoiDung_ID_0
info: Microsoft.EntityFrameworkCore.Database.Command[20101]
      Executed DbCommand (3ms) [Parameters=[:Ma_0='?' (Size = 2000)], CommandType='Text', CommandTimeout='0']
      SELECT "l"."GIA_TRI"
      FROM "QL_NHAN_HIEN_THI" "l"
      WHERE "l"."MA" = :Ma_0
      FETCH FIRST 1 ROWS ONLY
info: Microsoft.EntityFrameworkCore.Database.Command[20101]
      Executed DbCommand (3ms) [Parameters=[:nguoiDung_ID_0='?' (DbType = Decimal)], CommandType='Text', CommandTimeout='0']
      SELECT "c"."VAI_TRO_ID"
      FROM "QL_VAI_TRO_NGUOI_DUNG" "c"
      WHERE "c"."NGUOI_DUNG_ID" = :nguoiDung_ID_0
info: Microsoft.EntityFrameworkCore.Database.Command[20101]
      Executed DbCommand (3ms) [Parameters=[:Ma_0='?' (Size = 2000)], CommandType='Text', CommandTimeout='0']
      SELECT "l"."GIA_TRI"
      FROM "QL_NHAN_HIEN_THI" "l"
      WHERE "l"."MA" = :Ma_0
      FETCH FIRST 1 ROWS ONLY
info: Microsoft.EntityFrameworkCore.Database.Command[20101]
      Executed DbCommand (2ms) [Parameters=[:nguoiDung_ID_0='?' (DbType = Decimal)], CommandType='Text', CommandTimeout='0']
      SELECT "c"."VAI_TRO_ID"
      FROM "QL_VAI_TRO_NGUOI_DUNG" "c"
      WHERE "c"."NGUOI_DUNG_ID" = :nguoiDung_ID_0
info: Microsoft.EntityFrameworkCore.Database.Command[20101]
      Executed DbCommand (6ms) [Parameters=[:Ma_0='?' (Size = 2000)], CommandType='Text', CommandTimeout='0']
      SELECT "l"."GIA_TRI"
      FROM "QL_NHAN_HIEN_THI" "l"
      WHERE "l"."MA" = :Ma_0
      FETCH FIRST 1 ROWS ONLY
info: Microsoft.EntityFrameworkCore.Database.Command[20101]
      Executed DbCommand (6ms) [Parameters=[:nguoiDung_ID_0='?' (DbType = Decimal)], CommandType='Text', CommandTimeout='0']
      SELECT "c"."VAI_TRO_ID"
      FROM "QL_VAI_TRO_NGUOI_DUNG" "c"
      WHERE "c"."NGUOI_DUNG_ID" = :nguoiDung_ID_0
info: Microsoft.EntityFrameworkCore.Database.Command[20101]
      Executed DbCommand (3ms) [Parameters=[:Ma_0='?' (Size = 2000)], CommandType='Text', CommandTimeout='0']
      SELECT "l"."GIA_TRI"
      FROM "QL_NHAN_HIEN_THI" "l"
      WHERE "l"."MA" = :Ma_0
      FETCH FIRST 1 ROWS ONLY
info: Microsoft.EntityFrameworkCore.Database.Command[20101]
      Executed DbCommand (6ms) [Parameters=[:nguoiDung_ID_0='?' (DbType = Decimal)], CommandType='Text', CommandTimeout='0']
      SELECT "c"."VAI_TRO_ID"
      FROM "QL_VAI_TRO_NGUOI_DUNG" "c"
      WHERE "c"."NGUOI_DUNG_ID" = :nguoiDung_ID_0
info: Microsoft.EntityFrameworkCore.Database.Command[20101]
      Executed DbCommand (5ms) [Parameters=[:Ma_0='?' (Size = 2000)], CommandType='Text', CommandTimeout='0']
      SELECT "l"."GIA_TRI"
      FROM "QL_NHAN_HIEN_THI" "l"
      WHERE "l"."MA" = :Ma_0
      FETCH FIRST 1 ROWS ONLY
info: Microsoft.EntityFrameworkCore.Database.Command[20101]
      Executed DbCommand (3ms) [Parameters=[:nguoiDung_ID_0='?' (DbType = Decimal)], CommandType='Text', CommandTimeout='0']
      SELECT "c"."VAI_TRO_ID"
      FROM "QL_VAI_TRO_NGUOI_DUNG" "c"
      WHERE "c"."NGUOI_DUNG_ID" = :nguoiDung_ID_0
info: Microsoft.EntityFrameworkCore.Database.Command[20101]
      Executed DbCommand (3ms) [Parameters=[:Ma_0='?' (Size = 2000)], CommandType='Text', CommandTimeout='0']
      SELECT "l"."GIA_TRI"
      FROM "QL_NHAN_HIEN_THI" "l"
      WHERE "l"."MA" = :Ma_0
      FETCH FIRST 1 ROWS ONLY
info: Microsoft.EntityFrameworkCore.Database.Command[20101]
      Executed DbCommand (5ms) [Parameters=[:nguoiDung_ID_0='?' (DbType = Decimal)], CommandType='Text', CommandTimeout='0']
      SELECT "c"."VAI_TRO_ID"
      FROM "QL_VAI_TRO_NGUOI_DUNG" "c"
      WHERE "c"."NGUOI_DUNG_ID" = :nguoiDung_ID_0
info: Microsoft.EntityFrameworkCore.Database.Command[20101]
      Executed DbCommand (2ms) [Parameters=[:Ma_0='?' (Size = 2000)], CommandType='Text', CommandTimeout='0']
      SELECT "l"."GIA_TRI"
      FROM "QL_NHAN_HIEN_THI" "l"
      WHERE "l"."MA" = :Ma_0
      FETCH FIRST 1 ROWS ONLY
info: Microsoft.EntityFrameworkCore.Database.Command[20101]
      Executed DbCommand (2ms) [Parameters=[:nguoiDung_ID_0='?' (DbType = Decimal)], CommandType='Text', CommandTimeout='0']
      SELECT "c"."VAI_TRO_ID"
      FROM "QL_VAI_TRO_NGUOI_DUNG" "c"
      WHERE "c"."NGUOI_DUNG_ID" = :nguoiDung_ID_0
info: Microsoft.EntityFrameworkCore.Database.Command[20101]
      Executed DbCommand (4ms) [Parameters=[:Ma_0='?' (Size = 2000)], CommandType='Text', CommandTimeout='0']
      SELECT "l"."GIA_TRI"
      FROM "QL_NHAN_HIEN_THI" "l"
      WHERE "l"."MA" = :Ma_0
      FETCH FIRST 1 ROWS ONLY
info: Microsoft.EntityFrameworkCore.Database.Command[20101]
      Executed DbCommand (2ms) [Parameters=[:nguoiDung_ID_0='?' (DbType = Decimal)], CommandType='Text', CommandTimeout='0']
      SELECT "c"."VAI_TRO_ID"
      FROM "QL_VAI_TRO_NGUOI_DUNG" "c"
      WHERE "c"."NGUOI_DUNG_ID" = :nguoiDung_ID_0
info: Microsoft.EntityFrameworkCore.Database.Command[20101]
      Executed DbCommand (3ms) [Parameters=[:Ma_0='?' (Size = 2000)], CommandType='Text', CommandTimeout='0']
      SELECT "l"."GIA_TRI"
      FROM "QL_NHAN_HIEN_THI" "l"
      WHERE "l"."MA" = :Ma_0
      FETCH FIRST 1 ROWS ONLY
info: Microsoft.EntityFrameworkCore.Database.Command[20101]
      Executed DbCommand (3ms) [Parameters=[:nguoiDung_ID_0='?' (DbType = Decimal)], CommandType='Text', CommandTimeout='0']
      SELECT "c"."VAI_TRO_ID"
      FROM "QL_VAI_TRO_NGUOI_DUNG" "c"
      WHERE "c"."NGUOI_DUNG_ID" = :nguoiDung_ID_0
info: Microsoft.EntityFrameworkCore.Database.Command[20101]
      Executed DbCommand (57ms) [Parameters=[:donViId_0='?' (DbType = Decimal)], CommandType='Text', CommandTimeout='0']
      SELECT COUNT(*)
      FROM "DM_DON_VI" "p"
      WHERE ((("p"."PARENT_ID" = :donViId_0) AND ("p"."LA_BAN_QL_DU_AN" = 1)) OR (("p"."ID" = :donViId_0) AND ("p"."LOAI_DON_VI_ID" = 15.0))) OR (("p"."ID" = :donViId_0) AND ("p"."LA_BAN_QL_DU_AN" = 1))
info: Microsoft.EntityFrameworkCore.Database.Command[20101]
      Executed DbCommand (7ms) [Parameters=[:Ma_0='?' (Size = 2000)], CommandType='Text', CommandTimeout='0']
      SELECT "l"."GIA_TRI"
      FROM "QL_NHAN_HIEN_THI" "l"
      WHERE "l"."MA" = :Ma_0
      FETCH FIRST 1 ROWS ONLY
info: Microsoft.EntityFrameworkCore.Database.Command[20101]
      Executed DbCommand (2ms) [Parameters=[:nguoiDung_ID_0='?' (DbType = Decimal)], CommandType='Text', CommandTimeout='0']
      SELECT "c"."VAI_TRO_ID"
      FROM "QL_VAI_TRO_NGUOI_DUNG" "c"
      WHERE "c"."NGUOI_DUNG_ID" = :nguoiDung_ID_0
info: Microsoft.EntityFrameworkCore.Database.Command[20101]
      Executed DbCommand (61ms) [Parameters=[:donViId_0='?' (DbType = Decimal)], CommandType='Text', CommandTimeout='0']
      SELECT COUNT(*)
      FROM "DM_DON_VI" "p"
      WHERE ((("p"."PARENT_ID" = :donViId_0) AND ("p"."LA_BAN_QL_DU_AN" = 1)) OR (("p"."ID" = :donViId_0) AND ("p"."LOAI_DON_VI_ID" = 15.0))) OR (("p"."ID" = :donViId_0) AND ("p"."LA_BAN_QL_DU_AN" = 1))
info: Microsoft.EntityFrameworkCore.Database.Command[20101]
      Executed DbCommand (3ms) [Parameters=[:Ma_0='?' (Size = 2000)], CommandType='Text', CommandTimeout='0']
      SELECT "l"."GIA_TRI"
      FROM "QL_NHAN_HIEN_THI" "l"
      WHERE "l"."MA" = :Ma_0
      FETCH FIRST 1 ROWS ONLY
info: Microsoft.EntityFrameworkCore.Database.Command[20101]
      Executed DbCommand (2ms) [Parameters=[:nguoiDung_ID_0='?' (DbType = Decimal)], CommandType='Text', CommandTimeout='0']
      SELECT "c"."VAI_TRO_ID"
      FROM "QL_VAI_TRO_NGUOI_DUNG" "c"
      WHERE "c"."NGUOI_DUNG_ID" = :nguoiDung_ID_0
info: Microsoft.EntityFrameworkCore.Database.Command[20101]
      Executed DbCommand (58ms) [Parameters=[:donViId_0='?' (DbType = Decimal)], CommandType='Text', CommandTimeout='0']
      SELECT COUNT(*)
      FROM "DM_DON_VI" "p"
      WHERE ((("p"."PARENT_ID" = :donViId_0) AND ("p"."LA_BAN_QL_DU_AN" = 1)) OR (("p"."ID" = :donViId_0) AND ("p"."LOAI_DON_VI_ID" = 15.0))) OR (("p"."ID" = :donViId_0) AND ("p"."LA_BAN_QL_DU_AN" = 1))
info: Microsoft.EntityFrameworkCore.Database.Command[20101]
      Executed DbCommand (3ms) [Parameters=[:nguoiDung_ID_0='?' (DbType = Decimal)], CommandType='Text', CommandTimeout='0']
      SELECT "c"."VAI_TRO_ID"
      FROM "QL_VAI_TRO_NGUOI_DUNG" "c"
      WHERE "c"."NGUOI_DUNG_ID" = :nguoiDung_ID_0
info: Microsoft.EntityFrameworkCore.Database.Command[20101]
      Executed DbCommand (57ms) [Parameters=[:donViId_0='?' (DbType = Decimal)], CommandType='Text', CommandTimeout='0']
      SELECT COUNT(*)
      FROM "DM_DON_VI" "p"
      WHERE ((("p"."PARENT_ID" = :donViId_0) AND ("p"."LA_BAN_QL_DU_AN" = 1)) OR (("p"."ID" = :donViId_0) AND ("p"."LOAI_DON_VI_ID" = 15.0))) OR (("p"."ID" = :donViId_0) AND ("p"."LA_BAN_QL_DU_AN" = 1))
info: Microsoft.EntityFrameworkCore.Database.Command[20101]
      Executed DbCommand (5ms) [Parameters=[:nguoiDung_ID_0='?' (DbType = Decimal)], CommandType='Text', CommandTimeout='0']
      SELECT "c"."VAI_TRO_ID"
      FROM "QL_VAI_TRO_NGUOI_DUNG" "c"
      WHERE "c"."NGUOI_DUNG_ID" = :nguoiDung_ID_0
info: Microsoft.EntityFrameworkCore.Database.Command[20101]
      Executed DbCommand (58ms) [Parameters=[:donViId_0='?' (DbType = Decimal)], CommandType='Text', CommandTimeout='0']
      SELECT COUNT(*)
      FROM "DM_DON_VI" "p"
      WHERE ((("p"."PARENT_ID" = :donViId_0) AND ("p"."LA_BAN_QL_DU_AN" = 1)) OR (("p"."ID" = :donViId_0) AND ("p"."LOAI_DON_VI_ID" = 15.0))) OR (("p"."ID" = :donViId_0) AND ("p"."LA_BAN_QL_DU_AN" = 1))
info: Microsoft.EntityFrameworkCore.Database.Command[20101]
      Executed DbCommand (3ms) [Parameters=[:nguoiDung_ID_0='?' (DbType = Decimal)], CommandType='Text', CommandTimeout='0']
      SELECT "c"."VAI_TRO_ID"
      FROM "QL_VAI_TRO_NGUOI_DUNG" "c"
      WHERE "c"."NGUOI_DUNG_ID" = :nguoiDung_ID_0
info: Microsoft.EntityFrameworkCore.Database.Command[20101]
      Executed DbCommand (57ms) [Parameters=[:donViId_0='?' (DbType = Decimal)], CommandType='Text', CommandTimeout='0']
      SELECT COUNT(*)
      FROM "DM_DON_VI" "p"
      WHERE ((("p"."PARENT_ID" = :donViId_0) AND ("p"."LA_BAN_QL_DU_AN" = 1)) OR (("p"."ID" = :donViId_0) AND ("p"."LOAI_DON_VI_ID" = 15.0))) OR (("p"."ID" = :donViId_0) AND ("p"."LA_BAN_QL_DU_AN" = 1))
info: Microsoft.EntityFrameworkCore.Database.Command[20101]
      Executed DbCommand (2ms) [Parameters=[:nguoiDung_ID_0='?' (DbType = Decimal)], CommandType='Text', CommandTimeout='0']
      SELECT "c"."VAI_TRO_ID"
      FROM "QL_VAI_TRO_NGUOI_DUNG" "c"
      WHERE "c"."NGUOI_DUNG_ID" = :nguoiDung_ID_0
info: Microsoft.EntityFrameworkCore.Database.Command[20101]
      Executed DbCommand (62ms) [Parameters=[:donViId_0='?' (DbType = Decimal)], CommandType='Text', CommandTimeout='0']
      SELECT COUNT(*)
      FROM "DM_DON_VI" "p"
      WHERE ((("p"."PARENT_ID" = :donViId_0) AND ("p"."LA_BAN_QL_DU_AN" = 1)) OR (("p"."ID" = :donViId_0) AND ("p"."LOAI_DON_VI_ID" = 15.0))) OR (("p"."ID" = :donViId_0) AND ("p"."LA_BAN_QL_DU_AN" = 1))
info: Microsoft.EntityFrameworkCore.Database.Command[20101]
      Executed DbCommand (3ms) [Parameters=[:Ma_0='?' (Size = 2000)], CommandType='Text', CommandTimeout='0']
      SELECT "l"."GIA_TRI"
      FROM "QL_NHAN_HIEN_THI" "l"
      WHERE "l"."MA" = :Ma_0
      FETCH FIRST 1 ROWS ONLY
info: Microsoft.EntityFrameworkCore.Database.Command[20101]
      Executed DbCommand (3ms) [Parameters=[:nguoiDung_ID_0='?' (DbType = Decimal)], CommandType='Text', CommandTimeout='0']
      SELECT "c"."VAI_TRO_ID"
      FROM "QL_VAI_TRO_NGUOI_DUNG" "c"
      WHERE "c"."NGUOI_DUNG_ID" = :nguoiDung_ID_0
info: Microsoft.EntityFrameworkCore.Database.Command[20101]
      Executed DbCommand (3ms) [Parameters=[:Ma_0='?' (Size = 2000)], CommandType='Text', CommandTimeout='0']
      SELECT "l"."GIA_TRI"
      FROM "QL_NHAN_HIEN_THI" "l"
      WHERE "l"."MA" = :Ma_0
      FETCH FIRST 1 ROWS ONLY
info: Microsoft.EntityFrameworkCore.Database.Command[20101]
      Executed DbCommand (3ms) [Parameters=[:nguoiDung_ID_0='?' (DbType = Decimal)], CommandType='Text', CommandTimeout='0']
      SELECT "c"."VAI_TRO_ID"
      FROM "QL_VAI_TRO_NGUOI_DUNG" "c"
      WHERE "c"."NGUOI_DUNG_ID" = :nguoiDung_ID_0
info: Microsoft.EntityFrameworkCore.Database.Command[20101]
      Executed DbCommand (3ms) [Parameters=[:Ma_0='?' (Size = 2000)], CommandType='Text', CommandTimeout='0']
      SELECT "l"."GIA_TRI"
      FROM "QL_NHAN_HIEN_THI" "l"
      WHERE "l"."MA" = :Ma_0
      FETCH FIRST 1 ROWS ONLY
info: Microsoft.EntityFrameworkCore.Database.Command[20101]
      Executed DbCommand (3ms) [Parameters=[:nguoiDung_ID_0='?' (DbType = Decimal)], CommandType='Text', CommandTimeout='0']
      SELECT "c"."VAI_TRO_ID"
      FROM "QL_VAI_TRO_NGUOI_DUNG" "c"
      WHERE "c"."NGUOI_DUNG_ID" = :nguoiDung_ID_0
info: Microsoft.EntityFrameworkCore.Database.Command[20101]
      Executed DbCommand (3ms) [Parameters=[:Ma_0='?' (Size = 2000)], CommandType='Text', CommandTimeout='0']
      SELECT "l"."GIA_TRI"
      FROM "QL_NHAN_HIEN_THI" "l"
      WHERE "l"."MA" = :Ma_0
      FETCH FIRST 1 ROWS ONLY
info: Microsoft.EntityFrameworkCore.Database.Command[20101]
      Executed DbCommand (2ms) [Parameters=[:nguoiDung_ID_0='?' (DbType = Decimal)], CommandType='Text', CommandTimeout='0']
      SELECT "c"."VAI_TRO_ID"
      FROM "QL_VAI_TRO_NGUOI_DUNG" "c"
      WHERE "c"."NGUOI_DUNG_ID" = :nguoiDung_ID_0
info: Microsoft.EntityFrameworkCore.Database.Command[20101]
      Executed DbCommand (3ms) [Parameters=[:Ma_0='?' (Size = 2000)], CommandType='Text', CommandTimeout='0']
      SELECT "l"."GIA_TRI"
      FROM "QL_NHAN_HIEN_THI" "l"
      WHERE "l"."MA" = :Ma_0
      FETCH FIRST 1 ROWS ONLY
info: Microsoft.EntityFrameworkCore.Database.Command[20101]
      Executed DbCommand (2ms) [Parameters=[:nguoiDung_ID_0='?' (DbType = Decimal)], CommandType='Text', CommandTimeout='0']
      SELECT "c"."VAI_TRO_ID"
      FROM "QL_VAI_TRO_NGUOI_DUNG" "c"
      WHERE "c"."NGUOI_DUNG_ID" = :nguoiDung_ID_0
info: Microsoft.EntityFrameworkCore.Database.Command[20101]
      Executed DbCommand (3ms) [Parameters=[:Ma_0='?' (Size = 2000)], CommandType='Text', CommandTimeout='0']
      SELECT "l"."GIA_TRI"
      FROM "QL_NHAN_HIEN_THI" "l"
      WHERE "l"."MA" = :Ma_0
      FETCH FIRST 1 ROWS ONLY
info: Microsoft.EntityFrameworkCore.Database.Command[20101]
      Executed DbCommand (3ms) [Parameters=[:nguoiDung_ID_0='?' (DbType = Decimal)], CommandType='Text', CommandTimeout='0']
      SELECT "c"."VAI_TRO_ID"
      FROM "QL_VAI_TRO_NGUOI_DUNG" "c"
      WHERE "c"."NGUOI_DUNG_ID" = :nguoiDung_ID_0
info: Microsoft.EntityFrameworkCore.Database.Command[20101]
      Executed DbCommand (2ms) [Parameters=[:Ma_0='?' (Size = 2000)], CommandType='Text', CommandTimeout='0']
      SELECT "l"."GIA_TRI"
      FROM "QL_NHAN_HIEN_THI" "l"
      WHERE "l"."MA" = :Ma_0
      FETCH FIRST 1 ROWS ONLY
info: Microsoft.EntityFrameworkCore.Database.Command[20101]
      Executed DbCommand (2ms) [Parameters=[:nguoiDung_ID_0='?' (DbType = Decimal)], CommandType='Text', CommandTimeout='0']
      SELECT "c"."VAI_TRO_ID"
      FROM "QL_VAI_TRO_NGUOI_DUNG" "c"
      WHERE "c"."NGUOI_DUNG_ID" = :nguoiDung_ID_0
info: Microsoft.EntityFrameworkCore.Database.Command[20101]
      Executed DbCommand (3ms) [Parameters=[:Ma_0='?' (Size = 2000)], CommandType='Text', CommandTimeout='0']
      SELECT "l"."GIA_TRI"
      FROM "QL_NHAN_HIEN_THI" "l"
      WHERE "l"."MA" = :Ma_0
      FETCH FIRST 1 ROWS ONLY
info: Microsoft.EntityFrameworkCore.Database.Command[20101]
      Executed DbCommand (2ms) [Parameters=[:nguoiDung_ID_0='?' (DbType = Decimal)], CommandType='Text', CommandTimeout='0']
      SELECT "c"."VAI_TRO_ID"
      FROM "QL_VAI_TRO_NGUOI_DUNG" "c"
      WHERE "c"."NGUOI_DUNG_ID" = :nguoiDung_ID_0
info: Microsoft.EntityFrameworkCore.Database.Command[20101]
      Executed DbCommand (2ms) [Parameters=[:Ma_0='?' (Size = 2000)], CommandType='Text', CommandTimeout='0']
      SELECT "l"."GIA_TRI"
      FROM "QL_NHAN_HIEN_THI" "l"
      WHERE "l"."MA" = :Ma_0
      FETCH FIRST 1 ROWS ONLY
info: Microsoft.EntityFrameworkCore.Database.Command[20101]
      Executed DbCommand (3ms) [Parameters=[:nguoiDung_ID_0='?' (DbType = Decimal)], CommandType='Text', CommandTimeout='0']
      SELECT "c"."VAI_TRO_ID"
      FROM "QL_VAI_TRO_NGUOI_DUNG" "c"
      WHERE "c"."NGUOI_DUNG_ID" = :nguoiDung_ID_0
info: Microsoft.EntityFrameworkCore.Database.Command[20101]
      Executed DbCommand (5ms) [Parameters=[:Ma_0='?' (Size = 2000)], CommandType='Text', CommandTimeout='0']
      SELECT "l"."GIA_TRI"
      FROM "QL_NHAN_HIEN_THI" "l"
      WHERE "l"."MA" = :Ma_0
      FETCH FIRST 1 ROWS ONLY
info: Microsoft.EntityFrameworkCore.Database.Command[20101]
      Executed DbCommand (2ms) [Parameters=[:nguoiDung_ID_0='?' (DbType = Decimal)], CommandType='Text', CommandTimeout='0']
      SELECT "c"."VAI_TRO_ID"
      FROM "QL_VAI_TRO_NGUOI_DUNG" "c"
      WHERE "c"."NGUOI_DUNG_ID" = :nguoiDung_ID_0
info: Microsoft.EntityFrameworkCore.Database.Command[20101]
      Executed DbCommand (2ms) [Parameters=[:Ma_0='?' (Size = 2000)], CommandType='Text', CommandTimeout='0']
      SELECT "l"."GIA_TRI"
      FROM "QL_NHAN_HIEN_THI" "l"
      WHERE "l"."MA" = :Ma_0
      FETCH FIRST 1 ROWS ONLY
info: Microsoft.EntityFrameworkCore.Database.Command[20101]
      Executed DbCommand (2ms) [Parameters=[:nguoiDung_ID_0='?' (DbType = Decimal)], CommandType='Text', CommandTimeout='0']
      SELECT "c"."VAI_TRO_ID"
      FROM "QL_VAI_TRO_NGUOI_DUNG" "c"
      WHERE "c"."NGUOI_DUNG_ID" = :nguoiDung_ID_0
info: Microsoft.EntityFrameworkCore.Database.Command[20101]
      Executed DbCommand (4ms) [Parameters=[:Ma_0='?' (Size = 2000)], CommandType='Text', CommandTimeout='0']
      SELECT "l"."GIA_TRI"
      FROM "QL_NHAN_HIEN_THI" "l"
      WHERE "l"."MA" = :Ma_0
      FETCH FIRST 1 ROWS ONLY
info: Microsoft.EntityFrameworkCore.Database.Command[20101]
      Executed DbCommand (2ms) [Parameters=[:nguoiDung_ID_0='?' (DbType = Decimal)], CommandType='Text', CommandTimeout='0']
      SELECT "c"."VAI_TRO_ID"
      FROM "QL_VAI_TRO_NGUOI_DUNG" "c"
      WHERE "c"."NGUOI_DUNG_ID" = :nguoiDung_ID_0
info: Microsoft.EntityFrameworkCore.Database.Command[20101]
      Executed DbCommand (2ms) [Parameters=[:Ma_0='?' (Size = 2000)], CommandType='Text', CommandTimeout='0']
      SELECT "l"."GIA_TRI"
      FROM "QL_NHAN_HIEN_THI" "l"
      WHERE "l"."MA" = :Ma_0
      FETCH FIRST 1 ROWS ONLY
info: Microsoft.EntityFrameworkCore.Database.Command[20101]
      Executed DbCommand (3ms) [Parameters=[:nguoiDung_ID_0='?' (DbType = Decimal)], CommandType='Text', CommandTimeout='0']
      SELECT "c"."VAI_TRO_ID"
      FROM "QL_VAI_TRO_NGUOI_DUNG" "c"
      WHERE "c"."NGUOI_DUNG_ID" = :nguoiDung_ID_0
info: Microsoft.EntityFrameworkCore.Database.Command[20101]
      Executed DbCommand (4ms) [Parameters=[:Ma_0='?' (Size = 2000)], CommandType='Text', CommandTimeout='0']
      SELECT "l"."GIA_TRI"
      FROM "QL_NHAN_HIEN_THI" "l"
      WHERE "l"."MA" = :Ma_0
      FETCH FIRST 1 ROWS ONLY
info: Microsoft.EntityFrameworkCore.Database.Command[20101]
      Executed DbCommand (2ms) [Parameters=[:nguoiDung_ID_0='?' (DbType = Decimal)], CommandType='Text', CommandTimeout='0']
      SELECT "c"."VAI_TRO_ID"
      FROM "QL_VAI_TRO_NGUOI_DUNG" "c"
      WHERE "c"."NGUOI_DUNG_ID" = :nguoiDung_ID_0
info: Microsoft.EntityFrameworkCore.Database.Command[20101]
      Executed DbCommand (2ms) [Parameters=[:Ma_0='?' (Size = 2000)], CommandType='Text', CommandTimeout='0']
      SELECT "l"."GIA_TRI"
      FROM "QL_NHAN_HIEN_THI" "l"
      WHERE "l"."MA" = :Ma_0
      FETCH FIRST 1 ROWS ONLY
info: Microsoft.EntityFrameworkCore.Database.Command[20101]
      Executed DbCommand (2ms) [Parameters=[:nguoiDung_ID_0='?' (DbType = Decimal)], CommandType='Text', CommandTimeout='0']
      SELECT "c"."VAI_TRO_ID"
      FROM "QL_VAI_TRO_NGUOI_DUNG" "c"
      WHERE "c"."NGUOI_DUNG_ID" = :nguoiDung_ID_0
info: Microsoft.EntityFrameworkCore.Database.Command[20101]
      Executed DbCommand (3ms) [Parameters=[:Ma_0='?' (Size = 2000)], CommandType='Text', CommandTimeout='0']
      SELECT "l"."GIA_TRI"
      FROM "QL_NHAN_HIEN_THI" "l"
      WHERE "l"."MA" = :Ma_0
      FETCH FIRST 1 ROWS ONLY
info: Microsoft.EntityFrameworkCore.Database.Command[20101]
      Executed DbCommand (3ms) [Parameters=[:nguoiDung_ID_0='?' (DbType = Decimal)], CommandType='Text', CommandTimeout='0']
      SELECT "c"."VAI_TRO_ID"
      FROM "QL_VAI_TRO_NGUOI_DUNG" "c"
      WHERE "c"."NGUOI_DUNG_ID" = :nguoiDung_ID_0
info: Microsoft.EntityFrameworkCore.Database.Command[20101]
      Executed DbCommand (2ms) [Parameters=[:Ma_0='?' (Size = 2000)], CommandType='Text', CommandTimeout='0']
      SELECT "l"."GIA_TRI"
      FROM "QL_NHAN_HIEN_THI" "l"
      WHERE "l"."MA" = :Ma_0
      FETCH FIRST 1 ROWS ONLY
info: Microsoft.EntityFrameworkCore.Database.Command[20101]
      Executed DbCommand (3ms) [Parameters=[:nguoiDung_ID_0='?' (DbType = Decimal)], CommandType='Text', CommandTimeout='0']
      SELECT "c"."VAI_TRO_ID"
      FROM "QL_VAI_TRO_NGUOI_DUNG" "c"
      WHERE "c"."NGUOI_DUNG_ID" = :nguoiDung_ID_0
info: Microsoft.EntityFrameworkCore.Database.Command[20101]
      Executed DbCommand (2ms) [Parameters=[:Ma_0='?' (Size = 2000)], CommandType='Text', CommandTimeout='0']
      SELECT "l"."GIA_TRI"
      FROM "QL_NHAN_HIEN_THI" "l"
      WHERE "l"."MA" = :Ma_0
      FETCH FIRST 1 ROWS ONLY
info: Microsoft.EntityFrameworkCore.Database.Command[20101]
      Executed DbCommand (2ms) [Parameters=[:nguoiDung_ID_0='?' (DbType = Decimal)], CommandType='Text', CommandTimeout='0']
      SELECT "c"."VAI_TRO_ID"
      FROM "QL_VAI_TRO_NGUOI_DUNG" "c"
      WHERE "c"."NGUOI_DUNG_ID" = :nguoiDung_ID_0
info: Microsoft.EntityFrameworkCore.Database.Command[20101]
      Executed DbCommand (3ms) [Parameters=[:Ma_0='?' (Size = 2000)], CommandType='Text', CommandTimeout='0']
      SELECT "l"."GIA_TRI"
      FROM "QL_NHAN_HIEN_THI" "l"
      WHERE "l"."MA" = :Ma_0
      FETCH FIRST 1 ROWS ONLY
info: Microsoft.EntityFrameworkCore.Database.Command[20101]
      Executed DbCommand (3ms) [Parameters=[:Ma_0='?' (Size = 2000)], CommandType='Text', CommandTimeout='0']
      SELECT "l"."GIA_TRI"
      FROM "QL_NHAN_HIEN_THI" "l"
      WHERE "l"."MA" = :Ma_0
      FETCH FIRST 1 ROWS ONLY
info: Microsoft.EntityFrameworkCore.Database.Command[20101]
      Executed DbCommand (3ms) [Parameters=[:Ma_0='?' (Size = 2000)], CommandType='Text', CommandTimeout='0']
      SELECT "l"."GIA_TRI"
      FROM "QL_NHAN_HIEN_THI" "l"
      WHERE "l"."MA" = :Ma_0
      FETCH FIRST 1 ROWS ONLY
info: Microsoft.EntityFrameworkCore.Database.Command[20101]
      Executed DbCommand (2ms) [Parameters=[:Ma_0='?' (Size = 2000)], CommandType='Text', CommandTimeout='0']
      SELECT "l"."GIA_TRI"
      FROM "QL_NHAN_HIEN_THI" "l"
      WHERE "l"."MA" = :Ma_0
      FETCH FIRST 1 ROWS ONLY
info: Microsoft.EntityFrameworkCore.Database.Command[20101]
      Executed DbCommand (3ms) [Parameters=[:Ma_0='?' (Size = 2000)], CommandType='Text', CommandTimeout='0']
      SELECT "l"."GIA_TRI"
      FROM "QL_NHAN_HIEN_THI" "l"
      WHERE "l"."MA" = :Ma_0
      FETCH FIRST 1 ROWS ONLY
info: Microsoft.EntityFrameworkCore.Database.Command[20101]
      Executed DbCommand (3ms) [Parameters=[:nguoiDung_ID_0='?' (DbType = Decimal)], CommandType='Text', CommandTimeout='0']
      SELECT "c"."VAI_TRO_ID"
      FROM "QL_VAI_TRO_NGUOI_DUNG" "c"
      WHERE "c"."NGUOI_DUNG_ID" = :nguoiDung_ID_0
info: Microsoft.EntityFrameworkCore.Database.Command[20101]
      Executed DbCommand (3ms) [Parameters=[:Ma_0='?' (Size = 2000)], CommandType='Text', CommandTimeout='0']
      SELECT "l"."GIA_TRI"
      FROM "QL_NHAN_HIEN_THI" "l"
      WHERE "l"."MA" = :Ma_0
      FETCH FIRST 1 ROWS ONLY
info: Microsoft.EntityFrameworkCore.Database.Command[20101]
      Executed DbCommand (5ms) [Parameters=[:Ma_0='?' (Size = 2000)], CommandType='Text', CommandTimeout='0']
      SELECT "l"."GIA_TRI"
      FROM "QL_NHAN_HIEN_THI" "l"
      WHERE "l"."MA" = :Ma_0
      FETCH FIRST 1 ROWS ONLY
info: Microsoft.EntityFrameworkCore.Database.Command[20101]
      Executed DbCommand (5ms) [Parameters=[:Ma_0='?' (Size = 2000)], CommandType='Text', CommandTimeout='0']
      SELECT "l"."GIA_TRI"
      FROM "QL_NHAN_HIEN_THI" "l"
      WHERE "l"."MA" = :Ma_0
      FETCH FIRST 1 ROWS ONLY
info: Microsoft.EntityFrameworkCore.Database.Command[20101]
      Executed DbCommand (3ms) [Parameters=[:nguoiDung_ID_0='?' (DbType = Decimal)], CommandType='Text', CommandTimeout='0']
      SELECT "c"."VAI_TRO_ID"
      FROM "QL_VAI_TRO_NGUOI_DUNG" "c"
      WHERE "c"."NGUOI_DUNG_ID" = :nguoiDung_ID_0
info: Microsoft.EntityFrameworkCore.Database.Command[20101]
      Executed DbCommand (3ms) [Parameters=[:Ma_0='?' (Size = 2000)], CommandType='Text', CommandTimeout='0']
      SELECT "l"."GIA_TRI"
      FROM "QL_NHAN_HIEN_THI" "l"
      WHERE "l"."MA" = :Ma_0
      FETCH FIRST 1 ROWS ONLY
info: Microsoft.EntityFrameworkCore.Database.Command[20101]
      Executed DbCommand (3ms) [Parameters=[:Ma_0='?' (Size = 2000)], CommandType='Text', CommandTimeout='0']
      SELECT "l"."GIA_TRI"
      FROM "QL_NHAN_HIEN_THI" "l"
      WHERE "l"."MA" = :Ma_0
      FETCH FIRST 1 ROWS ONLY
info: Microsoft.EntityFrameworkCore.Database.Command[20101]
      Executed DbCommand (3ms) [Parameters=[:Ma_0='?' (Size = 2000)], CommandType='Text', CommandTimeout='0']
      SELECT "l"."GIA_TRI"
      FROM "QL_NHAN_HIEN_THI" "l"
      WHERE "l"."MA" = :Ma_0
      FETCH FIRST 1 ROWS ONLY
info: Microsoft.EntityFrameworkCore.Database.Command[20101]
      Executed DbCommand (3ms) [Parameters=[:nguoiDung_ID_0='?' (DbType = Decimal)], CommandType='Text', CommandTimeout='0']
      SELECT "c"."VAI_TRO_ID"
      FROM "QL_VAI_TRO_NGUOI_DUNG" "c"
      WHERE "c"."NGUOI_DUNG_ID" = :nguoiDung_ID_0
info: Microsoft.EntityFrameworkCore.Database.Command[20101]
      Executed DbCommand (3ms) [Parameters=[:Ma_0='?' (Size = 2000)], CommandType='Text', CommandTimeout='0']
      SELECT "l"."GIA_TRI"
      FROM "QL_NHAN_HIEN_THI" "l"
      WHERE "l"."MA" = :Ma_0
      FETCH FIRST 1 ROWS ONLY
info: Microsoft.EntityFrameworkCore.Database.Command[20101]
      Executed DbCommand (6ms) [Parameters=[:Ma_0='?' (Size = 2000)], CommandType='Text', CommandTimeout='0']
      SELECT "l"."GIA_TRI"
      FROM "QL_NHAN_HIEN_THI" "l"
      WHERE "l"."MA" = :Ma_0
      FETCH FIRST 1 ROWS ONLY
info: Microsoft.EntityFrameworkCore.Database.Command[20101]
      Executed DbCommand (4ms) [Parameters=[:nguoiDung_ID_0='?' (DbType = Decimal)], CommandType='Text', CommandTimeout='0']
      SELECT "c"."VAI_TRO_ID"
      FROM "QL_VAI_TRO_NGUOI_DUNG" "c"
      WHERE "c"."NGUOI_DUNG_ID" = :nguoiDung_ID_0
info: Microsoft.EntityFrameworkCore.Database.Command[20101]
      Executed DbCommand (3ms) [Parameters=[:Ma_0='?' (Size = 2000)], CommandType='Text', CommandTimeout='0']
      SELECT "l"."GIA_TRI"
      FROM "QL_NHAN_HIEN_THI" "l"
      WHERE "l"."MA" = :Ma_0
      FETCH FIRST 1 ROWS ONLY
info: Microsoft.EntityFrameworkCore.Database.Command[20101]
      Executed DbCommand (2ms) [Parameters=[:nguoiDung_ID_0='?' (DbType = Decimal)], CommandType='Text', CommandTimeout='0']
      SELECT "c"."VAI_TRO_ID"
      FROM "QL_VAI_TRO_NGUOI_DUNG" "c"
      WHERE "c"."NGUOI_DUNG_ID" = :nguoiDung_ID_0
info: Microsoft.EntityFrameworkCore.Database.Command[20101]
      Executed DbCommand (4ms) [Parameters=[:Ma_0='?' (Size = 2000)], CommandType='Text', CommandTimeout='0']
      SELECT "l"."GIA_TRI"
      FROM "QL_NHAN_HIEN_THI" "l"
      WHERE "l"."MA" = :Ma_0
      FETCH FIRST 1 ROWS ONLY
info: Microsoft.EntityFrameworkCore.Database.Command[20101]
      Executed DbCommand (2ms) [Parameters=[:nguoiDung_ID_0='?' (DbType = Decimal)], CommandType='Text', CommandTimeout='0']
      SELECT "c"."VAI_TRO_ID"
      FROM "QL_VAI_TRO_NGUOI_DUNG" "c"
      WHERE "c"."NGUOI_DUNG_ID" = :nguoiDung_ID_0
info: Microsoft.EntityFrameworkCore.Database.Command[20101]
      Executed DbCommand (3ms) [Parameters=[:Ma_0='?' (Size = 2000)], CommandType='Text', CommandTimeout='0']
      SELECT "l"."GIA_TRI"
      FROM "QL_NHAN_HIEN_THI" "l"
      WHERE "l"."MA" = :Ma_0
      FETCH FIRST 1 ROWS ONLY
info: Microsoft.EntityFrameworkCore.Database.Command[20101]
      Executed DbCommand (5ms) [Parameters=[:nguoiDung_ID_0='?' (DbType = Decimal)], CommandType='Text', CommandTimeout='0']
      SELECT "c"."VAI_TRO_ID"
      FROM "QL_VAI_TRO_NGUOI_DUNG" "c"
      WHERE "c"."NGUOI_DUNG_ID" = :nguoiDung_ID_0
info: Microsoft.EntityFrameworkCore.Database.Command[20101]
      Executed DbCommand (4ms) [Parameters=[:Ma_0='?' (Size = 2000)], CommandType='Text', CommandTimeout='0']
      SELECT "l"."GIA_TRI"
      FROM "QL_NHAN_HIEN_THI" "l"
      WHERE "l"."MA" = :Ma_0
      FETCH FIRST 1 ROWS ONLY
info: Microsoft.EntityFrameworkCore.Database.Command[20101]
      Executed DbCommand (3ms) [Parameters=[:nguoiDung_ID_0='?' (DbType = Decimal)], CommandType='Text', CommandTimeout='0']
      SELECT "c"."VAI_TRO_ID"
      FROM "QL_VAI_TRO_NGUOI_DUNG" "c"
      WHERE "c"."NGUOI_DUNG_ID" = :nguoiDung_ID_0
info: Microsoft.EntityFrameworkCore.Database.Command[20101]
      Executed DbCommand (3ms) [Parameters=[:Ma_0='?' (Size = 2000)], CommandType='Text', CommandTimeout='0']
      SELECT "l"."GIA_TRI"
      FROM "QL_NHAN_HIEN_THI" "l"
      WHERE "l"."MA" = :Ma_0
      FETCH FIRST 1 ROWS ONLY
info: Microsoft.EntityFrameworkCore.Database.Command[20101]
      Executed DbCommand (6ms) [Parameters=[:nguoiDung_ID_0='?' (DbType = Decimal)], CommandType='Text', CommandTimeout='0']
      SELECT "c"."VAI_TRO_ID"
      FROM "QL_VAI_TRO_NGUOI_DUNG" "c"
      WHERE "c"."NGUOI_DUNG_ID" = :nguoiDung_ID_0
info: Microsoft.EntityFrameworkCore.Database.Command[20101]
      Executed DbCommand (4ms) [Parameters=[:Ma_0='?' (Size = 2000)], CommandType='Text', CommandTimeout='0']
      SELECT "l"."GIA_TRI"
      FROM "QL_NHAN_HIEN_THI" "l"
      WHERE "l"."MA" = :Ma_0
      FETCH FIRST 1 ROWS ONLY
info: Microsoft.EntityFrameworkCore.Database.Command[20101]
      Executed DbCommand (3ms) [Parameters=[:Ma_0='?' (Size = 2000)], CommandType='Text', CommandTimeout='0']
      SELECT "l"."GIA_TRI"
      FROM "QL_NHAN_HIEN_THI" "l"
      WHERE "l"."MA" = :Ma_0
      FETCH FIRST 1 ROWS ONLY
info: Microsoft.EntityFrameworkCore.Database.Command[20101]
      Executed DbCommand (8ms) [Parameters=[:Ma_0='?' (Size = 2000)], CommandType='Text', CommandTimeout='0']
      SELECT "l"."GIA_TRI"
      FROM "QL_NHAN_HIEN_THI" "l"
      WHERE "l"."MA" = :Ma_0
      FETCH FIRST 1 ROWS ONLY
info: Microsoft.EntityFrameworkCore.Database.Command[20101]
      Executed DbCommand (3ms) [Parameters=[:Ma_0='?' (Size = 2000)], CommandType='Text', CommandTimeout='0']
      SELECT "l"."GIA_TRI"
      FROM "QL_NHAN_HIEN_THI" "l"
      WHERE "l"."MA" = :Ma_0
      FETCH FIRST 1 ROWS ONLY
info: Microsoft.EntityFrameworkCore.Database.Command[20101]
      Executed DbCommand (3ms) [Parameters=[:nguoiDung_ID_0='?' (DbType = Decimal)], CommandType='Text', CommandTimeout='0']
      SELECT "c"."VAI_TRO_ID"
      FROM "QL_VAI_TRO_NGUOI_DUNG" "c"
      WHERE "c"."NGUOI_DUNG_ID" = :nguoiDung_ID_0
info: Microsoft.EntityFrameworkCore.Database.Command[20101]
      Executed DbCommand (3ms) [Parameters=[:Ma_0='?' (Size = 2000)], CommandType='Text', CommandTimeout='0']
      SELECT "l"."GIA_TRI"
      FROM "QL_NHAN_HIEN_THI" "l"
      WHERE "l"."MA" = :Ma_0
      FETCH FIRST 1 ROWS ONLY
info: Microsoft.EntityFrameworkCore.Database.Command[20101]
      Executed DbCommand (5ms) [Parameters=[:nguoiDung_ID_0='?' (DbType = Decimal)], CommandType='Text', CommandTimeout='0']
      SELECT "c"."VAI_TRO_ID"
      FROM "QL_VAI_TRO_NGUOI_DUNG" "c"
      WHERE "c"."NGUOI_DUNG_ID" = :nguoiDung_ID_0
info: Microsoft.EntityFrameworkCore.Database.Command[20101]
      Executed DbCommand (3ms) [Parameters=[:Ma_0='?' (Size = 2000)], CommandType='Text', CommandTimeout='0']
      SELECT "l"."GIA_TRI"
      FROM "QL_NHAN_HIEN_THI" "l"
      WHERE "l"."MA" = :Ma_0
      FETCH FIRST 1 ROWS ONLY
info: Microsoft.EntityFrameworkCore.Database.Command[20101]
      Executed DbCommand (3ms) [Parameters=[:nguoiDung_ID_0='?' (DbType = Decimal)], CommandType='Text', CommandTimeout='0']
      SELECT "c"."VAI_TRO_ID"
      FROM "QL_VAI_TRO_NGUOI_DUNG" "c"
      WHERE "c"."NGUOI_DUNG_ID" = :nguoiDung_ID_0
info: Microsoft.EntityFrameworkCore.Database.Command[20101]
      Executed DbCommand (6ms) [Parameters=[:Ma_0='?' (Size = 2000)], CommandType='Text', CommandTimeout='0']
      SELECT "l"."GIA_TRI"
      FROM "QL_NHAN_HIEN_THI" "l"
      WHERE "l"."MA" = :Ma_0
      FETCH FIRST 1 ROWS ONLY
info: Microsoft.EntityFrameworkCore.Database.Command[20101]
      Executed DbCommand (3ms) [Parameters=[:nguoiDung_ID_0='?' (DbType = Decimal)], CommandType='Text', CommandTimeout='0']
      SELECT "c"."VAI_TRO_ID"
      FROM "QL_VAI_TRO_NGUOI_DUNG" "c"
      WHERE "c"."NGUOI_DUNG_ID" = :nguoiDung_ID_0
info: Microsoft.EntityFrameworkCore.Database.Command[20101]
      Executed DbCommand (5ms) [Parameters=[:Ma_0='?' (Size = 2000)], CommandType='Text', CommandTimeout='0']
      SELECT "l"."GIA_TRI"
      FROM "QL_NHAN_HIEN_THI" "l"
      WHERE "l"."MA" = :Ma_0
      FETCH FIRST 1 ROWS ONLY
info: Microsoft.EntityFrameworkCore.Database.Command[20101]
      Executed DbCommand (3ms) [Parameters=[:nguoiDung_ID_0='?' (DbType = Decimal)], CommandType='Text', CommandTimeout='0']
      SELECT "c"."VAI_TRO_ID"
      FROM "QL_VAI_TRO_NGUOI_DUNG" "c"
      WHERE "c"."NGUOI_DUNG_ID" = :nguoiDung_ID_0
info: Microsoft.EntityFrameworkCore.Database.Command[20101]
      Executed DbCommand (4ms) [Parameters=[:Ma_0='?' (Size = 2000)], CommandType='Text', CommandTimeout='0']
      SELECT "l"."GIA_TRI"
      FROM "QL_NHAN_HIEN_THI" "l"
      WHERE "l"."MA" = :Ma_0
      FETCH FIRST 1 ROWS ONLY
info: Microsoft.EntityFrameworkCore.Database.Command[20101]
      Executed DbCommand (3ms) [Parameters=[:nguoiDung_ID_0='?' (DbType = Decimal)], CommandType='Text', CommandTimeout='0']
      SELECT "c"."VAI_TRO_ID"
      FROM "QL_VAI_TRO_NGUOI_DUNG" "c"
      WHERE "c"."NGUOI_DUNG_ID" = :nguoiDung_ID_0
info: Microsoft.EntityFrameworkCore.Database.Command[20101]
      Executed DbCommand (5ms) [Parameters=[:Ma_0='?' (Size = 2000)], CommandType='Text', CommandTimeout='0']
      SELECT "l"."GIA_TRI"
      FROM "QL_NHAN_HIEN_THI" "l"
      WHERE "l"."MA" = :Ma_0
      FETCH FIRST 1 ROWS ONLY
info: Microsoft.EntityFrameworkCore.Database.Command[20101]
      Executed DbCommand (3ms) [Parameters=[:nguoiDung_ID_0='?' (DbType = Decimal)], CommandType='Text', CommandTimeout='0']
      SELECT "c"."VAI_TRO_ID"
      FROM "QL_VAI_TRO_NGUOI_DUNG" "c"
      WHERE "c"."NGUOI_DUNG_ID" = :nguoiDung_ID_0
info: Microsoft.EntityFrameworkCore.Database.Command[20101]
      Executed DbCommand (3ms) [Parameters=[:Ma_0='?' (Size = 2000)], CommandType='Text', CommandTimeout='0']
      SELECT "l"."GIA_TRI"
      FROM "QL_NHAN_HIEN_THI" "l"
      WHERE "l"."MA" = :Ma_0
      FETCH FIRST 1 ROWS ONLY
info: Microsoft.EntityFrameworkCore.Database.Command[20101]
      Executed DbCommand (7ms) [Parameters=[:nguoiDung_ID_0='?' (DbType = Decimal)], CommandType='Text', CommandTimeout='0']
      SELECT "c"."VAI_TRO_ID"
      FROM "QL_VAI_TRO_NGUOI_DUNG" "c"
      WHERE "c"."NGUOI_DUNG_ID" = :nguoiDung_ID_0
info: Microsoft.EntityFrameworkCore.Database.Command[20101]
      Executed DbCommand (4ms) [Parameters=[:Ma_0='?' (Size = 2000)], CommandType='Text', CommandTimeout='0']
      SELECT "l"."GIA_TRI"
      FROM "QL_NHAN_HIEN_THI" "l"
      WHERE "l"."MA" = :Ma_0
      FETCH FIRST 1 ROWS ONLY
info: Microsoft.EntityFrameworkCore.Database.Command[20101]
      Executed DbCommand (6ms) [Parameters=[:nguoiDung_ID_0='?' (DbType = Decimal)], CommandType='Text', CommandTimeout='0']
      SELECT "c"."VAI_TRO_ID"
      FROM "QL_VAI_TRO_NGUOI_DUNG" "c"
      WHERE "c"."NGUOI_DUNG_ID" = :nguoiDung_ID_0
info: Microsoft.EntityFrameworkCore.Database.Command[20101]
      Executed DbCommand (4ms) [Parameters=[:Ma_0='?' (Size = 2000)], CommandType='Text', CommandTimeout='0']
      SELECT "l"."GIA_TRI"
      FROM "QL_NHAN_HIEN_THI" "l"
      WHERE "l"."MA" = :Ma_0
      FETCH FIRST 1 ROWS ONLY
info: Microsoft.EntityFrameworkCore.Database.Command[20101]
      Executed DbCommand (3ms) [Parameters=[:nguoiDung_ID_0='?' (DbType = Decimal)], CommandType='Text', CommandTimeout='0']
      SELECT "c"."VAI_TRO_ID"
      FROM "QL_VAI_TRO_NGUOI_DUNG" "c"
      WHERE "c"."NGUOI_DUNG_ID" = :nguoiDung_ID_0
info: Microsoft.EntityFrameworkCore.Database.Command[20101]
      Executed DbCommand (5ms) [Parameters=[:Ma_0='?' (Size = 2000)], CommandType='Text', CommandTimeout='0']
      SELECT "l"."GIA_TRI"
      FROM "QL_NHAN_HIEN_THI" "l"
      WHERE "l"."MA" = :Ma_0
      FETCH FIRST 1 ROWS ONLY
info: Microsoft.EntityFrameworkCore.Database.Command[20101]
      Executed DbCommand (2ms) [Parameters=[:nguoiDung_ID_0='?' (DbType = Decimal)], CommandType='Text', CommandTimeout='0']
      SELECT "c"."VAI_TRO_ID"
      FROM "QL_VAI_TRO_NGUOI_DUNG" "c"
      WHERE "c"."NGUOI_DUNG_ID" = :nguoiDung_ID_0
info: Microsoft.EntityFrameworkCore.Database.Command[20101]
      Executed DbCommand (3ms) [Parameters=[:Ma_0='?' (Size = 2000)], CommandType='Text', CommandTimeout='0']
      SELECT "l"."GIA_TRI"
      FROM "QL_NHAN_HIEN_THI" "l"
      WHERE "l"."MA" = :Ma_0
      FETCH FIRST 1 ROWS ONLY
info: Microsoft.EntityFrameworkCore.Database.Command[20101]
      Executed DbCommand (4ms) [Parameters=[:nguoiDung_ID_0='?' (DbType = Decimal)], CommandType='Text', CommandTimeout='0']
      SELECT "c"."VAI_TRO_ID"
      FROM "QL_VAI_TRO_NGUOI_DUNG" "c"
      WHERE "c"."NGUOI_DUNG_ID" = :nguoiDung_ID_0
info: Microsoft.EntityFrameworkCore.Database.Command[20101]
      Executed DbCommand (3ms) [Parameters=[:Ma_0='?' (Size = 2000)], CommandType='Text', CommandTimeout='0']
      SELECT "l"."GIA_TRI"
      FROM "QL_NHAN_HIEN_THI" "l"
      WHERE "l"."MA" = :Ma_0
      FETCH FIRST 1 ROWS ONLY
info: Microsoft.EntityFrameworkCore.Database.Command[20101]
      Executed DbCommand (2ms) [Parameters=[:nguoiDung_ID_0='?' (DbType = Decimal)], CommandType='Text', CommandTimeout='0']
      SELECT "c"."VAI_TRO_ID"
      FROM "QL_VAI_TRO_NGUOI_DUNG" "c"
      WHERE "c"."NGUOI_DUNG_ID" = :nguoiDung_ID_0
info: Microsoft.EntityFrameworkCore.Database.Command[20101]
      Executed DbCommand (3ms) [Parameters=[:Ma_0='?' (Size = 2000)], CommandType='Text', CommandTimeout='0']
      SELECT "l"."GIA_TRI"
      FROM "QL_NHAN_HIEN_THI" "l"
      WHERE "l"."MA" = :Ma_0
      FETCH FIRST 1 ROWS ONLY
info: Microsoft.EntityFrameworkCore.Database.Command[20101]
      Executed DbCommand (4ms) [Parameters=[:nguoiDung_ID_0='?' (DbType = Decimal)], CommandType='Text', CommandTimeout='0']
      SELECT "c"."VAI_TRO_ID"
      FROM "QL_VAI_TRO_NGUOI_DUNG" "c"
      WHERE "c"."NGUOI_DUNG_ID" = :nguoiDung_ID_0
info: Microsoft.EntityFrameworkCore.Database.Command[20101]
      Executed DbCommand (4ms) [Parameters=[:Ma_0='?' (Size = 2000)], CommandType='Text', CommandTimeout='0']
      SELECT "l"."GIA_TRI"
      FROM "QL_NHAN_HIEN_THI" "l"
      WHERE "l"."MA" = :Ma_0
      FETCH FIRST 1 ROWS ONLY
info: Microsoft.EntityFrameworkCore.Database.Command[20101]
      Executed DbCommand (2ms) [Parameters=[:nguoiDung_ID_0='?' (DbType = Decimal)], CommandType='Text', CommandTimeout='0']
      SELECT "c"."VAI_TRO_ID"
      FROM "QL_VAI_TRO_NGUOI_DUNG" "c"
      WHERE "c"."NGUOI_DUNG_ID" = :nguoiDung_ID_0
info: Microsoft.EntityFrameworkCore.Database.Command[20101]
      Executed DbCommand (6ms) [Parameters=[:Ma_0='?' (Size = 2000)], CommandType='Text', CommandTimeout='0']
      SELECT "l"."GIA_TRI"
      FROM "QL_NHAN_HIEN_THI" "l"
      WHERE "l"."MA" = :Ma_0
      FETCH FIRST 1 ROWS ONLY
info: Microsoft.EntityFrameworkCore.Database.Command[20101]
      Executed DbCommand (3ms) [Parameters=[:Ma_0='?' (Size = 2000)], CommandType='Text', CommandTimeout='0']
      SELECT "l"."GIA_TRI"
      FROM "QL_NHAN_HIEN_THI" "l"
      WHERE "l"."MA" = :Ma_0
      FETCH FIRST 1 ROWS ONLY
info: Microsoft.EntityFrameworkCore.Database.Command[20101]
      Executed DbCommand (3ms) [Parameters=[:Ma_0='?' (Size = 2000)], CommandType='Text', CommandTimeout='0']
      SELECT "l"."GIA_TRI"
      FROM "QL_NHAN_HIEN_THI" "l"
      WHERE "l"."MA" = :Ma_0
      FETCH FIRST 1 ROWS ONLY
info: Microsoft.EntityFrameworkCore.Database.Command[20101]
      Executed DbCommand (3ms) [Parameters=[:Ma_0='?' (Size = 2000)], CommandType='Text', CommandTimeout='0']
      SELECT "l"."GIA_TRI"
      FROM "QL_NHAN_HIEN_THI" "l"
      WHERE "l"."MA" = :Ma_0
      FETCH FIRST 1 ROWS ONLY
info: Microsoft.EntityFrameworkCore.Database.Command[20101]
      Executed DbCommand (5ms) [Parameters=[:Ma_0='?' (Size = 2000)], CommandType='Text', CommandTimeout='0']
      SELECT "l"."GIA_TRI"
      FROM "QL_NHAN_HIEN_THI" "l"
      WHERE "l"."MA" = :Ma_0
      FETCH FIRST 1 ROWS ONLY
info: Microsoft.EntityFrameworkCore.Database.Command[20101]
      Executed DbCommand (3ms) [Parameters=[:Ma_0='?' (Size = 2000)], CommandType='Text', CommandTimeout='0']
      SELECT "l"."GIA_TRI"
      FROM "QL_NHAN_HIEN_THI" "l"
      WHERE "l"."MA" = :Ma_0
      FETCH FIRST 1 ROWS ONLY
info: Microsoft.EntityFrameworkCore.Database.Command[20101]
      Executed DbCommand (3ms) [Parameters=[:nguoiDung_ID_0='?' (DbType = Decimal)], CommandType='Text', CommandTimeout='0']
      SELECT "c"."VAI_TRO_ID"
      FROM "QL_VAI_TRO_NGUOI_DUNG" "c"
      WHERE "c"."NGUOI_DUNG_ID" = :nguoiDung_ID_0
info: Microsoft.EntityFrameworkCore.Database.Command[20101]
      Executed DbCommand (4ms) [Parameters=[:Ma_0='?' (Size = 2000)], CommandType='Text', CommandTimeout='0']
      SELECT "l"."GIA_TRI"
      FROM "QL_NHAN_HIEN_THI" "l"
      WHERE "l"."MA" = :Ma_0
      FETCH FIRST 1 ROWS ONLY
info: Microsoft.EntityFrameworkCore.Database.Command[20101]
      Executed DbCommand (5ms) [Parameters=[:nguoiDung_ID_0='?' (DbType = Decimal)], CommandType='Text', CommandTimeout='0']
      SELECT "c"."VAI_TRO_ID"
      FROM "QL_VAI_TRO_NGUOI_DUNG" "c"
      WHERE "c"."NGUOI_DUNG_ID" = :nguoiDung_ID_0
info: Microsoft.EntityFrameworkCore.Database.Command[20101]
      Executed DbCommand (3ms) [Parameters=[:nguoiDung_ID_0='?' (DbType = Decimal)], CommandType='Text', CommandTimeout='0']
      SELECT "c"."VAI_TRO_ID"
      FROM "QL_VAI_TRO_NGUOI_DUNG" "c"
      WHERE "c"."NGUOI_DUNG_ID" = :nguoiDung_ID_0
info: Microsoft.EntityFrameworkCore.Database.Command[20101]
      Executed DbCommand (2ms) [Parameters=[:Ma_0='?' (Size = 2000)], CommandType='Text', CommandTimeout='0']
      SELECT "l"."GIA_TRI"
      FROM "QL_NHAN_HIEN_THI" "l"
      WHERE "l"."MA" = :Ma_0
      FETCH FIRST 1 ROWS ONLY
info: Microsoft.EntityFrameworkCore.Database.Command[20101]
      Executed DbCommand (2ms) [Parameters=[:nguoiDung_ID_0='?' (DbType = Decimal)], CommandType='Text', CommandTimeout='0']
      SELECT "c"."VAI_TRO_ID"
      FROM "QL_VAI_TRO_NGUOI_DUNG" "c"
      WHERE "c"."NGUOI_DUNG_ID" = :nguoiDung_ID_0
info: Microsoft.EntityFrameworkCore.Database.Command[20101]
      Executed DbCommand (2ms) [Parameters=[:Ma_0='?' (Size = 2000)], CommandType='Text', CommandTimeout='0']
      SELECT "l"."GIA_TRI"
      FROM "QL_NHAN_HIEN_THI" "l"
      WHERE "l"."MA" = :Ma_0
      FETCH FIRST 1 ROWS ONLY
info: Microsoft.EntityFrameworkCore.Database.Command[20101]
      Executed DbCommand (3ms) [Parameters=[:nguoiDung_ID_0='?' (DbType = Decimal)], CommandType='Text', CommandTimeout='0']
      SELECT "c"."VAI_TRO_ID"
      FROM "QL_VAI_TRO_NGUOI_DUNG" "c"
      WHERE "c"."NGUOI_DUNG_ID" = :nguoiDung_ID_0
info: Microsoft.EntityFrameworkCore.Database.Command[20101]
      Executed DbCommand (2ms) [Parameters=[:nguoiDung_ID_0='?' (DbType = Decimal)], CommandType='Text', CommandTimeout='0']
      SELECT "c"."VAI_TRO_ID"
      FROM "QL_VAI_TRO_NGUOI_DUNG" "c"
      WHERE "c"."NGUOI_DUNG_ID" = :nguoiDung_ID_0
info: Microsoft.EntityFrameworkCore.Database.Command[20101]
      Executed DbCommand (5ms) [Parameters=[:Ma_0='?' (Size = 2000)], CommandType='Text', CommandTimeout='0']
      SELECT "l"."GIA_TRI"
      FROM "QL_NHAN_HIEN_THI" "l"
      WHERE "l"."MA" = :Ma_0
      FETCH FIRST 1 ROWS ONLY
info: Microsoft.EntityFrameworkCore.Database.Command[20101]
      Executed DbCommand (2ms) [Parameters=[:nguoiDung_ID_0='?' (DbType = Decimal)], CommandType='Text', CommandTimeout='0']
      SELECT "c"."VAI_TRO_ID"
      FROM "QL_VAI_TRO_NGUOI_DUNG" "c"
      WHERE "c"."NGUOI_DUNG_ID" = :nguoiDung_ID_0
info: Microsoft.EntityFrameworkCore.Database.Command[20101]
      Executed DbCommand (3ms) [Parameters=[:Ma_0='?' (Size = 2000)], CommandType='Text', CommandTimeout='0']
      SELECT "l"."GIA_TRI"
      FROM "QL_NHAN_HIEN_THI" "l"
      WHERE "l"."MA" = :Ma_0
      FETCH FIRST 1 ROWS ONLY
info: Microsoft.EntityFrameworkCore.Database.Command[20101]
      Executed DbCommand (4ms) [Parameters=[:nguoiDung_ID_0='?' (DbType = Decimal)], CommandType='Text', CommandTimeout='0']
      SELECT "c"."VAI_TRO_ID"
      FROM "QL_VAI_TRO_NGUOI_DUNG" "c"
      WHERE "c"."NGUOI_DUNG_ID" = :nguoiDung_ID_0
info: Microsoft.EntityFrameworkCore.Database.Command[20101]
      Executed DbCommand (3ms) [Parameters=[:Ma_0='?' (Size = 2000)], CommandType='Text', CommandTimeout='0']
      SELECT "l"."GIA_TRI"
      FROM "QL_NHAN_HIEN_THI" "l"
      WHERE "l"."MA" = :Ma_0
      FETCH FIRST 1 ROWS ONLY
info: Microsoft.EntityFrameworkCore.Database.Command[20101]
      Executed DbCommand (2ms) [Parameters=[:nguoiDung_ID_0='?' (DbType = Decimal)], CommandType='Text', CommandTimeout='0']
      SELECT "c"."VAI_TRO_ID"
      FROM "QL_VAI_TRO_NGUOI_DUNG" "c"
      WHERE "c"."NGUOI_DUNG_ID" = :nguoiDung_ID_0
info: Microsoft.EntityFrameworkCore.Database.Command[20101]
      Executed DbCommand (2ms) [Parameters=[:Ma_0='?' (Size = 2000)], CommandType='Text', CommandTimeout='0']
      SELECT "l"."GIA_TRI"
      FROM "QL_NHAN_HIEN_THI" "l"
      WHERE "l"."MA" = :Ma_0
      FETCH FIRST 1 ROWS ONLY
info: Microsoft.EntityFrameworkCore.Database.Command[20101]
      Executed DbCommand (2ms) [Parameters=[:nguoiDung_ID_0='?' (DbType = Decimal)], CommandType='Text', CommandTimeout='0']
      SELECT "c"."VAI_TRO_ID"
      FROM "QL_VAI_TRO_NGUOI_DUNG" "c"
      WHERE "c"."NGUOI_DUNG_ID" = :nguoiDung_ID_0
info: Microsoft.EntityFrameworkCore.Database.Command[20101]
      Executed DbCommand (2ms) [Parameters=[:Ma_0='?' (Size = 2000)], CommandType='Text', CommandTimeout='0']
      SELECT "l"."GIA_TRI"
      FROM "QL_NHAN_HIEN_THI" "l"
      WHERE "l"."MA" = :Ma_0
      FETCH FIRST 1 ROWS ONLY
info: Microsoft.EntityFrameworkCore.Database.Command[20101]
      Executed DbCommand (2ms) [Parameters=[:nguoiDung_ID_0='?' (DbType = Decimal)], CommandType='Text', CommandTimeout='0']
      SELECT "c"."VAI_TRO_ID"
      FROM "QL_VAI_TRO_NGUOI_DUNG" "c"
      WHERE "c"."NGUOI_DUNG_ID" = :nguoiDung_ID_0
info: Microsoft.EntityFrameworkCore.Database.Command[20101]
      Executed DbCommand (3ms) [Parameters=[:Ma_0='?' (Size = 2000)], CommandType='Text', CommandTimeout='0']
      SELECT "l"."GIA_TRI"
      FROM "QL_NHAN_HIEN_THI" "l"
      WHERE "l"."MA" = :Ma_0
      FETCH FIRST 1 ROWS ONLY
info: Microsoft.EntityFrameworkCore.Database.Command[20101]
      Executed DbCommand (2ms) [Parameters=[:nguoiDung_ID_0='?' (DbType = Decimal)], CommandType='Text', CommandTimeout='0']
      SELECT "c"."VAI_TRO_ID"
      FROM "QL_VAI_TRO_NGUOI_DUNG" "c"
      WHERE "c"."NGUOI_DUNG_ID" = :nguoiDung_ID_0
info: Microsoft.EntityFrameworkCore.Database.Command[20101]
      Executed DbCommand (4ms) [Parameters=[:Ma_0='?' (Size = 2000)], CommandType='Text', CommandTimeout='0']
      SELECT "l"."GIA_TRI"
      FROM "QL_NHAN_HIEN_THI" "l"
      WHERE "l"."MA" = :Ma_0
      FETCH FIRST 1 ROWS ONLY
info: Microsoft.EntityFrameworkCore.Database.Command[20101]
      Executed DbCommand (2ms) [Parameters=[:nguoiDung_ID_0='?' (DbType = Decimal)], CommandType='Text', CommandTimeout='0']
      SELECT "c"."VAI_TRO_ID"
      FROM "QL_VAI_TRO_NGUOI_DUNG" "c"
      WHERE "c"."NGUOI_DUNG_ID" = :nguoiDung_ID_0
info: Microsoft.EntityFrameworkCore.Database.Command[20101]
      Executed DbCommand (3ms) [Parameters=[:Ma_0='?' (Size = 2000)], CommandType='Text', CommandTimeout='0']
      SELECT "l"."GIA_TRI"
      FROM "QL_NHAN_HIEN_THI" "l"
      WHERE "l"."MA" = :Ma_0
      FETCH FIRST 1 ROWS ONLY
info: Microsoft.EntityFrameworkCore.Database.Command[20101]
      Executed DbCommand (5ms) [Parameters=[:nguoiDung_ID_0='?' (DbType = Decimal)], CommandType='Text', CommandTimeout='0']
      SELECT "c"."VAI_TRO_ID"
      FROM "QL_VAI_TRO_NGUOI_DUNG" "c"
      WHERE "c"."NGUOI_DUNG_ID" = :nguoiDung_ID_0
info: Microsoft.EntityFrameworkCore.Database.Command[20101]
      Executed DbCommand (3ms) [Parameters=[:Ma_0='?' (Size = 2000)], CommandType='Text', CommandTimeout='0']
      SELECT "l"."GIA_TRI"
      FROM "QL_NHAN_HIEN_THI" "l"
      WHERE "l"."MA" = :Ma_0
      FETCH FIRST 1 ROWS ONLY
info: Microsoft.EntityFrameworkCore.Database.Command[20101]
      Executed DbCommand (2ms) [Parameters=[:nguoiDung_ID_0='?' (DbType = Decimal)], CommandType='Text', CommandTimeout='0']
      SELECT "c"."VAI_TRO_ID"
      FROM "QL_VAI_TRO_NGUOI_DUNG" "c"
      WHERE "c"."NGUOI_DUNG_ID" = :nguoiDung_ID_0
info: Microsoft.EntityFrameworkCore.Database.Command[20101]
      Executed DbCommand (2ms) [Parameters=[:Ma_0='?' (Size = 2000)], CommandType='Text', CommandTimeout='0']
      SELECT "l"."GIA_TRI"
      FROM "QL_NHAN_HIEN_THI" "l"
      WHERE "l"."MA" = :Ma_0
      FETCH FIRST 1 ROWS ONLY
info: Microsoft.EntityFrameworkCore.Database.Command[20101]
      Executed DbCommand (2ms) [Parameters=[:nguoiDung_ID_0='?' (DbType = Decimal)], CommandType='Text', CommandTimeout='0']
      SELECT "c"."VAI_TRO_ID"
      FROM "QL_VAI_TRO_NGUOI_DUNG" "c"
      WHERE "c"."NGUOI_DUNG_ID" = :nguoiDung_ID_0
info: Microsoft.EntityFrameworkCore.Database.Command[20101]
      Executed DbCommand (2ms) [Parameters=[:Ma_0='?' (Size = 2000)], CommandType='Text', CommandTimeout='0']
      SELECT "l"."GIA_TRI"
      FROM "QL_NHAN_HIEN_THI" "l"
      WHERE "l"."MA" = :Ma_0
      FETCH FIRST 1 ROWS ONLY
info: Microsoft.EntityFrameworkCore.Database.Command[20101]
      Executed DbCommand (2ms) [Parameters=[:nguoiDung_ID_0='?' (DbType = Decimal)], CommandType='Text', CommandTimeout='0']
      SELECT "c"."VAI_TRO_ID"
      FROM "QL_VAI_TRO_NGUOI_DUNG" "c"
      WHERE "c"."NGUOI_DUNG_ID" = :nguoiDung_ID_0
info: Microsoft.EntityFrameworkCore.Database.Command[20101]
      Executed DbCommand (3ms) [Parameters=[:Ma_0='?' (Size = 2000)], CommandType='Text', CommandTimeout='0']
      SELECT "l"."GIA_TRI"
      FROM "QL_NHAN_HIEN_THI" "l"
      WHERE "l"."MA" = :Ma_0
      FETCH FIRST 1 ROWS ONLY
info: Microsoft.EntityFrameworkCore.Database.Command[20101]
      Executed DbCommand (3ms) [Parameters=[:nguoiDung_ID_0='?' (DbType = Decimal)], CommandType='Text', CommandTimeout='0']
      SELECT "c"."VAI_TRO_ID"
      FROM "QL_VAI_TRO_NGUOI_DUNG" "c"
      WHERE "c"."NGUOI_DUNG_ID" = :nguoiDung_ID_0
info: Microsoft.EntityFrameworkCore.Database.Command[20101]
      Executed DbCommand (4ms) [Parameters=[:Ma_0='?' (Size = 2000)], CommandType='Text', CommandTimeout='0']
      SELECT "l"."GIA_TRI"
      FROM "QL_NHAN_HIEN_THI" "l"
      WHERE "l"."MA" = :Ma_0
      FETCH FIRST 1 ROWS ONLY
info: Microsoft.EntityFrameworkCore.Database.Command[20101]
      Executed DbCommand (3ms) [Parameters=[:nguoiDung_ID_0='?' (DbType = Decimal)], CommandType='Text', CommandTimeout='0']
      SELECT "c"."VAI_TRO_ID"
      FROM "QL_VAI_TRO_NGUOI_DUNG" "c"
      WHERE "c"."NGUOI_DUNG_ID" = :nguoiDung_ID_0
info: Microsoft.EntityFrameworkCore.Database.Command[20101]
      Executed DbCommand (3ms) [Parameters=[:Ma_0='?' (Size = 2000)], CommandType='Text', CommandTimeout='0']
      SELECT "l"."GIA_TRI"
      FROM "QL_NHAN_HIEN_THI" "l"
      WHERE "l"."MA" = :Ma_0
      FETCH FIRST 1 ROWS ONLY
info: Microsoft.EntityFrameworkCore.Database.Command[20101]
      Executed DbCommand (4ms) [Parameters=[:nguoiDung_ID_0='?' (DbType = Decimal)], CommandType='Text', CommandTimeout='0']
      SELECT "c"."VAI_TRO_ID"
      FROM "QL_VAI_TRO_NGUOI_DUNG" "c"
      WHERE "c"."NGUOI_DUNG_ID" = :nguoiDung_ID_0
info: Microsoft.EntityFrameworkCore.Database.Command[20101]
      Executed DbCommand (3ms) [Parameters=[:Ma_0='?' (Size = 2000)], CommandType='Text', CommandTimeout='0']
      SELECT "l"."GIA_TRI"
      FROM "QL_NHAN_HIEN_THI" "l"
      WHERE "l"."MA" = :Ma_0
      FETCH FIRST 1 ROWS ONLY
info: Microsoft.EntityFrameworkCore.Database.Command[20101]
      Executed DbCommand (3ms) [Parameters=[:nguoiDung_ID_0='?' (DbType = Decimal)], CommandType='Text', CommandTimeout='0']
      SELECT "c"."VAI_TRO_ID"
      FROM "QL_VAI_TRO_NGUOI_DUNG" "c"
      WHERE "c"."NGUOI_DUNG_ID" = :nguoiDung_ID_0
info: Microsoft.EntityFrameworkCore.Database.Command[20101]
      Executed DbCommand (60ms) [Parameters=[:donViId_0='?' (DbType = Decimal)], CommandType='Text', CommandTimeout='0']
      SELECT COUNT(*)
      FROM "DM_DON_VI" "p"
      WHERE ((("p"."PARENT_ID" = :donViId_0) AND ("p"."LA_BAN_QL_DU_AN" = 1)) OR (("p"."ID" = :donViId_0) AND ("p"."LOAI_DON_VI_ID" = 15.0))) OR (("p"."ID" = :donViId_0) AND ("p"."LA_BAN_QL_DU_AN" = 1))
info: Microsoft.EntityFrameworkCore.Database.Command[20101]
      Executed DbCommand (3ms) [Parameters=[:Ma_0='?' (Size = 2000)], CommandType='Text', CommandTimeout='0']
      SELECT "l"."GIA_TRI"
      FROM "QL_NHAN_HIEN_THI" "l"
      WHERE "l"."MA" = :Ma_0
      FETCH FIRST 1 ROWS ONLY
info: Microsoft.EntityFrameworkCore.Database.Command[20101]
      Executed DbCommand (2ms) [Parameters=[:nguoiDung_ID_0='?' (DbType = Decimal)], CommandType='Text', CommandTimeout='0']
      SELECT "c"."VAI_TRO_ID"
      FROM "QL_VAI_TRO_NGUOI_DUNG" "c"
      WHERE "c"."NGUOI_DUNG_ID" = :nguoiDung_ID_0
info: Microsoft.EntityFrameworkCore.Database.Command[20101]
      Executed DbCommand (5ms) [Parameters=[:Ma_0='?' (Size = 2000)], CommandType='Text', CommandTimeout='0']
      SELECT "l"."GIA_TRI"
      FROM "QL_NHAN_HIEN_THI" "l"
      WHERE "l"."MA" = :Ma_0
      FETCH FIRST 1 ROWS ONLY
info: Microsoft.EntityFrameworkCore.Database.Command[20101]
      Executed DbCommand (2ms) [Parameters=[:nguoiDung_ID_0='?' (DbType = Decimal)], CommandType='Text', CommandTimeout='0']
      SELECT "c"."VAI_TRO_ID"
      FROM "QL_VAI_TRO_NGUOI_DUNG" "c"
      WHERE "c"."NGUOI_DUNG_ID" = :nguoiDung_ID_0
info: Microsoft.EntityFrameworkCore.Database.Command[20101]
      Executed DbCommand (3ms) [Parameters=[:Ma_0='?' (Size = 2000)], CommandType='Text', CommandTimeout='0']
      SELECT "l"."GIA_TRI"
      FROM "QL_NHAN_HIEN_THI" "l"
      WHERE "l"."MA" = :Ma_0
      FETCH FIRST 1 ROWS ONLY
info: Microsoft.EntityFrameworkCore.Database.Command[20101]
      Executed DbCommand (4ms) [Parameters=[:nguoiDung_ID_0='?' (DbType = Decimal)], CommandType='Text', CommandTimeout='0']
      SELECT "c"."VAI_TRO_ID"
      FROM "QL_VAI_TRO_NGUOI_DUNG" "c"
      WHERE "c"."NGUOI_DUNG_ID" = :nguoiDung_ID_0
info: Microsoft.EntityFrameworkCore.Database.Command[20101]
      Executed DbCommand (3ms) [Parameters=[:Ma_0='?' (Size = 2000)], CommandType='Text', CommandTimeout='0']
      SELECT "l"."GIA_TRI"
      FROM "QL_NHAN_HIEN_THI" "l"
      WHERE "l"."MA" = :Ma_0
      FETCH FIRST 1 ROWS ONLY
info: Microsoft.EntityFrameworkCore.Database.Command[20101]
      Executed DbCommand (2ms) [Parameters=[:nguoiDung_ID_0='?' (DbType = Decimal)], CommandType='Text', CommandTimeout='0']
      SELECT "c"."VAI_TRO_ID"
      FROM "QL_VAI_TRO_NGUOI_DUNG" "c"
      WHERE "c"."NGUOI_DUNG_ID" = :nguoiDung_ID_0
info: Microsoft.EntityFrameworkCore.Database.Command[20101]
      Executed DbCommand (3ms) [Parameters=[:Ma_0='?' (Size = 2000)], CommandType='Text', CommandTimeout='0']
      SELECT "l"."GIA_TRI"
      FROM "QL_NHAN_HIEN_THI" "l"
      WHERE "l"."MA" = :Ma_0
      FETCH FIRST 1 ROWS ONLY
info: Microsoft.EntityFrameworkCore.Database.Command[20101]
      Executed DbCommand (2ms) [Parameters=[:nguoiDung_ID_0='?' (DbType = Decimal)], CommandType='Text', CommandTimeout='0']
      SELECT "c"."VAI_TRO_ID"
      FROM "QL_VAI_TRO_NGUOI_DUNG" "c"
      WHERE "c"."NGUOI_DUNG_ID" = :nguoiDung_ID_0
info: Microsoft.EntityFrameworkCore.Database.Command[20101]
      Executed DbCommand (3ms) [Parameters=[:Ma_0='?' (Size = 2000)], CommandType='Text', CommandTimeout='0']
      SELECT "l"."GIA_TRI"
      FROM "QL_NHAN_HIEN_THI" "l"
      WHERE "l"."MA" = :Ma_0
      FETCH FIRST 1 ROWS ONLY
info: Microsoft.EntityFrameworkCore.Database.Command[20101]
      Executed DbCommand (2ms) [Parameters=[:nguoiDung_ID_0='?' (DbType = Decimal)], CommandType='Text', CommandTimeout='0']
      SELECT "c"."VAI_TRO_ID"
      FROM "QL_VAI_TRO_NGUOI_DUNG" "c"
      WHERE "c"."NGUOI_DUNG_ID" = :nguoiDung_ID_0
info: Microsoft.EntityFrameworkCore.Database.Command[20101]
      Executed DbCommand (4ms) [Parameters=[:Ma_0='?' (Size = 2000)], CommandType='Text', CommandTimeout='0']
      SELECT "l"."GIA_TRI"
      FROM "QL_NHAN_HIEN_THI" "l"
      WHERE "l"."MA" = :Ma_0
      FETCH FIRST 1 ROWS ONLY
info: Microsoft.EntityFrameworkCore.Database.Command[20101]
      Executed DbCommand (7ms) [Parameters=[:nguoiDung_ID_0='?' (DbType = Decimal)], CommandType='Text', CommandTimeout='0']
      SELECT "c"."VAI_TRO_ID"
      FROM "QL_VAI_TRO_NGUOI_DUNG" "c"
      WHERE "c"."NGUOI_DUNG_ID" = :nguoiDung_ID_0
info: Microsoft.EntityFrameworkCore.Database.Command[20101]
      Executed DbCommand (3ms) [Parameters=[:Ma_0='?' (Size = 2000)], CommandType='Text', CommandTimeout='0']
      SELECT "l"."GIA_TRI"
      FROM "QL_NHAN_HIEN_THI" "l"
      WHERE "l"."MA" = :Ma_0
      FETCH FIRST 1 ROWS ONLY
info: Microsoft.EntityFrameworkCore.Database.Command[20101]
      Executed DbCommand (6ms) [Parameters=[:nguoiDung_ID_0='?' (DbType = Decimal)], CommandType='Text', CommandTimeout='0']
      SELECT "c"."VAI_TRO_ID"
      FROM "QL_VAI_TRO_NGUOI_DUNG" "c"
      WHERE "c"."NGUOI_DUNG_ID" = :nguoiDung_ID_0
info: Microsoft.EntityFrameworkCore.Database.Command[20101]
      Executed DbCommand (3ms) [Parameters=[:Ma_0='?' (Size = 2000)], CommandType='Text', CommandTimeout='0']
      SELECT "l"."GIA_TRI"
      FROM "QL_NHAN_HIEN_THI" "l"
      WHERE "l"."MA" = :Ma_0
      FETCH FIRST 1 ROWS ONLY
info: Microsoft.EntityFrameworkCore.Database.Command[20101]
      Executed DbCommand (3ms) [Parameters=[:nguoiDung_ID_0='?' (DbType = Decimal)], CommandType='Text', CommandTimeout='0']
      SELECT "c"."VAI_TRO_ID"
      FROM "QL_VAI_TRO_NGUOI_DUNG" "c"
      WHERE "c"."NGUOI_DUNG_ID" = :nguoiDung_ID_0
info: Microsoft.EntityFrameworkCore.Database.Command[20101]
      Executed DbCommand (3ms) [Parameters=[:guid_0='?' (DbType = Binary)], CommandType='Text', CommandTimeout='0']
      SELECT "c"."ID", "c"."CURRENT_DON_VI_ID", "c"."DB_ID", "c"."EMAIL", "c"."GHI_CHU", "c"."GUID", "c"."IP_TRUY_CAP", "c"."IS_QUAN_TRI", "c"."MAT_KHAU", "c"."MAT_KHAU_KEY", "c"."MA_CAN_BO", "c"."MOBILE", "c"."NGAY_TAO", "c"."NGAY_TRUY_CAP", "c"."NGUOI_TAO", "c"."NGUON_ID", "c"."PASSWORD_HASH", "c"."TEN_DANG_NHAP", "c"."TEN_DAY_DU", "c"."TMP_MAT_KHAU", "c"."TRANG_THAI_ID", "c"."UNG_DUNG"
      FROM "QL_NGUOI_DUNG" "c"
      WHERE "c"."GUID" = :guid_0
      FETCH FIRST 1 ROWS ONLY
info: Microsoft.EntityFrameworkCore.Database.Command[20101]
      Executed DbCommand (3ms) [Parameters=[:nguoiDung_ID_0='?' (DbType = Int32)], CommandType='Text', CommandTimeout='0']
      SELECT "p"."ID", "p"."DATA_JSON", "p"."DB_QUEUE_PROCESS_ID", "p"."DON_VI_ID", "p"."FILE_TYPE", "p"."GUID", "p"."GUID_FILE", "p"."MA_BAO_CAO", "p"."MODEL_DATA_TYPE", "p"."NGAY_TAO", "p"."NGUOI_TAO_ID", "p"."REPORT_CLASS", "p"."RESPONSE", "p"."SEARCH_MODEL_CLASS", "p"."SEARCH_MODEL_JSON", "p"."STATEMENT", "p"."TIME_END_GET_DATA", "p"."TIME_START_GET_DATA", "p"."TRANG_THAI_ID", "p"."TYPE_QUEUE_PROCESS_ID"
      FROM "BC_QUEUE_PROCESS" "p"
      WHERE "p"."NGUOI_TAO_ID" = :nguoiDung_ID_0
      ORDER BY "p"."ID" DESC
      FETCH FIRST 1 ROWS ONLY
info: Microsoft.EntityFrameworkCore.Database.Command[20101]
      Executed DbCommand (3ms) [Parameters=[:Ma_0='?' (Size = 2000)], CommandType='Text', CommandTimeout='0']
      SELECT "l"."GIA_TRI"
      FROM "QL_NHAN_HIEN_THI" "l"
      WHERE "l"."MA" = :Ma_0
      FETCH FIRST 1 ROWS ONLY
info: Microsoft.EntityFrameworkCore.Database.Command[20101]
      Executed DbCommand (4ms) [Parameters=[:Ma_0='?' (Size = 2000)], CommandType='Text', CommandTimeout='0']
      SELECT "l"."GIA_TRI"
      FROM "QL_NHAN_HIEN_THI" "l"
      WHERE "l"."MA" = :Ma_0
      FETCH FIRST 1 ROWS ONLY
info: Microsoft.EntityFrameworkCore.Database.Command[20101]
      Executed DbCommand (3ms) [Parameters=[:Ma_0='?' (Size = 2000)], CommandType='Text', CommandTimeout='0']
      SELECT "l"."GIA_TRI"
      FROM "QL_NHAN_HIEN_THI" "l"
      WHERE "l"."MA" = :Ma_0
      FETCH FIRST 1 ROWS ONLY
info: Microsoft.EntityFrameworkCore.Database.Command[20101]
      Executed DbCommand (3ms) [Parameters=[:Ma_0='?' (Size = 2000)], CommandType='Text', CommandTimeout='0']
      SELECT "l"."GIA_TRI"
      FROM "QL_NHAN_HIEN_THI" "l"
      WHERE "l"."MA" = :Ma_0
      FETCH FIRST 1 ROWS ONLY
info: Microsoft.AspNetCore.Mvc.ViewFeatures.ViewResultExecutor[4]
      Executed ViewResult - view Index executed in 7546.1621ms.
info: Microsoft.AspNetCore.Mvc.Internal.ControllerActionInvoker[2]
      Executed action GS.Web.Controllers.AppWorkController.Index (GS.Web) in 7557.0523ms
info: Microsoft.AspNetCore.Hosting.Internal.WebHost[2]
      Request finished in 7580.193ms 200 text/html; charset=utf-8
info: Microsoft.AspNetCore.Hosting.Internal.WebHost[1]
      Request starting HTTP/1.1 GET http://localhost:62432/lib/signalr/dist/browser/signalr.min.js.map  
info: Microsoft.AspNetCore.StaticFiles.StaticFileMiddleware[2]
      Sending file. Request path: '/lib/signalr/dist/browser/signalr.min.js.map'. Physical path: 'D:\work\Gsolution\QLTS_2025\BackEnd\Presentation\GS.Web\wwwroot\lib\signalr\dist\browser\signalr.min.js.map'
info: Microsoft.AspNetCore.Hosting.Internal.WebHost[2]
      Request finished in 37.5221ms 200 text/plain
info: Microsoft.AspNetCore.Hosting.Internal.WebHost[1]
      Request starting HTTP/1.1 GET http://localhost:62432/lib/kendo/2019.1.115/kendo.all.min.js.map  
info: Microsoft.AspNetCore.Hosting.Internal.WebHost[1]
      Request starting HTTP/1.1 GET http://localhost:62432/lib/amcharts4/charts.js.map  
info: Microsoft.AspNetCore.Hosting.Internal.WebHost[1]
      Request starting HTTP/1.1 GET http://localhost:62432/lib/amcharts4/core.js.map  
info: Microsoft.AspNetCore.Hosting.Internal.WebHost[1]
      Request starting HTTP/1.1 GET http://localhost:62432/lib/kendo/2019.1.115/cultures/kendo.culture.vi-VN.min.js.map  
info: Microsoft.AspNetCore.Hosting.Internal.WebHost[1]
      Request starting HTTP/1.1 GET http://localhost:62432/lib/amcharts4/themes/animated.js.map  
info: Microsoft.AspNetCore.StaticFiles.StaticFileMiddleware[2]
      Sending file. Request path: '/lib/amcharts4/themes/animated.js.map'. Physical path: 'D:\work\Gsolution\QLTS_2025\BackEnd\Presentation\GS.Web\wwwroot\lib\amcharts4\themes\animated.js.map'
info: Microsoft.AspNetCore.StaticFiles.StaticFileMiddleware[2]
      Sending file. Request path: '/lib/kendo/2019.1.115/cultures/kendo.culture.vi-VN.min.js.map'. Physical path: 'D:\work\Gsolution\QLTS_2025\BackEnd\Presentation\GS.Web\wwwroot\lib\kendo\2019.1.115\cultures\kendo.culture.vi-VN.min.js.map'
info: Microsoft.AspNetCore.Hosting.Internal.WebHost[2]
      Request finished in 19.5704ms 200 text/plain
info: Microsoft.AspNetCore.Hosting.Internal.WebHost[2]
      Request finished in 29.4318ms 200 text/plain
info: Microsoft.AspNetCore.Hosting.Internal.WebHost[1]
      Request starting HTTP/1.1 GET http://localhost:62432/lib/amcharts4/themes/spiritedaway.js.map  
info: Microsoft.AspNetCore.Hosting.Internal.WebHost[1]
      Request starting HTTP/1.1 GET http://localhost:62432/Widget/GiaTriSoLuongTaiSanTheoLoaiHinhVaDonVi  
info: Microsoft.AspNetCore.StaticFiles.StaticFileMiddleware[2]
      Sending file. Request path: '/lib/amcharts4/themes/spiritedaway.js.map'. Physical path: 'D:\work\Gsolution\QLTS_2025\BackEnd\Presentation\GS.Web\wwwroot\lib\amcharts4\themes\spiritedaway.js.map'
info: Microsoft.AspNetCore.StaticFiles.StaticFileMiddleware[2]
      Sending file. Request path: '/lib/amcharts4/charts.js.map'. Physical path: 'D:\work\Gsolution\QLTS_2025\BackEnd\Presentation\GS.Web\wwwroot\lib\amcharts4\charts.js.map'
info: Microsoft.AspNetCore.Hosting.Internal.WebHost[1]
      Request starting HTTP/1.1 GET http://localhost:62432/lib/amcharts4/themes/dark.js.map  
info: Microsoft.AspNetCore.Hosting.Internal.WebHost[2]
      Request finished in 30.2334ms 200 text/plain
info: Microsoft.AspNetCore.Hosting.Internal.WebHost[2]
      Request finished in 83.8349ms 200 text/plain
info: Microsoft.AspNetCore.StaticFiles.StaticFileMiddleware[2]
      Sending file. Request path: '/lib/amcharts4/themes/dark.js.map'. Physical path: 'D:\work\Gsolution\QLTS_2025\BackEnd\Presentation\GS.Web\wwwroot\lib\amcharts4\themes\dark.js.map'
info: Microsoft.AspNetCore.Hosting.Internal.WebHost[2]
      Request finished in 19.1366ms 200 text/plain
info: Microsoft.AspNetCore.Hosting.Internal.WebHost[1]
      Request starting HTTP/1.1 GET http://localhost:62432/lib/amcharts4/themes/dataviz.js.map  
info: Microsoft.AspNetCore.Hosting.Internal.WebHost[1]
      Request starting HTTP/1.1 GET http://localhost:62432/lib/amcharts4/themes/material.js.map  
info: Microsoft.AspNetCore.Mvc.Internal.ControllerActionInvoker[1]
      Route matched with {action = "GiaTriSoLuongTaiSanTheoLoaiHinhVaDonVi", controller = "Widget"}. Executing action GS.Web.Controllers.WidgetController.GiaTriSoLuongTaiSanTheoLoaiHinhVaDonVi (GS.Web)
info: Microsoft.AspNetCore.Hosting.Internal.WebHost[1]
      Request starting HTTP/1.1 GET http://localhost:62432/Home/GetTLHD  
info: Microsoft.AspNetCore.StaticFiles.StaticFileMiddleware[2]
      Sending file. Request path: '/lib/amcharts4/themes/dataviz.js.map'. Physical path: 'D:\work\Gsolution\QLTS_2025\BackEnd\Presentation\GS.Web\wwwroot\lib\amcharts4\themes\dataviz.js.map'
info: Microsoft.AspNetCore.Hosting.Internal.WebHost[1]
      Request starting HTTP/1.1 GET http://localhost:62432/lib/amcharts4/themes/kelly.js.map  
info: Microsoft.AspNetCore.Hosting.Internal.WebHost[1]
      Request starting HTTP/1.1 GET http://localhost:62432/TaiSan/CanhBaoDuLieuTaiSan  
info: Microsoft.AspNetCore.StaticFiles.StaticFileMiddleware[2]
      Sending file. Request path: '/lib/amcharts4/themes/material.js.map'. Physical path: 'D:\work\Gsolution\QLTS_2025\BackEnd\Presentation\GS.Web\wwwroot\lib\amcharts4\themes\material.js.map'
info: Microsoft.AspNetCore.Hosting.Internal.WebHost[2]
      Request finished in 28.7794ms 200 text/plain
info: Microsoft.AspNetCore.StaticFiles.StaticFileMiddleware[2]
      Sending file. Request path: '/lib/amcharts4/themes/kelly.js.map'. Physical path: 'D:\work\Gsolution\QLTS_2025\BackEnd\Presentation\GS.Web\wwwroot\lib\amcharts4\themes\kelly.js.map'
info: Microsoft.AspNetCore.Mvc.Internal.ControllerActionInvoker[1]
      Executing action method GS.Web.Controllers.WidgetController.GiaTriSoLuongTaiSanTheoLoaiHinhVaDonVi (GS.Web) - Validation state: Valid
info: Microsoft.AspNetCore.Hosting.Internal.WebHost[2]
      Request finished in 32.4565ms 200 text/plain
info: Microsoft.AspNetCore.Hosting.Internal.WebHost[2]
      Request finished in 49.3026ms 200 text/plain
info: Microsoft.AspNetCore.Mvc.Internal.ControllerActionInvoker[1]
      Route matched with {action = "GetTLHD", controller = "Home"}. Executing action GS.Web.Controllers.HomeController.GetTLHD (GS.Web)
info: Microsoft.EntityFrameworkCore.Infrastructure[10403]
      Entity Framework Core 2.2.6-servicing-10079 initialized 'GSObjectContext' using provider 'Oracle.EntityFrameworkCore' with options: using lazy-loading proxies 
info: Microsoft.AspNetCore.Mvc.Internal.ControllerActionInvoker[1]
      Executing action method GS.Web.Controllers.HomeController.GetTLHD (GS.Web) - Validation state: Valid
info: Microsoft.EntityFrameworkCore.Infrastructure[10403]
      Entity Framework Core 2.2.6-servicing-10079 initialized 'GSObjectContext' using provider 'Oracle.EntityFrameworkCore' with options: using lazy-loading proxies 
info: Microsoft.AspNetCore.Mvc.Internal.ControllerActionInvoker[1]
      Route matched with {action = "CanhBaoDuLieuTaiSan", controller = "TaiSan"}. Executing action GS.Web.Controllers.TaiSanController.CanhBaoDuLieuTaiSan (GS.Web)
info: Microsoft.EntityFrameworkCore.Database.Command[20101]
      Executed DbCommand (6ms) [Parameters=[:get_Item_0='?' (DbType = Decimal)], CommandType='Text', CommandTimeout='0']
      SELECT "e"."ID", "e"."CURRENT_DON_VI_ID", "e"."DB_ID", "e"."EMAIL", "e"."GHI_CHU", "e"."GUID", "e"."IP_TRUY_CAP", "e"."IS_QUAN_TRI", "e"."MAT_KHAU", "e"."MAT_KHAU_KEY", "e"."MA_CAN_BO", "e"."MOBILE", "e"."NGAY_TAO", "e"."NGAY_TRUY_CAP", "e"."NGUOI_TAO", "e"."NGUON_ID", "e"."PASSWORD_HASH", "e"."TEN_DANG_NHAP", "e"."TEN_DAY_DU", "e"."TMP_MAT_KHAU", "e"."TRANG_THAI_ID", "e"."UNG_DUNG"
      FROM "QL_NGUOI_DUNG" "e"
      WHERE "e"."ID" = :get_Item_0
      FETCH FIRST 1 ROWS ONLY
info: Microsoft.AspNetCore.StaticFiles.StaticFileMiddleware[2]
      Sending file. Request path: '/lib/amcharts4/core.js.map'. Physical path: 'D:\work\Gsolution\QLTS_2025\BackEnd\Presentation\GS.Web\wwwroot\lib\amcharts4\core.js.map'
info: Microsoft.AspNetCore.Hosting.Internal.WebHost[2]
      Request finished in 194.6568ms 200 text/plain
info: Microsoft.EntityFrameworkCore.Database.Command[20101]
      Executed DbCommand (4ms) [Parameters=[:get_Item_0='?' (DbType = Decimal)], CommandType='Text', CommandTimeout='0']
      SELECT "e"."VAI_TRO_ID", "e"."NGUOI_DUNG_ID"
      FROM "QL_VAI_TRO_NGUOI_DUNG" "e"
      WHERE "e"."NGUOI_DUNG_ID" = :get_Item_0
info: Microsoft.AspNetCore.StaticFiles.StaticFileMiddleware[2]
      Sending file. Request path: '/lib/kendo/2019.1.115/kendo.all.min.js.map'. Physical path: 'D:\work\Gsolution\QLTS_2025\BackEnd\Presentation\GS.Web\wwwroot\lib\kendo\2019.1.115\kendo.all.min.js.map'
info: Microsoft.AspNetCore.Hosting.Internal.WebHost[2]
      Request finished in 305.9776ms 200 text/plain
info: Microsoft.AspNetCore.Mvc.Internal.ControllerActionInvoker[1]
      Executing action method GS.Web.Controllers.TaiSanController.CanhBaoDuLieuTaiSan (GS.Web) - Validation state: Valid
info: Microsoft.EntityFrameworkCore.Infrastructure[10403]
      Entity Framework Core 2.2.6-servicing-10079 initialized 'GSObjectContext' using provider 'Oracle.EntityFrameworkCore' with options: using lazy-loading proxies 
info: Microsoft.EntityFrameworkCore.Database.Command[20101]
      Executed DbCommand (4ms) [Parameters=[:get_Item_0='?' (DbType = Decimal)], CommandType='Text', CommandTimeout='0']
      SELECT "e"."ID", "e"."DON_VI_ID", "e"."GIA_TRI", "e"."TEN"
      FROM "QL_CAU_HINH" "e"
      WHERE "e"."ID" = :get_Item_0
      FETCH FIRST 1 ROWS ONLY
info: Microsoft.EntityFrameworkCore.Database.Command[20101]
      Executed DbCommand (3ms) [Parameters=[:get_Item_0='?' (DbType = Decimal)], CommandType='Text', CommandTimeout='0']
      SELECT "e"."ID", "e"."MA", "e"."NGAY_TAO", "e"."TEN"
      FROM "QL_VAI_TRO" "e"
      WHERE "e"."ID" = :get_Item_0
info: Microsoft.AspNetCore.Mvc.Internal.ControllerActionInvoker[2]
      Executed action method GS.Web.Controllers.HomeController.GetTLHD (GS.Web), returned result Microsoft.AspNetCore.Mvc.JsonResult in 159.522ms.
info: Microsoft.AspNetCore.Mvc.Formatters.Json.Internal.JsonResultExecutor[1]
      Executing JsonResult, writing value of type 'System.String'.
info: Microsoft.AspNetCore.Mvc.Internal.ControllerActionInvoker[2]
      Executed action GS.Web.Controllers.HomeController.GetTLHD (GS.Web) in 213.0441ms
info: Microsoft.EntityFrameworkCore.Database.Command[20101]
      Executed DbCommand (4ms) [Parameters=[:get_Item_0='?' (DbType = Decimal)], CommandType='Text', CommandTimeout='0']
      SELECT "e"."ID", "e"."MA", "e"."NGAY_TAO", "e"."TEN"
      FROM "QL_VAI_TRO" "e"
      WHERE "e"."ID" = :get_Item_0
info: Microsoft.AspNetCore.Hosting.Internal.WebHost[2]
      Request finished in 260.8577ms 200 application/json; charset=utf-8
info: Microsoft.EntityFrameworkCore.Database.Command[20101]
      Executed DbCommand (3ms) [Parameters=[:get_Item_0='?' (DbType = Decimal)], CommandType='Text', CommandTimeout='0']
      SELECT "e"."ID", "e"."MA", "e"."NGAY_TAO", "e"."TEN"
      FROM "QL_VAI_TRO" "e"
      WHERE "e"."ID" = :get_Item_0
info: Microsoft.EntityFrameworkCore.Database.Command[20101]
      Executed DbCommand (3ms) [Parameters=[:partialViewName_0='?' (Size = 2000)], CommandType='Text', CommandTimeout='0']
      SELECT "c"."ID", "c"."CAU_HINH", "c"."MO_TA", "c"."PARTIAL_VIEW_NAME", "c"."TEN"
      FROM "QL_WIDGET" "c"
      WHERE "c"."PARTIAL_VIEW_NAME" = :partialViewName_0
      FETCH FIRST 1 ROWS ONLY
info: Microsoft.EntityFrameworkCore.Database.Command[20101]
      Executed DbCommand (16ms) [Parameters=[], CommandType='Text', CommandTimeout='0']
      SELECT "c"."ID"
      FROM "DM_DON_VI" "c"
      WHERE (CAST(LENGTH("c"."MA") AS NUMBER(10)) = 3) AND (COALESCE("c"."TRANG_THAI_ID", 0) = 1)
info: Microsoft.EntityFrameworkCore.Database.Command[20101]
      Executed DbCommand (4ms) [Parameters=[:widget_ID_0='?' (DbType = Decimal)], CommandType='Text', CommandTimeout='0']
      SELECT "c"."VAI_TRO_ID"
      FROM "QL_VAI_TRO_WIDGET" "c"
      WHERE "c"."WIDGET_ID" = :widget_ID_0
warn: Microsoft.EntityFrameworkCore.Query[20500]
      The LINQ expression 'Sum()' could not be translated and will be evaluated locally.
info: Microsoft.EntityFrameworkCore.Database.Command[20101]
      Executed DbCommand (5ms) [Parameters=[donvi='?' (DbType = Decimal), TBL_OUT='?' (Direction = Output) (DbType = Object)], CommandType='Text', CommandTimeout='0']
      BEGIN PK_DASHBOARD.SP_GIA_TRI_SO_LUONG_TAISAN_THEO_LOAI_HINH_VA_DON_VI( :donvi, :TBL_OUT); END;
warn: Microsoft.EntityFrameworkCore.Query[20500]
      The LINQ expression 'Sum()' could not be translated and will be evaluated locally.
info: Microsoft.EntityFrameworkCore.Database.Command[20101]
      Executed DbCommand (3ms) [Parameters=[:nguoiDungID_0='?' (DbType = Decimal)], CommandType='Text', CommandTimeout='0']
      SELECT DISTINCT "c"."DON_VI_ID"
      FROM "QL_NGUOI_DUNG_DON_VI" "c"
      WHERE "c"."NGUOI_DUNG_ID" = :nguoiDungID_0
info: Microsoft.EntityFrameworkCore.Database.Command[20101]
      Executed DbCommand (4ms) [Parameters=[donvi='?' (DbType = Decimal), TBL_OUT='?' (Direction = Output) (DbType = Object)], CommandType='Text', CommandTimeout='0']
      BEGIN PK_DASHBOARD.SP_GIA_TRI_SO_LUONG_TAISAN_THEO_LOAI_HINH_VA_DON_VI( :donvi, :TBL_OUT); END;
info: Microsoft.EntityFrameworkCore.Database.Command[20101]
      Executed DbCommand (5ms) [Parameters=[:get_Item_0='?' (DbType = Decimal)], CommandType='Text', CommandTimeout='0']
      SELECT "e"."ID", "e"."CAP_DON_VI_ID", "e"."CHE_DO_HACH_TOAN_ID", "e"."CO_TAI_SAN", "e"."CQTC_MA", "e"."DA_CO_QUYET_DINH_GIAO_VON", "e"."DB_ID", "e"."DIA_BAN_ID", "e"."DIA_CHI", "e"."DIEN_THOAI", "e"."DON_VI_HIEN_THI", "e"."FAX", "e"."HUYEN_ID", "e"."IS_TSQUAN_LY_CHU_KY_SO", "e"."IS_TSQUAN_LY_NHU_TSCD", "e"."IS_XAC_NHAN_DU_LIEU", "e"."KHONG_CHUYEN_MA", "e"."LA_BAN_QL_DU_AN", "e"."LA_DON_VI_NHAP_LIEU", "e"."LA_DON_VI_TU_CHU_TAI_CHINH", "e"."LIST_FILE_XAC_NHAN", "e"."LOAI_CAP_DON_VI_ID", "e"."LOAI_DON_VI_ID", "e"."MA", "e"."MA_BO", "e"."MA_CHUONG", "e"."MA_DIA_BAN", "e"."MA_DVQHNS", "e"."MA_HUYEN", "e"."MA_TINH", "e"."NGAY_CAP_NHAT", "e"."NGAY_QUYET_DINH", "e"."NGAY_QUYET_DINH_GIAO_VON", "e"."NGAY_TAO", "e"."NGAY_XAC_NHAN", "e"."NGUOI_CAP_NHAT_ID", "e"."NGUOI_TAO_ID", "e"."NHOM_DON_VI_ID", "e"."OLD_CAP_DON_VI_ID", "e"."PARENT_ID", "e"."SO_QUYET_DINH", "e"."SO_QUYET_DINH_GIAO_VON", "e"."TEN", "e"."TINH_ID", "e"."TRANG_THAI_DONG_BO_ID", "e"."TRANG_THAI_ID", "e"."TRANG_THAI_THAY_DOI_ID", "e"."TREE_LEVEL", "e"."TREE_NODE", "e"."XA_ID"
      FROM "DM_DON_VI" "e"
      WHERE "e"."ID" = :get_Item_0
      FETCH FIRST 1 ROWS ONLY
info: Microsoft.EntityFrameworkCore.Database.Command[20101]
      Executed DbCommand (5ms) [Parameters=[donvi='?' (DbType = Decimal), TBL_OUT='?' (Direction = Output) (DbType = Object)], CommandType='Text', CommandTimeout='0']
      BEGIN PK_DASHBOARD.SP_GIA_TRI_SO_LUONG_TAISAN_THEO_LOAI_HINH_VA_DON_VI( :donvi, :TBL_OUT); END;
info: Microsoft.EntityFrameworkCore.Database.Command[20101]
      Executed DbCommand (4ms) [Parameters=[:Ma_0='?' (Size = 2000)], CommandType='Text', CommandTimeout='0']
      SELECT "l"."GIA_TRI"
      FROM "QL_NHAN_HIEN_THI" "l"
      WHERE "l"."MA" = :Ma_0
      FETCH FIRST 1 ROWS ONLY
info: Microsoft.EntityFrameworkCore.Database.Command[20101]
      Executed DbCommand (3ms) [Parameters=[:Ma_0='?' (Size = 2000)], CommandType='Text', CommandTimeout='0']
      SELECT "l"."GIA_TRI"
      FROM "QL_NHAN_HIEN_THI" "l"
      WHERE "l"."MA" = :Ma_0
      FETCH FIRST 1 ROWS ONLY
info: Microsoft.EntityFrameworkCore.Database.Command[20101]
      Executed DbCommand (4ms) [Parameters=[:Ma_0='?' (Size = 2000)], CommandType='Text', CommandTimeout='0']
      SELECT "l"."GIA_TRI"
      FROM "QL_NHAN_HIEN_THI" "l"
      WHERE "l"."MA" = :Ma_0
      FETCH FIRST 1 ROWS ONLY
info: Microsoft.EntityFrameworkCore.Database.Command[20101]
      Executed DbCommand (4ms) [Parameters=[:Ma_0='?' (Size = 2000)], CommandType='Text', CommandTimeout='0']
      SELECT "l"."GIA_TRI"
      FROM "QL_NHAN_HIEN_THI" "l"
      WHERE "l"."MA" = :Ma_0
      FETCH FIRST 1 ROWS ONLY
info: Microsoft.EntityFrameworkCore.Database.Command[20101]
      Executed DbCommand (4ms) [Parameters=[:Ma_0='?' (Size = 2000)], CommandType='Text', CommandTimeout='0']
      SELECT "l"."GIA_TRI"
      FROM "QL_NHAN_HIEN_THI" "l"
      WHERE "l"."MA" = :Ma_0
      FETCH FIRST 1 ROWS ONLY
info: Microsoft.EntityFrameworkCore.Database.Command[20101]
      Executed DbCommand (3ms) [Parameters=[:Ma_0='?' (Size = 2000)], CommandType='Text', CommandTimeout='0']
      SELECT "l"."GIA_TRI"
      FROM "QL_NHAN_HIEN_THI" "l"
      WHERE "l"."MA" = :Ma_0
      FETCH FIRST 1 ROWS ONLY
info: Microsoft.EntityFrameworkCore.Database.Command[20101]
      Executed DbCommand (3ms) [Parameters=[:Ma_0='?' (Size = 2000)], CommandType='Text', CommandTimeout='0']
      SELECT "l"."GIA_TRI"
      FROM "QL_NHAN_HIEN_THI" "l"
      WHERE "l"."MA" = :Ma_0
      FETCH FIRST 1 ROWS ONLY
info: Microsoft.EntityFrameworkCore.Database.Command[20101]
      Executed DbCommand (3ms) [Parameters=[:Ma_0='?' (Size = 2000)], CommandType='Text', CommandTimeout='0']
      SELECT "l"."GIA_TRI"
      FROM "QL_NHAN_HIEN_THI" "l"
      WHERE "l"."MA" = :Ma_0
      FETCH FIRST 1 ROWS ONLY
info: Microsoft.EntityFrameworkCore.Database.Command[20101]
      Executed DbCommand (5ms) [Parameters=[:Ma_0='?' (Size = 2000)], CommandType='Text', CommandTimeout='0']
      SELECT "l"."GIA_TRI"
      FROM "QL_NHAN_HIEN_THI" "l"
      WHERE "l"."MA" = :Ma_0
      FETCH FIRST 1 ROWS ONLY
info: Microsoft.EntityFrameworkCore.Database.Command[20101]
      Executed DbCommand (3ms) [Parameters=[:Ma_0='?' (Size = 2000)], CommandType='Text', CommandTimeout='0']
      SELECT "l"."GIA_TRI"
      FROM "QL_NHAN_HIEN_THI" "l"
      WHERE "l"."MA" = :Ma_0
      FETCH FIRST 1 ROWS ONLY
info: Microsoft.AspNetCore.Mvc.Internal.ControllerActionInvoker[2]
      Executed action method GS.Web.Controllers.WidgetController.GiaTriSoLuongTaiSanTheoLoaiHinhVaDonVi (GS.Web), returned result Microsoft.AspNetCore.Mvc.JsonResult in 550.9908ms.
info: Microsoft.AspNetCore.Mvc.Formatters.Json.Internal.JsonResultExecutor[1]
      Executing JsonResult, writing value of type 'GS.Core.Domain.Common.MessageReturn'.
info: Microsoft.AspNetCore.Mvc.Internal.ControllerActionInvoker[2]
      Executed action GS.Web.Controllers.WidgetController.GiaTriSoLuongTaiSanTheoLoaiHinhVaDonVi (GS.Web) in 610.985ms
info: Microsoft.AspNetCore.Hosting.Internal.WebHost[2]
      Request finished in 665.3101ms 200 application/json; charset=utf-8
info: Microsoft.EntityFrameworkCore.Database.Command[20101]
      Executed DbCommand (193ms) [Parameters=[:maChuong_0='?' (Size = 2000)], CommandType='Text', CommandTimeout='0']
      SELECT COUNT(*)
      FROM "DMDC_DON_VI_NGAN_SACH" "c"
      LEFT JOIN (
          SELECT "c0".*
          FROM "DM_DON_VI" "c0"
          WHERE "c0"."MA_CHUONG" = :maChuong_0
      ) "t" ON "c"."MA" = "t"."MA_DVQHNS"
      WHERE ("c"."CHUONG" = :maChuong_0) AND "t"."ID" IS NULL
info: Microsoft.AspNetCore.Mvc.Internal.ControllerActionInvoker[2]
      Executed action method GS.Web.Controllers.TaiSanController.CanhBaoDuLieuTaiSan (GS.Web), returned result Microsoft.AspNetCore.Mvc.ViewResult in 614.911ms.
info: Microsoft.AspNetCore.Mvc.ViewFeatures.ViewResultExecutor[1]
      Executing ViewResult, running view CanhBaoDuLieuTaiSan.
info: Microsoft.AspNetCore.Mvc.ViewFeatures.ViewResultExecutor[4]
      Executed ViewResult - view CanhBaoDuLieuTaiSan executed in 544.8823ms.
info: Microsoft.AspNetCore.Mvc.Internal.ControllerActionInvoker[2]
      Executed action GS.Web.Controllers.TaiSanController.CanhBaoDuLieuTaiSan (GS.Web) in 1231.6473ms
info: Microsoft.AspNetCore.Hosting.Internal.WebHost[2]
      Request finished in 1304.9585ms 200 text/html; charset=utf-8
info: Microsoft.AspNetCore.Hosting.Internal.WebHost[1]
      Request starting HTTP/1.1 GET http://localhost:62432/TaiSan  
info: Microsoft.AspNetCore.Mvc.Internal.ControllerActionInvoker[1]
      Route matched with {action = "NhapLieu", controller = "TaiSan"}. Executing action GS.Web.Controllers.TaiSanController.NhapLieu (GS.Web)
info: Microsoft.AspNetCore.Mvc.Internal.ControllerActionInvoker[1]
      Executing action method GS.Web.Controllers.TaiSanController.NhapLieu (GS.Web) - Validation state: Valid
info: Microsoft.AspNetCore.Mvc.Internal.ControllerActionInvoker[2]
      Executed action method GS.Web.Controllers.TaiSanController.NhapLieu (GS.Web), returned result Microsoft.AspNetCore.Mvc.ViewResult in 0.8487ms.
info: Microsoft.AspNetCore.Mvc.ViewFeatures.ViewResultExecutor[1]
      Executing ViewResult, running view NhapLieu.
info: Microsoft.EntityFrameworkCore.Infrastructure[10403]
      Entity Framework Core 2.2.6-servicing-10079 initialized 'GSObjectContext' using provider 'Oracle.EntityFrameworkCore' with options: using lazy-loading proxies 
info: Microsoft.EntityFrameworkCore.Database.Command[20101]
      Executed DbCommand (3ms) [Parameters=[:Ma_0='?' (Size = 2000)], CommandType='Text', CommandTimeout='0']
      SELECT "l"."GIA_TRI"
      FROM "QL_NHAN_HIEN_THI" "l"
      WHERE "l"."MA" = :Ma_0
      FETCH FIRST 1 ROWS ONLY
info: Microsoft.EntityFrameworkCore.Database.Command[20101]
      Executed DbCommand (2ms) [Parameters=[:nguoiDung_ID_0='?' (DbType = Decimal)], CommandType='Text', CommandTimeout='0']
      SELECT "c"."VAI_TRO_ID"
      FROM "QL_VAI_TRO_NGUOI_DUNG" "c"
      WHERE "c"."NGUOI_DUNG_ID" = :nguoiDung_ID_0
info: Microsoft.EntityFrameworkCore.Database.Command[20101]
      Executed DbCommand (2ms) [Parameters=[:Ma_0='?' (Size = 2000)], CommandType='Text', CommandTimeout='0']
      SELECT "l"."GIA_TRI"
      FROM "QL_NHAN_HIEN_THI" "l"
      WHERE "l"."MA" = :Ma_0
      FETCH FIRST 1 ROWS ONLY
info: Microsoft.EntityFrameworkCore.Database.Command[20101]
      Executed DbCommand (3ms) [Parameters=[:nguoiDung_ID_0='?' (DbType = Decimal)], CommandType='Text', CommandTimeout='0']
      SELECT "c"."VAI_TRO_ID"
      FROM "QL_VAI_TRO_NGUOI_DUNG" "c"
      WHERE "c"."NGUOI_DUNG_ID" = :nguoiDung_ID_0
info: Microsoft.EntityFrameworkCore.Database.Command[20101]
      Executed DbCommand (2ms) [Parameters=[:Ma_0='?' (Size = 2000)], CommandType='Text', CommandTimeout='0']
      SELECT "l"."GIA_TRI"
      FROM "QL_NHAN_HIEN_THI" "l"
      WHERE "l"."MA" = :Ma_0
      FETCH FIRST 1 ROWS ONLY
info: Microsoft.EntityFrameworkCore.Database.Command[20101]
      Executed DbCommand (3ms) [Parameters=[:nguoiDung_ID_0='?' (DbType = Decimal)], CommandType='Text', CommandTimeout='0']
      SELECT "c"."VAI_TRO_ID"
      FROM "QL_VAI_TRO_NGUOI_DUNG" "c"
      WHERE "c"."NGUOI_DUNG_ID" = :nguoiDung_ID_0
info: Microsoft.EntityFrameworkCore.Database.Command[20101]
      Executed DbCommand (2ms) [Parameters=[:Ma_0='?' (Size = 2000)], CommandType='Text', CommandTimeout='0']
      SELECT "l"."GIA_TRI"
      FROM "QL_NHAN_HIEN_THI" "l"
      WHERE "l"."MA" = :Ma_0
      FETCH FIRST 1 ROWS ONLY
info: Microsoft.EntityFrameworkCore.Database.Command[20101]
      Executed DbCommand (3ms) [Parameters=[:nguoiDung_ID_0='?' (DbType = Decimal)], CommandType='Text', CommandTimeout='0']
      SELECT "c"."VAI_TRO_ID"
      FROM "QL_VAI_TRO_NGUOI_DUNG" "c"
      WHERE "c"."NGUOI_DUNG_ID" = :nguoiDung_ID_0
info: Microsoft.EntityFrameworkCore.Database.Command[20101]
      Executed DbCommand (2ms) [Parameters=[:Ma_0='?' (Size = 2000)], CommandType='Text', CommandTimeout='0']
      SELECT "l"."GIA_TRI"
      FROM "QL_NHAN_HIEN_THI" "l"
      WHERE "l"."MA" = :Ma_0
      FETCH FIRST 1 ROWS ONLY
info: Microsoft.EntityFrameworkCore.Database.Command[20101]
      Executed DbCommand (3ms) [Parameters=[:nguoiDung_ID_0='?' (DbType = Decimal)], CommandType='Text', CommandTimeout='0']
      SELECT "c"."VAI_TRO_ID"
      FROM "QL_VAI_TRO_NGUOI_DUNG" "c"
      WHERE "c"."NGUOI_DUNG_ID" = :nguoiDung_ID_0
info: Microsoft.EntityFrameworkCore.Database.Command[20101]
      Executed DbCommand (2ms) [Parameters=[:Ma_0='?' (Size = 2000)], CommandType='Text', CommandTimeout='0']
      SELECT "l"."GIA_TRI"
      FROM "QL_NHAN_HIEN_THI" "l"
      WHERE "l"."MA" = :Ma_0
      FETCH FIRST 1 ROWS ONLY
info: Microsoft.EntityFrameworkCore.Database.Command[20101]
      Executed DbCommand (3ms) [Parameters=[:nguoiDung_ID_0='?' (DbType = Decimal)], CommandType='Text', CommandTimeout='0']
      SELECT "c"."VAI_TRO_ID"
      FROM "QL_VAI_TRO_NGUOI_DUNG" "c"
      WHERE "c"."NGUOI_DUNG_ID" = :nguoiDung_ID_0
info: Microsoft.EntityFrameworkCore.Database.Command[20101]
      Executed DbCommand (3ms) [Parameters=[:Ma_0='?' (Size = 2000)], CommandType='Text', CommandTimeout='0']
      SELECT "l"."GIA_TRI"
      FROM "QL_NHAN_HIEN_THI" "l"
      WHERE "l"."MA" = :Ma_0
      FETCH FIRST 1 ROWS ONLY
info: Microsoft.EntityFrameworkCore.Database.Command[20101]
      Executed DbCommand (3ms) [Parameters=[:nguoiDung_ID_0='?' (DbType = Decimal)], CommandType='Text', CommandTimeout='0']
      SELECT "c"."VAI_TRO_ID"
      FROM "QL_VAI_TRO_NGUOI_DUNG" "c"
      WHERE "c"."NGUOI_DUNG_ID" = :nguoiDung_ID_0
info: Microsoft.EntityFrameworkCore.Database.Command[20101]
      Executed DbCommand (3ms) [Parameters=[:Ma_0='?' (Size = 2000)], CommandType='Text', CommandTimeout='0']
      SELECT "l"."GIA_TRI"
      FROM "QL_NHAN_HIEN_THI" "l"
      WHERE "l"."MA" = :Ma_0
      FETCH FIRST 1 ROWS ONLY
info: Microsoft.EntityFrameworkCore.Database.Command[20101]
      Executed DbCommand (3ms) [Parameters=[:nguoiDung_ID_0='?' (DbType = Decimal)], CommandType='Text', CommandTimeout='0']
      SELECT "c"."VAI_TRO_ID"
      FROM "QL_VAI_TRO_NGUOI_DUNG" "c"
      WHERE "c"."NGUOI_DUNG_ID" = :nguoiDung_ID_0
info: Microsoft.EntityFrameworkCore.Database.Command[20101]
      Executed DbCommand (3ms) [Parameters=[:Ma_0='?' (Size = 2000)], CommandType='Text', CommandTimeout='0']
      SELECT "l"."GIA_TRI"
      FROM "QL_NHAN_HIEN_THI" "l"
      WHERE "l"."MA" = :Ma_0
      FETCH FIRST 1 ROWS ONLY
info: Microsoft.EntityFrameworkCore.Database.Command[20101]
      Executed DbCommand (3ms) [Parameters=[:nguoiDung_ID_0='?' (DbType = Decimal)], CommandType='Text', CommandTimeout='0']
      SELECT "c"."VAI_TRO_ID"
      FROM "QL_VAI_TRO_NGUOI_DUNG" "c"
      WHERE "c"."NGUOI_DUNG_ID" = :nguoiDung_ID_0
info: Microsoft.EntityFrameworkCore.Database.Command[20101]
      Executed DbCommand (2ms) [Parameters=[:Ma_0='?' (Size = 2000)], CommandType='Text', CommandTimeout='0']
      SELECT "l"."GIA_TRI"
      FROM "QL_NHAN_HIEN_THI" "l"
      WHERE "l"."MA" = :Ma_0
      FETCH FIRST 1 ROWS ONLY
info: Microsoft.EntityFrameworkCore.Database.Command[20101]
      Executed DbCommand (2ms) [Parameters=[:nguoiDung_ID_0='?' (DbType = Decimal)], CommandType='Text', CommandTimeout='0']
      SELECT "c"."VAI_TRO_ID"
      FROM "QL_VAI_TRO_NGUOI_DUNG" "c"
      WHERE "c"."NGUOI_DUNG_ID" = :nguoiDung_ID_0
info: Microsoft.EntityFrameworkCore.Database.Command[20101]
      Executed DbCommand (3ms) [Parameters=[:Ma_0='?' (Size = 2000)], CommandType='Text', CommandTimeout='0']
      SELECT "l"."GIA_TRI"
      FROM "QL_NHAN_HIEN_THI" "l"
      WHERE "l"."MA" = :Ma_0
      FETCH FIRST 1 ROWS ONLY
info: Microsoft.EntityFrameworkCore.Database.Command[20101]
      Executed DbCommand (2ms) [Parameters=[:nguoiDung_ID_0='?' (DbType = Decimal)], CommandType='Text', CommandTimeout='0']
      SELECT "c"."VAI_TRO_ID"
      FROM "QL_VAI_TRO_NGUOI_DUNG" "c"
      WHERE "c"."NGUOI_DUNG_ID" = :nguoiDung_ID_0
info: Microsoft.EntityFrameworkCore.Database.Command[20101]
      Executed DbCommand (2ms) [Parameters=[:Ma_0='?' (Size = 2000)], CommandType='Text', CommandTimeout='0']
      SELECT "l"."GIA_TRI"
      FROM "QL_NHAN_HIEN_THI" "l"
      WHERE "l"."MA" = :Ma_0
      FETCH FIRST 1 ROWS ONLY
info: Microsoft.EntityFrameworkCore.Database.Command[20101]
      Executed DbCommand (3ms) [Parameters=[:nguoiDung_ID_0='?' (DbType = Decimal)], CommandType='Text', CommandTimeout='0']
      SELECT "c"."VAI_TRO_ID"
      FROM "QL_VAI_TRO_NGUOI_DUNG" "c"
      WHERE "c"."NGUOI_DUNG_ID" = :nguoiDung_ID_0
info: Microsoft.EntityFrameworkCore.Database.Command[20101]
      Executed DbCommand (2ms) [Parameters=[:nguoiDung_ID_0='?' (DbType = Decimal)], CommandType='Text', CommandTimeout='0']
      SELECT "c"."VAI_TRO_ID"
      FROM "QL_VAI_TRO_NGUOI_DUNG" "c"
      WHERE "c"."NGUOI_DUNG_ID" = :nguoiDung_ID_0
info: Microsoft.EntityFrameworkCore.Database.Command[20101]
      Executed DbCommand (2ms) [Parameters=[:Ma_0='?' (Size = 2000)], CommandType='Text', CommandTimeout='0']
      SELECT "l"."GIA_TRI"
      FROM "QL_NHAN_HIEN_THI" "l"
      WHERE "l"."MA" = :Ma_0
      FETCH FIRST 1 ROWS ONLY
info: Microsoft.EntityFrameworkCore.Database.Command[20101]
      Executed DbCommand (2ms) [Parameters=[:nguoiDung_ID_0='?' (DbType = Decimal)], CommandType='Text', CommandTimeout='0']
      SELECT "c"."VAI_TRO_ID"
      FROM "QL_VAI_TRO_NGUOI_DUNG" "c"
      WHERE "c"."NGUOI_DUNG_ID" = :nguoiDung_ID_0
info: Microsoft.EntityFrameworkCore.Database.Command[20101]
      Executed DbCommand (2ms) [Parameters=[:Ma_0='?' (Size = 2000)], CommandType='Text', CommandTimeout='0']
      SELECT "l"."GIA_TRI"
      FROM "QL_NHAN_HIEN_THI" "l"
      WHERE "l"."MA" = :Ma_0
      FETCH FIRST 1 ROWS ONLY
info: Microsoft.EntityFrameworkCore.Database.Command[20101]
      Executed DbCommand (4ms) [Parameters=[:nguoiDung_ID_0='?' (DbType = Decimal)], CommandType='Text', CommandTimeout='0']
      SELECT "c"."VAI_TRO_ID"
      FROM "QL_VAI_TRO_NGUOI_DUNG" "c"
      WHERE "c"."NGUOI_DUNG_ID" = :nguoiDung_ID_0
info: Microsoft.EntityFrameworkCore.Database.Command[20101]
      Executed DbCommand (3ms) [Parameters=[:Ma_0='?' (Size = 2000)], CommandType='Text', CommandTimeout='0']
      SELECT "l"."GIA_TRI"
      FROM "QL_NHAN_HIEN_THI" "l"
      WHERE "l"."MA" = :Ma_0
      FETCH FIRST 1 ROWS ONLY
info: Microsoft.EntityFrameworkCore.Database.Command[20101]
      Executed DbCommand (2ms) [Parameters=[:nguoiDung_ID_0='?' (DbType = Decimal)], CommandType='Text', CommandTimeout='0']
      SELECT "c"."VAI_TRO_ID"
      FROM "QL_VAI_TRO_NGUOI_DUNG" "c"
      WHERE "c"."NGUOI_DUNG_ID" = :nguoiDung_ID_0
info: Microsoft.EntityFrameworkCore.Database.Command[20101]
      Executed DbCommand (2ms) [Parameters=[:Ma_0='?' (Size = 2000)], CommandType='Text', CommandTimeout='0']
      SELECT "l"."GIA_TRI"
      FROM "QL_NHAN_HIEN_THI" "l"
      WHERE "l"."MA" = :Ma_0
      FETCH FIRST 1 ROWS ONLY
info: Microsoft.EntityFrameworkCore.Database.Command[20101]
      Executed DbCommand (2ms) [Parameters=[:nguoiDung_ID_0='?' (DbType = Decimal)], CommandType='Text', CommandTimeout='0']
      SELECT "c"."VAI_TRO_ID"
      FROM "QL_VAI_TRO_NGUOI_DUNG" "c"
      WHERE "c"."NGUOI_DUNG_ID" = :nguoiDung_ID_0
info: Microsoft.EntityFrameworkCore.Database.Command[20101]
      Executed DbCommand (2ms) [Parameters=[:Ma_0='?' (Size = 2000)], CommandType='Text', CommandTimeout='0']
      SELECT "l"."GIA_TRI"
      FROM "QL_NHAN_HIEN_THI" "l"
      WHERE "l"."MA" = :Ma_0
      FETCH FIRST 1 ROWS ONLY
info: Microsoft.EntityFrameworkCore.Database.Command[20101]
      Executed DbCommand (3ms) [Parameters=[:nguoiDung_ID_0='?' (DbType = Decimal)], CommandType='Text', CommandTimeout='0']
      SELECT "c"."VAI_TRO_ID"
      FROM "QL_VAI_TRO_NGUOI_DUNG" "c"
      WHERE "c"."NGUOI_DUNG_ID" = :nguoiDung_ID_0
info: Microsoft.EntityFrameworkCore.Database.Command[20101]
      Executed DbCommand (3ms) [Parameters=[:Ma_0='?' (Size = 2000)], CommandType='Text', CommandTimeout='0']
      SELECT "l"."GIA_TRI"
      FROM "QL_NHAN_HIEN_THI" "l"
      WHERE "l"."MA" = :Ma_0
      FETCH FIRST 1 ROWS ONLY
info: Microsoft.EntityFrameworkCore.Database.Command[20101]
      Executed DbCommand (3ms) [Parameters=[:nguoiDung_ID_0='?' (DbType = Decimal)], CommandType='Text', CommandTimeout='0']
      SELECT "c"."VAI_TRO_ID"
      FROM "QL_VAI_TRO_NGUOI_DUNG" "c"
      WHERE "c"."NGUOI_DUNG_ID" = :nguoiDung_ID_0
info: Microsoft.EntityFrameworkCore.Database.Command[20101]
      Executed DbCommand (3ms) [Parameters=[:Ma_0='?' (Size = 2000)], CommandType='Text', CommandTimeout='0']
      SELECT "l"."GIA_TRI"
      FROM "QL_NHAN_HIEN_THI" "l"
      WHERE "l"."MA" = :Ma_0
      FETCH FIRST 1 ROWS ONLY
info: Microsoft.EntityFrameworkCore.Database.Command[20101]
      Executed DbCommand (3ms) [Parameters=[:nguoiDung_ID_0='?' (DbType = Decimal)], CommandType='Text', CommandTimeout='0']
      SELECT "c"."VAI_TRO_ID"
      FROM "QL_VAI_TRO_NGUOI_DUNG" "c"
      WHERE "c"."NGUOI_DUNG_ID" = :nguoiDung_ID_0
info: Microsoft.EntityFrameworkCore.Database.Command[20101]
      Executed DbCommand (4ms) [Parameters=[:Ma_0='?' (Size = 2000)], CommandType='Text', CommandTimeout='0']
      SELECT "l"."GIA_TRI"
      FROM "QL_NHAN_HIEN_THI" "l"
      WHERE "l"."MA" = :Ma_0
      FETCH FIRST 1 ROWS ONLY
info: Microsoft.EntityFrameworkCore.Database.Command[20101]
      Executed DbCommand (3ms) [Parameters=[:nguoiDung_ID_0='?' (DbType = Decimal)], CommandType='Text', CommandTimeout='0']
      SELECT "c"."VAI_TRO_ID"
      FROM "QL_VAI_TRO_NGUOI_DUNG" "c"
      WHERE "c"."NGUOI_DUNG_ID" = :nguoiDung_ID_0
info: Microsoft.EntityFrameworkCore.Database.Command[20101]
      Executed DbCommand (2ms) [Parameters=[:Ma_0='?' (Size = 2000)], CommandType='Text', CommandTimeout='0']
      SELECT "l"."GIA_TRI"
      FROM "QL_NHAN_HIEN_THI" "l"
      WHERE "l"."MA" = :Ma_0
      FETCH FIRST 1 ROWS ONLY
info: Microsoft.EntityFrameworkCore.Database.Command[20101]
      Executed DbCommand (3ms) [Parameters=[:nguoiDung_ID_0='?' (DbType = Decimal)], CommandType='Text', CommandTimeout='0']
      SELECT "c"."VAI_TRO_ID"
      FROM "QL_VAI_TRO_NGUOI_DUNG" "c"
      WHERE "c"."NGUOI_DUNG_ID" = :nguoiDung_ID_0
info: Microsoft.EntityFrameworkCore.Database.Command[20101]
      Executed DbCommand (3ms) [Parameters=[:Ma_0='?' (Size = 2000)], CommandType='Text', CommandTimeout='0']
      SELECT "l"."GIA_TRI"
      FROM "QL_NHAN_HIEN_THI" "l"
      WHERE "l"."MA" = :Ma_0
      FETCH FIRST 1 ROWS ONLY
info: Microsoft.EntityFrameworkCore.Database.Command[20101]
      Executed DbCommand (2ms) [Parameters=[:nguoiDung_ID_0='?' (DbType = Decimal)], CommandType='Text', CommandTimeout='0']
      SELECT "c"."VAI_TRO_ID"
      FROM "QL_VAI_TRO_NGUOI_DUNG" "c"
      WHERE "c"."NGUOI_DUNG_ID" = :nguoiDung_ID_0
info: Microsoft.EntityFrameworkCore.Database.Command[20101]
      Executed DbCommand (3ms) [Parameters=[:Ma_0='?' (Size = 2000)], CommandType='Text', CommandTimeout='0']
      SELECT "l"."GIA_TRI"
      FROM "QL_NHAN_HIEN_THI" "l"
      WHERE "l"."MA" = :Ma_0
      FETCH FIRST 1 ROWS ONLY
info: Microsoft.EntityFrameworkCore.Database.Command[20101]
      Executed DbCommand (2ms) [Parameters=[:nguoiDung_ID_0='?' (DbType = Decimal)], CommandType='Text', CommandTimeout='0']
      SELECT "c"."VAI_TRO_ID"
      FROM "QL_VAI_TRO_NGUOI_DUNG" "c"
      WHERE "c"."NGUOI_DUNG_ID" = :nguoiDung_ID_0
info: Microsoft.EntityFrameworkCore.Database.Command[20101]
      Executed DbCommand (3ms) [Parameters=[:Ma_0='?' (Size = 2000)], CommandType='Text', CommandTimeout='0']
      SELECT "l"."GIA_TRI"
      FROM "QL_NHAN_HIEN_THI" "l"
      WHERE "l"."MA" = :Ma_0
      FETCH FIRST 1 ROWS ONLY
info: Microsoft.EntityFrameworkCore.Database.Command[20101]
      Executed DbCommand (4ms) [Parameters=[:nguoiDung_ID_0='?' (DbType = Decimal)], CommandType='Text', CommandTimeout='0']
      SELECT "c"."VAI_TRO_ID"
      FROM "QL_VAI_TRO_NGUOI_DUNG" "c"
      WHERE "c"."NGUOI_DUNG_ID" = :nguoiDung_ID_0
info: Microsoft.EntityFrameworkCore.Database.Command[20101]
      Executed DbCommand (3ms) [Parameters=[:Ma_0='?' (Size = 2000)], CommandType='Text', CommandTimeout='0']
      SELECT "l"."GIA_TRI"
      FROM "QL_NHAN_HIEN_THI" "l"
      WHERE "l"."MA" = :Ma_0
      FETCH FIRST 1 ROWS ONLY
info: Microsoft.EntityFrameworkCore.Database.Command[20101]
      Executed DbCommand (2ms) [Parameters=[:nguoiDung_ID_0='?' (DbType = Decimal)], CommandType='Text', CommandTimeout='0']
      SELECT "c"."VAI_TRO_ID"
      FROM "QL_VAI_TRO_NGUOI_DUNG" "c"
      WHERE "c"."NGUOI_DUNG_ID" = :nguoiDung_ID_0
info: Microsoft.EntityFrameworkCore.Database.Command[20101]
      Executed DbCommand (3ms) [Parameters=[:Ma_0='?' (Size = 2000)], CommandType='Text', CommandTimeout='0']
      SELECT "l"."GIA_TRI"
      FROM "QL_NHAN_HIEN_THI" "l"
      WHERE "l"."MA" = :Ma_0
      FETCH FIRST 1 ROWS ONLY
info: Microsoft.EntityFrameworkCore.Database.Command[20101]
      Executed DbCommand (4ms) [Parameters=[:nguoiDung_ID_0='?' (DbType = Decimal)], CommandType='Text', CommandTimeout='0']
      SELECT "c"."VAI_TRO_ID"
      FROM "QL_VAI_TRO_NGUOI_DUNG" "c"
      WHERE "c"."NGUOI_DUNG_ID" = :nguoiDung_ID_0
info: Microsoft.EntityFrameworkCore.Database.Command[20101]
      Executed DbCommand (3ms) [Parameters=[:Ma_0='?' (Size = 2000)], CommandType='Text', CommandTimeout='0']
      SELECT "l"."GIA_TRI"
      FROM "QL_NHAN_HIEN_THI" "l"
      WHERE "l"."MA" = :Ma_0
      FETCH FIRST 1 ROWS ONLY
info: Microsoft.EntityFrameworkCore.Database.Command[20101]
      Executed DbCommand (2ms) [Parameters=[:nguoiDung_ID_0='?' (DbType = Decimal)], CommandType='Text', CommandTimeout='0']
      SELECT "c"."VAI_TRO_ID"
      FROM "QL_VAI_TRO_NGUOI_DUNG" "c"
      WHERE "c"."NGUOI_DUNG_ID" = :nguoiDung_ID_0
info: Microsoft.EntityFrameworkCore.Database.Command[20101]
      Executed DbCommand (3ms) [Parameters=[:Ma_0='?' (Size = 2000)], CommandType='Text', CommandTimeout='0']
      SELECT "l"."GIA_TRI"
      FROM "QL_NHAN_HIEN_THI" "l"
      WHERE "l"."MA" = :Ma_0
      FETCH FIRST 1 ROWS ONLY
info: Microsoft.EntityFrameworkCore.Database.Command[20101]
      Executed DbCommand (2ms) [Parameters=[:nguoiDung_ID_0='?' (DbType = Decimal)], CommandType='Text', CommandTimeout='0']
      SELECT "c"."VAI_TRO_ID"
      FROM "QL_VAI_TRO_NGUOI_DUNG" "c"
      WHERE "c"."NGUOI_DUNG_ID" = :nguoiDung_ID_0
info: Microsoft.EntityFrameworkCore.Database.Command[20101]
      Executed DbCommand (3ms) [Parameters=[:Ma_0='?' (Size = 2000)], CommandType='Text', CommandTimeout='0']
      SELECT "l"."GIA_TRI"
      FROM "QL_NHAN_HIEN_THI" "l"
      WHERE "l"."MA" = :Ma_0
      FETCH FIRST 1 ROWS ONLY
info: Microsoft.EntityFrameworkCore.Database.Command[20101]
      Executed DbCommand (3ms) [Parameters=[:nguoiDung_ID_0='?' (DbType = Decimal)], CommandType='Text', CommandTimeout='0']
      SELECT "c"."VAI_TRO_ID"
      FROM "QL_VAI_TRO_NGUOI_DUNG" "c"
      WHERE "c"."NGUOI_DUNG_ID" = :nguoiDung_ID_0
info: Microsoft.EntityFrameworkCore.Database.Command[20101]
      Executed DbCommand (3ms) [Parameters=[:Ma_0='?' (Size = 2000)], CommandType='Text', CommandTimeout='0']
      SELECT "l"."GIA_TRI"
      FROM "QL_NHAN_HIEN_THI" "l"
      WHERE "l"."MA" = :Ma_0
      FETCH FIRST 1 ROWS ONLY
info: Microsoft.EntityFrameworkCore.Database.Command[20101]
      Executed DbCommand (2ms) [Parameters=[:nguoiDung_ID_0='?' (DbType = Decimal)], CommandType='Text', CommandTimeout='0']
      SELECT "c"."VAI_TRO_ID"
      FROM "QL_VAI_TRO_NGUOI_DUNG" "c"
      WHERE "c"."NGUOI_DUNG_ID" = :nguoiDung_ID_0
info: Microsoft.EntityFrameworkCore.Database.Command[20101]
      Executed DbCommand (3ms) [Parameters=[:Ma_0='?' (Size = 2000)], CommandType='Text', CommandTimeout='0']
      SELECT "l"."GIA_TRI"
      FROM "QL_NHAN_HIEN_THI" "l"
      WHERE "l"."MA" = :Ma_0
      FETCH FIRST 1 ROWS ONLY
info: Microsoft.EntityFrameworkCore.Database.Command[20101]
      Executed DbCommand (2ms) [Parameters=[:nguoiDung_ID_0='?' (DbType = Decimal)], CommandType='Text', CommandTimeout='0']
      SELECT "c"."VAI_TRO_ID"
      FROM "QL_VAI_TRO_NGUOI_DUNG" "c"
      WHERE "c"."NGUOI_DUNG_ID" = :nguoiDung_ID_0
info: Microsoft.EntityFrameworkCore.Database.Command[20101]
      Executed DbCommand (3ms) [Parameters=[:Ma_0='?' (Size = 2000)], CommandType='Text', CommandTimeout='0']
      SELECT "l"."GIA_TRI"
      FROM "QL_NHAN_HIEN_THI" "l"
      WHERE "l"."MA" = :Ma_0
      FETCH FIRST 1 ROWS ONLY
info: Microsoft.EntityFrameworkCore.Database.Command[20101]
      Executed DbCommand (4ms) [Parameters=[:nguoiDung_ID_0='?' (DbType = Decimal)], CommandType='Text', CommandTimeout='0']
      SELECT "c"."VAI_TRO_ID"
      FROM "QL_VAI_TRO_NGUOI_DUNG" "c"
      WHERE "c"."NGUOI_DUNG_ID" = :nguoiDung_ID_0
info: Microsoft.EntityFrameworkCore.Database.Command[20101]
      Executed DbCommand (303ms) [Parameters=[:Ma_0='?' (Size = 2000)], CommandType='Text', CommandTimeout='0']
      SELECT "l"."GIA_TRI"
      FROM "QL_NHAN_HIEN_THI" "l"
      WHERE "l"."MA" = :Ma_0
      FETCH FIRST 1 ROWS ONLY
info: Microsoft.EntityFrameworkCore.Database.Command[20101]
      Executed DbCommand (3ms) [Parameters=[:nguoiDung_ID_0='?' (DbType = Decimal)], CommandType='Text', CommandTimeout='0']
      SELECT "c"."VAI_TRO_ID"
      FROM "QL_VAI_TRO_NGUOI_DUNG" "c"
      WHERE "c"."NGUOI_DUNG_ID" = :nguoiDung_ID_0
info: Microsoft.EntityFrameworkCore.Database.Command[20101]
      Executed DbCommand (3ms) [Parameters=[:Ma_0='?' (Size = 2000)], CommandType='Text', CommandTimeout='0']
      SELECT "l"."GIA_TRI"
      FROM "QL_NHAN_HIEN_THI" "l"
      WHERE "l"."MA" = :Ma_0
      FETCH FIRST 1 ROWS ONLY
info: Microsoft.EntityFrameworkCore.Database.Command[20101]
      Executed DbCommand (2ms) [Parameters=[:nguoiDung_ID_0='?' (DbType = Decimal)], CommandType='Text', CommandTimeout='0']
      SELECT "c"."VAI_TRO_ID"
      FROM "QL_VAI_TRO_NGUOI_DUNG" "c"
      WHERE "c"."NGUOI_DUNG_ID" = :nguoiDung_ID_0
info: Microsoft.EntityFrameworkCore.Database.Command[20101]
      Executed DbCommand (3ms) [Parameters=[:Ma_0='?' (Size = 2000)], CommandType='Text', CommandTimeout='0']
      SELECT "l"."GIA_TRI"
      FROM "QL_NHAN_HIEN_THI" "l"
      WHERE "l"."MA" = :Ma_0
      FETCH FIRST 1 ROWS ONLY
info: Microsoft.EntityFrameworkCore.Database.Command[20101]
      Executed DbCommand (2ms) [Parameters=[:nguoiDung_ID_0='?' (DbType = Decimal)], CommandType='Text', CommandTimeout='0']
      SELECT "c"."VAI_TRO_ID"
      FROM "QL_VAI_TRO_NGUOI_DUNG" "c"
      WHERE "c"."NGUOI_DUNG_ID" = :nguoiDung_ID_0
info: Microsoft.EntityFrameworkCore.Database.Command[20101]
      Executed DbCommand (3ms) [Parameters=[:Ma_0='?' (Size = 2000)], CommandType='Text', CommandTimeout='0']
      SELECT "l"."GIA_TRI"
      FROM "QL_NHAN_HIEN_THI" "l"
      WHERE "l"."MA" = :Ma_0
      FETCH FIRST 1 ROWS ONLY
info: Microsoft.EntityFrameworkCore.Database.Command[20101]
      Executed DbCommand (2ms) [Parameters=[:nguoiDung_ID_0='?' (DbType = Decimal)], CommandType='Text', CommandTimeout='0']
      SELECT "c"."VAI_TRO_ID"
      FROM "QL_VAI_TRO_NGUOI_DUNG" "c"
      WHERE "c"."NGUOI_DUNG_ID" = :nguoiDung_ID_0
info: Microsoft.EntityFrameworkCore.Database.Command[20101]
      Executed DbCommand (3ms) [Parameters=[:Ma_0='?' (Size = 2000)], CommandType='Text', CommandTimeout='0']
      SELECT "l"."GIA_TRI"
      FROM "QL_NHAN_HIEN_THI" "l"
      WHERE "l"."MA" = :Ma_0
      FETCH FIRST 1 ROWS ONLY
info: Microsoft.EntityFrameworkCore.Database.Command[20101]
      Executed DbCommand (3ms) [Parameters=[:nguoiDung_ID_0='?' (DbType = Decimal)], CommandType='Text', CommandTimeout='0']
      SELECT "c"."VAI_TRO_ID"
      FROM "QL_VAI_TRO_NGUOI_DUNG" "c"
      WHERE "c"."NGUOI_DUNG_ID" = :nguoiDung_ID_0
info: Microsoft.EntityFrameworkCore.Database.Command[20101]
      Executed DbCommand (3ms) [Parameters=[:Ma_0='?' (Size = 2000)], CommandType='Text', CommandTimeout='0']
      SELECT "l"."GIA_TRI"
      FROM "QL_NHAN_HIEN_THI" "l"
      WHERE "l"."MA" = :Ma_0
      FETCH FIRST 1 ROWS ONLY
info: Microsoft.EntityFrameworkCore.Database.Command[20101]
      Executed DbCommand (2ms) [Parameters=[:nguoiDung_ID_0='?' (DbType = Decimal)], CommandType='Text', CommandTimeout='0']
      SELECT "c"."VAI_TRO_ID"
      FROM "QL_VAI_TRO_NGUOI_DUNG" "c"
      WHERE "c"."NGUOI_DUNG_ID" = :nguoiDung_ID_0
info: Microsoft.EntityFrameworkCore.Database.Command[20101]
      Executed DbCommand (3ms) [Parameters=[:Ma_0='?' (Size = 2000)], CommandType='Text', CommandTimeout='0']
      SELECT "l"."GIA_TRI"
      FROM "QL_NHAN_HIEN_THI" "l"
      WHERE "l"."MA" = :Ma_0
      FETCH FIRST 1 ROWS ONLY
info: Microsoft.EntityFrameworkCore.Database.Command[20101]
      Executed DbCommand (2ms) [Parameters=[:nguoiDung_ID_0='?' (DbType = Decimal)], CommandType='Text', CommandTimeout='0']
      SELECT "c"."VAI_TRO_ID"
      FROM "QL_VAI_TRO_NGUOI_DUNG" "c"
      WHERE "c"."NGUOI_DUNG_ID" = :nguoiDung_ID_0
info: Microsoft.EntityFrameworkCore.Database.Command[20101]
      Executed DbCommand (3ms) [Parameters=[:Ma_0='?' (Size = 2000)], CommandType='Text', CommandTimeout='0']
      SELECT "l"."GIA_TRI"
      FROM "QL_NHAN_HIEN_THI" "l"
      WHERE "l"."MA" = :Ma_0
      FETCH FIRST 1 ROWS ONLY
info: Microsoft.EntityFrameworkCore.Database.Command[20101]
      Executed DbCommand (2ms) [Parameters=[:nguoiDung_ID_0='?' (DbType = Decimal)], CommandType='Text', CommandTimeout='0']
      SELECT "c"."VAI_TRO_ID"
      FROM "QL_VAI_TRO_NGUOI_DUNG" "c"
      WHERE "c"."NGUOI_DUNG_ID" = :nguoiDung_ID_0
info: Microsoft.EntityFrameworkCore.Database.Command[20101]
      Executed DbCommand (3ms) [Parameters=[:Ma_0='?' (Size = 2000)], CommandType='Text', CommandTimeout='0']
      SELECT "l"."GIA_TRI"
      FROM "QL_NHAN_HIEN_THI" "l"
      WHERE "l"."MA" = :Ma_0
      FETCH FIRST 1 ROWS ONLY
info: Microsoft.EntityFrameworkCore.Database.Command[20101]
      Executed DbCommand (3ms) [Parameters=[:nguoiDung_ID_0='?' (DbType = Decimal)], CommandType='Text', CommandTimeout='0']
      SELECT "c"."VAI_TRO_ID"
      FROM "QL_VAI_TRO_NGUOI_DUNG" "c"
      WHERE "c"."NGUOI_DUNG_ID" = :nguoiDung_ID_0
info: Microsoft.EntityFrameworkCore.Database.Command[20101]
      Executed DbCommand (2ms) [Parameters=[:Ma_0='?' (Size = 2000)], CommandType='Text', CommandTimeout='0']
      SELECT "l"."GIA_TRI"
      FROM "QL_NHAN_HIEN_THI" "l"
      WHERE "l"."MA" = :Ma_0
      FETCH FIRST 1 ROWS ONLY
info: Microsoft.EntityFrameworkCore.Database.Command[20101]
      Executed DbCommand (2ms) [Parameters=[:nguoiDung_ID_0='?' (DbType = Decimal)], CommandType='Text', CommandTimeout='0']
      SELECT "c"."VAI_TRO_ID"
      FROM "QL_VAI_TRO_NGUOI_DUNG" "c"
      WHERE "c"."NGUOI_DUNG_ID" = :nguoiDung_ID_0
info: Microsoft.EntityFrameworkCore.Database.Command[20101]
      Executed DbCommand (12ms) [Parameters=[:Ma_0='?' (Size = 2000)], CommandType='Text', CommandTimeout='0']
      SELECT "l"."GIA_TRI"
      FROM "QL_NHAN_HIEN_THI" "l"
      WHERE "l"."MA" = :Ma_0
      FETCH FIRST 1 ROWS ONLY
info: Microsoft.EntityFrameworkCore.Database.Command[20101]
      Executed DbCommand (3ms) [Parameters=[:nguoiDung_ID_0='?' (DbType = Decimal)], CommandType='Text', CommandTimeout='0']
      SELECT "c"."VAI_TRO_ID"
      FROM "QL_VAI_TRO_NGUOI_DUNG" "c"
      WHERE "c"."NGUOI_DUNG_ID" = :nguoiDung_ID_0
info: Microsoft.EntityFrameworkCore.Database.Command[20101]
      Executed DbCommand (24ms) [Parameters=[:Ma_0='?' (Size = 2000)], CommandType='Text', CommandTimeout='0']
      SELECT "l"."GIA_TRI"
      FROM "QL_NHAN_HIEN_THI" "l"
      WHERE "l"."MA" = :Ma_0
      FETCH FIRST 1 ROWS ONLY
info: Microsoft.EntityFrameworkCore.Database.Command[20101]
      Executed DbCommand (11ms) [Parameters=[:nguoiDung_ID_0='?' (DbType = Decimal)], CommandType='Text', CommandTimeout='0']
      SELECT "c"."VAI_TRO_ID"
      FROM "QL_VAI_TRO_NGUOI_DUNG" "c"
      WHERE "c"."NGUOI_DUNG_ID" = :nguoiDung_ID_0
info: Microsoft.EntityFrameworkCore.Database.Command[20101]
      Executed DbCommand (2ms) [Parameters=[:Ma_0='?' (Size = 2000)], CommandType='Text', CommandTimeout='0']
      SELECT "l"."GIA_TRI"
      FROM "QL_NHAN_HIEN_THI" "l"
      WHERE "l"."MA" = :Ma_0
      FETCH FIRST 1 ROWS ONLY
info: Microsoft.EntityFrameworkCore.Database.Command[20101]
      Executed DbCommand (3ms) [Parameters=[:nguoiDung_ID_0='?' (DbType = Decimal)], CommandType='Text', CommandTimeout='0']
      SELECT "c"."VAI_TRO_ID"
      FROM "QL_VAI_TRO_NGUOI_DUNG" "c"
      WHERE "c"."NGUOI_DUNG_ID" = :nguoiDung_ID_0
info: Microsoft.EntityFrameworkCore.Database.Command[20101]
      Executed DbCommand (3ms) [Parameters=[:Ma_0='?' (Size = 2000)], CommandType='Text', CommandTimeout='0']
      SELECT "l"."GIA_TRI"
      FROM "QL_NHAN_HIEN_THI" "l"
      WHERE "l"."MA" = :Ma_0
      FETCH FIRST 1 ROWS ONLY
info: Microsoft.EntityFrameworkCore.Database.Command[20101]
      Executed DbCommand (4ms) [Parameters=[:nguoiDung_ID_0='?' (DbType = Decimal)], CommandType='Text', CommandTimeout='0']
      SELECT "c"."VAI_TRO_ID"
      FROM "QL_VAI_TRO_NGUOI_DUNG" "c"
      WHERE "c"."NGUOI_DUNG_ID" = :nguoiDung_ID_0
info: Microsoft.EntityFrameworkCore.Database.Command[20101]
      Executed DbCommand (2ms) [Parameters=[:Ma_0='?' (Size = 2000)], CommandType='Text', CommandTimeout='0']
      SELECT "l"."GIA_TRI"
      FROM "QL_NHAN_HIEN_THI" "l"
      WHERE "l"."MA" = :Ma_0
      FETCH FIRST 1 ROWS ONLY
info: Microsoft.EntityFrameworkCore.Database.Command[20101]
      Executed DbCommand (15ms) [Parameters=[:nguoiDung_ID_0='?' (DbType = Decimal)], CommandType='Text', CommandTimeout='0']
      SELECT "c"."VAI_TRO_ID"
      FROM "QL_VAI_TRO_NGUOI_DUNG" "c"
      WHERE "c"."NGUOI_DUNG_ID" = :nguoiDung_ID_0
info: Microsoft.EntityFrameworkCore.Database.Command[20101]
      Executed DbCommand (10ms) [Parameters=[:Ma_0='?' (Size = 2000)], CommandType='Text', CommandTimeout='0']
      SELECT "l"."GIA_TRI"
      FROM "QL_NHAN_HIEN_THI" "l"
      WHERE "l"."MA" = :Ma_0
      FETCH FIRST 1 ROWS ONLY
info: Microsoft.EntityFrameworkCore.Database.Command[20101]
      Executed DbCommand (2ms) [Parameters=[:nguoiDung_ID_0='?' (DbType = Decimal)], CommandType='Text', CommandTimeout='0']
      SELECT "c"."VAI_TRO_ID"
      FROM "QL_VAI_TRO_NGUOI_DUNG" "c"
      WHERE "c"."NGUOI_DUNG_ID" = :nguoiDung_ID_0
info: Microsoft.EntityFrameworkCore.Database.Command[20101]
      Executed DbCommand (4ms) [Parameters=[:Ma_0='?' (Size = 2000)], CommandType='Text', CommandTimeout='0']
      SELECT "l"."GIA_TRI"
      FROM "QL_NHAN_HIEN_THI" "l"
      WHERE "l"."MA" = :Ma_0
      FETCH FIRST 1 ROWS ONLY
info: Microsoft.EntityFrameworkCore.Database.Command[20101]
      Executed DbCommand (2ms) [Parameters=[:nguoiDung_ID_0='?' (DbType = Decimal)], CommandType='Text', CommandTimeout='0']
      SELECT "c"."VAI_TRO_ID"
      FROM "QL_VAI_TRO_NGUOI_DUNG" "c"
      WHERE "c"."NGUOI_DUNG_ID" = :nguoiDung_ID_0
info: Microsoft.EntityFrameworkCore.Database.Command[20101]
      Executed DbCommand (2ms) [Parameters=[:Ma_0='?' (Size = 2000)], CommandType='Text', CommandTimeout='0']
      SELECT "l"."GIA_TRI"
      FROM "QL_NHAN_HIEN_THI" "l"
      WHERE "l"."MA" = :Ma_0
      FETCH FIRST 1 ROWS ONLY
info: Microsoft.EntityFrameworkCore.Database.Command[20101]
      Executed DbCommand (2ms) [Parameters=[:nguoiDung_ID_0='?' (DbType = Decimal)], CommandType='Text', CommandTimeout='0']
      SELECT "c"."VAI_TRO_ID"
      FROM "QL_VAI_TRO_NGUOI_DUNG" "c"
      WHERE "c"."NGUOI_DUNG_ID" = :nguoiDung_ID_0
info: Microsoft.EntityFrameworkCore.Database.Command[20101]
      Executed DbCommand (2ms) [Parameters=[:Ma_0='?' (Size = 2000)], CommandType='Text', CommandTimeout='0']
      SELECT "l"."GIA_TRI"
      FROM "QL_NHAN_HIEN_THI" "l"
      WHERE "l"."MA" = :Ma_0
      FETCH FIRST 1 ROWS ONLY
info: Microsoft.EntityFrameworkCore.Database.Command[20101]
      Executed DbCommand (2ms) [Parameters=[:nguoiDung_ID_0='?' (DbType = Decimal)], CommandType='Text', CommandTimeout='0']
      SELECT "c"."VAI_TRO_ID"
      FROM "QL_VAI_TRO_NGUOI_DUNG" "c"
      WHERE "c"."NGUOI_DUNG_ID" = :nguoiDung_ID_0
info: Microsoft.EntityFrameworkCore.Database.Command[20101]
      Executed DbCommand (4ms) [Parameters=[:Ma_0='?' (Size = 2000)], CommandType='Text', CommandTimeout='0']
      SELECT "l"."GIA_TRI"
      FROM "QL_NHAN_HIEN_THI" "l"
      WHERE "l"."MA" = :Ma_0
      FETCH FIRST 1 ROWS ONLY
info: Microsoft.EntityFrameworkCore.Database.Command[20101]
      Executed DbCommand (2ms) [Parameters=[:nguoiDung_ID_0='?' (DbType = Decimal)], CommandType='Text', CommandTimeout='0']
      SELECT "c"."VAI_TRO_ID"
      FROM "QL_VAI_TRO_NGUOI_DUNG" "c"
      WHERE "c"."NGUOI_DUNG_ID" = :nguoiDung_ID_0
info: Microsoft.EntityFrameworkCore.Database.Command[20101]
      Executed DbCommand (2ms) [Parameters=[:Ma_0='?' (Size = 2000)], CommandType='Text', CommandTimeout='0']
      SELECT "l"."GIA_TRI"
      FROM "QL_NHAN_HIEN_THI" "l"
      WHERE "l"."MA" = :Ma_0
      FETCH FIRST 1 ROWS ONLY
info: Microsoft.EntityFrameworkCore.Database.Command[20101]
      Executed DbCommand (2ms) [Parameters=[:nguoiDung_ID_0='?' (DbType = Decimal)], CommandType='Text', CommandTimeout='0']
      SELECT "c"."VAI_TRO_ID"
      FROM "QL_VAI_TRO_NGUOI_DUNG" "c"
      WHERE "c"."NGUOI_DUNG_ID" = :nguoiDung_ID_0
info: Microsoft.EntityFrameworkCore.Database.Command[20101]
      Executed DbCommand (2ms) [Parameters=[:Ma_0='?' (Size = 2000)], CommandType='Text', CommandTimeout='0']
      SELECT "l"."GIA_TRI"
      FROM "QL_NHAN_HIEN_THI" "l"
      WHERE "l"."MA" = :Ma_0
      FETCH FIRST 1 ROWS ONLY
info: Microsoft.EntityFrameworkCore.Database.Command[20101]
      Executed DbCommand (2ms) [Parameters=[:nguoiDung_ID_0='?' (DbType = Decimal)], CommandType='Text', CommandTimeout='0']
      SELECT "c"."VAI_TRO_ID"
      FROM "QL_VAI_TRO_NGUOI_DUNG" "c"
      WHERE "c"."NGUOI_DUNG_ID" = :nguoiDung_ID_0
info: Microsoft.EntityFrameworkCore.Database.Command[20101]
      Executed DbCommand (2ms) [Parameters=[:Ma_0='?' (Size = 2000)], CommandType='Text', CommandTimeout='0']
      SELECT "l"."GIA_TRI"
      FROM "QL_NHAN_HIEN_THI" "l"
      WHERE "l"."MA" = :Ma_0
      FETCH FIRST 1 ROWS ONLY
info: Microsoft.EntityFrameworkCore.Database.Command[20101]
      Executed DbCommand (2ms) [Parameters=[:nguoiDung_ID_0='?' (DbType = Decimal)], CommandType='Text', CommandTimeout='0']
      SELECT "c"."VAI_TRO_ID"
      FROM "QL_VAI_TRO_NGUOI_DUNG" "c"
      WHERE "c"."NGUOI_DUNG_ID" = :nguoiDung_ID_0
info: Microsoft.EntityFrameworkCore.Database.Command[20101]
      Executed DbCommand (2ms) [Parameters=[:Ma_0='?' (Size = 2000)], CommandType='Text', CommandTimeout='0']
      SELECT "l"."GIA_TRI"
      FROM "QL_NHAN_HIEN_THI" "l"
      WHERE "l"."MA" = :Ma_0
      FETCH FIRST 1 ROWS ONLY
info: Microsoft.EntityFrameworkCore.Database.Command[20101]
      Executed DbCommand (2ms) [Parameters=[:nguoiDung_ID_0='?' (DbType = Decimal)], CommandType='Text', CommandTimeout='0']
      SELECT "c"."VAI_TRO_ID"
      FROM "QL_VAI_TRO_NGUOI_DUNG" "c"
      WHERE "c"."NGUOI_DUNG_ID" = :nguoiDung_ID_0
info: Microsoft.EntityFrameworkCore.Database.Command[20101]
      Executed DbCommand (3ms) [Parameters=[:Ma_0='?' (Size = 2000)], CommandType='Text', CommandTimeout='0']
      SELECT "l"."GIA_TRI"
      FROM "QL_NHAN_HIEN_THI" "l"
      WHERE "l"."MA" = :Ma_0
      FETCH FIRST 1 ROWS ONLY
info: Microsoft.EntityFrameworkCore.Database.Command[20101]
      Executed DbCommand (2ms) [Parameters=[:nguoiDung_ID_0='?' (DbType = Decimal)], CommandType='Text', CommandTimeout='0']
      SELECT "c"."VAI_TRO_ID"
      FROM "QL_VAI_TRO_NGUOI_DUNG" "c"
      WHERE "c"."NGUOI_DUNG_ID" = :nguoiDung_ID_0
info: Microsoft.EntityFrameworkCore.Database.Command[20101]
      Executed DbCommand (3ms) [Parameters=[:Ma_0='?' (Size = 2000)], CommandType='Text', CommandTimeout='0']
      SELECT "l"."GIA_TRI"
      FROM "QL_NHAN_HIEN_THI" "l"
      WHERE "l"."MA" = :Ma_0
      FETCH FIRST 1 ROWS ONLY
info: Microsoft.EntityFrameworkCore.Database.Command[20101]
      Executed DbCommand (2ms) [Parameters=[:nguoiDung_ID_0='?' (DbType = Decimal)], CommandType='Text', CommandTimeout='0']
      SELECT "c"."VAI_TRO_ID"
      FROM "QL_VAI_TRO_NGUOI_DUNG" "c"
      WHERE "c"."NGUOI_DUNG_ID" = :nguoiDung_ID_0
info: Microsoft.EntityFrameworkCore.Database.Command[20101]
      Executed DbCommand (3ms) [Parameters=[:Ma_0='?' (Size = 2000)], CommandType='Text', CommandTimeout='0']
      SELECT "l"."GIA_TRI"
      FROM "QL_NHAN_HIEN_THI" "l"
      WHERE "l"."MA" = :Ma_0
      FETCH FIRST 1 ROWS ONLY
info: Microsoft.EntityFrameworkCore.Database.Command[20101]
      Executed DbCommand (3ms) [Parameters=[:nguoiDung_ID_0='?' (DbType = Decimal)], CommandType='Text', CommandTimeout='0']
      SELECT "c"."VAI_TRO_ID"
      FROM "QL_VAI_TRO_NGUOI_DUNG" "c"
      WHERE "c"."NGUOI_DUNG_ID" = :nguoiDung_ID_0
info: Microsoft.EntityFrameworkCore.Database.Command[20101]
      Executed DbCommand (3ms) [Parameters=[:Ma_0='?' (Size = 2000)], CommandType='Text', CommandTimeout='0']
      SELECT "l"."GIA_TRI"
      FROM "QL_NHAN_HIEN_THI" "l"
      WHERE "l"."MA" = :Ma_0
      FETCH FIRST 1 ROWS ONLY
info: Microsoft.EntityFrameworkCore.Database.Command[20101]
      Executed DbCommand (3ms) [Parameters=[:nguoiDung_ID_0='?' (DbType = Decimal)], CommandType='Text', CommandTimeout='0']
      SELECT "c"."VAI_TRO_ID"
      FROM "QL_VAI_TRO_NGUOI_DUNG" "c"
      WHERE "c"."NGUOI_DUNG_ID" = :nguoiDung_ID_0
info: Microsoft.EntityFrameworkCore.Database.Command[20101]
      Executed DbCommand (3ms) [Parameters=[:Ma_0='?' (Size = 2000)], CommandType='Text', CommandTimeout='0']
      SELECT "l"."GIA_TRI"
      FROM "QL_NHAN_HIEN_THI" "l"
      WHERE "l"."MA" = :Ma_0
      FETCH FIRST 1 ROWS ONLY
info: Microsoft.EntityFrameworkCore.Database.Command[20101]
      Executed DbCommand (3ms) [Parameters=[:nguoiDung_ID_0='?' (DbType = Decimal)], CommandType='Text', CommandTimeout='0']
      SELECT "c"."VAI_TRO_ID"
      FROM "QL_VAI_TRO_NGUOI_DUNG" "c"
      WHERE "c"."NGUOI_DUNG_ID" = :nguoiDung_ID_0
info: Microsoft.EntityFrameworkCore.Database.Command[20101]
      Executed DbCommand (58ms) [Parameters=[:donViId_0='?' (DbType = Decimal)], CommandType='Text', CommandTimeout='0']
      SELECT COUNT(*)
      FROM "DM_DON_VI" "p"
      WHERE ((("p"."PARENT_ID" = :donViId_0) AND ("p"."LA_BAN_QL_DU_AN" = 1)) OR (("p"."ID" = :donViId_0) AND ("p"."LOAI_DON_VI_ID" = 15.0))) OR (("p"."ID" = :donViId_0) AND ("p"."LA_BAN_QL_DU_AN" = 1))
info: Microsoft.EntityFrameworkCore.Database.Command[20101]
      Executed DbCommand (2ms) [Parameters=[:Ma_0='?' (Size = 2000)], CommandType='Text', CommandTimeout='0']
      SELECT "l"."GIA_TRI"
      FROM "QL_NHAN_HIEN_THI" "l"
      WHERE "l"."MA" = :Ma_0
      FETCH FIRST 1 ROWS ONLY
info: Microsoft.EntityFrameworkCore.Database.Command[20101]
      Executed DbCommand (3ms) [Parameters=[:nguoiDung_ID_0='?' (DbType = Decimal)], CommandType='Text', CommandTimeout='0']
      SELECT "c"."VAI_TRO_ID"
      FROM "QL_VAI_TRO_NGUOI_DUNG" "c"
      WHERE "c"."NGUOI_DUNG_ID" = :nguoiDung_ID_0
info: Microsoft.EntityFrameworkCore.Database.Command[20101]
      Executed DbCommand (3ms) [Parameters=[:Ma_0='?' (Size = 2000)], CommandType='Text', CommandTimeout='0']
      SELECT "l"."GIA_TRI"
      FROM "QL_NHAN_HIEN_THI" "l"
      WHERE "l"."MA" = :Ma_0
      FETCH FIRST 1 ROWS ONLY
info: Microsoft.EntityFrameworkCore.Database.Command[20101]
      Executed DbCommand (3ms) [Parameters=[:nguoiDung_ID_0='?' (DbType = Decimal)], CommandType='Text', CommandTimeout='0']
      SELECT "c"."VAI_TRO_ID"
      FROM "QL_VAI_TRO_NGUOI_DUNG" "c"
      WHERE "c"."NGUOI_DUNG_ID" = :nguoiDung_ID_0
info: Microsoft.EntityFrameworkCore.Database.Command[20101]
      Executed DbCommand (3ms) [Parameters=[:Ma_0='?' (Size = 2000)], CommandType='Text', CommandTimeout='0']
      SELECT "l"."GIA_TRI"
      FROM "QL_NHAN_HIEN_THI" "l"
      WHERE "l"."MA" = :Ma_0
      FETCH FIRST 1 ROWS ONLY
info: Microsoft.EntityFrameworkCore.Database.Command[20101]
      Executed DbCommand (2ms) [Parameters=[:nguoiDung_ID_0='?' (DbType = Decimal)], CommandType='Text', CommandTimeout='0']
      SELECT "c"."VAI_TRO_ID"
      FROM "QL_VAI_TRO_NGUOI_DUNG" "c"
      WHERE "c"."NGUOI_DUNG_ID" = :nguoiDung_ID_0
info: Microsoft.EntityFrameworkCore.Database.Command[20101]
      Executed DbCommand (4ms) [Parameters=[:Ma_0='?' (Size = 2000)], CommandType='Text', CommandTimeout='0']
      SELECT "l"."GIA_TRI"
      FROM "QL_NHAN_HIEN_THI" "l"
      WHERE "l"."MA" = :Ma_0
      FETCH FIRST 1 ROWS ONLY
info: Microsoft.EntityFrameworkCore.Database.Command[20101]
      Executed DbCommand (2ms) [Parameters=[:nguoiDung_ID_0='?' (DbType = Decimal)], CommandType='Text', CommandTimeout='0']
      SELECT "c"."VAI_TRO_ID"
      FROM "QL_VAI_TRO_NGUOI_DUNG" "c"
      WHERE "c"."NGUOI_DUNG_ID" = :nguoiDung_ID_0
info: Microsoft.EntityFrameworkCore.Database.Command[20101]
      Executed DbCommand (3ms) [Parameters=[:Ma_0='?' (Size = 2000)], CommandType='Text', CommandTimeout='0']
      SELECT "l"."GIA_TRI"
      FROM "QL_NHAN_HIEN_THI" "l"
      WHERE "l"."MA" = :Ma_0
      FETCH FIRST 1 ROWS ONLY
info: Microsoft.EntityFrameworkCore.Database.Command[20101]
      Executed DbCommand (2ms) [Parameters=[:nguoiDung_ID_0='?' (DbType = Decimal)], CommandType='Text', CommandTimeout='0']
      SELECT "c"."VAI_TRO_ID"
      FROM "QL_VAI_TRO_NGUOI_DUNG" "c"
      WHERE "c"."NGUOI_DUNG_ID" = :nguoiDung_ID_0
info: Microsoft.EntityFrameworkCore.Database.Command[20101]
      Executed DbCommand (3ms) [Parameters=[:Ma_0='?' (Size = 2000)], CommandType='Text', CommandTimeout='0']
      SELECT "l"."GIA_TRI"
      FROM "QL_NHAN_HIEN_THI" "l"
      WHERE "l"."MA" = :Ma_0
      FETCH FIRST 1 ROWS ONLY
info: Microsoft.EntityFrameworkCore.Database.Command[20101]
      Executed DbCommand (2ms) [Parameters=[:nguoiDung_ID_0='?' (DbType = Decimal)], CommandType='Text', CommandTimeout='0']
      SELECT "c"."VAI_TRO_ID"
      FROM "QL_VAI_TRO_NGUOI_DUNG" "c"
      WHERE "c"."NGUOI_DUNG_ID" = :nguoiDung_ID_0
info: Microsoft.EntityFrameworkCore.Database.Command[20101]
      Executed DbCommand (3ms) [Parameters=[:Ma_0='?' (Size = 2000)], CommandType='Text', CommandTimeout='0']
      SELECT "l"."GIA_TRI"
      FROM "QL_NHAN_HIEN_THI" "l"
      WHERE "l"."MA" = :Ma_0
      FETCH FIRST 1 ROWS ONLY
info: Microsoft.EntityFrameworkCore.Database.Command[20101]
      Executed DbCommand (2ms) [Parameters=[:nguoiDung_ID_0='?' (DbType = Decimal)], CommandType='Text', CommandTimeout='0']
      SELECT "c"."VAI_TRO_ID"
      FROM "QL_VAI_TRO_NGUOI_DUNG" "c"
      WHERE "c"."NGUOI_DUNG_ID" = :nguoiDung_ID_0
info: Microsoft.EntityFrameworkCore.Database.Command[20101]
      Executed DbCommand (3ms) [Parameters=[:Ma_0='?' (Size = 2000)], CommandType='Text', CommandTimeout='0']
      SELECT "l"."GIA_TRI"
      FROM "QL_NHAN_HIEN_THI" "l"
      WHERE "l"."MA" = :Ma_0
      FETCH FIRST 1 ROWS ONLY
info: Microsoft.EntityFrameworkCore.Database.Command[20101]
      Executed DbCommand (3ms) [Parameters=[:nguoiDung_ID_0='?' (DbType = Decimal)], CommandType='Text', CommandTimeout='0']
      SELECT "c"."VAI_TRO_ID"
      FROM "QL_VAI_TRO_NGUOI_DUNG" "c"
      WHERE "c"."NGUOI_DUNG_ID" = :nguoiDung_ID_0
info: Microsoft.EntityFrameworkCore.Database.Command[20101]
      Executed DbCommand (3ms) [Parameters=[:Ma_0='?' (Size = 2000)], CommandType='Text', CommandTimeout='0']
      SELECT "l"."GIA_TRI"
      FROM "QL_NHAN_HIEN_THI" "l"
      WHERE "l"."MA" = :Ma_0
      FETCH FIRST 1 ROWS ONLY
info: Microsoft.EntityFrameworkCore.Database.Command[20101]
      Executed DbCommand (3ms) [Parameters=[:nguoiDung_ID_0='?' (DbType = Decimal)], CommandType='Text', CommandTimeout='0']
      SELECT "c"."VAI_TRO_ID"
      FROM "QL_VAI_TRO_NGUOI_DUNG" "c"
      WHERE "c"."NGUOI_DUNG_ID" = :nguoiDung_ID_0
info: Microsoft.EntityFrameworkCore.Database.Command[20101]
      Executed DbCommand (2ms) [Parameters=[:Ma_0='?' (Size = 2000)], CommandType='Text', CommandTimeout='0']
      SELECT "l"."GIA_TRI"
      FROM "QL_NHAN_HIEN_THI" "l"
      WHERE "l"."MA" = :Ma_0
      FETCH FIRST 1 ROWS ONLY
info: Microsoft.EntityFrameworkCore.Database.Command[20101]
      Executed DbCommand (3ms) [Parameters=[:nguoiDung_ID_0='?' (DbType = Decimal)], CommandType='Text', CommandTimeout='0']
      SELECT "c"."VAI_TRO_ID"
      FROM "QL_VAI_TRO_NGUOI_DUNG" "c"
      WHERE "c"."NGUOI_DUNG_ID" = :nguoiDung_ID_0
info: Microsoft.EntityFrameworkCore.Database.Command[20101]
      Executed DbCommand (3ms) [Parameters=[:Ma_0='?' (Size = 2000)], CommandType='Text', CommandTimeout='0']
      SELECT "l"."GIA_TRI"
      FROM "QL_NHAN_HIEN_THI" "l"
      WHERE "l"."MA" = :Ma_0
      FETCH FIRST 1 ROWS ONLY
info: Microsoft.EntityFrameworkCore.Database.Command[20101]
      Executed DbCommand (3ms) [Parameters=[:nguoiDung_ID_0='?' (DbType = Decimal)], CommandType='Text', CommandTimeout='0']
      SELECT "c"."VAI_TRO_ID"
      FROM "QL_VAI_TRO_NGUOI_DUNG" "c"
      WHERE "c"."NGUOI_DUNG_ID" = :nguoiDung_ID_0
info: Microsoft.EntityFrameworkCore.Database.Command[20101]
      Executed DbCommand (3ms) [Parameters=[:Ma_0='?' (Size = 2000)], CommandType='Text', CommandTimeout='0']
      SELECT "l"."GIA_TRI"
      FROM "QL_NHAN_HIEN_THI" "l"
      WHERE "l"."MA" = :Ma_0
      FETCH FIRST 1 ROWS ONLY
info: Microsoft.EntityFrameworkCore.Database.Command[20101]
      Executed DbCommand (2ms) [Parameters=[:nguoiDung_ID_0='?' (DbType = Decimal)], CommandType='Text', CommandTimeout='0']
      SELECT "c"."VAI_TRO_ID"
      FROM "QL_VAI_TRO_NGUOI_DUNG" "c"
      WHERE "c"."NGUOI_DUNG_ID" = :nguoiDung_ID_0
info: Microsoft.EntityFrameworkCore.Database.Command[20101]
      Executed DbCommand (3ms) [Parameters=[:Ma_0='?' (Size = 2000)], CommandType='Text', CommandTimeout='0']
      SELECT "l"."GIA_TRI"
      FROM "QL_NHAN_HIEN_THI" "l"
      WHERE "l"."MA" = :Ma_0
      FETCH FIRST 1 ROWS ONLY
info: Microsoft.EntityFrameworkCore.Database.Command[20101]
      Executed DbCommand (2ms) [Parameters=[:nguoiDung_ID_0='?' (DbType = Decimal)], CommandType='Text', CommandTimeout='0']
      SELECT "c"."VAI_TRO_ID"
      FROM "QL_VAI_TRO_NGUOI_DUNG" "c"
      WHERE "c"."NGUOI_DUNG_ID" = :nguoiDung_ID_0
info: Microsoft.EntityFrameworkCore.Database.Command[20101]
      Executed DbCommand (2ms) [Parameters=[:Ma_0='?' (Size = 2000)], CommandType='Text', CommandTimeout='0']
      SELECT "l"."GIA_TRI"
      FROM "QL_NHAN_HIEN_THI" "l"
      WHERE "l"."MA" = :Ma_0
      FETCH FIRST 1 ROWS ONLY
info: Microsoft.EntityFrameworkCore.Database.Command[20101]
      Executed DbCommand (2ms) [Parameters=[:nguoiDung_ID_0='?' (DbType = Decimal)], CommandType='Text', CommandTimeout='0']
      SELECT "c"."VAI_TRO_ID"
      FROM "QL_VAI_TRO_NGUOI_DUNG" "c"
      WHERE "c"."NGUOI_DUNG_ID" = :nguoiDung_ID_0
info: Microsoft.EntityFrameworkCore.Database.Command[20101]
      Executed DbCommand (3ms) [Parameters=[:Ma_0='?' (Size = 2000)], CommandType='Text', CommandTimeout='0']
      SELECT "l"."GIA_TRI"
      FROM "QL_NHAN_HIEN_THI" "l"
      WHERE "l"."MA" = :Ma_0
      FETCH FIRST 1 ROWS ONLY
info: Microsoft.EntityFrameworkCore.Database.Command[20101]
      Executed DbCommand (2ms) [Parameters=[:nguoiDung_ID_0='?' (DbType = Decimal)], CommandType='Text', CommandTimeout='0']
      SELECT "c"."VAI_TRO_ID"
      FROM "QL_VAI_TRO_NGUOI_DUNG" "c"
      WHERE "c"."NGUOI_DUNG_ID" = :nguoiDung_ID_0
info: Microsoft.EntityFrameworkCore.Database.Command[20101]
      Executed DbCommand (2ms) [Parameters=[:Ma_0='?' (Size = 2000)], CommandType='Text', CommandTimeout='0']
      SELECT "l"."GIA_TRI"
      FROM "QL_NHAN_HIEN_THI" "l"
      WHERE "l"."MA" = :Ma_0
      FETCH FIRST 1 ROWS ONLY
info: Microsoft.EntityFrameworkCore.Database.Command[20101]
      Executed DbCommand (2ms) [Parameters=[:nguoiDung_ID_0='?' (DbType = Decimal)], CommandType='Text', CommandTimeout='0']
      SELECT "c"."VAI_TRO_ID"
      FROM "QL_VAI_TRO_NGUOI_DUNG" "c"
      WHERE "c"."NGUOI_DUNG_ID" = :nguoiDung_ID_0
info: Microsoft.EntityFrameworkCore.Database.Command[20101]
      Executed DbCommand (3ms) [Parameters=[:Ma_0='?' (Size = 2000)], CommandType='Text', CommandTimeout='0']
      SELECT "l"."GIA_TRI"
      FROM "QL_NHAN_HIEN_THI" "l"
      WHERE "l"."MA" = :Ma_0
      FETCH FIRST 1 ROWS ONLY
info: Microsoft.EntityFrameworkCore.Database.Command[20101]
      Executed DbCommand (2ms) [Parameters=[:nguoiDung_ID_0='?' (DbType = Decimal)], CommandType='Text', CommandTimeout='0']
      SELECT "c"."VAI_TRO_ID"
      FROM "QL_VAI_TRO_NGUOI_DUNG" "c"
      WHERE "c"."NGUOI_DUNG_ID" = :nguoiDung_ID_0
info: Microsoft.EntityFrameworkCore.Database.Command[20101]
      Executed DbCommand (3ms) [Parameters=[:Ma_0='?' (Size = 2000)], CommandType='Text', CommandTimeout='0']
      SELECT "l"."GIA_TRI"
      FROM "QL_NHAN_HIEN_THI" "l"
      WHERE "l"."MA" = :Ma_0
      FETCH FIRST 1 ROWS ONLY
info: Microsoft.EntityFrameworkCore.Database.Command[20101]
      Executed DbCommand (2ms) [Parameters=[:nguoiDung_ID_0='?' (DbType = Decimal)], CommandType='Text', CommandTimeout='0']
      SELECT "c"."VAI_TRO_ID"
      FROM "QL_VAI_TRO_NGUOI_DUNG" "c"
      WHERE "c"."NGUOI_DUNG_ID" = :nguoiDung_ID_0
info: Microsoft.EntityFrameworkCore.Database.Command[20101]
      Executed DbCommand (3ms) [Parameters=[:Ma_0='?' (Size = 2000)], CommandType='Text', CommandTimeout='0']
      SELECT "l"."GIA_TRI"
      FROM "QL_NHAN_HIEN_THI" "l"
      WHERE "l"."MA" = :Ma_0
      FETCH FIRST 1 ROWS ONLY
info: Microsoft.EntityFrameworkCore.Database.Command[20101]
      Executed DbCommand (2ms) [Parameters=[:nguoiDung_ID_0='?' (DbType = Decimal)], CommandType='Text', CommandTimeout='0']
      SELECT "c"."VAI_TRO_ID"
      FROM "QL_VAI_TRO_NGUOI_DUNG" "c"
      WHERE "c"."NGUOI_DUNG_ID" = :nguoiDung_ID_0
info: Microsoft.EntityFrameworkCore.Database.Command[20101]
      Executed DbCommand (3ms) [Parameters=[:Ma_0='?' (Size = 2000)], CommandType='Text', CommandTimeout='0']
      SELECT "l"."GIA_TRI"
      FROM "QL_NHAN_HIEN_THI" "l"
      WHERE "l"."MA" = :Ma_0
      FETCH FIRST 1 ROWS ONLY
info: Microsoft.EntityFrameworkCore.Database.Command[20101]
      Executed DbCommand (2ms) [Parameters=[:nguoiDung_ID_0='?' (DbType = Decimal)], CommandType='Text', CommandTimeout='0']
      SELECT "c"."VAI_TRO_ID"
      FROM "QL_VAI_TRO_NGUOI_DUNG" "c"
      WHERE "c"."NGUOI_DUNG_ID" = :nguoiDung_ID_0
info: Microsoft.EntityFrameworkCore.Database.Command[20101]
      Executed DbCommand (3ms) [Parameters=[:Ma_0='?' (Size = 2000)], CommandType='Text', CommandTimeout='0']
      SELECT "l"."GIA_TRI"
      FROM "QL_NHAN_HIEN_THI" "l"
      WHERE "l"."MA" = :Ma_0
      FETCH FIRST 1 ROWS ONLY
info: Microsoft.EntityFrameworkCore.Database.Command[20101]
      Executed DbCommand (2ms) [Parameters=[:nguoiDung_ID_0='?' (DbType = Decimal)], CommandType='Text', CommandTimeout='0']
      SELECT "c"."VAI_TRO_ID"
      FROM "QL_VAI_TRO_NGUOI_DUNG" "c"
      WHERE "c"."NGUOI_DUNG_ID" = :nguoiDung_ID_0
info: Microsoft.EntityFrameworkCore.Database.Command[20101]
      Executed DbCommand (3ms) [Parameters=[:Ma_0='?' (Size = 2000)], CommandType='Text', CommandTimeout='0']
      SELECT "l"."GIA_TRI"
      FROM "QL_NHAN_HIEN_THI" "l"
      WHERE "l"."MA" = :Ma_0
      FETCH FIRST 1 ROWS ONLY
info: Microsoft.EntityFrameworkCore.Database.Command[20101]
      Executed DbCommand (2ms) [Parameters=[:nguoiDung_ID_0='?' (DbType = Decimal)], CommandType='Text', CommandTimeout='0']
      SELECT "c"."VAI_TRO_ID"
      FROM "QL_VAI_TRO_NGUOI_DUNG" "c"
      WHERE "c"."NGUOI_DUNG_ID" = :nguoiDung_ID_0
info: Microsoft.EntityFrameworkCore.Database.Command[20101]
      Executed DbCommand (4ms) [Parameters=[:Ma_0='?' (Size = 2000)], CommandType='Text', CommandTimeout='0']
      SELECT "l"."GIA_TRI"
      FROM "QL_NHAN_HIEN_THI" "l"
      WHERE "l"."MA" = :Ma_0
      FETCH FIRST 1 ROWS ONLY
info: Microsoft.EntityFrameworkCore.Database.Command[20101]
      Executed DbCommand (3ms) [Parameters=[:nguoiDung_ID_0='?' (DbType = Decimal)], CommandType='Text', CommandTimeout='0']
      SELECT "c"."VAI_TRO_ID"
      FROM "QL_VAI_TRO_NGUOI_DUNG" "c"
      WHERE "c"."NGUOI_DUNG_ID" = :nguoiDung_ID_0
info: Microsoft.EntityFrameworkCore.Database.Command[20101]
      Executed DbCommand (3ms) [Parameters=[:Ma_0='?' (Size = 2000)], CommandType='Text', CommandTimeout='0']
      SELECT "l"."GIA_TRI"
      FROM "QL_NHAN_HIEN_THI" "l"
      WHERE "l"."MA" = :Ma_0
      FETCH FIRST 1 ROWS ONLY
info: Microsoft.EntityFrameworkCore.Database.Command[20101]
      Executed DbCommand (2ms) [Parameters=[:nguoiDung_ID_0='?' (DbType = Decimal)], CommandType='Text', CommandTimeout='0']
      SELECT "c"."VAI_TRO_ID"
      FROM "QL_VAI_TRO_NGUOI_DUNG" "c"
      WHERE "c"."NGUOI_DUNG_ID" = :nguoiDung_ID_0
info: Microsoft.EntityFrameworkCore.Database.Command[20101]
      Executed DbCommand (3ms) [Parameters=[:Ma_0='?' (Size = 2000)], CommandType='Text', CommandTimeout='0']
      SELECT "l"."GIA_TRI"
      FROM "QL_NHAN_HIEN_THI" "l"
      WHERE "l"."MA" = :Ma_0
      FETCH FIRST 1 ROWS ONLY
info: Microsoft.EntityFrameworkCore.Database.Command[20101]
      Executed DbCommand (3ms) [Parameters=[:nguoiDung_ID_0='?' (DbType = Decimal)], CommandType='Text', CommandTimeout='0']
      SELECT "c"."VAI_TRO_ID"
      FROM "QL_VAI_TRO_NGUOI_DUNG" "c"
      WHERE "c"."NGUOI_DUNG_ID" = :nguoiDung_ID_0
info: Microsoft.EntityFrameworkCore.Database.Command[20101]
      Executed DbCommand (3ms) [Parameters=[:Ma_0='?' (Size = 2000)], CommandType='Text', CommandTimeout='0']
      SELECT "l"."GIA_TRI"
      FROM "QL_NHAN_HIEN_THI" "l"
      WHERE "l"."MA" = :Ma_0
      FETCH FIRST 1 ROWS ONLY
info: Microsoft.EntityFrameworkCore.Database.Command[20101]
      Executed DbCommand (3ms) [Parameters=[:nguoiDung_ID_0='?' (DbType = Decimal)], CommandType='Text', CommandTimeout='0']
      SELECT "c"."VAI_TRO_ID"
      FROM "QL_VAI_TRO_NGUOI_DUNG" "c"
      WHERE "c"."NGUOI_DUNG_ID" = :nguoiDung_ID_0
info: Microsoft.EntityFrameworkCore.Database.Command[20101]
      Executed DbCommand (3ms) [Parameters=[:Ma_0='?' (Size = 2000)], CommandType='Text', CommandTimeout='0']
      SELECT "l"."GIA_TRI"
      FROM "QL_NHAN_HIEN_THI" "l"
      WHERE "l"."MA" = :Ma_0
      FETCH FIRST 1 ROWS ONLY
info: Microsoft.EntityFrameworkCore.Database.Command[20101]
      Executed DbCommand (2ms) [Parameters=[:nguoiDung_ID_0='?' (DbType = Decimal)], CommandType='Text', CommandTimeout='0']
      SELECT "c"."VAI_TRO_ID"
      FROM "QL_VAI_TRO_NGUOI_DUNG" "c"
      WHERE "c"."NGUOI_DUNG_ID" = :nguoiDung_ID_0
info: Microsoft.EntityFrameworkCore.Database.Command[20101]
      Executed DbCommand (3ms) [Parameters=[:Ma_0='?' (Size = 2000)], CommandType='Text', CommandTimeout='0']
      SELECT "l"."GIA_TRI"
      FROM "QL_NHAN_HIEN_THI" "l"
      WHERE "l"."MA" = :Ma_0
      FETCH FIRST 1 ROWS ONLY
info: Microsoft.EntityFrameworkCore.Database.Command[20101]
      Executed DbCommand (2ms) [Parameters=[:nguoiDung_ID_0='?' (DbType = Decimal)], CommandType='Text', CommandTimeout='0']
      SELECT "c"."VAI_TRO_ID"
      FROM "QL_VAI_TRO_NGUOI_DUNG" "c"
      WHERE "c"."NGUOI_DUNG_ID" = :nguoiDung_ID_0
info: Microsoft.EntityFrameworkCore.Database.Command[20101]
      Executed DbCommand (3ms) [Parameters=[:Ma_0='?' (Size = 2000)], CommandType='Text', CommandTimeout='0']
      SELECT "l"."GIA_TRI"
      FROM "QL_NHAN_HIEN_THI" "l"
      WHERE "l"."MA" = :Ma_0
      FETCH FIRST 1 ROWS ONLY
info: Microsoft.EntityFrameworkCore.Database.Command[20101]
      Executed DbCommand (2ms) [Parameters=[:nguoiDung_ID_0='?' (DbType = Decimal)], CommandType='Text', CommandTimeout='0']
      SELECT "c"."VAI_TRO_ID"
      FROM "QL_VAI_TRO_NGUOI_DUNG" "c"
      WHERE "c"."NGUOI_DUNG_ID" = :nguoiDung_ID_0
info: Microsoft.EntityFrameworkCore.Database.Command[20101]
      Executed DbCommand (58ms) [Parameters=[:donViId_0='?' (DbType = Decimal)], CommandType='Text', CommandTimeout='0']
      SELECT COUNT(*)
      FROM "DM_DON_VI" "p"
      WHERE ((("p"."PARENT_ID" = :donViId_0) AND ("p"."LA_BAN_QL_DU_AN" = 1)) OR (("p"."ID" = :donViId_0) AND ("p"."LOAI_DON_VI_ID" = 15.0))) OR (("p"."ID" = :donViId_0) AND ("p"."LA_BAN_QL_DU_AN" = 1))
info: Microsoft.EntityFrameworkCore.Database.Command[20101]
      Executed DbCommand (4ms) [Parameters=[:Ma_0='?' (Size = 2000)], CommandType='Text', CommandTimeout='0']
      SELECT "l"."GIA_TRI"
      FROM "QL_NHAN_HIEN_THI" "l"
      WHERE "l"."MA" = :Ma_0
      FETCH FIRST 1 ROWS ONLY
info: Microsoft.EntityFrameworkCore.Database.Command[20101]
      Executed DbCommand (3ms) [Parameters=[:nguoiDung_ID_0='?' (DbType = Decimal)], CommandType='Text', CommandTimeout='0']
      SELECT "c"."VAI_TRO_ID"
      FROM "QL_VAI_TRO_NGUOI_DUNG" "c"
      WHERE "c"."NGUOI_DUNG_ID" = :nguoiDung_ID_0
info: Microsoft.EntityFrameworkCore.Database.Command[20101]
      Executed DbCommand (58ms) [Parameters=[:donViId_0='?' (DbType = Decimal)], CommandType='Text', CommandTimeout='0']
      SELECT COUNT(*)
      FROM "DM_DON_VI" "p"
      WHERE ((("p"."PARENT_ID" = :donViId_0) AND ("p"."LA_BAN_QL_DU_AN" = 1)) OR (("p"."ID" = :donViId_0) AND ("p"."LOAI_DON_VI_ID" = 15.0))) OR (("p"."ID" = :donViId_0) AND ("p"."LA_BAN_QL_DU_AN" = 1))
info: Microsoft.EntityFrameworkCore.Database.Command[20101]
      Executed DbCommand (3ms) [Parameters=[:Ma_0='?' (Size = 2000)], CommandType='Text', CommandTimeout='0']
      SELECT "l"."GIA_TRI"
      FROM "QL_NHAN_HIEN_THI" "l"
      WHERE "l"."MA" = :Ma_0
      FETCH FIRST 1 ROWS ONLY
info: Microsoft.EntityFrameworkCore.Database.Command[20101]
      Executed DbCommand (3ms) [Parameters=[:nguoiDung_ID_0='?' (DbType = Decimal)], CommandType='Text', CommandTimeout='0']
      SELECT "c"."VAI_TRO_ID"
      FROM "QL_VAI_TRO_NGUOI_DUNG" "c"
      WHERE "c"."NGUOI_DUNG_ID" = :nguoiDung_ID_0
info: Microsoft.EntityFrameworkCore.Database.Command[20101]
      Executed DbCommand (62ms) [Parameters=[:donViId_0='?' (DbType = Decimal)], CommandType='Text', CommandTimeout='0']
      SELECT COUNT(*)
      FROM "DM_DON_VI" "p"
      WHERE ((("p"."PARENT_ID" = :donViId_0) AND ("p"."LA_BAN_QL_DU_AN" = 1)) OR (("p"."ID" = :donViId_0) AND ("p"."LOAI_DON_VI_ID" = 15.0))) OR (("p"."ID" = :donViId_0) AND ("p"."LA_BAN_QL_DU_AN" = 1))
info: Microsoft.EntityFrameworkCore.Database.Command[20101]
      Executed DbCommand (3ms) [Parameters=[:nguoiDung_ID_0='?' (DbType = Decimal)], CommandType='Text', CommandTimeout='0']
      SELECT "c"."VAI_TRO_ID"
      FROM "QL_VAI_TRO_NGUOI_DUNG" "c"
      WHERE "c"."NGUOI_DUNG_ID" = :nguoiDung_ID_0
info: Microsoft.EntityFrameworkCore.Database.Command[20101]
      Executed DbCommand (60ms) [Parameters=[:donViId_0='?' (DbType = Decimal)], CommandType='Text', CommandTimeout='0']
      SELECT COUNT(*)
      FROM "DM_DON_VI" "p"
      WHERE ((("p"."PARENT_ID" = :donViId_0) AND ("p"."LA_BAN_QL_DU_AN" = 1)) OR (("p"."ID" = :donViId_0) AND ("p"."LOAI_DON_VI_ID" = 15.0))) OR (("p"."ID" = :donViId_0) AND ("p"."LA_BAN_QL_DU_AN" = 1))
info: Microsoft.EntityFrameworkCore.Database.Command[20101]
      Executed DbCommand (3ms) [Parameters=[:nguoiDung_ID_0='?' (DbType = Decimal)], CommandType='Text', CommandTimeout='0']
      SELECT "c"."VAI_TRO_ID"
      FROM "QL_VAI_TRO_NGUOI_DUNG" "c"
      WHERE "c"."NGUOI_DUNG_ID" = :nguoiDung_ID_0
info: Microsoft.EntityFrameworkCore.Database.Command[20101]
      Executed DbCommand (57ms) [Parameters=[:donViId_0='?' (DbType = Decimal)], CommandType='Text', CommandTimeout='0']
      SELECT COUNT(*)
      FROM "DM_DON_VI" "p"
      WHERE ((("p"."PARENT_ID" = :donViId_0) AND ("p"."LA_BAN_QL_DU_AN" = 1)) OR (("p"."ID" = :donViId_0) AND ("p"."LOAI_DON_VI_ID" = 15.0))) OR (("p"."ID" = :donViId_0) AND ("p"."LA_BAN_QL_DU_AN" = 1))
info: Microsoft.EntityFrameworkCore.Database.Command[20101]
      Executed DbCommand (3ms) [Parameters=[:nguoiDung_ID_0='?' (DbType = Decimal)], CommandType='Text', CommandTimeout='0']
      SELECT "c"."VAI_TRO_ID"
      FROM "QL_VAI_TRO_NGUOI_DUNG" "c"
      WHERE "c"."NGUOI_DUNG_ID" = :nguoiDung_ID_0
info: Microsoft.EntityFrameworkCore.Database.Command[20101]
      Executed DbCommand (60ms) [Parameters=[:donViId_0='?' (DbType = Decimal)], CommandType='Text', CommandTimeout='0']
      SELECT COUNT(*)
      FROM "DM_DON_VI" "p"
      WHERE ((("p"."PARENT_ID" = :donViId_0) AND ("p"."LA_BAN_QL_DU_AN" = 1)) OR (("p"."ID" = :donViId_0) AND ("p"."LOAI_DON_VI_ID" = 15.0))) OR (("p"."ID" = :donViId_0) AND ("p"."LA_BAN_QL_DU_AN" = 1))
info: Microsoft.EntityFrameworkCore.Database.Command[20101]
      Executed DbCommand (2ms) [Parameters=[:nguoiDung_ID_0='?' (DbType = Decimal)], CommandType='Text', CommandTimeout='0']
      SELECT "c"."VAI_TRO_ID"
      FROM "QL_VAI_TRO_NGUOI_DUNG" "c"
      WHERE "c"."NGUOI_DUNG_ID" = :nguoiDung_ID_0
info: Microsoft.EntityFrameworkCore.Database.Command[20101]
      Executed DbCommand (57ms) [Parameters=[:donViId_0='?' (DbType = Decimal)], CommandType='Text', CommandTimeout='0']
      SELECT COUNT(*)
      FROM "DM_DON_VI" "p"
      WHERE ((("p"."PARENT_ID" = :donViId_0) AND ("p"."LA_BAN_QL_DU_AN" = 1)) OR (("p"."ID" = :donViId_0) AND ("p"."LOAI_DON_VI_ID" = 15.0))) OR (("p"."ID" = :donViId_0) AND ("p"."LA_BAN_QL_DU_AN" = 1))
info: Microsoft.EntityFrameworkCore.Database.Command[20101]
      Executed DbCommand (3ms) [Parameters=[:Ma_0='?' (Size = 2000)], CommandType='Text', CommandTimeout='0']
      SELECT "l"."GIA_TRI"
      FROM "QL_NHAN_HIEN_THI" "l"
      WHERE "l"."MA" = :Ma_0
      FETCH FIRST 1 ROWS ONLY
info: Microsoft.EntityFrameworkCore.Database.Command[20101]
      Executed DbCommand (2ms) [Parameters=[:nguoiDung_ID_0='?' (DbType = Decimal)], CommandType='Text', CommandTimeout='0']
      SELECT "c"."VAI_TRO_ID"
      FROM "QL_VAI_TRO_NGUOI_DUNG" "c"
      WHERE "c"."NGUOI_DUNG_ID" = :nguoiDung_ID_0
info: Microsoft.EntityFrameworkCore.Database.Command[20101]
      Executed DbCommand (3ms) [Parameters=[:Ma_0='?' (Size = 2000)], CommandType='Text', CommandTimeout='0']
      SELECT "l"."GIA_TRI"
      FROM "QL_NHAN_HIEN_THI" "l"
      WHERE "l"."MA" = :Ma_0
      FETCH FIRST 1 ROWS ONLY
info: Microsoft.EntityFrameworkCore.Database.Command[20101]
      Executed DbCommand (2ms) [Parameters=[:nguoiDung_ID_0='?' (DbType = Decimal)], CommandType='Text', CommandTimeout='0']
      SELECT "c"."VAI_TRO_ID"
      FROM "QL_VAI_TRO_NGUOI_DUNG" "c"
      WHERE "c"."NGUOI_DUNG_ID" = :nguoiDung_ID_0
info: Microsoft.EntityFrameworkCore.Database.Command[20101]
      Executed DbCommand (3ms) [Parameters=[:Ma_0='?' (Size = 2000)], CommandType='Text', CommandTimeout='0']
      SELECT "l"."GIA_TRI"
      FROM "QL_NHAN_HIEN_THI" "l"
      WHERE "l"."MA" = :Ma_0
      FETCH FIRST 1 ROWS ONLY
info: Microsoft.EntityFrameworkCore.Database.Command[20101]
      Executed DbCommand (2ms) [Parameters=[:nguoiDung_ID_0='?' (DbType = Decimal)], CommandType='Text', CommandTimeout='0']
      SELECT "c"."VAI_TRO_ID"
      FROM "QL_VAI_TRO_NGUOI_DUNG" "c"
      WHERE "c"."NGUOI_DUNG_ID" = :nguoiDung_ID_0
info: Microsoft.EntityFrameworkCore.Database.Command[20101]
      Executed DbCommand (3ms) [Parameters=[:Ma_0='?' (Size = 2000)], CommandType='Text', CommandTimeout='0']
      SELECT "l"."GIA_TRI"
      FROM "QL_NHAN_HIEN_THI" "l"
      WHERE "l"."MA" = :Ma_0
      FETCH FIRST 1 ROWS ONLY
info: Microsoft.EntityFrameworkCore.Database.Command[20101]
      Executed DbCommand (3ms) [Parameters=[:nguoiDung_ID_0='?' (DbType = Decimal)], CommandType='Text', CommandTimeout='0']
      SELECT "c"."VAI_TRO_ID"
      FROM "QL_VAI_TRO_NGUOI_DUNG" "c"
      WHERE "c"."NGUOI_DUNG_ID" = :nguoiDung_ID_0
info: Microsoft.EntityFrameworkCore.Database.Command[20101]
      Executed DbCommand (3ms) [Parameters=[:Ma_0='?' (Size = 2000)], CommandType='Text', CommandTimeout='0']
      SELECT "l"."GIA_TRI"
      FROM "QL_NHAN_HIEN_THI" "l"
      WHERE "l"."MA" = :Ma_0
      FETCH FIRST 1 ROWS ONLY
info: Microsoft.EntityFrameworkCore.Database.Command[20101]
      Executed DbCommand (2ms) [Parameters=[:nguoiDung_ID_0='?' (DbType = Decimal)], CommandType='Text', CommandTimeout='0']
      SELECT "c"."VAI_TRO_ID"
      FROM "QL_VAI_TRO_NGUOI_DUNG" "c"
      WHERE "c"."NGUOI_DUNG_ID" = :nguoiDung_ID_0
info: Microsoft.EntityFrameworkCore.Database.Command[20101]
      Executed DbCommand (3ms) [Parameters=[:Ma_0='?' (Size = 2000)], CommandType='Text', CommandTimeout='0']
      SELECT "l"."GIA_TRI"
      FROM "QL_NHAN_HIEN_THI" "l"
      WHERE "l"."MA" = :Ma_0
      FETCH FIRST 1 ROWS ONLY
info: Microsoft.EntityFrameworkCore.Database.Command[20101]
      Executed DbCommand (3ms) [Parameters=[:nguoiDung_ID_0='?' (DbType = Decimal)], CommandType='Text', CommandTimeout='0']
      SELECT "c"."VAI_TRO_ID"
      FROM "QL_VAI_TRO_NGUOI_DUNG" "c"
      WHERE "c"."NGUOI_DUNG_ID" = :nguoiDung_ID_0
info: Microsoft.EntityFrameworkCore.Database.Command[20101]
      Executed DbCommand (3ms) [Parameters=[:Ma_0='?' (Size = 2000)], CommandType='Text', CommandTimeout='0']
      SELECT "l"."GIA_TRI"
      FROM "QL_NHAN_HIEN_THI" "l"
      WHERE "l"."MA" = :Ma_0
      FETCH FIRST 1 ROWS ONLY
info: Microsoft.EntityFrameworkCore.Database.Command[20101]
      Executed DbCommand (3ms) [Parameters=[:nguoiDung_ID_0='?' (DbType = Decimal)], CommandType='Text', CommandTimeout='0']
      SELECT "c"."VAI_TRO_ID"
      FROM "QL_VAI_TRO_NGUOI_DUNG" "c"
      WHERE "c"."NGUOI_DUNG_ID" = :nguoiDung_ID_0
info: Microsoft.EntityFrameworkCore.Database.Command[20101]
      Executed DbCommand (3ms) [Parameters=[:Ma_0='?' (Size = 2000)], CommandType='Text', CommandTimeout='0']
      SELECT "l"."GIA_TRI"
      FROM "QL_NHAN_HIEN_THI" "l"
      WHERE "l"."MA" = :Ma_0
      FETCH FIRST 1 ROWS ONLY
info: Microsoft.EntityFrameworkCore.Database.Command[20101]
      Executed DbCommand (2ms) [Parameters=[:nguoiDung_ID_0='?' (DbType = Decimal)], CommandType='Text', CommandTimeout='0']
      SELECT "c"."VAI_TRO_ID"
      FROM "QL_VAI_TRO_NGUOI_DUNG" "c"
      WHERE "c"."NGUOI_DUNG_ID" = :nguoiDung_ID_0
info: Microsoft.EntityFrameworkCore.Database.Command[20101]
      Executed DbCommand (3ms) [Parameters=[:Ma_0='?' (Size = 2000)], CommandType='Text', CommandTimeout='0']
      SELECT "l"."GIA_TRI"
      FROM "QL_NHAN_HIEN_THI" "l"
      WHERE "l"."MA" = :Ma_0
      FETCH FIRST 1 ROWS ONLY
info: Microsoft.EntityFrameworkCore.Database.Command[20101]
      Executed DbCommand (4ms) [Parameters=[:nguoiDung_ID_0='?' (DbType = Decimal)], CommandType='Text', CommandTimeout='0']
      SELECT "c"."VAI_TRO_ID"
      FROM "QL_VAI_TRO_NGUOI_DUNG" "c"
      WHERE "c"."NGUOI_DUNG_ID" = :nguoiDung_ID_0
info: Microsoft.EntityFrameworkCore.Database.Command[20101]
      Executed DbCommand (3ms) [Parameters=[:Ma_0='?' (Size = 2000)], CommandType='Text', CommandTimeout='0']
      SELECT "l"."GIA_TRI"
      FROM "QL_NHAN_HIEN_THI" "l"
      WHERE "l"."MA" = :Ma_0
      FETCH FIRST 1 ROWS ONLY
info: Microsoft.EntityFrameworkCore.Database.Command[20101]
      Executed DbCommand (3ms) [Parameters=[:nguoiDung_ID_0='?' (DbType = Decimal)], CommandType='Text', CommandTimeout='0']
      SELECT "c"."VAI_TRO_ID"
      FROM "QL_VAI_TRO_NGUOI_DUNG" "c"
      WHERE "c"."NGUOI_DUNG_ID" = :nguoiDung_ID_0
info: Microsoft.EntityFrameworkCore.Database.Command[20101]
      Executed DbCommand (4ms) [Parameters=[:Ma_0='?' (Size = 2000)], CommandType='Text', CommandTimeout='0']
      SELECT "l"."GIA_TRI"
      FROM "QL_NHAN_HIEN_THI" "l"
      WHERE "l"."MA" = :Ma_0
      FETCH FIRST 1 ROWS ONLY
info: Microsoft.EntityFrameworkCore.Database.Command[20101]
      Executed DbCommand (3ms) [Parameters=[:nguoiDung_ID_0='?' (DbType = Decimal)], CommandType='Text', CommandTimeout='0']
      SELECT "c"."VAI_TRO_ID"
      FROM "QL_VAI_TRO_NGUOI_DUNG" "c"
      WHERE "c"."NGUOI_DUNG_ID" = :nguoiDung_ID_0
info: Microsoft.EntityFrameworkCore.Database.Command[20101]
      Executed DbCommand (2ms) [Parameters=[:Ma_0='?' (Size = 2000)], CommandType='Text', CommandTimeout='0']
      SELECT "l"."GIA_TRI"
      FROM "QL_NHAN_HIEN_THI" "l"
      WHERE "l"."MA" = :Ma_0
      FETCH FIRST 1 ROWS ONLY
info: Microsoft.EntityFrameworkCore.Database.Command[20101]
      Executed DbCommand (4ms) [Parameters=[:nguoiDung_ID_0='?' (DbType = Decimal)], CommandType='Text', CommandTimeout='0']
      SELECT "c"."VAI_TRO_ID"
      FROM "QL_VAI_TRO_NGUOI_DUNG" "c"
      WHERE "c"."NGUOI_DUNG_ID" = :nguoiDung_ID_0
info: Microsoft.EntityFrameworkCore.Database.Command[20101]
      Executed DbCommand (2ms) [Parameters=[:Ma_0='?' (Size = 2000)], CommandType='Text', CommandTimeout='0']
      SELECT "l"."GIA_TRI"
      FROM "QL_NHAN_HIEN_THI" "l"
      WHERE "l"."MA" = :Ma_0
      FETCH FIRST 1 ROWS ONLY
info: Microsoft.EntityFrameworkCore.Database.Command[20101]
      Executed DbCommand (2ms) [Parameters=[:nguoiDung_ID_0='?' (DbType = Decimal)], CommandType='Text', CommandTimeout='0']
      SELECT "c"."VAI_TRO_ID"
      FROM "QL_VAI_TRO_NGUOI_DUNG" "c"
      WHERE "c"."NGUOI_DUNG_ID" = :nguoiDung_ID_0
info: Microsoft.EntityFrameworkCore.Database.Command[20101]
      Executed DbCommand (3ms) [Parameters=[:Ma_0='?' (Size = 2000)], CommandType='Text', CommandTimeout='0']
      SELECT "l"."GIA_TRI"
      FROM "QL_NHAN_HIEN_THI" "l"
      WHERE "l"."MA" = :Ma_0
      FETCH FIRST 1 ROWS ONLY
info: Microsoft.EntityFrameworkCore.Database.Command[20101]
      Executed DbCommand (2ms) [Parameters=[:nguoiDung_ID_0='?' (DbType = Decimal)], CommandType='Text', CommandTimeout='0']
      SELECT "c"."VAI_TRO_ID"
      FROM "QL_VAI_TRO_NGUOI_DUNG" "c"
      WHERE "c"."NGUOI_DUNG_ID" = :nguoiDung_ID_0
info: Microsoft.EntityFrameworkCore.Database.Command[20101]
      Executed DbCommand (4ms) [Parameters=[:Ma_0='?' (Size = 2000)], CommandType='Text', CommandTimeout='0']
      SELECT "l"."GIA_TRI"
      FROM "QL_NHAN_HIEN_THI" "l"
      WHERE "l"."MA" = :Ma_0
      FETCH FIRST 1 ROWS ONLY
info: Microsoft.EntityFrameworkCore.Database.Command[20101]
      Executed DbCommand (2ms) [Parameters=[:nguoiDung_ID_0='?' (DbType = Decimal)], CommandType='Text', CommandTimeout='0']
      SELECT "c"."VAI_TRO_ID"
      FROM "QL_VAI_TRO_NGUOI_DUNG" "c"
      WHERE "c"."NGUOI_DUNG_ID" = :nguoiDung_ID_0
info: Microsoft.EntityFrameworkCore.Database.Command[20101]
      Executed DbCommand (3ms) [Parameters=[:Ma_0='?' (Size = 2000)], CommandType='Text', CommandTimeout='0']
      SELECT "l"."GIA_TRI"
      FROM "QL_NHAN_HIEN_THI" "l"
      WHERE "l"."MA" = :Ma_0
      FETCH FIRST 1 ROWS ONLY
info: Microsoft.EntityFrameworkCore.Database.Command[20101]
      Executed DbCommand (2ms) [Parameters=[:nguoiDung_ID_0='?' (DbType = Decimal)], CommandType='Text', CommandTimeout='0']
      SELECT "c"."VAI_TRO_ID"
      FROM "QL_VAI_TRO_NGUOI_DUNG" "c"
      WHERE "c"."NGUOI_DUNG_ID" = :nguoiDung_ID_0
info: Microsoft.EntityFrameworkCore.Database.Command[20101]
      Executed DbCommand (3ms) [Parameters=[:Ma_0='?' (Size = 2000)], CommandType='Text', CommandTimeout='0']
      SELECT "l"."GIA_TRI"
      FROM "QL_NHAN_HIEN_THI" "l"
      WHERE "l"."MA" = :Ma_0
      FETCH FIRST 1 ROWS ONLY
info: Microsoft.EntityFrameworkCore.Database.Command[20101]
      Executed DbCommand (3ms) [Parameters=[:nguoiDung_ID_0='?' (DbType = Decimal)], CommandType='Text', CommandTimeout='0']
      SELECT "c"."VAI_TRO_ID"
      FROM "QL_VAI_TRO_NGUOI_DUNG" "c"
      WHERE "c"."NGUOI_DUNG_ID" = :nguoiDung_ID_0
info: Microsoft.EntityFrameworkCore.Database.Command[20101]
      Executed DbCommand (3ms) [Parameters=[:Ma_0='?' (Size = 2000)], CommandType='Text', CommandTimeout='0']
      SELECT "l"."GIA_TRI"
      FROM "QL_NHAN_HIEN_THI" "l"
      WHERE "l"."MA" = :Ma_0
      FETCH FIRST 1 ROWS ONLY
info: Microsoft.EntityFrameworkCore.Database.Command[20101]
      Executed DbCommand (2ms) [Parameters=[:nguoiDung_ID_0='?' (DbType = Decimal)], CommandType='Text', CommandTimeout='0']
      SELECT "c"."VAI_TRO_ID"
      FROM "QL_VAI_TRO_NGUOI_DUNG" "c"
      WHERE "c"."NGUOI_DUNG_ID" = :nguoiDung_ID_0
info: Microsoft.EntityFrameworkCore.Database.Command[20101]
      Executed DbCommand (3ms) [Parameters=[:Ma_0='?' (Size = 2000)], CommandType='Text', CommandTimeout='0']
      SELECT "l"."GIA_TRI"
      FROM "QL_NHAN_HIEN_THI" "l"
      WHERE "l"."MA" = :Ma_0
      FETCH FIRST 1 ROWS ONLY
info: Microsoft.EntityFrameworkCore.Database.Command[20101]
      Executed DbCommand (3ms) [Parameters=[:Ma_0='?' (Size = 2000)], CommandType='Text', CommandTimeout='0']
      SELECT "l"."GIA_TRI"
      FROM "QL_NHAN_HIEN_THI" "l"
      WHERE "l"."MA" = :Ma_0
      FETCH FIRST 1 ROWS ONLY
info: Microsoft.EntityFrameworkCore.Database.Command[20101]
      Executed DbCommand (3ms) [Parameters=[:Ma_0='?' (Size = 2000)], CommandType='Text', CommandTimeout='0']
      SELECT "l"."GIA_TRI"
      FROM "QL_NHAN_HIEN_THI" "l"
      WHERE "l"."MA" = :Ma_0
      FETCH FIRST 1 ROWS ONLY
info: Microsoft.EntityFrameworkCore.Database.Command[20101]
      Executed DbCommand (2ms) [Parameters=[:Ma_0='?' (Size = 2000)], CommandType='Text', CommandTimeout='0']
      SELECT "l"."GIA_TRI"
      FROM "QL_NHAN_HIEN_THI" "l"
      WHERE "l"."MA" = :Ma_0
      FETCH FIRST 1 ROWS ONLY
info: Microsoft.EntityFrameworkCore.Database.Command[20101]
      Executed DbCommand (3ms) [Parameters=[:Ma_0='?' (Size = 2000)], CommandType='Text', CommandTimeout='0']
      SELECT "l"."GIA_TRI"
      FROM "QL_NHAN_HIEN_THI" "l"
      WHERE "l"."MA" = :Ma_0
      FETCH FIRST 1 ROWS ONLY
info: Microsoft.EntityFrameworkCore.Database.Command[20101]
      Executed DbCommand (3ms) [Parameters=[:nguoiDung_ID_0='?' (DbType = Decimal)], CommandType='Text', CommandTimeout='0']
      SELECT "c"."VAI_TRO_ID"
      FROM "QL_VAI_TRO_NGUOI_DUNG" "c"
      WHERE "c"."NGUOI_DUNG_ID" = :nguoiDung_ID_0
info: Microsoft.EntityFrameworkCore.Database.Command[20101]
      Executed DbCommand (3ms) [Parameters=[:Ma_0='?' (Size = 2000)], CommandType='Text', CommandTimeout='0']
      SELECT "l"."GIA_TRI"
      FROM "QL_NHAN_HIEN_THI" "l"
      WHERE "l"."MA" = :Ma_0
      FETCH FIRST 1 ROWS ONLY
info: Microsoft.EntityFrameworkCore.Database.Command[20101]
      Executed DbCommand (3ms) [Parameters=[:Ma_0='?' (Size = 2000)], CommandType='Text', CommandTimeout='0']
      SELECT "l"."GIA_TRI"
      FROM "QL_NHAN_HIEN_THI" "l"
      WHERE "l"."MA" = :Ma_0
      FETCH FIRST 1 ROWS ONLY
info: Microsoft.EntityFrameworkCore.Database.Command[20101]
      Executed DbCommand (3ms) [Parameters=[:Ma_0='?' (Size = 2000)], CommandType='Text', CommandTimeout='0']
      SELECT "l"."GIA_TRI"
      FROM "QL_NHAN_HIEN_THI" "l"
      WHERE "l"."MA" = :Ma_0
      FETCH FIRST 1 ROWS ONLY
info: Microsoft.EntityFrameworkCore.Database.Command[20101]
      Executed DbCommand (3ms) [Parameters=[:nguoiDung_ID_0='?' (DbType = Decimal)], CommandType='Text', CommandTimeout='0']
      SELECT "c"."VAI_TRO_ID"
      FROM "QL_VAI_TRO_NGUOI_DUNG" "c"
      WHERE "c"."NGUOI_DUNG_ID" = :nguoiDung_ID_0
info: Microsoft.EntityFrameworkCore.Database.Command[20101]
      Executed DbCommand (3ms) [Parameters=[:Ma_0='?' (Size = 2000)], CommandType='Text', CommandTimeout='0']
      SELECT "l"."GIA_TRI"
      FROM "QL_NHAN_HIEN_THI" "l"
      WHERE "l"."MA" = :Ma_0
      FETCH FIRST 1 ROWS ONLY
info: Microsoft.EntityFrameworkCore.Database.Command[20101]
      Executed DbCommand (3ms) [Parameters=[:Ma_0='?' (Size = 2000)], CommandType='Text', CommandTimeout='0']
      SELECT "l"."GIA_TRI"
      FROM "QL_NHAN_HIEN_THI" "l"
      WHERE "l"."MA" = :Ma_0
      FETCH FIRST 1 ROWS ONLY
info: Microsoft.EntityFrameworkCore.Database.Command[20101]
      Executed DbCommand (3ms) [Parameters=[:Ma_0='?' (Size = 2000)], CommandType='Text', CommandTimeout='0']
      SELECT "l"."GIA_TRI"
      FROM "QL_NHAN_HIEN_THI" "l"
      WHERE "l"."MA" = :Ma_0
      FETCH FIRST 1 ROWS ONLY
info: Microsoft.EntityFrameworkCore.Database.Command[20101]
      Executed DbCommand (3ms) [Parameters=[:nguoiDung_ID_0='?' (DbType = Decimal)], CommandType='Text', CommandTimeout='0']
      SELECT "c"."VAI_TRO_ID"
      FROM "QL_VAI_TRO_NGUOI_DUNG" "c"
      WHERE "c"."NGUOI_DUNG_ID" = :nguoiDung_ID_0
info: Microsoft.EntityFrameworkCore.Database.Command[20101]
      Executed DbCommand (3ms) [Parameters=[:Ma_0='?' (Size = 2000)], CommandType='Text', CommandTimeout='0']
      SELECT "l"."GIA_TRI"
      FROM "QL_NHAN_HIEN_THI" "l"
      WHERE "l"."MA" = :Ma_0
      FETCH FIRST 1 ROWS ONLY
info: Microsoft.EntityFrameworkCore.Database.Command[20101]
      Executed DbCommand (2ms) [Parameters=[:Ma_0='?' (Size = 2000)], CommandType='Text', CommandTimeout='0']
      SELECT "l"."GIA_TRI"
      FROM "QL_NHAN_HIEN_THI" "l"
      WHERE "l"."MA" = :Ma_0
      FETCH FIRST 1 ROWS ONLY
info: Microsoft.EntityFrameworkCore.Database.Command[20101]
      Executed DbCommand (2ms) [Parameters=[:nguoiDung_ID_0='?' (DbType = Decimal)], CommandType='Text', CommandTimeout='0']
      SELECT "c"."VAI_TRO_ID"
      FROM "QL_VAI_TRO_NGUOI_DUNG" "c"
      WHERE "c"."NGUOI_DUNG_ID" = :nguoiDung_ID_0
info: Microsoft.EntityFrameworkCore.Database.Command[20101]
      Executed DbCommand (3ms) [Parameters=[:Ma_0='?' (Size = 2000)], CommandType='Text', CommandTimeout='0']
      SELECT "l"."GIA_TRI"
      FROM "QL_NHAN_HIEN_THI" "l"
      WHERE "l"."MA" = :Ma_0
      FETCH FIRST 1 ROWS ONLY
info: Microsoft.EntityFrameworkCore.Database.Command[20101]
      Executed DbCommand (3ms) [Parameters=[:nguoiDung_ID_0='?' (DbType = Decimal)], CommandType='Text', CommandTimeout='0']
      SELECT "c"."VAI_TRO_ID"
      FROM "QL_VAI_TRO_NGUOI_DUNG" "c"
      WHERE "c"."NGUOI_DUNG_ID" = :nguoiDung_ID_0
info: Microsoft.EntityFrameworkCore.Database.Command[20101]
      Executed DbCommand (3ms) [Parameters=[:Ma_0='?' (Size = 2000)], CommandType='Text', CommandTimeout='0']
      SELECT "l"."GIA_TRI"
      FROM "QL_NHAN_HIEN_THI" "l"
      WHERE "l"."MA" = :Ma_0
      FETCH FIRST 1 ROWS ONLY
info: Microsoft.EntityFrameworkCore.Database.Command[20101]
      Executed DbCommand (3ms) [Parameters=[:nguoiDung_ID_0='?' (DbType = Decimal)], CommandType='Text', CommandTimeout='0']
      SELECT "c"."VAI_TRO_ID"
      FROM "QL_VAI_TRO_NGUOI_DUNG" "c"
      WHERE "c"."NGUOI_DUNG_ID" = :nguoiDung_ID_0
info: Microsoft.EntityFrameworkCore.Database.Command[20101]
      Executed DbCommand (3ms) [Parameters=[:Ma_0='?' (Size = 2000)], CommandType='Text', CommandTimeout='0']
      SELECT "l"."GIA_TRI"
      FROM "QL_NHAN_HIEN_THI" "l"
      WHERE "l"."MA" = :Ma_0
      FETCH FIRST 1 ROWS ONLY
info: Microsoft.EntityFrameworkCore.Database.Command[20101]
      Executed DbCommand (2ms) [Parameters=[:nguoiDung_ID_0='?' (DbType = Decimal)], CommandType='Text', CommandTimeout='0']
      SELECT "c"."VAI_TRO_ID"
      FROM "QL_VAI_TRO_NGUOI_DUNG" "c"
      WHERE "c"."NGUOI_DUNG_ID" = :nguoiDung_ID_0
info: Microsoft.EntityFrameworkCore.Database.Command[20101]
      Executed DbCommand (3ms) [Parameters=[:Ma_0='?' (Size = 2000)], CommandType='Text', CommandTimeout='0']
      SELECT "l"."GIA_TRI"
      FROM "QL_NHAN_HIEN_THI" "l"
      WHERE "l"."MA" = :Ma_0
      FETCH FIRST 1 ROWS ONLY
info: Microsoft.EntityFrameworkCore.Database.Command[20101]
      Executed DbCommand (7ms) [Parameters=[:nguoiDung_ID_0='?' (DbType = Decimal)], CommandType='Text', CommandTimeout='0']
      SELECT "c"."VAI_TRO_ID"
      FROM "QL_VAI_TRO_NGUOI_DUNG" "c"
      WHERE "c"."NGUOI_DUNG_ID" = :nguoiDung_ID_0
info: Microsoft.EntityFrameworkCore.Database.Command[20101]
      Executed DbCommand (6ms) [Parameters=[:Ma_0='?' (Size = 2000)], CommandType='Text', CommandTimeout='0']
      SELECT "l"."GIA_TRI"
      FROM "QL_NHAN_HIEN_THI" "l"
      WHERE "l"."MA" = :Ma_0
      FETCH FIRST 1 ROWS ONLY
info: Microsoft.EntityFrameworkCore.Database.Command[20101]
      Executed DbCommand (3ms) [Parameters=[:nguoiDung_ID_0='?' (DbType = Decimal)], CommandType='Text', CommandTimeout='0']
      SELECT "c"."VAI_TRO_ID"
      FROM "QL_VAI_TRO_NGUOI_DUNG" "c"
      WHERE "c"."NGUOI_DUNG_ID" = :nguoiDung_ID_0
info: Microsoft.EntityFrameworkCore.Database.Command[20101]
      Executed DbCommand (2ms) [Parameters=[:Ma_0='?' (Size = 2000)], CommandType='Text', CommandTimeout='0']
      SELECT "l"."GIA_TRI"
      FROM "QL_NHAN_HIEN_THI" "l"
      WHERE "l"."MA" = :Ma_0
      FETCH FIRST 1 ROWS ONLY
info: Microsoft.EntityFrameworkCore.Database.Command[20101]
      Executed DbCommand (4ms) [Parameters=[:Ma_0='?' (Size = 2000)], CommandType='Text', CommandTimeout='0']
      SELECT "l"."GIA_TRI"
      FROM "QL_NHAN_HIEN_THI" "l"
      WHERE "l"."MA" = :Ma_0
      FETCH FIRST 1 ROWS ONLY
info: Microsoft.EntityFrameworkCore.Database.Command[20101]
      Executed DbCommand (6ms) [Parameters=[:Ma_0='?' (Size = 2000)], CommandType='Text', CommandTimeout='0']
      SELECT "l"."GIA_TRI"
      FROM "QL_NHAN_HIEN_THI" "l"
      WHERE "l"."MA" = :Ma_0
      FETCH FIRST 1 ROWS ONLY
info: Microsoft.EntityFrameworkCore.Database.Command[20101]
      Executed DbCommand (5ms) [Parameters=[:Ma_0='?' (Size = 2000)], CommandType='Text', CommandTimeout='0']
      SELECT "l"."GIA_TRI"
      FROM "QL_NHAN_HIEN_THI" "l"
      WHERE "l"."MA" = :Ma_0
      FETCH FIRST 1 ROWS ONLY
info: Microsoft.EntityFrameworkCore.Database.Command[20101]
      Executed DbCommand (3ms) [Parameters=[:nguoiDung_ID_0='?' (DbType = Decimal)], CommandType='Text', CommandTimeout='0']
      SELECT "c"."VAI_TRO_ID"
      FROM "QL_VAI_TRO_NGUOI_DUNG" "c"
      WHERE "c"."NGUOI_DUNG_ID" = :nguoiDung_ID_0
info: Microsoft.EntityFrameworkCore.Database.Command[20101]
      Executed DbCommand (7ms) [Parameters=[:Ma_0='?' (Size = 2000)], CommandType='Text', CommandTimeout='0']
      SELECT "l"."GIA_TRI"
      FROM "QL_NHAN_HIEN_THI" "l"
      WHERE "l"."MA" = :Ma_0
      FETCH FIRST 1 ROWS ONLY
info: Microsoft.EntityFrameworkCore.Database.Command[20101]
      Executed DbCommand (5ms) [Parameters=[:nguoiDung_ID_0='?' (DbType = Decimal)], CommandType='Text', CommandTimeout='0']
      SELECT "c"."VAI_TRO_ID"
      FROM "QL_VAI_TRO_NGUOI_DUNG" "c"
      WHERE "c"."NGUOI_DUNG_ID" = :nguoiDung_ID_0
info: Microsoft.EntityFrameworkCore.Database.Command[20101]
      Executed DbCommand (5ms) [Parameters=[:Ma_0='?' (Size = 2000)], CommandType='Text', CommandTimeout='0']
      SELECT "l"."GIA_TRI"
      FROM "QL_NHAN_HIEN_THI" "l"
      WHERE "l"."MA" = :Ma_0
      FETCH FIRST 1 ROWS ONLY
info: Microsoft.EntityFrameworkCore.Database.Command[20101]
      Executed DbCommand (3ms) [Parameters=[:nguoiDung_ID_0='?' (DbType = Decimal)], CommandType='Text', CommandTimeout='0']
      SELECT "c"."VAI_TRO_ID"
      FROM "QL_VAI_TRO_NGUOI_DUNG" "c"
      WHERE "c"."NGUOI_DUNG_ID" = :nguoiDung_ID_0
info: Microsoft.EntityFrameworkCore.Database.Command[20101]
      Executed DbCommand (3ms) [Parameters=[:Ma_0='?' (Size = 2000)], CommandType='Text', CommandTimeout='0']
      SELECT "l"."GIA_TRI"
      FROM "QL_NHAN_HIEN_THI" "l"
      WHERE "l"."MA" = :Ma_0
      FETCH FIRST 1 ROWS ONLY
info: Microsoft.EntityFrameworkCore.Database.Command[20101]
      Executed DbCommand (2ms) [Parameters=[:nguoiDung_ID_0='?' (DbType = Decimal)], CommandType='Text', CommandTimeout='0']
      SELECT "c"."VAI_TRO_ID"
      FROM "QL_VAI_TRO_NGUOI_DUNG" "c"
      WHERE "c"."NGUOI_DUNG_ID" = :nguoiDung_ID_0
info: Microsoft.EntityFrameworkCore.Database.Command[20101]
      Executed DbCommand (3ms) [Parameters=[:Ma_0='?' (Size = 2000)], CommandType='Text', CommandTimeout='0']
      SELECT "l"."GIA_TRI"
      FROM "QL_NHAN_HIEN_THI" "l"
      WHERE "l"."MA" = :Ma_0
      FETCH FIRST 1 ROWS ONLY
info: Microsoft.EntityFrameworkCore.Database.Command[20101]
      Executed DbCommand (2ms) [Parameters=[:nguoiDung_ID_0='?' (DbType = Decimal)], CommandType='Text', CommandTimeout='0']
      SELECT "c"."VAI_TRO_ID"
      FROM "QL_VAI_TRO_NGUOI_DUNG" "c"
      WHERE "c"."NGUOI_DUNG_ID" = :nguoiDung_ID_0
info: Microsoft.EntityFrameworkCore.Database.Command[20101]
      Executed DbCommand (3ms) [Parameters=[:Ma_0='?' (Size = 2000)], CommandType='Text', CommandTimeout='0']
      SELECT "l"."GIA_TRI"
      FROM "QL_NHAN_HIEN_THI" "l"
      WHERE "l"."MA" = :Ma_0
      FETCH FIRST 1 ROWS ONLY
info: Microsoft.EntityFrameworkCore.Database.Command[20101]
      Executed DbCommand (3ms) [Parameters=[:nguoiDung_ID_0='?' (DbType = Decimal)], CommandType='Text', CommandTimeout='0']
      SELECT "c"."VAI_TRO_ID"
      FROM "QL_VAI_TRO_NGUOI_DUNG" "c"
      WHERE "c"."NGUOI_DUNG_ID" = :nguoiDung_ID_0
info: Microsoft.EntityFrameworkCore.Database.Command[20101]
      Executed DbCommand (4ms) [Parameters=[:Ma_0='?' (Size = 2000)], CommandType='Text', CommandTimeout='0']
      SELECT "l"."GIA_TRI"
      FROM "QL_NHAN_HIEN_THI" "l"
      WHERE "l"."MA" = :Ma_0
      FETCH FIRST 1 ROWS ONLY
info: Microsoft.EntityFrameworkCore.Database.Command[20101]
      Executed DbCommand (3ms) [Parameters=[:nguoiDung_ID_0='?' (DbType = Decimal)], CommandType='Text', CommandTimeout='0']
      SELECT "c"."VAI_TRO_ID"
      FROM "QL_VAI_TRO_NGUOI_DUNG" "c"
      WHERE "c"."NGUOI_DUNG_ID" = :nguoiDung_ID_0
info: Microsoft.EntityFrameworkCore.Database.Command[20101]
      Executed DbCommand (6ms) [Parameters=[:Ma_0='?' (Size = 2000)], CommandType='Text', CommandTimeout='0']
      SELECT "l"."GIA_TRI"
      FROM "QL_NHAN_HIEN_THI" "l"
      WHERE "l"."MA" = :Ma_0
      FETCH FIRST 1 ROWS ONLY
info: Microsoft.EntityFrameworkCore.Database.Command[20101]
      Executed DbCommand (3ms) [Parameters=[:nguoiDung_ID_0='?' (DbType = Decimal)], CommandType='Text', CommandTimeout='0']
      SELECT "c"."VAI_TRO_ID"
      FROM "QL_VAI_TRO_NGUOI_DUNG" "c"
      WHERE "c"."NGUOI_DUNG_ID" = :nguoiDung_ID_0
info: Microsoft.EntityFrameworkCore.Database.Command[20101]
      Executed DbCommand (3ms) [Parameters=[:Ma_0='?' (Size = 2000)], CommandType='Text', CommandTimeout='0']
      SELECT "l"."GIA_TRI"
      FROM "QL_NHAN_HIEN_THI" "l"
      WHERE "l"."MA" = :Ma_0
      FETCH FIRST 1 ROWS ONLY
info: Microsoft.EntityFrameworkCore.Database.Command[20101]
      Executed DbCommand (6ms) [Parameters=[:nguoiDung_ID_0='?' (DbType = Decimal)], CommandType='Text', CommandTimeout='0']
      SELECT "c"."VAI_TRO_ID"
      FROM "QL_VAI_TRO_NGUOI_DUNG" "c"
      WHERE "c"."NGUOI_DUNG_ID" = :nguoiDung_ID_0
info: Microsoft.EntityFrameworkCore.Database.Command[20101]
      Executed DbCommand (5ms) [Parameters=[:Ma_0='?' (Size = 2000)], CommandType='Text', CommandTimeout='0']
      SELECT "l"."GIA_TRI"
      FROM "QL_NHAN_HIEN_THI" "l"
      WHERE "l"."MA" = :Ma_0
      FETCH FIRST 1 ROWS ONLY
info: Microsoft.EntityFrameworkCore.Database.Command[20101]
      Executed DbCommand (2ms) [Parameters=[:nguoiDung_ID_0='?' (DbType = Decimal)], CommandType='Text', CommandTimeout='0']
      SELECT "c"."VAI_TRO_ID"
      FROM "QL_VAI_TRO_NGUOI_DUNG" "c"
      WHERE "c"."NGUOI_DUNG_ID" = :nguoiDung_ID_0
info: Microsoft.EntityFrameworkCore.Database.Command[20101]
      Executed DbCommand (4ms) [Parameters=[:Ma_0='?' (Size = 2000)], CommandType='Text', CommandTimeout='0']
      SELECT "l"."GIA_TRI"
      FROM "QL_NHAN_HIEN_THI" "l"
      WHERE "l"."MA" = :Ma_0
      FETCH FIRST 1 ROWS ONLY
info: Microsoft.EntityFrameworkCore.Database.Command[20101]
      Executed DbCommand (5ms) [Parameters=[:nguoiDung_ID_0='?' (DbType = Decimal)], CommandType='Text', CommandTimeout='0']
      SELECT "c"."VAI_TRO_ID"
      FROM "QL_VAI_TRO_NGUOI_DUNG" "c"
      WHERE "c"."NGUOI_DUNG_ID" = :nguoiDung_ID_0
info: Microsoft.EntityFrameworkCore.Database.Command[20101]
      Executed DbCommand (4ms) [Parameters=[:Ma_0='?' (Size = 2000)], CommandType='Text', CommandTimeout='0']
      SELECT "l"."GIA_TRI"
      FROM "QL_NHAN_HIEN_THI" "l"
      WHERE "l"."MA" = :Ma_0
      FETCH FIRST 1 ROWS ONLY
info: Microsoft.EntityFrameworkCore.Database.Command[20101]
      Executed DbCommand (2ms) [Parameters=[:nguoiDung_ID_0='?' (DbType = Decimal)], CommandType='Text', CommandTimeout='0']
      SELECT "c"."VAI_TRO_ID"
      FROM "QL_VAI_TRO_NGUOI_DUNG" "c"
      WHERE "c"."NGUOI_DUNG_ID" = :nguoiDung_ID_0
info: Microsoft.EntityFrameworkCore.Database.Command[20101]
      Executed DbCommand (7ms) [Parameters=[:Ma_0='?' (Size = 2000)], CommandType='Text', CommandTimeout='0']
      SELECT "l"."GIA_TRI"
      FROM "QL_NHAN_HIEN_THI" "l"
      WHERE "l"."MA" = :Ma_0
      FETCH FIRST 1 ROWS ONLY
info: Microsoft.EntityFrameworkCore.Database.Command[20101]
      Executed DbCommand (2ms) [Parameters=[:nguoiDung_ID_0='?' (DbType = Decimal)], CommandType='Text', CommandTimeout='0']
      SELECT "c"."VAI_TRO_ID"
      FROM "QL_VAI_TRO_NGUOI_DUNG" "c"
      WHERE "c"."NGUOI_DUNG_ID" = :nguoiDung_ID_0
info: Microsoft.EntityFrameworkCore.Database.Command[20101]
      Executed DbCommand (3ms) [Parameters=[:Ma_0='?' (Size = 2000)], CommandType='Text', CommandTimeout='0']
      SELECT "l"."GIA_TRI"
      FROM "QL_NHAN_HIEN_THI" "l"
      WHERE "l"."MA" = :Ma_0
      FETCH FIRST 1 ROWS ONLY
info: Microsoft.EntityFrameworkCore.Database.Command[20101]
      Executed DbCommand (4ms) [Parameters=[:nguoiDung_ID_0='?' (DbType = Decimal)], CommandType='Text', CommandTimeout='0']
      SELECT "c"."VAI_TRO_ID"
      FROM "QL_VAI_TRO_NGUOI_DUNG" "c"
      WHERE "c"."NGUOI_DUNG_ID" = :nguoiDung_ID_0
info: Microsoft.EntityFrameworkCore.Database.Command[20101]
      Executed DbCommand (3ms) [Parameters=[:Ma_0='?' (Size = 2000)], CommandType='Text', CommandTimeout='0']
      SELECT "l"."GIA_TRI"
      FROM "QL_NHAN_HIEN_THI" "l"
      WHERE "l"."MA" = :Ma_0
      FETCH FIRST 1 ROWS ONLY
info: Microsoft.EntityFrameworkCore.Database.Command[20101]
      Executed DbCommand (3ms) [Parameters=[:nguoiDung_ID_0='?' (DbType = Decimal)], CommandType='Text', CommandTimeout='0']
      SELECT "c"."VAI_TRO_ID"
      FROM "QL_VAI_TRO_NGUOI_DUNG" "c"
      WHERE "c"."NGUOI_DUNG_ID" = :nguoiDung_ID_0
info: Microsoft.EntityFrameworkCore.Database.Command[20101]
      Executed DbCommand (7ms) [Parameters=[:Ma_0='?' (Size = 2000)], CommandType='Text', CommandTimeout='0']
      SELECT "l"."GIA_TRI"
      FROM "QL_NHAN_HIEN_THI" "l"
      WHERE "l"."MA" = :Ma_0
      FETCH FIRST 1 ROWS ONLY
info: Microsoft.EntityFrameworkCore.Database.Command[20101]
      Executed DbCommand (3ms) [Parameters=[:Ma_0='?' (Size = 2000)], CommandType='Text', CommandTimeout='0']
      SELECT "l"."GIA_TRI"
      FROM "QL_NHAN_HIEN_THI" "l"
      WHERE "l"."MA" = :Ma_0
      FETCH FIRST 1 ROWS ONLY
info: Microsoft.EntityFrameworkCore.Database.Command[20101]
      Executed DbCommand (3ms) [Parameters=[:Ma_0='?' (Size = 2000)], CommandType='Text', CommandTimeout='0']
      SELECT "l"."GIA_TRI"
      FROM "QL_NHAN_HIEN_THI" "l"
      WHERE "l"."MA" = :Ma_0
      FETCH FIRST 1 ROWS ONLY
info: Microsoft.EntityFrameworkCore.Database.Command[20101]
      Executed DbCommand (3ms) [Parameters=[:Ma_0='?' (Size = 2000)], CommandType='Text', CommandTimeout='0']
      SELECT "l"."GIA_TRI"
      FROM "QL_NHAN_HIEN_THI" "l"
      WHERE "l"."MA" = :Ma_0
      FETCH FIRST 1 ROWS ONLY
info: Microsoft.EntityFrameworkCore.Database.Command[20101]
      Executed DbCommand (3ms) [Parameters=[:Ma_0='?' (Size = 2000)], CommandType='Text', CommandTimeout='0']
      SELECT "l"."GIA_TRI"
      FROM "QL_NHAN_HIEN_THI" "l"
      WHERE "l"."MA" = :Ma_0
      FETCH FIRST 1 ROWS ONLY
info: Microsoft.EntityFrameworkCore.Database.Command[20101]
      Executed DbCommand (7ms) [Parameters=[:Ma_0='?' (Size = 2000)], CommandType='Text', CommandTimeout='0']
      SELECT "l"."GIA_TRI"
      FROM "QL_NHAN_HIEN_THI" "l"
      WHERE "l"."MA" = :Ma_0
      FETCH FIRST 1 ROWS ONLY
info: Microsoft.EntityFrameworkCore.Database.Command[20101]
      Executed DbCommand (3ms) [Parameters=[:nguoiDung_ID_0='?' (DbType = Decimal)], CommandType='Text', CommandTimeout='0']
      SELECT "c"."VAI_TRO_ID"
      FROM "QL_VAI_TRO_NGUOI_DUNG" "c"
      WHERE "c"."NGUOI_DUNG_ID" = :nguoiDung_ID_0
info: Microsoft.EntityFrameworkCore.Database.Command[20101]
      Executed DbCommand (3ms) [Parameters=[:Ma_0='?' (Size = 2000)], CommandType='Text', CommandTimeout='0']
      SELECT "l"."GIA_TRI"
      FROM "QL_NHAN_HIEN_THI" "l"
      WHERE "l"."MA" = :Ma_0
      FETCH FIRST 1 ROWS ONLY
info: Microsoft.EntityFrameworkCore.Database.Command[20101]
      Executed DbCommand (7ms) [Parameters=[:nguoiDung_ID_0='?' (DbType = Decimal)], CommandType='Text', CommandTimeout='0']
      SELECT "c"."VAI_TRO_ID"
      FROM "QL_VAI_TRO_NGUOI_DUNG" "c"
      WHERE "c"."NGUOI_DUNG_ID" = :nguoiDung_ID_0
info: Microsoft.EntityFrameworkCore.Database.Command[20101]
      Executed DbCommand (5ms) [Parameters=[:nguoiDung_ID_0='?' (DbType = Decimal)], CommandType='Text', CommandTimeout='0']
      SELECT "c"."VAI_TRO_ID"
      FROM "QL_VAI_TRO_NGUOI_DUNG" "c"
      WHERE "c"."NGUOI_DUNG_ID" = :nguoiDung_ID_0
info: Microsoft.EntityFrameworkCore.Database.Command[20101]
      Executed DbCommand (3ms) [Parameters=[:Ma_0='?' (Size = 2000)], CommandType='Text', CommandTimeout='0']
      SELECT "l"."GIA_TRI"
      FROM "QL_NHAN_HIEN_THI" "l"
      WHERE "l"."MA" = :Ma_0
      FETCH FIRST 1 ROWS ONLY
info: Microsoft.EntityFrameworkCore.Database.Command[20101]
      Executed DbCommand (3ms) [Parameters=[:nguoiDung_ID_0='?' (DbType = Decimal)], CommandType='Text', CommandTimeout='0']
      SELECT "c"."VAI_TRO_ID"
      FROM "QL_VAI_TRO_NGUOI_DUNG" "c"
      WHERE "c"."NGUOI_DUNG_ID" = :nguoiDung_ID_0
info: Microsoft.EntityFrameworkCore.Database.Command[20101]
      Executed DbCommand (3ms) [Parameters=[:Ma_0='?' (Size = 2000)], CommandType='Text', CommandTimeout='0']
      SELECT "l"."GIA_TRI"
      FROM "QL_NHAN_HIEN_THI" "l"
      WHERE "l"."MA" = :Ma_0
      FETCH FIRST 1 ROWS ONLY
info: Microsoft.EntityFrameworkCore.Database.Command[20101]
      Executed DbCommand (3ms) [Parameters=[:nguoiDung_ID_0='?' (DbType = Decimal)], CommandType='Text', CommandTimeout='0']
      SELECT "c"."VAI_TRO_ID"
      FROM "QL_VAI_TRO_NGUOI_DUNG" "c"
      WHERE "c"."NGUOI_DUNG_ID" = :nguoiDung_ID_0
info: Microsoft.EntityFrameworkCore.Database.Command[20101]
      Executed DbCommand (3ms) [Parameters=[:nguoiDung_ID_0='?' (DbType = Decimal)], CommandType='Text', CommandTimeout='0']
      SELECT "c"."VAI_TRO_ID"
      FROM "QL_VAI_TRO_NGUOI_DUNG" "c"
      WHERE "c"."NGUOI_DUNG_ID" = :nguoiDung_ID_0
info: Microsoft.EntityFrameworkCore.Database.Command[20101]
      Executed DbCommand (3ms) [Parameters=[:Ma_0='?' (Size = 2000)], CommandType='Text', CommandTimeout='0']
      SELECT "l"."GIA_TRI"
      FROM "QL_NHAN_HIEN_THI" "l"
      WHERE "l"."MA" = :Ma_0
      FETCH FIRST 1 ROWS ONLY
info: Microsoft.EntityFrameworkCore.Database.Command[20101]
      Executed DbCommand (4ms) [Parameters=[:nguoiDung_ID_0='?' (DbType = Decimal)], CommandType='Text', CommandTimeout='0']
      SELECT "c"."VAI_TRO_ID"
      FROM "QL_VAI_TRO_NGUOI_DUNG" "c"
      WHERE "c"."NGUOI_DUNG_ID" = :nguoiDung_ID_0
info: Microsoft.EntityFrameworkCore.Database.Command[20101]
      Executed DbCommand (7ms) [Parameters=[:Ma_0='?' (Size = 2000)], CommandType='Text', CommandTimeout='0']
      SELECT "l"."GIA_TRI"
      FROM "QL_NHAN_HIEN_THI" "l"
      WHERE "l"."MA" = :Ma_0
      FETCH FIRST 1 ROWS ONLY
info: Microsoft.EntityFrameworkCore.Database.Command[20101]
      Executed DbCommand (5ms) [Parameters=[:nguoiDung_ID_0='?' (DbType = Decimal)], CommandType='Text', CommandTimeout='0']
      SELECT "c"."VAI_TRO_ID"
      FROM "QL_VAI_TRO_NGUOI_DUNG" "c"
      WHERE "c"."NGUOI_DUNG_ID" = :nguoiDung_ID_0
info: Microsoft.EntityFrameworkCore.Database.Command[20101]
      Executed DbCommand (3ms) [Parameters=[:Ma_0='?' (Size = 2000)], CommandType='Text', CommandTimeout='0']
      SELECT "l"."GIA_TRI"
      FROM "QL_NHAN_HIEN_THI" "l"
      WHERE "l"."MA" = :Ma_0
      FETCH FIRST 1 ROWS ONLY
info: Microsoft.EntityFrameworkCore.Database.Command[20101]
      Executed DbCommand (3ms) [Parameters=[:nguoiDung_ID_0='?' (DbType = Decimal)], CommandType='Text', CommandTimeout='0']
      SELECT "c"."VAI_TRO_ID"
      FROM "QL_VAI_TRO_NGUOI_DUNG" "c"
      WHERE "c"."NGUOI_DUNG_ID" = :nguoiDung_ID_0
info: Microsoft.EntityFrameworkCore.Database.Command[20101]
      Executed DbCommand (3ms) [Parameters=[:Ma_0='?' (Size = 2000)], CommandType='Text', CommandTimeout='0']
      SELECT "l"."GIA_TRI"
      FROM "QL_NHAN_HIEN_THI" "l"
      WHERE "l"."MA" = :Ma_0
      FETCH FIRST 1 ROWS ONLY
info: Microsoft.EntityFrameworkCore.Database.Command[20101]
      Executed DbCommand (2ms) [Parameters=[:nguoiDung_ID_0='?' (DbType = Decimal)], CommandType='Text', CommandTimeout='0']
      SELECT "c"."VAI_TRO_ID"
      FROM "QL_VAI_TRO_NGUOI_DUNG" "c"
      WHERE "c"."NGUOI_DUNG_ID" = :nguoiDung_ID_0
info: Microsoft.EntityFrameworkCore.Database.Command[20101]
      Executed DbCommand (3ms) [Parameters=[:Ma_0='?' (Size = 2000)], CommandType='Text', CommandTimeout='0']
      SELECT "l"."GIA_TRI"
      FROM "QL_NHAN_HIEN_THI" "l"
      WHERE "l"."MA" = :Ma_0
      FETCH FIRST 1 ROWS ONLY
info: Microsoft.EntityFrameworkCore.Database.Command[20101]
      Executed DbCommand (4ms) [Parameters=[:nguoiDung_ID_0='?' (DbType = Decimal)], CommandType='Text', CommandTimeout='0']
      SELECT "c"."VAI_TRO_ID"
      FROM "QL_VAI_TRO_NGUOI_DUNG" "c"
      WHERE "c"."NGUOI_DUNG_ID" = :nguoiDung_ID_0
info: Microsoft.EntityFrameworkCore.Database.Command[20101]
      Executed DbCommand (3ms) [Parameters=[:Ma_0='?' (Size = 2000)], CommandType='Text', CommandTimeout='0']
      SELECT "l"."GIA_TRI"
      FROM "QL_NHAN_HIEN_THI" "l"
      WHERE "l"."MA" = :Ma_0
      FETCH FIRST 1 ROWS ONLY
info: Microsoft.EntityFrameworkCore.Database.Command[20101]
      Executed DbCommand (2ms) [Parameters=[:nguoiDung_ID_0='?' (DbType = Decimal)], CommandType='Text', CommandTimeout='0']
      SELECT "c"."VAI_TRO_ID"
      FROM "QL_VAI_TRO_NGUOI_DUNG" "c"
      WHERE "c"."NGUOI_DUNG_ID" = :nguoiDung_ID_0
info: Microsoft.EntityFrameworkCore.Database.Command[20101]
      Executed DbCommand (3ms) [Parameters=[:Ma_0='?' (Size = 2000)], CommandType='Text', CommandTimeout='0']
      SELECT "l"."GIA_TRI"
      FROM "QL_NHAN_HIEN_THI" "l"
      WHERE "l"."MA" = :Ma_0
      FETCH FIRST 1 ROWS ONLY
info: Microsoft.EntityFrameworkCore.Database.Command[20101]
      Executed DbCommand (2ms) [Parameters=[:nguoiDung_ID_0='?' (DbType = Decimal)], CommandType='Text', CommandTimeout='0']
      SELECT "c"."VAI_TRO_ID"
      FROM "QL_VAI_TRO_NGUOI_DUNG" "c"
      WHERE "c"."NGUOI_DUNG_ID" = :nguoiDung_ID_0
info: Microsoft.EntityFrameworkCore.Database.Command[20101]
      Executed DbCommand (3ms) [Parameters=[:Ma_0='?' (Size = 2000)], CommandType='Text', CommandTimeout='0']
      SELECT "l"."GIA_TRI"
      FROM "QL_NHAN_HIEN_THI" "l"
      WHERE "l"."MA" = :Ma_0
      FETCH FIRST 1 ROWS ONLY
info: Microsoft.EntityFrameworkCore.Database.Command[20101]
      Executed DbCommand (3ms) [Parameters=[:nguoiDung_ID_0='?' (DbType = Decimal)], CommandType='Text', CommandTimeout='0']
      SELECT "c"."VAI_TRO_ID"
      FROM "QL_VAI_TRO_NGUOI_DUNG" "c"
      WHERE "c"."NGUOI_DUNG_ID" = :nguoiDung_ID_0
info: Microsoft.EntityFrameworkCore.Database.Command[20101]
      Executed DbCommand (3ms) [Parameters=[:Ma_0='?' (Size = 2000)], CommandType='Text', CommandTimeout='0']
      SELECT "l"."GIA_TRI"
      FROM "QL_NHAN_HIEN_THI" "l"
      WHERE "l"."MA" = :Ma_0
      FETCH FIRST 1 ROWS ONLY
info: Microsoft.EntityFrameworkCore.Database.Command[20101]
      Executed DbCommand (3ms) [Parameters=[:nguoiDung_ID_0='?' (DbType = Decimal)], CommandType='Text', CommandTimeout='0']
      SELECT "c"."VAI_TRO_ID"
      FROM "QL_VAI_TRO_NGUOI_DUNG" "c"
      WHERE "c"."NGUOI_DUNG_ID" = :nguoiDung_ID_0
info: Microsoft.EntityFrameworkCore.Database.Command[20101]
      Executed DbCommand (3ms) [Parameters=[:Ma_0='?' (Size = 2000)], CommandType='Text', CommandTimeout='0']
      SELECT "l"."GIA_TRI"
      FROM "QL_NHAN_HIEN_THI" "l"
      WHERE "l"."MA" = :Ma_0
      FETCH FIRST 1 ROWS ONLY
info: Microsoft.EntityFrameworkCore.Database.Command[20101]
      Executed DbCommand (3ms) [Parameters=[:nguoiDung_ID_0='?' (DbType = Decimal)], CommandType='Text', CommandTimeout='0']
      SELECT "c"."VAI_TRO_ID"
      FROM "QL_VAI_TRO_NGUOI_DUNG" "c"
      WHERE "c"."NGUOI_DUNG_ID" = :nguoiDung_ID_0
info: Microsoft.EntityFrameworkCore.Database.Command[20101]
      Executed DbCommand (3ms) [Parameters=[:Ma_0='?' (Size = 2000)], CommandType='Text', CommandTimeout='0']
      SELECT "l"."GIA_TRI"
      FROM "QL_NHAN_HIEN_THI" "l"
      WHERE "l"."MA" = :Ma_0
      FETCH FIRST 1 ROWS ONLY
info: Microsoft.EntityFrameworkCore.Database.Command[20101]
      Executed DbCommand (2ms) [Parameters=[:nguoiDung_ID_0='?' (DbType = Decimal)], CommandType='Text', CommandTimeout='0']
      SELECT "c"."VAI_TRO_ID"
      FROM "QL_VAI_TRO_NGUOI_DUNG" "c"
      WHERE "c"."NGUOI_DUNG_ID" = :nguoiDung_ID_0
info: Microsoft.EntityFrameworkCore.Database.Command[20101]
      Executed DbCommand (3ms) [Parameters=[:Ma_0='?' (Size = 2000)], CommandType='Text', CommandTimeout='0']
      SELECT "l"."GIA_TRI"
      FROM "QL_NHAN_HIEN_THI" "l"
      WHERE "l"."MA" = :Ma_0
      FETCH FIRST 1 ROWS ONLY
info: Microsoft.EntityFrameworkCore.Database.Command[20101]
      Executed DbCommand (3ms) [Parameters=[:nguoiDung_ID_0='?' (DbType = Decimal)], CommandType='Text', CommandTimeout='0']
      SELECT "c"."VAI_TRO_ID"
      FROM "QL_VAI_TRO_NGUOI_DUNG" "c"
      WHERE "c"."NGUOI_DUNG_ID" = :nguoiDung_ID_0
info: Microsoft.EntityFrameworkCore.Database.Command[20101]
      Executed DbCommand (3ms) [Parameters=[:Ma_0='?' (Size = 2000)], CommandType='Text', CommandTimeout='0']
      SELECT "l"."GIA_TRI"
      FROM "QL_NHAN_HIEN_THI" "l"
      WHERE "l"."MA" = :Ma_0
      FETCH FIRST 1 ROWS ONLY
info: Microsoft.EntityFrameworkCore.Database.Command[20101]
      Executed DbCommand (3ms) [Parameters=[:nguoiDung_ID_0='?' (DbType = Decimal)], CommandType='Text', CommandTimeout='0']
      SELECT "c"."VAI_TRO_ID"
      FROM "QL_VAI_TRO_NGUOI_DUNG" "c"
      WHERE "c"."NGUOI_DUNG_ID" = :nguoiDung_ID_0
info: Microsoft.EntityFrameworkCore.Database.Command[20101]
      Executed DbCommand (3ms) [Parameters=[:Ma_0='?' (Size = 2000)], CommandType='Text', CommandTimeout='0']
      SELECT "l"."GIA_TRI"
      FROM "QL_NHAN_HIEN_THI" "l"
      WHERE "l"."MA" = :Ma_0
      FETCH FIRST 1 ROWS ONLY
info: Microsoft.EntityFrameworkCore.Database.Command[20101]
      Executed DbCommand (2ms) [Parameters=[:nguoiDung_ID_0='?' (DbType = Decimal)], CommandType='Text', CommandTimeout='0']
      SELECT "c"."VAI_TRO_ID"
      FROM "QL_VAI_TRO_NGUOI_DUNG" "c"
      WHERE "c"."NGUOI_DUNG_ID" = :nguoiDung_ID_0
info: Microsoft.EntityFrameworkCore.Database.Command[20101]
      Executed DbCommand (3ms) [Parameters=[:Ma_0='?' (Size = 2000)], CommandType='Text', CommandTimeout='0']
      SELECT "l"."GIA_TRI"
      FROM "QL_NHAN_HIEN_THI" "l"
      WHERE "l"."MA" = :Ma_0
      FETCH FIRST 1 ROWS ONLY
info: Microsoft.EntityFrameworkCore.Database.Command[20101]
      Executed DbCommand (3ms) [Parameters=[:nguoiDung_ID_0='?' (DbType = Decimal)], CommandType='Text', CommandTimeout='0']
      SELECT "c"."VAI_TRO_ID"
      FROM "QL_VAI_TRO_NGUOI_DUNG" "c"
      WHERE "c"."NGUOI_DUNG_ID" = :nguoiDung_ID_0
info: Microsoft.EntityFrameworkCore.Database.Command[20101]
      Executed DbCommand (61ms) [Parameters=[:donViId_0='?' (DbType = Decimal)], CommandType='Text', CommandTimeout='0']
      SELECT COUNT(*)
      FROM "DM_DON_VI" "p"
      WHERE ((("p"."PARENT_ID" = :donViId_0) AND ("p"."LA_BAN_QL_DU_AN" = 1)) OR (("p"."ID" = :donViId_0) AND ("p"."LOAI_DON_VI_ID" = 15.0))) OR (("p"."ID" = :donViId_0) AND ("p"."LA_BAN_QL_DU_AN" = 1))
info: Microsoft.EntityFrameworkCore.Database.Command[20101]
      Executed DbCommand (7ms) [Parameters=[:Ma_0='?' (Size = 2000)], CommandType='Text', CommandTimeout='0']
      SELECT "l"."GIA_TRI"
      FROM "QL_NHAN_HIEN_THI" "l"
      WHERE "l"."MA" = :Ma_0
      FETCH FIRST 1 ROWS ONLY
info: Microsoft.EntityFrameworkCore.Database.Command[20101]
      Executed DbCommand (310ms) [Parameters=[:nguoiDung_ID_0='?' (DbType = Decimal)], CommandType='Text', CommandTimeout='0']
      SELECT "c"."VAI_TRO_ID"
      FROM "QL_VAI_TRO_NGUOI_DUNG" "c"
      WHERE "c"."NGUOI_DUNG_ID" = :nguoiDung_ID_0
info: Microsoft.EntityFrameworkCore.Database.Command[20101]
      Executed DbCommand (3ms) [Parameters=[:Ma_0='?' (Size = 2000)], CommandType='Text', CommandTimeout='0']
      SELECT "l"."GIA_TRI"
      FROM "QL_NHAN_HIEN_THI" "l"
      WHERE "l"."MA" = :Ma_0
      FETCH FIRST 1 ROWS ONLY
info: Microsoft.EntityFrameworkCore.Database.Command[20101]
      Executed DbCommand (3ms) [Parameters=[:nguoiDung_ID_0='?' (DbType = Decimal)], CommandType='Text', CommandTimeout='0']
      SELECT "c"."VAI_TRO_ID"
      FROM "QL_VAI_TRO_NGUOI_DUNG" "c"
      WHERE "c"."NGUOI_DUNG_ID" = :nguoiDung_ID_0
info: Microsoft.EntityFrameworkCore.Database.Command[20101]
      Executed DbCommand (4ms) [Parameters=[:Ma_0='?' (Size = 2000)], CommandType='Text', CommandTimeout='0']
      SELECT "l"."GIA_TRI"
      FROM "QL_NHAN_HIEN_THI" "l"
      WHERE "l"."MA" = :Ma_0
      FETCH FIRST 1 ROWS ONLY
info: Microsoft.EntityFrameworkCore.Database.Command[20101]
      Executed DbCommand (3ms) [Parameters=[:nguoiDung_ID_0='?' (DbType = Decimal)], CommandType='Text', CommandTimeout='0']
      SELECT "c"."VAI_TRO_ID"
      FROM "QL_VAI_TRO_NGUOI_DUNG" "c"
      WHERE "c"."NGUOI_DUNG_ID" = :nguoiDung_ID_0
info: Microsoft.EntityFrameworkCore.Database.Command[20101]
      Executed DbCommand (3ms) [Parameters=[:Ma_0='?' (Size = 2000)], CommandType='Text', CommandTimeout='0']
      SELECT "l"."GIA_TRI"
      FROM "QL_NHAN_HIEN_THI" "l"
      WHERE "l"."MA" = :Ma_0
      FETCH FIRST 1 ROWS ONLY
info: Microsoft.EntityFrameworkCore.Database.Command[20101]
      Executed DbCommand (3ms) [Parameters=[:nguoiDung_ID_0='?' (DbType = Decimal)], CommandType='Text', CommandTimeout='0']
      SELECT "c"."VAI_TRO_ID"
      FROM "QL_VAI_TRO_NGUOI_DUNG" "c"
      WHERE "c"."NGUOI_DUNG_ID" = :nguoiDung_ID_0
info: Microsoft.EntityFrameworkCore.Database.Command[20101]
      Executed DbCommand (7ms) [Parameters=[:Ma_0='?' (Size = 2000)], CommandType='Text', CommandTimeout='0']
      SELECT "l"."GIA_TRI"
      FROM "QL_NHAN_HIEN_THI" "l"
      WHERE "l"."MA" = :Ma_0
      FETCH FIRST 1 ROWS ONLY
info: Microsoft.EntityFrameworkCore.Database.Command[20101]
      Executed DbCommand (3ms) [Parameters=[:nguoiDung_ID_0='?' (DbType = Decimal)], CommandType='Text', CommandTimeout='0']
      SELECT "c"."VAI_TRO_ID"
      FROM "QL_VAI_TRO_NGUOI_DUNG" "c"
      WHERE "c"."NGUOI_DUNG_ID" = :nguoiDung_ID_0
info: Microsoft.EntityFrameworkCore.Database.Command[20101]
      Executed DbCommand (3ms) [Parameters=[:Ma_0='?' (Size = 2000)], CommandType='Text', CommandTimeout='0']
      SELECT "l"."GIA_TRI"
      FROM "QL_NHAN_HIEN_THI" "l"
      WHERE "l"."MA" = :Ma_0
      FETCH FIRST 1 ROWS ONLY
info: Microsoft.EntityFrameworkCore.Database.Command[20101]
      Executed DbCommand (3ms) [Parameters=[:nguoiDung_ID_0='?' (DbType = Decimal)], CommandType='Text', CommandTimeout='0']
      SELECT "c"."VAI_TRO_ID"
      FROM "QL_VAI_TRO_NGUOI_DUNG" "c"
      WHERE "c"."NGUOI_DUNG_ID" = :nguoiDung_ID_0
info: Microsoft.EntityFrameworkCore.Database.Command[20101]
      Executed DbCommand (310ms) [Parameters=[:Ma_0='?' (Size = 2000)], CommandType='Text', CommandTimeout='0']
      SELECT "l"."GIA_TRI"
      FROM "QL_NHAN_HIEN_THI" "l"
      WHERE "l"."MA" = :Ma_0
      FETCH FIRST 1 ROWS ONLY
info: Microsoft.EntityFrameworkCore.Database.Command[20101]
      Executed DbCommand (3ms) [Parameters=[:nguoiDung_ID_0='?' (DbType = Decimal)], CommandType='Text', CommandTimeout='0']
      SELECT "c"."VAI_TRO_ID"
      FROM "QL_VAI_TRO_NGUOI_DUNG" "c"
      WHERE "c"."NGUOI_DUNG_ID" = :nguoiDung_ID_0
info: Microsoft.EntityFrameworkCore.Database.Command[20101]
      Executed DbCommand (3ms) [Parameters=[:Ma_0='?' (Size = 2000)], CommandType='Text', CommandTimeout='0']
      SELECT "l"."GIA_TRI"
      FROM "QL_NHAN_HIEN_THI" "l"
      WHERE "l"."MA" = :Ma_0
      FETCH FIRST 1 ROWS ONLY
info: Microsoft.EntityFrameworkCore.Database.Command[20101]
      Executed DbCommand (3ms) [Parameters=[:nguoiDung_ID_0='?' (DbType = Decimal)], CommandType='Text', CommandTimeout='0']
      SELECT "c"."VAI_TRO_ID"
      FROM "QL_VAI_TRO_NGUOI_DUNG" "c"
      WHERE "c"."NGUOI_DUNG_ID" = :nguoiDung_ID_0
info: Microsoft.EntityFrameworkCore.Database.Command[20101]
      Executed DbCommand (3ms) [Parameters=[:Ma_0='?' (Size = 2000)], CommandType='Text', CommandTimeout='0']
      SELECT "l"."GIA_TRI"
      FROM "QL_NHAN_HIEN_THI" "l"
      WHERE "l"."MA" = :Ma_0
      FETCH FIRST 1 ROWS ONLY
info: Microsoft.EntityFrameworkCore.Database.Command[20101]
      Executed DbCommand (3ms) [Parameters=[:nguoiDung_ID_0='?' (DbType = Decimal)], CommandType='Text', CommandTimeout='0']
      SELECT "c"."VAI_TRO_ID"
      FROM "QL_VAI_TRO_NGUOI_DUNG" "c"
      WHERE "c"."NGUOI_DUNG_ID" = :nguoiDung_ID_0
info: Microsoft.EntityFrameworkCore.Database.Command[20101]
      Executed DbCommand (4ms) [Parameters=[:guid_0='?' (DbType = Binary)], CommandType='Text', CommandTimeout='0']
      SELECT "c"."ID", "c"."CURRENT_DON_VI_ID", "c"."DB_ID", "c"."EMAIL", "c"."GHI_CHU", "c"."GUID", "c"."IP_TRUY_CAP", "c"."IS_QUAN_TRI", "c"."MAT_KHAU", "c"."MAT_KHAU_KEY", "c"."MA_CAN_BO", "c"."MOBILE", "c"."NGAY_TAO", "c"."NGAY_TRUY_CAP", "c"."NGUOI_TAO", "c"."NGUON_ID", "c"."PASSWORD_HASH", "c"."TEN_DANG_NHAP", "c"."TEN_DAY_DU", "c"."TMP_MAT_KHAU", "c"."TRANG_THAI_ID", "c"."UNG_DUNG"
      FROM "QL_NGUOI_DUNG" "c"
      WHERE "c"."GUID" = :guid_0
      FETCH FIRST 1 ROWS ONLY
info: Microsoft.EntityFrameworkCore.Database.Command[20101]
      Executed DbCommand (3ms) [Parameters=[:nguoiDung_ID_0='?' (DbType = Int32)], CommandType='Text', CommandTimeout='0']
      SELECT "p"."ID", "p"."DATA_JSON", "p"."DB_QUEUE_PROCESS_ID", "p"."DON_VI_ID", "p"."FILE_TYPE", "p"."GUID", "p"."GUID_FILE", "p"."MA_BAO_CAO", "p"."MODEL_DATA_TYPE", "p"."NGAY_TAO", "p"."NGUOI_TAO_ID", "p"."REPORT_CLASS", "p"."RESPONSE", "p"."SEARCH_MODEL_CLASS", "p"."SEARCH_MODEL_JSON", "p"."STATEMENT", "p"."TIME_END_GET_DATA", "p"."TIME_START_GET_DATA", "p"."TRANG_THAI_ID", "p"."TYPE_QUEUE_PROCESS_ID"
      FROM "BC_QUEUE_PROCESS" "p"
      WHERE "p"."NGUOI_TAO_ID" = :nguoiDung_ID_0
      ORDER BY "p"."ID" DESC
      FETCH FIRST 1 ROWS ONLY
info: Microsoft.EntityFrameworkCore.Database.Command[20101]
      Executed DbCommand (3ms) [Parameters=[:Ma_0='?' (Size = 2000)], CommandType='Text', CommandTimeout='0']
      SELECT "l"."GIA_TRI"
      FROM "QL_NHAN_HIEN_THI" "l"
      WHERE "l"."MA" = :Ma_0
      FETCH FIRST 1 ROWS ONLY
info: Microsoft.EntityFrameworkCore.Database.Command[20101]
      Executed DbCommand (4ms) [Parameters=[:Ma_0='?' (Size = 2000)], CommandType='Text', CommandTimeout='0']
      SELECT "l"."GIA_TRI"
      FROM "QL_NHAN_HIEN_THI" "l"
      WHERE "l"."MA" = :Ma_0
      FETCH FIRST 1 ROWS ONLY
info: Microsoft.EntityFrameworkCore.Database.Command[20101]
      Executed DbCommand (3ms) [Parameters=[:Ma_0='?' (Size = 2000)], CommandType='Text', CommandTimeout='0']
      SELECT "l"."GIA_TRI"
      FROM "QL_NHAN_HIEN_THI" "l"
      WHERE "l"."MA" = :Ma_0
      FETCH FIRST 1 ROWS ONLY
info: Microsoft.EntityFrameworkCore.Database.Command[20101]
      Executed DbCommand (3ms) [Parameters=[:Ma_0='?' (Size = 2000)], CommandType='Text', CommandTimeout='0']
      SELECT "l"."GIA_TRI"
      FROM "QL_NHAN_HIEN_THI" "l"
      WHERE "l"."MA" = :Ma_0
      FETCH FIRST 1 ROWS ONLY
info: Microsoft.AspNetCore.Mvc.ViewFeatures.ViewResultExecutor[4]
      Executed ViewResult - view NhapLieu executed in 5558.1323ms.
info: Microsoft.AspNetCore.Mvc.Internal.ControllerActionInvoker[2]
      Executed action GS.Web.Controllers.TaiSanController.NhapLieu (GS.Web) in 5567.9576ms
info: Microsoft.AspNetCore.Hosting.Internal.WebHost[2]
      Request finished in 5582.385ms 200 text/html; charset=utf-8
info: Microsoft.AspNetCore.Hosting.Internal.WebHost[1]
      Request starting HTTP/1.1 GET http://localhost:62432/Home/GetTLHD  
info: Microsoft.AspNetCore.Mvc.Internal.ControllerActionInvoker[1]
      Route matched with {action = "GetTLHD", controller = "Home"}. Executing action GS.Web.Controllers.HomeController.GetTLHD (GS.Web)
info: Microsoft.AspNetCore.Mvc.Internal.ControllerActionInvoker[1]
      Executing action method GS.Web.Controllers.HomeController.GetTLHD (GS.Web) - Validation state: Valid
info: Microsoft.EntityFrameworkCore.Infrastructure[10403]
      Entity Framework Core 2.2.6-servicing-10079 initialized 'GSObjectContext' using provider 'Oracle.EntityFrameworkCore' with options: using lazy-loading proxies 
info: Microsoft.EntityFrameworkCore.Database.Command[20101]
      Executed DbCommand (318ms) [Parameters=[:get_Item_0='?' (DbType = Decimal)], CommandType='Text', CommandTimeout='0']
      SELECT "e"."ID", "e"."DON_VI_ID", "e"."GIA_TRI", "e"."TEN"
      FROM "QL_CAU_HINH" "e"
      WHERE "e"."ID" = :get_Item_0
      FETCH FIRST 1 ROWS ONLY
info: Microsoft.AspNetCore.Mvc.Internal.ControllerActionInvoker[2]
      Executed action method GS.Web.Controllers.HomeController.GetTLHD (GS.Web), returned result Microsoft.AspNetCore.Mvc.JsonResult in 332.0085ms.
info: Microsoft.AspNetCore.Mvc.Formatters.Json.Internal.JsonResultExecutor[1]
      Executing JsonResult, writing value of type 'System.String'.
info: Microsoft.AspNetCore.Mvc.Internal.ControllerActionInvoker[2]
      Executed action GS.Web.Controllers.HomeController.GetTLHD (GS.Web) in 339.8094ms
info: Microsoft.AspNetCore.Hosting.Internal.WebHost[2]
      Request finished in 349.8947ms 200 application/json; charset=utf-8
info: Microsoft.AspNetCore.Hosting.Internal.WebHost[1]
      Request starting HTTP/1.1 GET http://localhost:62432/TaiSan/ChonLoaiTaiSan?isTangMoi=false  
info: Microsoft.AspNetCore.Mvc.Internal.ControllerActionInvoker[1]
      Route matched with {action = "ChonLoaiTaiSan", controller = "TaiSan"}. Executing action GS.Web.Controllers.TaiSanController.ChonLoaiTaiSan (GS.Web)
info: Microsoft.AspNetCore.Mvc.Internal.ControllerActionInvoker[1]
      Executing action method GS.Web.Controllers.TaiSanController.ChonLoaiTaiSan (GS.Web) with arguments (False, False) - Validation state: Valid
info: Microsoft.EntityFrameworkCore.Infrastructure[10403]
      Entity Framework Core 2.2.6-servicing-10079 initialized 'GSObjectContext' using provider 'Oracle.EntityFrameworkCore' with options: using lazy-loading proxies 
info: Microsoft.EntityFrameworkCore.Database.Command[20101]
      Executed DbCommand (6ms) [Parameters=[:Ma_0='?' (Size = 2000)], CommandType='Text', CommandTimeout='0']
      SELECT "l"."GIA_TRI"
      FROM "QL_NHAN_HIEN_THI" "l"
      WHERE "l"."MA" = :Ma_0
      FETCH FIRST 1 ROWS ONLY
info: Microsoft.EntityFrameworkCore.Database.Command[20101]
      Executed DbCommand (3ms) [Parameters=[:Ma_0='?' (Size = 2000)], CommandType='Text', CommandTimeout='0']
      SELECT "l"."GIA_TRI"
      FROM "QL_NHAN_HIEN_THI" "l"
      WHERE "l"."MA" = :Ma_0
      FETCH FIRST 1 ROWS ONLY
info: Microsoft.EntityFrameworkCore.Database.Command[20101]
      Executed DbCommand (2ms) [Parameters=[:Ma_0='?' (Size = 2000)], CommandType='Text', CommandTimeout='0']
      SELECT "l"."GIA_TRI"
      FROM "QL_NHAN_HIEN_THI" "l"
      WHERE "l"."MA" = :Ma_0
      FETCH FIRST 1 ROWS ONLY
info: Microsoft.EntityFrameworkCore.Database.Command[20101]
      Executed DbCommand (3ms) [Parameters=[:Ma_0='?' (Size = 2000)], CommandType='Text', CommandTimeout='0']
      SELECT "l"."GIA_TRI"
      FROM "QL_NHAN_HIEN_THI" "l"
      WHERE "l"."MA" = :Ma_0
      FETCH FIRST 1 ROWS ONLY
info: Microsoft.EntityFrameworkCore.Database.Command[20101]
      Executed DbCommand (6ms) [Parameters=[:Ma_0='?' (Size = 2000)], CommandType='Text', CommandTimeout='0']
      SELECT "l"."GIA_TRI"
      FROM "QL_NHAN_HIEN_THI" "l"
      WHERE "l"."MA" = :Ma_0
      FETCH FIRST 1 ROWS ONLY
info: Microsoft.EntityFrameworkCore.Database.Command[20101]
      Executed DbCommand (4ms) [Parameters=[:Ma_0='?' (Size = 2000)], CommandType='Text', CommandTimeout='0']
      SELECT "l"."GIA_TRI"
      FROM "QL_NHAN_HIEN_THI" "l"
      WHERE "l"."MA" = :Ma_0
      FETCH FIRST 1 ROWS ONLY
info: Microsoft.EntityFrameworkCore.Database.Command[20101]
      Executed DbCommand (5ms) [Parameters=[:Ma_0='?' (Size = 2000)], CommandType='Text', CommandTimeout='0']
      SELECT "l"."GIA_TRI"
      FROM "QL_NHAN_HIEN_THI" "l"
      WHERE "l"."MA" = :Ma_0
      FETCH FIRST 1 ROWS ONLY
info: Microsoft.EntityFrameworkCore.Database.Command[20101]
      Executed DbCommand (3ms) [Parameters=[:Ma_0='?' (Size = 2000)], CommandType='Text', CommandTimeout='0']
      SELECT "l"."GIA_TRI"
      FROM "QL_NHAN_HIEN_THI" "l"
      WHERE "l"."MA" = :Ma_0
      FETCH FIRST 1 ROWS ONLY
info: Microsoft.EntityFrameworkCore.Database.Command[20101]
      Executed DbCommand (3ms) [Parameters=[:Ma_0='?' (Size = 2000)], CommandType='Text', CommandTimeout='0']
      SELECT "l"."GIA_TRI"
      FROM "QL_NHAN_HIEN_THI" "l"
      WHERE "l"."MA" = :Ma_0
      FETCH FIRST 1 ROWS ONLY
info: Microsoft.EntityFrameworkCore.Database.Command[20101]
      Executed DbCommand (3ms) [Parameters=[:Ma_0='?' (Size = 2000)], CommandType='Text', CommandTimeout='0']
      SELECT "l"."GIA_TRI"
      FROM "QL_NHAN_HIEN_THI" "l"
      WHERE "l"."MA" = :Ma_0
      FETCH FIRST 1 ROWS ONLY
info: Microsoft.EntityFrameworkCore.Database.Command[20101]
      Executed DbCommand (3ms) [Parameters=[:Ma_0='?' (Size = 2000)], CommandType='Text', CommandTimeout='0']
      SELECT "l"."GIA_TRI"
      FROM "QL_NHAN_HIEN_THI" "l"
      WHERE "l"."MA" = :Ma_0
      FETCH FIRST 1 ROWS ONLY
info: Microsoft.EntityFrameworkCore.Database.Command[20101]
      Executed DbCommand (3ms) [Parameters=[:Ma_0='?' (Size = 2000)], CommandType='Text', CommandTimeout='0']
      SELECT "l"."GIA_TRI"
      FROM "QL_NHAN_HIEN_THI" "l"
      WHERE "l"."MA" = :Ma_0
      FETCH FIRST 1 ROWS ONLY
info: Microsoft.EntityFrameworkCore.Database.Command[20101]
      Executed DbCommand (4ms) [Parameters=[:get_Item_0='?' (DbType = Decimal)], CommandType='Text', CommandTimeout='0']
      SELECT "e"."ID", "e"."CAP_DON_VI_ID", "e"."CHE_DO_HACH_TOAN_ID", "e"."CO_TAI_SAN", "e"."CQTC_MA", "e"."DA_CO_QUYET_DINH_GIAO_VON", "e"."DB_ID", "e"."DIA_BAN_ID", "e"."DIA_CHI", "e"."DIEN_THOAI", "e"."DON_VI_HIEN_THI", "e"."FAX", "e"."HUYEN_ID", "e"."IS_TSQUAN_LY_CHU_KY_SO", "e"."IS_TSQUAN_LY_NHU_TSCD", "e"."IS_XAC_NHAN_DU_LIEU", "e"."KHONG_CHUYEN_MA", "e"."LA_BAN_QL_DU_AN", "e"."LA_DON_VI_NHAP_LIEU", "e"."LA_DON_VI_TU_CHU_TAI_CHINH", "e"."LIST_FILE_XAC_NHAN", "e"."LOAI_CAP_DON_VI_ID", "e"."LOAI_DON_VI_ID", "e"."MA", "e"."MA_BO", "e"."MA_CHUONG", "e"."MA_DIA_BAN", "e"."MA_DVQHNS", "e"."MA_HUYEN", "e"."MA_TINH", "e"."NGAY_CAP_NHAT", "e"."NGAY_QUYET_DINH", "e"."NGAY_QUYET_DINH_GIAO_VON", "e"."NGAY_TAO", "e"."NGAY_XAC_NHAN", "e"."NGUOI_CAP_NHAT_ID", "e"."NGUOI_TAO_ID", "e"."NHOM_DON_VI_ID", "e"."OLD_CAP_DON_VI_ID", "e"."PARENT_ID", "e"."SO_QUYET_DINH", "e"."SO_QUYET_DINH_GIAO_VON", "e"."TEN", "e"."TINH_ID", "e"."TRANG_THAI_DONG_BO_ID", "e"."TRANG_THAI_ID", "e"."TRANG_THAI_THAY_DOI_ID", "e"."TREE_LEVEL", "e"."TREE_NODE", "e"."XA_ID"
      FROM "DM_DON_VI" "e"
      WHERE "e"."ID" = :get_Item_0
      FETCH FIRST 1 ROWS ONLY
info: Microsoft.EntityFrameworkCore.Database.Command[20101]
      Executed DbCommand (33ms) [Parameters=[:TREE_NODE_LON_NHAT_0='?' (Size = 2000)], CommandType='Text', CommandTimeout='0']
      SELECT "p"."ID", "p"."CAP_DON_VI_ID", "p"."CHE_DO_HACH_TOAN_ID", "p"."CO_TAI_SAN", "p"."CQTC_MA", "p"."DA_CO_QUYET_DINH_GIAO_VON", "p"."DB_ID", "p"."DIA_BAN_ID", "p"."DIA_CHI", "p"."DIEN_THOAI", "p"."DON_VI_HIEN_THI", "p"."FAX", "p"."HUYEN_ID", "p"."IS_TSQUAN_LY_CHU_KY_SO", "p"."IS_TSQUAN_LY_NHU_TSCD", "p"."IS_XAC_NHAN_DU_LIEU", "p"."KHONG_CHUYEN_MA", "p"."LA_BAN_QL_DU_AN", "p"."LA_DON_VI_NHAP_LIEU", "p"."LA_DON_VI_TU_CHU_TAI_CHINH", "p"."LIST_FILE_XAC_NHAN", "p"."LOAI_CAP_DON_VI_ID", "p"."LOAI_DON_VI_ID", "p"."MA", "p"."MA_BO", "p"."MA_CHUONG", "p"."MA_DIA_BAN", "p"."MA_DVQHNS", "p"."MA_HUYEN", "p"."MA_TINH", "p"."NGAY_CAP_NHAT", "p"."NGAY_QUYET_DINH", "p"."NGAY_QUYET_DINH_GIAO_VON", "p"."NGAY_TAO", "p"."NGAY_XAC_NHAN", "p"."NGUOI_CAP_NHAT_ID", "p"."NGUOI_TAO_ID", "p"."NHOM_DON_VI_ID", "p"."OLD_CAP_DON_VI_ID", "p"."PARENT_ID", "p"."SO_QUYET_DINH", "p"."SO_QUYET_DINH_GIAO_VON", "p"."TEN", "p"."TINH_ID", "p"."TRANG_THAI_DONG_BO_ID", "p"."TRANG_THAI_ID", "p"."TRANG_THAI_THAY_DOI_ID", "p"."TREE_LEVEL", "p"."TREE_NODE", "p"."XA_ID"
      FROM "DM_DON_VI" "p"
      WHERE ("p"."TREE_NODE" = :TREE_NODE_LON_NHAT_0) AND (("p"."TRANG_THAI_ID" <> 0) OR "p"."TRANG_THAI_ID" IS NULL)
      FETCH FIRST 1 ROWS ONLY
info: Microsoft.EntityFrameworkCore.Database.Command[20101]
      Executed DbCommand (96ms) [Parameters=[], CommandType='Text', CommandTimeout='0']
      SELECT "c"."ID"
      FROM "DM_DON_VI" "c"
      WHERE (CAST(LENGTH("c"."MA") AS NUMBER(10)) = 3) AND (COALESCE("c"."TRANG_THAI_ID", 0) = 1)
info: Microsoft.EntityFrameworkCore.Database.Command[20101]
      Executed DbCommand (3ms) [Parameters=[:donViCapTren_ID_0='?' (DbType = Decimal)], CommandType='Text', CommandTimeout='0']
      SELECT CASE
          WHEN EXISTS (
              SELECT 1
              FROM "DM_LOAI_TAI_SAN_DON_VI" "c"
              WHERE ("c"."LOAI_HINH_TAI_SAN_ID" = 10.0) AND ("c"."DON_VI_ID" = :donViCapTren_ID_0))
          THEN 1 ELSE 0
      END FROM DUAL
info: Microsoft.EntityFrameworkCore.Database.Command[20101]
      Executed DbCommand (33ms) [Parameters=[:TREE_NODE_LON_NHAT_0='?' (Size = 2000)], CommandType='Text', CommandTimeout='0']
      SELECT "p"."ID", "p"."CAP_DON_VI_ID", "p"."CHE_DO_HACH_TOAN_ID", "p"."CO_TAI_SAN", "p"."CQTC_MA", "p"."DA_CO_QUYET_DINH_GIAO_VON", "p"."DB_ID", "p"."DIA_BAN_ID", "p"."DIA_CHI", "p"."DIEN_THOAI", "p"."DON_VI_HIEN_THI", "p"."FAX", "p"."HUYEN_ID", "p"."IS_TSQUAN_LY_CHU_KY_SO", "p"."IS_TSQUAN_LY_NHU_TSCD", "p"."IS_XAC_NHAN_DU_LIEU", "p"."KHONG_CHUYEN_MA", "p"."LA_BAN_QL_DU_AN", "p"."LA_DON_VI_NHAP_LIEU", "p"."LA_DON_VI_TU_CHU_TAI_CHINH", "p"."LIST_FILE_XAC_NHAN", "p"."LOAI_CAP_DON_VI_ID", "p"."LOAI_DON_VI_ID", "p"."MA", "p"."MA_BO", "p"."MA_CHUONG", "p"."MA_DIA_BAN", "p"."MA_DVQHNS", "p"."MA_HUYEN", "p"."MA_TINH", "p"."NGAY_CAP_NHAT", "p"."NGAY_QUYET_DINH", "p"."NGAY_QUYET_DINH_GIAO_VON", "p"."NGAY_TAO", "p"."NGAY_XAC_NHAN", "p"."NGUOI_CAP_NHAT_ID", "p"."NGUOI_TAO_ID", "p"."NHOM_DON_VI_ID", "p"."OLD_CAP_DON_VI_ID", "p"."PARENT_ID", "p"."SO_QUYET_DINH", "p"."SO_QUYET_DINH_GIAO_VON", "p"."TEN", "p"."TINH_ID", "p"."TRANG_THAI_DONG_BO_ID", "p"."TRANG_THAI_ID", "p"."TRANG_THAI_THAY_DOI_ID", "p"."TREE_LEVEL", "p"."TREE_NODE", "p"."XA_ID"
      FROM "DM_DON_VI" "p"
      WHERE ("p"."TREE_NODE" = :TREE_NODE_LON_NHAT_0) AND (("p"."TRANG_THAI_ID" <> 0) OR "p"."TRANG_THAI_ID" IS NULL)
      FETCH FIRST 1 ROWS ONLY
info: Microsoft.EntityFrameworkCore.Database.Command[20101]
      Executed DbCommand (4ms) [Parameters=[:get_Item_0='?' (DbType = Decimal)], CommandType='Text', CommandTimeout='0']
      SELECT "e"."ID", "e"."CAP_DON_VI_ID", "e"."CHE_DO_HACH_TOAN_ID", "e"."CO_TAI_SAN", "e"."CQTC_MA", "e"."DA_CO_QUYET_DINH_GIAO_VON", "e"."DB_ID", "e"."DIA_BAN_ID", "e"."DIA_CHI", "e"."DIEN_THOAI", "e"."DON_VI_HIEN_THI", "e"."FAX", "e"."HUYEN_ID", "e"."IS_TSQUAN_LY_CHU_KY_SO", "e"."IS_TSQUAN_LY_NHU_TSCD", "e"."IS_XAC_NHAN_DU_LIEU", "e"."KHONG_CHUYEN_MA", "e"."LA_BAN_QL_DU_AN", "e"."LA_DON_VI_NHAP_LIEU", "e"."LA_DON_VI_TU_CHU_TAI_CHINH", "e"."LIST_FILE_XAC_NHAN", "e"."LOAI_CAP_DON_VI_ID", "e"."LOAI_DON_VI_ID", "e"."MA", "e"."MA_BO", "e"."MA_CHUONG", "e"."MA_DIA_BAN", "e"."MA_DVQHNS", "e"."MA_HUYEN", "e"."MA_TINH", "e"."NGAY_CAP_NHAT", "e"."NGAY_QUYET_DINH", "e"."NGAY_QUYET_DINH_GIAO_VON", "e"."NGAY_TAO", "e"."NGAY_XAC_NHAN", "e"."NGUOI_CAP_NHAT_ID", "e"."NGUOI_TAO_ID", "e"."NHOM_DON_VI_ID", "e"."OLD_CAP_DON_VI_ID", "e"."PARENT_ID", "e"."SO_QUYET_DINH", "e"."SO_QUYET_DINH_GIAO_VON", "e"."TEN", "e"."TINH_ID", "e"."TRANG_THAI_DONG_BO_ID", "e"."TRANG_THAI_ID", "e"."TRANG_THAI_THAY_DOI_ID", "e"."TREE_LEVEL", "e"."TREE_NODE", "e"."XA_ID"
      FROM "DM_DON_VI" "e"
      WHERE "e"."ID" = :get_Item_0
      FETCH FIRST 1 ROWS ONLY
info: Microsoft.AspNetCore.Mvc.Internal.ControllerActionInvoker[2]
      Executed action method GS.Web.Controllers.TaiSanController.ChonLoaiTaiSan (GS.Web), returned result Microsoft.AspNetCore.Mvc.ViewResult in 337.3828ms.
info: Microsoft.AspNetCore.Mvc.ViewFeatures.ViewResultExecutor[1]
      Executing ViewResult, running view ChonLoaiTaiSan.
info: Microsoft.EntityFrameworkCore.Database.Command[20101]
      Executed DbCommand (3ms) [Parameters=[:Ma_0='?' (Size = 2000)], CommandType='Text', CommandTimeout='0']
      SELECT "l"."GIA_TRI"
      FROM "QL_NHAN_HIEN_THI" "l"
      WHERE "l"."MA" = :Ma_0
      FETCH FIRST 1 ROWS ONLY
info: Microsoft.EntityFrameworkCore.Database.Command[20101]
      Executed DbCommand (2ms) [Parameters=[:nguoiDung_ID_0='?' (DbType = Decimal)], CommandType='Text', CommandTimeout='0']
      SELECT "c"."VAI_TRO_ID"
      FROM "QL_VAI_TRO_NGUOI_DUNG" "c"
      WHERE "c"."NGUOI_DUNG_ID" = :nguoiDung_ID_0
info: Microsoft.EntityFrameworkCore.Database.Command[20101]
      Executed DbCommand (2ms) [Parameters=[:Ma_0='?' (Size = 2000)], CommandType='Text', CommandTimeout='0']
      SELECT "l"."GIA_TRI"
      FROM "QL_NHAN_HIEN_THI" "l"
      WHERE "l"."MA" = :Ma_0
      FETCH FIRST 1 ROWS ONLY
info: Microsoft.EntityFrameworkCore.Database.Command[20101]
      Executed DbCommand (2ms) [Parameters=[:nguoiDung_ID_0='?' (DbType = Decimal)], CommandType='Text', CommandTimeout='0']
      SELECT "c"."VAI_TRO_ID"
      FROM "QL_VAI_TRO_NGUOI_DUNG" "c"
      WHERE "c"."NGUOI_DUNG_ID" = :nguoiDung_ID_0
info: Microsoft.EntityFrameworkCore.Database.Command[20101]
      Executed DbCommand (2ms) [Parameters=[:Ma_0='?' (Size = 2000)], CommandType='Text', CommandTimeout='0']
      SELECT "l"."GIA_TRI"
      FROM "QL_NHAN_HIEN_THI" "l"
      WHERE "l"."MA" = :Ma_0
      FETCH FIRST 1 ROWS ONLY
info: Microsoft.EntityFrameworkCore.Database.Command[20101]
      Executed DbCommand (3ms) [Parameters=[:nguoiDung_ID_0='?' (DbType = Decimal)], CommandType='Text', CommandTimeout='0']
      SELECT "c"."VAI_TRO_ID"
      FROM "QL_VAI_TRO_NGUOI_DUNG" "c"
      WHERE "c"."NGUOI_DUNG_ID" = :nguoiDung_ID_0
info: Microsoft.EntityFrameworkCore.Database.Command[20101]
      Executed DbCommand (2ms) [Parameters=[:Ma_0='?' (Size = 2000)], CommandType='Text', CommandTimeout='0']
      SELECT "l"."GIA_TRI"
      FROM "QL_NHAN_HIEN_THI" "l"
      WHERE "l"."MA" = :Ma_0
      FETCH FIRST 1 ROWS ONLY
info: Microsoft.EntityFrameworkCore.Database.Command[20101]
      Executed DbCommand (2ms) [Parameters=[:nguoiDung_ID_0='?' (DbType = Decimal)], CommandType='Text', CommandTimeout='0']
      SELECT "c"."VAI_TRO_ID"
      FROM "QL_VAI_TRO_NGUOI_DUNG" "c"
      WHERE "c"."NGUOI_DUNG_ID" = :nguoiDung_ID_0
info: Microsoft.EntityFrameworkCore.Database.Command[20101]
      Executed DbCommand (2ms) [Parameters=[:Ma_0='?' (Size = 2000)], CommandType='Text', CommandTimeout='0']
      SELECT "l"."GIA_TRI"
      FROM "QL_NHAN_HIEN_THI" "l"
      WHERE "l"."MA" = :Ma_0
      FETCH FIRST 1 ROWS ONLY
info: Microsoft.EntityFrameworkCore.Database.Command[20101]
      Executed DbCommand (2ms) [Parameters=[:nguoiDung_ID_0='?' (DbType = Decimal)], CommandType='Text', CommandTimeout='0']
      SELECT "c"."VAI_TRO_ID"
      FROM "QL_VAI_TRO_NGUOI_DUNG" "c"
      WHERE "c"."NGUOI_DUNG_ID" = :nguoiDung_ID_0
info: Microsoft.EntityFrameworkCore.Database.Command[20101]
      Executed DbCommand (2ms) [Parameters=[:Ma_0='?' (Size = 2000)], CommandType='Text', CommandTimeout='0']
      SELECT "l"."GIA_TRI"
      FROM "QL_NHAN_HIEN_THI" "l"
      WHERE "l"."MA" = :Ma_0
      FETCH FIRST 1 ROWS ONLY
info: Microsoft.EntityFrameworkCore.Database.Command[20101]
      Executed DbCommand (2ms) [Parameters=[:nguoiDung_ID_0='?' (DbType = Decimal)], CommandType='Text', CommandTimeout='0']
      SELECT "c"."VAI_TRO_ID"
      FROM "QL_VAI_TRO_NGUOI_DUNG" "c"
      WHERE "c"."NGUOI_DUNG_ID" = :nguoiDung_ID_0
info: Microsoft.EntityFrameworkCore.Database.Command[20101]
      Executed DbCommand (3ms) [Parameters=[:Ma_0='?' (Size = 2000)], CommandType='Text', CommandTimeout='0']
      SELECT "l"."GIA_TRI"
      FROM "QL_NHAN_HIEN_THI" "l"
      WHERE "l"."MA" = :Ma_0
      FETCH FIRST 1 ROWS ONLY
info: Microsoft.EntityFrameworkCore.Database.Command[20101]
      Executed DbCommand (2ms) [Parameters=[:nguoiDung_ID_0='?' (DbType = Decimal)], CommandType='Text', CommandTimeout='0']
      SELECT "c"."VAI_TRO_ID"
      FROM "QL_VAI_TRO_NGUOI_DUNG" "c"
      WHERE "c"."NGUOI_DUNG_ID" = :nguoiDung_ID_0
info: Microsoft.EntityFrameworkCore.Database.Command[20101]
      Executed DbCommand (3ms) [Parameters=[:Ma_0='?' (Size = 2000)], CommandType='Text', CommandTimeout='0']
      SELECT "l"."GIA_TRI"
      FROM "QL_NHAN_HIEN_THI" "l"
      WHERE "l"."MA" = :Ma_0
      FETCH FIRST 1 ROWS ONLY
info: Microsoft.EntityFrameworkCore.Database.Command[20101]
      Executed DbCommand (2ms) [Parameters=[:nguoiDung_ID_0='?' (DbType = Decimal)], CommandType='Text', CommandTimeout='0']
      SELECT "c"."VAI_TRO_ID"
      FROM "QL_VAI_TRO_NGUOI_DUNG" "c"
      WHERE "c"."NGUOI_DUNG_ID" = :nguoiDung_ID_0
info: Microsoft.EntityFrameworkCore.Database.Command[20101]
      Executed DbCommand (3ms) [Parameters=[:Ma_0='?' (Size = 2000)], CommandType='Text', CommandTimeout='0']
      SELECT "l"."GIA_TRI"
      FROM "QL_NHAN_HIEN_THI" "l"
      WHERE "l"."MA" = :Ma_0
      FETCH FIRST 1 ROWS ONLY
info: Microsoft.EntityFrameworkCore.Database.Command[20101]
      Executed DbCommand (2ms) [Parameters=[:nguoiDung_ID_0='?' (DbType = Decimal)], CommandType='Text', CommandTimeout='0']
      SELECT "c"."VAI_TRO_ID"
      FROM "QL_VAI_TRO_NGUOI_DUNG" "c"
      WHERE "c"."NGUOI_DUNG_ID" = :nguoiDung_ID_0
info: Microsoft.EntityFrameworkCore.Database.Command[20101]
      Executed DbCommand (3ms) [Parameters=[:Ma_0='?' (Size = 2000)], CommandType='Text', CommandTimeout='0']
      SELECT "l"."GIA_TRI"
      FROM "QL_NHAN_HIEN_THI" "l"
      WHERE "l"."MA" = :Ma_0
      FETCH FIRST 1 ROWS ONLY
info: Microsoft.EntityFrameworkCore.Database.Command[20101]
      Executed DbCommand (3ms) [Parameters=[:nguoiDung_ID_0='?' (DbType = Decimal)], CommandType='Text', CommandTimeout='0']
      SELECT "c"."VAI_TRO_ID"
      FROM "QL_VAI_TRO_NGUOI_DUNG" "c"
      WHERE "c"."NGUOI_DUNG_ID" = :nguoiDung_ID_0
info: Microsoft.EntityFrameworkCore.Database.Command[20101]
      Executed DbCommand (3ms) [Parameters=[:Ma_0='?' (Size = 2000)], CommandType='Text', CommandTimeout='0']
      SELECT "l"."GIA_TRI"
      FROM "QL_NHAN_HIEN_THI" "l"
      WHERE "l"."MA" = :Ma_0
      FETCH FIRST 1 ROWS ONLY
info: Microsoft.EntityFrameworkCore.Database.Command[20101]
      Executed DbCommand (2ms) [Parameters=[:nguoiDung_ID_0='?' (DbType = Decimal)], CommandType='Text', CommandTimeout='0']
      SELECT "c"."VAI_TRO_ID"
      FROM "QL_VAI_TRO_NGUOI_DUNG" "c"
      WHERE "c"."NGUOI_DUNG_ID" = :nguoiDung_ID_0
info: Microsoft.EntityFrameworkCore.Database.Command[20101]
      Executed DbCommand (2ms) [Parameters=[:Ma_0='?' (Size = 2000)], CommandType='Text', CommandTimeout='0']
      SELECT "l"."GIA_TRI"
      FROM "QL_NHAN_HIEN_THI" "l"
      WHERE "l"."MA" = :Ma_0
      FETCH FIRST 1 ROWS ONLY
info: Microsoft.EntityFrameworkCore.Database.Command[20101]
      Executed DbCommand (2ms) [Parameters=[:nguoiDung_ID_0='?' (DbType = Decimal)], CommandType='Text', CommandTimeout='0']
      SELECT "c"."VAI_TRO_ID"
      FROM "QL_VAI_TRO_NGUOI_DUNG" "c"
      WHERE "c"."NGUOI_DUNG_ID" = :nguoiDung_ID_0
info: Microsoft.EntityFrameworkCore.Database.Command[20101]
      Executed DbCommand (3ms) [Parameters=[:nguoiDung_ID_0='?' (DbType = Decimal)], CommandType='Text', CommandTimeout='0']
      SELECT "c"."VAI_TRO_ID"
      FROM "QL_VAI_TRO_NGUOI_DUNG" "c"
      WHERE "c"."NGUOI_DUNG_ID" = :nguoiDung_ID_0
info: Microsoft.EntityFrameworkCore.Database.Command[20101]
      Executed DbCommand (2ms) [Parameters=[:Ma_0='?' (Size = 2000)], CommandType='Text', CommandTimeout='0']
      SELECT "l"."GIA_TRI"
      FROM "QL_NHAN_HIEN_THI" "l"
      WHERE "l"."MA" = :Ma_0
      FETCH FIRST 1 ROWS ONLY
info: Microsoft.EntityFrameworkCore.Database.Command[20101]
      Executed DbCommand (2ms) [Parameters=[:nguoiDung_ID_0='?' (DbType = Decimal)], CommandType='Text', CommandTimeout='0']
      SELECT "c"."VAI_TRO_ID"
      FROM "QL_VAI_TRO_NGUOI_DUNG" "c"
      WHERE "c"."NGUOI_DUNG_ID" = :nguoiDung_ID_0
info: Microsoft.EntityFrameworkCore.Database.Command[20101]
      Executed DbCommand (2ms) [Parameters=[:Ma_0='?' (Size = 2000)], CommandType='Text', CommandTimeout='0']
      SELECT "l"."GIA_TRI"
      FROM "QL_NHAN_HIEN_THI" "l"
      WHERE "l"."MA" = :Ma_0
      FETCH FIRST 1 ROWS ONLY
info: Microsoft.EntityFrameworkCore.Database.Command[20101]
      Executed DbCommand (2ms) [Parameters=[:nguoiDung_ID_0='?' (DbType = Decimal)], CommandType='Text', CommandTimeout='0']
      SELECT "c"."VAI_TRO_ID"
      FROM "QL_VAI_TRO_NGUOI_DUNG" "c"
      WHERE "c"."NGUOI_DUNG_ID" = :nguoiDung_ID_0
info: Microsoft.EntityFrameworkCore.Database.Command[20101]
      Executed DbCommand (3ms) [Parameters=[:Ma_0='?' (Size = 2000)], CommandType='Text', CommandTimeout='0']
      SELECT "l"."GIA_TRI"
      FROM "QL_NHAN_HIEN_THI" "l"
      WHERE "l"."MA" = :Ma_0
      FETCH FIRST 1 ROWS ONLY
info: Microsoft.EntityFrameworkCore.Database.Command[20101]
      Executed DbCommand (2ms) [Parameters=[:nguoiDung_ID_0='?' (DbType = Decimal)], CommandType='Text', CommandTimeout='0']
      SELECT "c"."VAI_TRO_ID"
      FROM "QL_VAI_TRO_NGUOI_DUNG" "c"
      WHERE "c"."NGUOI_DUNG_ID" = :nguoiDung_ID_0
info: Microsoft.EntityFrameworkCore.Database.Command[20101]
      Executed DbCommand (2ms) [Parameters=[:Ma_0='?' (Size = 2000)], CommandType='Text', CommandTimeout='0']
      SELECT "l"."GIA_TRI"
      FROM "QL_NHAN_HIEN_THI" "l"
      WHERE "l"."MA" = :Ma_0
      FETCH FIRST 1 ROWS ONLY
info: Microsoft.EntityFrameworkCore.Database.Command[20101]
      Executed DbCommand (2ms) [Parameters=[:nguoiDung_ID_0='?' (DbType = Decimal)], CommandType='Text', CommandTimeout='0']
      SELECT "c"."VAI_TRO_ID"
      FROM "QL_VAI_TRO_NGUOI_DUNG" "c"
      WHERE "c"."NGUOI_DUNG_ID" = :nguoiDung_ID_0
info: Microsoft.EntityFrameworkCore.Database.Command[20101]
      Executed DbCommand (3ms) [Parameters=[:Ma_0='?' (Size = 2000)], CommandType='Text', CommandTimeout='0']
      SELECT "l"."GIA_TRI"
      FROM "QL_NHAN_HIEN_THI" "l"
      WHERE "l"."MA" = :Ma_0
      FETCH FIRST 1 ROWS ONLY
info: Microsoft.EntityFrameworkCore.Database.Command[20101]
      Executed DbCommand (2ms) [Parameters=[:nguoiDung_ID_0='?' (DbType = Decimal)], CommandType='Text', CommandTimeout='0']
      SELECT "c"."VAI_TRO_ID"
      FROM "QL_VAI_TRO_NGUOI_DUNG" "c"
      WHERE "c"."NGUOI_DUNG_ID" = :nguoiDung_ID_0
info: Microsoft.EntityFrameworkCore.Database.Command[20101]
      Executed DbCommand (3ms) [Parameters=[:Ma_0='?' (Size = 2000)], CommandType='Text', CommandTimeout='0']
      SELECT "l"."GIA_TRI"
      FROM "QL_NHAN_HIEN_THI" "l"
      WHERE "l"."MA" = :Ma_0
      FETCH FIRST 1 ROWS ONLY
info: Microsoft.EntityFrameworkCore.Database.Command[20101]
      Executed DbCommand (3ms) [Parameters=[:nguoiDung_ID_0='?' (DbType = Decimal)], CommandType='Text', CommandTimeout='0']
      SELECT "c"."VAI_TRO_ID"
      FROM "QL_VAI_TRO_NGUOI_DUNG" "c"
      WHERE "c"."NGUOI_DUNG_ID" = :nguoiDung_ID_0
info: Microsoft.EntityFrameworkCore.Database.Command[20101]
      Executed DbCommand (3ms) [Parameters=[:Ma_0='?' (Size = 2000)], CommandType='Text', CommandTimeout='0']
      SELECT "l"."GIA_TRI"
      FROM "QL_NHAN_HIEN_THI" "l"
      WHERE "l"."MA" = :Ma_0
      FETCH FIRST 1 ROWS ONLY
info: Microsoft.EntityFrameworkCore.Database.Command[20101]
      Executed DbCommand (2ms) [Parameters=[:nguoiDung_ID_0='?' (DbType = Decimal)], CommandType='Text', CommandTimeout='0']
      SELECT "c"."VAI_TRO_ID"
      FROM "QL_VAI_TRO_NGUOI_DUNG" "c"
      WHERE "c"."NGUOI_DUNG_ID" = :nguoiDung_ID_0
info: Microsoft.EntityFrameworkCore.Database.Command[20101]
      Executed DbCommand (2ms) [Parameters=[:Ma_0='?' (Size = 2000)], CommandType='Text', CommandTimeout='0']
      SELECT "l"."GIA_TRI"
      FROM "QL_NHAN_HIEN_THI" "l"
      WHERE "l"."MA" = :Ma_0
      FETCH FIRST 1 ROWS ONLY
info: Microsoft.EntityFrameworkCore.Database.Command[20101]
      Executed DbCommand (2ms) [Parameters=[:nguoiDung_ID_0='?' (DbType = Decimal)], CommandType='Text', CommandTimeout='0']
      SELECT "c"."VAI_TRO_ID"
      FROM "QL_VAI_TRO_NGUOI_DUNG" "c"
      WHERE "c"."NGUOI_DUNG_ID" = :nguoiDung_ID_0
info: Microsoft.EntityFrameworkCore.Database.Command[20101]
      Executed DbCommand (2ms) [Parameters=[:Ma_0='?' (Size = 2000)], CommandType='Text', CommandTimeout='0']
      SELECT "l"."GIA_TRI"
      FROM "QL_NHAN_HIEN_THI" "l"
      WHERE "l"."MA" = :Ma_0
      FETCH FIRST 1 ROWS ONLY
info: Microsoft.EntityFrameworkCore.Database.Command[20101]
      Executed DbCommand (2ms) [Parameters=[:nguoiDung_ID_0='?' (DbType = Decimal)], CommandType='Text', CommandTimeout='0']
      SELECT "c"."VAI_TRO_ID"
      FROM "QL_VAI_TRO_NGUOI_DUNG" "c"
      WHERE "c"."NGUOI_DUNG_ID" = :nguoiDung_ID_0
info: Microsoft.EntityFrameworkCore.Database.Command[20101]
      Executed DbCommand (3ms) [Parameters=[:Ma_0='?' (Size = 2000)], CommandType='Text', CommandTimeout='0']
      SELECT "l"."GIA_TRI"
      FROM "QL_NHAN_HIEN_THI" "l"
      WHERE "l"."MA" = :Ma_0
      FETCH FIRST 1 ROWS ONLY
info: Microsoft.EntityFrameworkCore.Database.Command[20101]
      Executed DbCommand (3ms) [Parameters=[:nguoiDung_ID_0='?' (DbType = Decimal)], CommandType='Text', CommandTimeout='0']
      SELECT "c"."VAI_TRO_ID"
      FROM "QL_VAI_TRO_NGUOI_DUNG" "c"
      WHERE "c"."NGUOI_DUNG_ID" = :nguoiDung_ID_0
info: Microsoft.EntityFrameworkCore.Database.Command[20101]
      Executed DbCommand (2ms) [Parameters=[:Ma_0='?' (Size = 2000)], CommandType='Text', CommandTimeout='0']
      SELECT "l"."GIA_TRI"
      FROM "QL_NHAN_HIEN_THI" "l"
      WHERE "l"."MA" = :Ma_0
      FETCH FIRST 1 ROWS ONLY
info: Microsoft.EntityFrameworkCore.Database.Command[20101]
      Executed DbCommand (2ms) [Parameters=[:nguoiDung_ID_0='?' (DbType = Decimal)], CommandType='Text', CommandTimeout='0']
      SELECT "c"."VAI_TRO_ID"
      FROM "QL_VAI_TRO_NGUOI_DUNG" "c"
      WHERE "c"."NGUOI_DUNG_ID" = :nguoiDung_ID_0
info: Microsoft.EntityFrameworkCore.Database.Command[20101]
      Executed DbCommand (2ms) [Parameters=[:Ma_0='?' (Size = 2000)], CommandType='Text', CommandTimeout='0']
      SELECT "l"."GIA_TRI"
      FROM "QL_NHAN_HIEN_THI" "l"
      WHERE "l"."MA" = :Ma_0
      FETCH FIRST 1 ROWS ONLY
info: Microsoft.EntityFrameworkCore.Database.Command[20101]
      Executed DbCommand (2ms) [Parameters=[:nguoiDung_ID_0='?' (DbType = Decimal)], CommandType='Text', CommandTimeout='0']
      SELECT "c"."VAI_TRO_ID"
      FROM "QL_VAI_TRO_NGUOI_DUNG" "c"
      WHERE "c"."NGUOI_DUNG_ID" = :nguoiDung_ID_0
info: Microsoft.EntityFrameworkCore.Database.Command[20101]
      Executed DbCommand (2ms) [Parameters=[:Ma_0='?' (Size = 2000)], CommandType='Text', CommandTimeout='0']
      SELECT "l"."GIA_TRI"
      FROM "QL_NHAN_HIEN_THI" "l"
      WHERE "l"."MA" = :Ma_0
      FETCH FIRST 1 ROWS ONLY
info: Microsoft.EntityFrameworkCore.Database.Command[20101]
      Executed DbCommand (3ms) [Parameters=[:nguoiDung_ID_0='?' (DbType = Decimal)], CommandType='Text', CommandTimeout='0']
      SELECT "c"."VAI_TRO_ID"
      FROM "QL_VAI_TRO_NGUOI_DUNG" "c"
      WHERE "c"."NGUOI_DUNG_ID" = :nguoiDung_ID_0
info: Microsoft.EntityFrameworkCore.Database.Command[20101]
      Executed DbCommand (3ms) [Parameters=[:Ma_0='?' (Size = 2000)], CommandType='Text', CommandTimeout='0']
      SELECT "l"."GIA_TRI"
      FROM "QL_NHAN_HIEN_THI" "l"
      WHERE "l"."MA" = :Ma_0
      FETCH FIRST 1 ROWS ONLY
info: Microsoft.EntityFrameworkCore.Database.Command[20101]
      Executed DbCommand (2ms) [Parameters=[:nguoiDung_ID_0='?' (DbType = Decimal)], CommandType='Text', CommandTimeout='0']
      SELECT "c"."VAI_TRO_ID"
      FROM "QL_VAI_TRO_NGUOI_DUNG" "c"
      WHERE "c"."NGUOI_DUNG_ID" = :nguoiDung_ID_0
info: Microsoft.EntityFrameworkCore.Database.Command[20101]
      Executed DbCommand (3ms) [Parameters=[:Ma_0='?' (Size = 2000)], CommandType='Text', CommandTimeout='0']
      SELECT "l"."GIA_TRI"
      FROM "QL_NHAN_HIEN_THI" "l"
      WHERE "l"."MA" = :Ma_0
      FETCH FIRST 1 ROWS ONLY
info: Microsoft.EntityFrameworkCore.Database.Command[20101]
      Executed DbCommand (2ms) [Parameters=[:nguoiDung_ID_0='?' (DbType = Decimal)], CommandType='Text', CommandTimeout='0']
      SELECT "c"."VAI_TRO_ID"
      FROM "QL_VAI_TRO_NGUOI_DUNG" "c"
      WHERE "c"."NGUOI_DUNG_ID" = :nguoiDung_ID_0
info: Microsoft.EntityFrameworkCore.Database.Command[20101]
      Executed DbCommand (3ms) [Parameters=[:Ma_0='?' (Size = 2000)], CommandType='Text', CommandTimeout='0']
      SELECT "l"."GIA_TRI"
      FROM "QL_NHAN_HIEN_THI" "l"
      WHERE "l"."MA" = :Ma_0
      FETCH FIRST 1 ROWS ONLY
info: Microsoft.EntityFrameworkCore.Database.Command[20101]
      Executed DbCommand (2ms) [Parameters=[:nguoiDung_ID_0='?' (DbType = Decimal)], CommandType='Text', CommandTimeout='0']
      SELECT "c"."VAI_TRO_ID"
      FROM "QL_VAI_TRO_NGUOI_DUNG" "c"
      WHERE "c"."NGUOI_DUNG_ID" = :nguoiDung_ID_0
info: Microsoft.EntityFrameworkCore.Database.Command[20101]
      Executed DbCommand (3ms) [Parameters=[:Ma_0='?' (Size = 2000)], CommandType='Text', CommandTimeout='0']
      SELECT "l"."GIA_TRI"
      FROM "QL_NHAN_HIEN_THI" "l"
      WHERE "l"."MA" = :Ma_0
      FETCH FIRST 1 ROWS ONLY
info: Microsoft.EntityFrameworkCore.Database.Command[20101]
      Executed DbCommand (2ms) [Parameters=[:nguoiDung_ID_0='?' (DbType = Decimal)], CommandType='Text', CommandTimeout='0']
      SELECT "c"."VAI_TRO_ID"
      FROM "QL_VAI_TRO_NGUOI_DUNG" "c"
      WHERE "c"."NGUOI_DUNG_ID" = :nguoiDung_ID_0
info: Microsoft.EntityFrameworkCore.Database.Command[20101]
      Executed DbCommand (3ms) [Parameters=[:Ma_0='?' (Size = 2000)], CommandType='Text', CommandTimeout='0']
      SELECT "l"."GIA_TRI"
      FROM "QL_NHAN_HIEN_THI" "l"
      WHERE "l"."MA" = :Ma_0
      FETCH FIRST 1 ROWS ONLY
info: Microsoft.EntityFrameworkCore.Database.Command[20101]
      Executed DbCommand (2ms) [Parameters=[:nguoiDung_ID_0='?' (DbType = Decimal)], CommandType='Text', CommandTimeout='0']
      SELECT "c"."VAI_TRO_ID"
      FROM "QL_VAI_TRO_NGUOI_DUNG" "c"
      WHERE "c"."NGUOI_DUNG_ID" = :nguoiDung_ID_0
info: Microsoft.EntityFrameworkCore.Database.Command[20101]
      Executed DbCommand (3ms) [Parameters=[:Ma_0='?' (Size = 2000)], CommandType='Text', CommandTimeout='0']
      SELECT "l"."GIA_TRI"
      FROM "QL_NHAN_HIEN_THI" "l"
      WHERE "l"."MA" = :Ma_0
      FETCH FIRST 1 ROWS ONLY
info: Microsoft.EntityFrameworkCore.Database.Command[20101]
      Executed DbCommand (2ms) [Parameters=[:nguoiDung_ID_0='?' (DbType = Decimal)], CommandType='Text', CommandTimeout='0']
      SELECT "c"."VAI_TRO_ID"
      FROM "QL_VAI_TRO_NGUOI_DUNG" "c"
      WHERE "c"."NGUOI_DUNG_ID" = :nguoiDung_ID_0
info: Microsoft.EntityFrameworkCore.Database.Command[20101]
      Executed DbCommand (3ms) [Parameters=[:Ma_0='?' (Size = 2000)], CommandType='Text', CommandTimeout='0']
      SELECT "l"."GIA_TRI"
      FROM "QL_NHAN_HIEN_THI" "l"
      WHERE "l"."MA" = :Ma_0
      FETCH FIRST 1 ROWS ONLY
info: Microsoft.EntityFrameworkCore.Database.Command[20101]
      Executed DbCommand (3ms) [Parameters=[:nguoiDung_ID_0='?' (DbType = Decimal)], CommandType='Text', CommandTimeout='0']
      SELECT "c"."VAI_TRO_ID"
      FROM "QL_VAI_TRO_NGUOI_DUNG" "c"
      WHERE "c"."NGUOI_DUNG_ID" = :nguoiDung_ID_0
info: Microsoft.EntityFrameworkCore.Database.Command[20101]
      Executed DbCommand (4ms) [Parameters=[:Ma_0='?' (Size = 2000)], CommandType='Text', CommandTimeout='0']
      SELECT "l"."GIA_TRI"
      FROM "QL_NHAN_HIEN_THI" "l"
      WHERE "l"."MA" = :Ma_0
      FETCH FIRST 1 ROWS ONLY
info: Microsoft.EntityFrameworkCore.Database.Command[20101]
      Executed DbCommand (3ms) [Parameters=[:nguoiDung_ID_0='?' (DbType = Decimal)], CommandType='Text', CommandTimeout='0']
      SELECT "c"."VAI_TRO_ID"
      FROM "QL_VAI_TRO_NGUOI_DUNG" "c"
      WHERE "c"."NGUOI_DUNG_ID" = :nguoiDung_ID_0
info: Microsoft.EntityFrameworkCore.Database.Command[20101]
      Executed DbCommand (3ms) [Parameters=[:Ma_0='?' (Size = 2000)], CommandType='Text', CommandTimeout='0']
      SELECT "l"."GIA_TRI"
      FROM "QL_NHAN_HIEN_THI" "l"
      WHERE "l"."MA" = :Ma_0
      FETCH FIRST 1 ROWS ONLY
info: Microsoft.EntityFrameworkCore.Database.Command[20101]
      Executed DbCommand (3ms) [Parameters=[:nguoiDung_ID_0='?' (DbType = Decimal)], CommandType='Text', CommandTimeout='0']
      SELECT "c"."VAI_TRO_ID"
      FROM "QL_VAI_TRO_NGUOI_DUNG" "c"
      WHERE "c"."NGUOI_DUNG_ID" = :nguoiDung_ID_0
info: Microsoft.EntityFrameworkCore.Database.Command[20101]
      Executed DbCommand (3ms) [Parameters=[:Ma_0='?' (Size = 2000)], CommandType='Text', CommandTimeout='0']
      SELECT "l"."GIA_TRI"
      FROM "QL_NHAN_HIEN_THI" "l"
      WHERE "l"."MA" = :Ma_0
      FETCH FIRST 1 ROWS ONLY
info: Microsoft.EntityFrameworkCore.Database.Command[20101]
      Executed DbCommand (2ms) [Parameters=[:nguoiDung_ID_0='?' (DbType = Decimal)], CommandType='Text', CommandTimeout='0']
      SELECT "c"."VAI_TRO_ID"
      FROM "QL_VAI_TRO_NGUOI_DUNG" "c"
      WHERE "c"."NGUOI_DUNG_ID" = :nguoiDung_ID_0
info: Microsoft.EntityFrameworkCore.Database.Command[20101]
      Executed DbCommand (3ms) [Parameters=[:Ma_0='?' (Size = 2000)], CommandType='Text', CommandTimeout='0']
      SELECT "l"."GIA_TRI"
      FROM "QL_NHAN_HIEN_THI" "l"
      WHERE "l"."MA" = :Ma_0
      FETCH FIRST 1 ROWS ONLY
info: Microsoft.EntityFrameworkCore.Database.Command[20101]
      Executed DbCommand (2ms) [Parameters=[:nguoiDung_ID_0='?' (DbType = Decimal)], CommandType='Text', CommandTimeout='0']
      SELECT "c"."VAI_TRO_ID"
      FROM "QL_VAI_TRO_NGUOI_DUNG" "c"
      WHERE "c"."NGUOI_DUNG_ID" = :nguoiDung_ID_0
info: Microsoft.EntityFrameworkCore.Database.Command[20101]
      Executed DbCommand (3ms) [Parameters=[:Ma_0='?' (Size = 2000)], CommandType='Text', CommandTimeout='0']
      SELECT "l"."GIA_TRI"
      FROM "QL_NHAN_HIEN_THI" "l"
      WHERE "l"."MA" = :Ma_0
      FETCH FIRST 1 ROWS ONLY
info: Microsoft.EntityFrameworkCore.Database.Command[20101]
      Executed DbCommand (3ms) [Parameters=[:nguoiDung_ID_0='?' (DbType = Decimal)], CommandType='Text', CommandTimeout='0']
      SELECT "c"."VAI_TRO_ID"
      FROM "QL_VAI_TRO_NGUOI_DUNG" "c"
      WHERE "c"."NGUOI_DUNG_ID" = :nguoiDung_ID_0
info: Microsoft.EntityFrameworkCore.Database.Command[20101]
      Executed DbCommand (3ms) [Parameters=[:Ma_0='?' (Size = 2000)], CommandType='Text', CommandTimeout='0']
      SELECT "l"."GIA_TRI"
      FROM "QL_NHAN_HIEN_THI" "l"
      WHERE "l"."MA" = :Ma_0
      FETCH FIRST 1 ROWS ONLY
info: Microsoft.EntityFrameworkCore.Database.Command[20101]
      Executed DbCommand (3ms) [Parameters=[:nguoiDung_ID_0='?' (DbType = Decimal)], CommandType='Text', CommandTimeout='0']
      SELECT "c"."VAI_TRO_ID"
      FROM "QL_VAI_TRO_NGUOI_DUNG" "c"
      WHERE "c"."NGUOI_DUNG_ID" = :nguoiDung_ID_0
info: Microsoft.EntityFrameworkCore.Database.Command[20101]
      Executed DbCommand (3ms) [Parameters=[:Ma_0='?' (Size = 2000)], CommandType='Text', CommandTimeout='0']
      SELECT "l"."GIA_TRI"
      FROM "QL_NHAN_HIEN_THI" "l"
      WHERE "l"."MA" = :Ma_0
      FETCH FIRST 1 ROWS ONLY
info: Microsoft.EntityFrameworkCore.Database.Command[20101]
      Executed DbCommand (3ms) [Parameters=[:nguoiDung_ID_0='?' (DbType = Decimal)], CommandType='Text', CommandTimeout='0']
      SELECT "c"."VAI_TRO_ID"
      FROM "QL_VAI_TRO_NGUOI_DUNG" "c"
      WHERE "c"."NGUOI_DUNG_ID" = :nguoiDung_ID_0
info: Microsoft.EntityFrameworkCore.Database.Command[20101]
      Executed DbCommand (3ms) [Parameters=[:Ma_0='?' (Size = 2000)], CommandType='Text', CommandTimeout='0']
      SELECT "l"."GIA_TRI"
      FROM "QL_NHAN_HIEN_THI" "l"
      WHERE "l"."MA" = :Ma_0
      FETCH FIRST 1 ROWS ONLY
info: Microsoft.EntityFrameworkCore.Database.Command[20101]
      Executed DbCommand (2ms) [Parameters=[:nguoiDung_ID_0='?' (DbType = Decimal)], CommandType='Text', CommandTimeout='0']
      SELECT "c"."VAI_TRO_ID"
      FROM "QL_VAI_TRO_NGUOI_DUNG" "c"
      WHERE "c"."NGUOI_DUNG_ID" = :nguoiDung_ID_0
info: Microsoft.EntityFrameworkCore.Database.Command[20101]
      Executed DbCommand (3ms) [Parameters=[:Ma_0='?' (Size = 2000)], CommandType='Text', CommandTimeout='0']
      SELECT "l"."GIA_TRI"
      FROM "QL_NHAN_HIEN_THI" "l"
      WHERE "l"."MA" = :Ma_0
      FETCH FIRST 1 ROWS ONLY
info: Microsoft.EntityFrameworkCore.Database.Command[20101]
      Executed DbCommand (2ms) [Parameters=[:nguoiDung_ID_0='?' (DbType = Decimal)], CommandType='Text', CommandTimeout='0']
      SELECT "c"."VAI_TRO_ID"
      FROM "QL_VAI_TRO_NGUOI_DUNG" "c"
      WHERE "c"."NGUOI_DUNG_ID" = :nguoiDung_ID_0
info: Microsoft.EntityFrameworkCore.Database.Command[20101]
      Executed DbCommand (2ms) [Parameters=[:Ma_0='?' (Size = 2000)], CommandType='Text', CommandTimeout='0']
      SELECT "l"."GIA_TRI"
      FROM "QL_NHAN_HIEN_THI" "l"
      WHERE "l"."MA" = :Ma_0
      FETCH FIRST 1 ROWS ONLY
info: Microsoft.EntityFrameworkCore.Database.Command[20101]
      Executed DbCommand (2ms) [Parameters=[:nguoiDung_ID_0='?' (DbType = Decimal)], CommandType='Text', CommandTimeout='0']
      SELECT "c"."VAI_TRO_ID"
      FROM "QL_VAI_TRO_NGUOI_DUNG" "c"
      WHERE "c"."NGUOI_DUNG_ID" = :nguoiDung_ID_0
info: Microsoft.EntityFrameworkCore.Database.Command[20101]
      Executed DbCommand (2ms) [Parameters=[:Ma_0='?' (Size = 2000)], CommandType='Text', CommandTimeout='0']
      SELECT "l"."GIA_TRI"
      FROM "QL_NHAN_HIEN_THI" "l"
      WHERE "l"."MA" = :Ma_0
      FETCH FIRST 1 ROWS ONLY
info: Microsoft.EntityFrameworkCore.Database.Command[20101]
      Executed DbCommand (3ms) [Parameters=[:nguoiDung_ID_0='?' (DbType = Decimal)], CommandType='Text', CommandTimeout='0']
      SELECT "c"."VAI_TRO_ID"
      FROM "QL_VAI_TRO_NGUOI_DUNG" "c"
      WHERE "c"."NGUOI_DUNG_ID" = :nguoiDung_ID_0
info: Microsoft.EntityFrameworkCore.Database.Command[20101]
      Executed DbCommand (2ms) [Parameters=[:Ma_0='?' (Size = 2000)], CommandType='Text', CommandTimeout='0']
      SELECT "l"."GIA_TRI"
      FROM "QL_NHAN_HIEN_THI" "l"
      WHERE "l"."MA" = :Ma_0
      FETCH FIRST 1 ROWS ONLY
info: Microsoft.EntityFrameworkCore.Database.Command[20101]
      Executed DbCommand (3ms) [Parameters=[:nguoiDung_ID_0='?' (DbType = Decimal)], CommandType='Text', CommandTimeout='0']
      SELECT "c"."VAI_TRO_ID"
      FROM "QL_VAI_TRO_NGUOI_DUNG" "c"
      WHERE "c"."NGUOI_DUNG_ID" = :nguoiDung_ID_0
info: Microsoft.EntityFrameworkCore.Database.Command[20101]
      Executed DbCommand (2ms) [Parameters=[:Ma_0='?' (Size = 2000)], CommandType='Text', CommandTimeout='0']
      SELECT "l"."GIA_TRI"
      FROM "QL_NHAN_HIEN_THI" "l"
      WHERE "l"."MA" = :Ma_0
      FETCH FIRST 1 ROWS ONLY
info: Microsoft.EntityFrameworkCore.Database.Command[20101]
      Executed DbCommand (2ms) [Parameters=[:nguoiDung_ID_0='?' (DbType = Decimal)], CommandType='Text', CommandTimeout='0']
      SELECT "c"."VAI_TRO_ID"
      FROM "QL_VAI_TRO_NGUOI_DUNG" "c"
      WHERE "c"."NGUOI_DUNG_ID" = :nguoiDung_ID_0
info: Microsoft.EntityFrameworkCore.Database.Command[20101]
      Executed DbCommand (3ms) [Parameters=[:Ma_0='?' (Size = 2000)], CommandType='Text', CommandTimeout='0']
      SELECT "l"."GIA_TRI"
      FROM "QL_NHAN_HIEN_THI" "l"
      WHERE "l"."MA" = :Ma_0
      FETCH FIRST 1 ROWS ONLY
info: Microsoft.EntityFrameworkCore.Database.Command[20101]
      Executed DbCommand (2ms) [Parameters=[:nguoiDung_ID_0='?' (DbType = Decimal)], CommandType='Text', CommandTimeout='0']
      SELECT "c"."VAI_TRO_ID"
      FROM "QL_VAI_TRO_NGUOI_DUNG" "c"
      WHERE "c"."NGUOI_DUNG_ID" = :nguoiDung_ID_0
info: Microsoft.EntityFrameworkCore.Database.Command[20101]
      Executed DbCommand (3ms) [Parameters=[:Ma_0='?' (Size = 2000)], CommandType='Text', CommandTimeout='0']
      SELECT "l"."GIA_TRI"
      FROM "QL_NHAN_HIEN_THI" "l"
      WHERE "l"."MA" = :Ma_0
      FETCH FIRST 1 ROWS ONLY
info: Microsoft.EntityFrameworkCore.Database.Command[20101]
      Executed DbCommand (2ms) [Parameters=[:nguoiDung_ID_0='?' (DbType = Decimal)], CommandType='Text', CommandTimeout='0']
      SELECT "c"."VAI_TRO_ID"
      FROM "QL_VAI_TRO_NGUOI_DUNG" "c"
      WHERE "c"."NGUOI_DUNG_ID" = :nguoiDung_ID_0
info: Microsoft.EntityFrameworkCore.Database.Command[20101]
      Executed DbCommand (2ms) [Parameters=[:Ma_0='?' (Size = 2000)], CommandType='Text', CommandTimeout='0']
      SELECT "l"."GIA_TRI"
      FROM "QL_NHAN_HIEN_THI" "l"
      WHERE "l"."MA" = :Ma_0
      FETCH FIRST 1 ROWS ONLY
info: Microsoft.EntityFrameworkCore.Database.Command[20101]
      Executed DbCommand (2ms) [Parameters=[:nguoiDung_ID_0='?' (DbType = Decimal)], CommandType='Text', CommandTimeout='0']
      SELECT "c"."VAI_TRO_ID"
      FROM "QL_VAI_TRO_NGUOI_DUNG" "c"
      WHERE "c"."NGUOI_DUNG_ID" = :nguoiDung_ID_0
info: Microsoft.EntityFrameworkCore.Database.Command[20101]
      Executed DbCommand (3ms) [Parameters=[:Ma_0='?' (Size = 2000)], CommandType='Text', CommandTimeout='0']
      SELECT "l"."GIA_TRI"
      FROM "QL_NHAN_HIEN_THI" "l"
      WHERE "l"."MA" = :Ma_0
      FETCH FIRST 1 ROWS ONLY
info: Microsoft.EntityFrameworkCore.Database.Command[20101]
      Executed DbCommand (2ms) [Parameters=[:nguoiDung_ID_0='?' (DbType = Decimal)], CommandType='Text', CommandTimeout='0']
      SELECT "c"."VAI_TRO_ID"
      FROM "QL_VAI_TRO_NGUOI_DUNG" "c"
      WHERE "c"."NGUOI_DUNG_ID" = :nguoiDung_ID_0
info: Microsoft.EntityFrameworkCore.Database.Command[20101]
      Executed DbCommand (2ms) [Parameters=[:Ma_0='?' (Size = 2000)], CommandType='Text', CommandTimeout='0']
      SELECT "l"."GIA_TRI"
      FROM "QL_NHAN_HIEN_THI" "l"
      WHERE "l"."MA" = :Ma_0
      FETCH FIRST 1 ROWS ONLY
info: Microsoft.EntityFrameworkCore.Database.Command[20101]
      Executed DbCommand (2ms) [Parameters=[:nguoiDung_ID_0='?' (DbType = Decimal)], CommandType='Text', CommandTimeout='0']
      SELECT "c"."VAI_TRO_ID"
      FROM "QL_VAI_TRO_NGUOI_DUNG" "c"
      WHERE "c"."NGUOI_DUNG_ID" = :nguoiDung_ID_0
info: Microsoft.EntityFrameworkCore.Database.Command[20101]
      Executed DbCommand (2ms) [Parameters=[:Ma_0='?' (Size = 2000)], CommandType='Text', CommandTimeout='0']
      SELECT "l"."GIA_TRI"
      FROM "QL_NHAN_HIEN_THI" "l"
      WHERE "l"."MA" = :Ma_0
      FETCH FIRST 1 ROWS ONLY
info: Microsoft.EntityFrameworkCore.Database.Command[20101]
      Executed DbCommand (2ms) [Parameters=[:nguoiDung_ID_0='?' (DbType = Decimal)], CommandType='Text', CommandTimeout='0']
      SELECT "c"."VAI_TRO_ID"
      FROM "QL_VAI_TRO_NGUOI_DUNG" "c"
      WHERE "c"."NGUOI_DUNG_ID" = :nguoiDung_ID_0
info: Microsoft.EntityFrameworkCore.Database.Command[20101]
      Executed DbCommand (2ms) [Parameters=[:Ma_0='?' (Size = 2000)], CommandType='Text', CommandTimeout='0']
      SELECT "l"."GIA_TRI"
      FROM "QL_NHAN_HIEN_THI" "l"
      WHERE "l"."MA" = :Ma_0
      FETCH FIRST 1 ROWS ONLY
info: Microsoft.EntityFrameworkCore.Database.Command[20101]
      Executed DbCommand (2ms) [Parameters=[:nguoiDung_ID_0='?' (DbType = Decimal)], CommandType='Text', CommandTimeout='0']
      SELECT "c"."VAI_TRO_ID"
      FROM "QL_VAI_TRO_NGUOI_DUNG" "c"
      WHERE "c"."NGUOI_DUNG_ID" = :nguoiDung_ID_0
info: Microsoft.EntityFrameworkCore.Database.Command[20101]
      Executed DbCommand (2ms) [Parameters=[:Ma_0='?' (Size = 2000)], CommandType='Text', CommandTimeout='0']
      SELECT "l"."GIA_TRI"
      FROM "QL_NHAN_HIEN_THI" "l"
      WHERE "l"."MA" = :Ma_0
      FETCH FIRST 1 ROWS ONLY
info: Microsoft.EntityFrameworkCore.Database.Command[20101]
      Executed DbCommand (2ms) [Parameters=[:nguoiDung_ID_0='?' (DbType = Decimal)], CommandType='Text', CommandTimeout='0']
      SELECT "c"."VAI_TRO_ID"
      FROM "QL_VAI_TRO_NGUOI_DUNG" "c"
      WHERE "c"."NGUOI_DUNG_ID" = :nguoiDung_ID_0
info: Microsoft.EntityFrameworkCore.Database.Command[20101]
      Executed DbCommand (2ms) [Parameters=[:Ma_0='?' (Size = 2000)], CommandType='Text', CommandTimeout='0']
      SELECT "l"."GIA_TRI"
      FROM "QL_NHAN_HIEN_THI" "l"
      WHERE "l"."MA" = :Ma_0
      FETCH FIRST 1 ROWS ONLY
info: Microsoft.EntityFrameworkCore.Database.Command[20101]
      Executed DbCommand (2ms) [Parameters=[:nguoiDung_ID_0='?' (DbType = Decimal)], CommandType='Text', CommandTimeout='0']
      SELECT "c"."VAI_TRO_ID"
      FROM "QL_VAI_TRO_NGUOI_DUNG" "c"
      WHERE "c"."NGUOI_DUNG_ID" = :nguoiDung_ID_0
info: Microsoft.EntityFrameworkCore.Database.Command[20101]
      Executed DbCommand (2ms) [Parameters=[:Ma_0='?' (Size = 2000)], CommandType='Text', CommandTimeout='0']
      SELECT "l"."GIA_TRI"
      FROM "QL_NHAN_HIEN_THI" "l"
      WHERE "l"."MA" = :Ma_0
      FETCH FIRST 1 ROWS ONLY
info: Microsoft.EntityFrameworkCore.Database.Command[20101]
      Executed DbCommand (3ms) [Parameters=[:nguoiDung_ID_0='?' (DbType = Decimal)], CommandType='Text', CommandTimeout='0']
      SELECT "c"."VAI_TRO_ID"
      FROM "QL_VAI_TRO_NGUOI_DUNG" "c"
      WHERE "c"."NGUOI_DUNG_ID" = :nguoiDung_ID_0
info: Microsoft.EntityFrameworkCore.Database.Command[20101]
      Executed DbCommand (3ms) [Parameters=[:Ma_0='?' (Size = 2000)], CommandType='Text', CommandTimeout='0']
      SELECT "l"."GIA_TRI"
      FROM "QL_NHAN_HIEN_THI" "l"
      WHERE "l"."MA" = :Ma_0
      FETCH FIRST 1 ROWS ONLY
info: Microsoft.EntityFrameworkCore.Database.Command[20101]
      Executed DbCommand (2ms) [Parameters=[:nguoiDung_ID_0='?' (DbType = Decimal)], CommandType='Text', CommandTimeout='0']
      SELECT "c"."VAI_TRO_ID"
      FROM "QL_VAI_TRO_NGUOI_DUNG" "c"
      WHERE "c"."NGUOI_DUNG_ID" = :nguoiDung_ID_0
info: Microsoft.EntityFrameworkCore.Database.Command[20101]
      Executed DbCommand (2ms) [Parameters=[:Ma_0='?' (Size = 2000)], CommandType='Text', CommandTimeout='0']
      SELECT "l"."GIA_TRI"
      FROM "QL_NHAN_HIEN_THI" "l"
      WHERE "l"."MA" = :Ma_0
      FETCH FIRST 1 ROWS ONLY
info: Microsoft.EntityFrameworkCore.Database.Command[20101]
      Executed DbCommand (2ms) [Parameters=[:nguoiDung_ID_0='?' (DbType = Decimal)], CommandType='Text', CommandTimeout='0']
      SELECT "c"."VAI_TRO_ID"
      FROM "QL_VAI_TRO_NGUOI_DUNG" "c"
      WHERE "c"."NGUOI_DUNG_ID" = :nguoiDung_ID_0
info: Microsoft.EntityFrameworkCore.Database.Command[20101]
      Executed DbCommand (2ms) [Parameters=[:Ma_0='?' (Size = 2000)], CommandType='Text', CommandTimeout='0']
      SELECT "l"."GIA_TRI"
      FROM "QL_NHAN_HIEN_THI" "l"
      WHERE "l"."MA" = :Ma_0
      FETCH FIRST 1 ROWS ONLY
info: Microsoft.EntityFrameworkCore.Database.Command[20101]
      Executed DbCommand (3ms) [Parameters=[:nguoiDung_ID_0='?' (DbType = Decimal)], CommandType='Text', CommandTimeout='0']
      SELECT "c"."VAI_TRO_ID"
      FROM "QL_VAI_TRO_NGUOI_DUNG" "c"
      WHERE "c"."NGUOI_DUNG_ID" = :nguoiDung_ID_0
info: Microsoft.EntityFrameworkCore.Database.Command[20101]
      Executed DbCommand (3ms) [Parameters=[:Ma_0='?' (Size = 2000)], CommandType='Text', CommandTimeout='0']
      SELECT "l"."GIA_TRI"
      FROM "QL_NHAN_HIEN_THI" "l"
      WHERE "l"."MA" = :Ma_0
      FETCH FIRST 1 ROWS ONLY
info: Microsoft.EntityFrameworkCore.Database.Command[20101]
      Executed DbCommand (2ms) [Parameters=[:nguoiDung_ID_0='?' (DbType = Decimal)], CommandType='Text', CommandTimeout='0']
      SELECT "c"."VAI_TRO_ID"
      FROM "QL_VAI_TRO_NGUOI_DUNG" "c"
      WHERE "c"."NGUOI_DUNG_ID" = :nguoiDung_ID_0
info: Microsoft.EntityFrameworkCore.Database.Command[20101]
      Executed DbCommand (3ms) [Parameters=[:Ma_0='?' (Size = 2000)], CommandType='Text', CommandTimeout='0']
      SELECT "l"."GIA_TRI"
      FROM "QL_NHAN_HIEN_THI" "l"
      WHERE "l"."MA" = :Ma_0
      FETCH FIRST 1 ROWS ONLY
info: Microsoft.EntityFrameworkCore.Database.Command[20101]
      Executed DbCommand (6ms) [Parameters=[:nguoiDung_ID_0='?' (DbType = Decimal)], CommandType='Text', CommandTimeout='0']
      SELECT "c"."VAI_TRO_ID"
      FROM "QL_VAI_TRO_NGUOI_DUNG" "c"
      WHERE "c"."NGUOI_DUNG_ID" = :nguoiDung_ID_0
info: Microsoft.EntityFrameworkCore.Database.Command[20101]
      Executed DbCommand (5ms) [Parameters=[:Ma_0='?' (Size = 2000)], CommandType='Text', CommandTimeout='0']
      SELECT "l"."GIA_TRI"
      FROM "QL_NHAN_HIEN_THI" "l"
      WHERE "l"."MA" = :Ma_0
      FETCH FIRST 1 ROWS ONLY
info: Microsoft.EntityFrameworkCore.Database.Command[20101]
      Executed DbCommand (6ms) [Parameters=[:nguoiDung_ID_0='?' (DbType = Decimal)], CommandType='Text', CommandTimeout='0']
      SELECT "c"."VAI_TRO_ID"
      FROM "QL_VAI_TRO_NGUOI_DUNG" "c"
      WHERE "c"."NGUOI_DUNG_ID" = :nguoiDung_ID_0
info: Microsoft.EntityFrameworkCore.Database.Command[20101]
      Executed DbCommand (58ms) [Parameters=[:donViId_0='?' (DbType = Decimal)], CommandType='Text', CommandTimeout='0']
      SELECT COUNT(*)
      FROM "DM_DON_VI" "p"
      WHERE ((("p"."PARENT_ID" = :donViId_0) AND ("p"."LA_BAN_QL_DU_AN" = 1)) OR (("p"."ID" = :donViId_0) AND ("p"."LOAI_DON_VI_ID" = 15.0))) OR (("p"."ID" = :donViId_0) AND ("p"."LA_BAN_QL_DU_AN" = 1))
info: Microsoft.EntityFrameworkCore.Database.Command[20101]
      Executed DbCommand (2ms) [Parameters=[:Ma_0='?' (Size = 2000)], CommandType='Text', CommandTimeout='0']
      SELECT "l"."GIA_TRI"
      FROM "QL_NHAN_HIEN_THI" "l"
      WHERE "l"."MA" = :Ma_0
      FETCH FIRST 1 ROWS ONLY
info: Microsoft.EntityFrameworkCore.Database.Command[20101]
      Executed DbCommand (2ms) [Parameters=[:nguoiDung_ID_0='?' (DbType = Decimal)], CommandType='Text', CommandTimeout='0']
      SELECT "c"."VAI_TRO_ID"
      FROM "QL_VAI_TRO_NGUOI_DUNG" "c"
      WHERE "c"."NGUOI_DUNG_ID" = :nguoiDung_ID_0
info: Microsoft.EntityFrameworkCore.Database.Command[20101]
      Executed DbCommand (2ms) [Parameters=[:Ma_0='?' (Size = 2000)], CommandType='Text', CommandTimeout='0']
      SELECT "l"."GIA_TRI"
      FROM "QL_NHAN_HIEN_THI" "l"
      WHERE "l"."MA" = :Ma_0
      FETCH FIRST 1 ROWS ONLY
info: Microsoft.EntityFrameworkCore.Database.Command[20101]
      Executed DbCommand (3ms) [Parameters=[:nguoiDung_ID_0='?' (DbType = Decimal)], CommandType='Text', CommandTimeout='0']
      SELECT "c"."VAI_TRO_ID"
      FROM "QL_VAI_TRO_NGUOI_DUNG" "c"
      WHERE "c"."NGUOI_DUNG_ID" = :nguoiDung_ID_0
info: Microsoft.EntityFrameworkCore.Database.Command[20101]
      Executed DbCommand (3ms) [Parameters=[:Ma_0='?' (Size = 2000)], CommandType='Text', CommandTimeout='0']
      SELECT "l"."GIA_TRI"
      FROM "QL_NHAN_HIEN_THI" "l"
      WHERE "l"."MA" = :Ma_0
      FETCH FIRST 1 ROWS ONLY
info: Microsoft.EntityFrameworkCore.Database.Command[20101]
      Executed DbCommand (3ms) [Parameters=[:nguoiDung_ID_0='?' (DbType = Decimal)], CommandType='Text', CommandTimeout='0']
      SELECT "c"."VAI_TRO_ID"
      FROM "QL_VAI_TRO_NGUOI_DUNG" "c"
      WHERE "c"."NGUOI_DUNG_ID" = :nguoiDung_ID_0
info: Microsoft.EntityFrameworkCore.Database.Command[20101]
      Executed DbCommand (3ms) [Parameters=[:Ma_0='?' (Size = 2000)], CommandType='Text', CommandTimeout='0']
      SELECT "l"."GIA_TRI"
      FROM "QL_NHAN_HIEN_THI" "l"
      WHERE "l"."MA" = :Ma_0
      FETCH FIRST 1 ROWS ONLY
info: Microsoft.EntityFrameworkCore.Database.Command[20101]
      Executed DbCommand (2ms) [Parameters=[:nguoiDung_ID_0='?' (DbType = Decimal)], CommandType='Text', CommandTimeout='0']
      SELECT "c"."VAI_TRO_ID"
      FROM "QL_VAI_TRO_NGUOI_DUNG" "c"
      WHERE "c"."NGUOI_DUNG_ID" = :nguoiDung_ID_0
info: Microsoft.EntityFrameworkCore.Database.Command[20101]
      Executed DbCommand (3ms) [Parameters=[:Ma_0='?' (Size = 2000)], CommandType='Text', CommandTimeout='0']
      SELECT "l"."GIA_TRI"
      FROM "QL_NHAN_HIEN_THI" "l"
      WHERE "l"."MA" = :Ma_0
      FETCH FIRST 1 ROWS ONLY
info: Microsoft.EntityFrameworkCore.Database.Command[20101]
      Executed DbCommand (2ms) [Parameters=[:nguoiDung_ID_0='?' (DbType = Decimal)], CommandType='Text', CommandTimeout='0']
      SELECT "c"."VAI_TRO_ID"
      FROM "QL_VAI_TRO_NGUOI_DUNG" "c"
      WHERE "c"."NGUOI_DUNG_ID" = :nguoiDung_ID_0
info: Microsoft.EntityFrameworkCore.Database.Command[20101]
      Executed DbCommand (3ms) [Parameters=[:Ma_0='?' (Size = 2000)], CommandType='Text', CommandTimeout='0']
      SELECT "l"."GIA_TRI"
      FROM "QL_NHAN_HIEN_THI" "l"
      WHERE "l"."MA" = :Ma_0
      FETCH FIRST 1 ROWS ONLY
info: Microsoft.EntityFrameworkCore.Database.Command[20101]
      Executed DbCommand (2ms) [Parameters=[:nguoiDung_ID_0='?' (DbType = Decimal)], CommandType='Text', CommandTimeout='0']
      SELECT "c"."VAI_TRO_ID"
      FROM "QL_VAI_TRO_NGUOI_DUNG" "c"
      WHERE "c"."NGUOI_DUNG_ID" = :nguoiDung_ID_0
info: Microsoft.EntityFrameworkCore.Database.Command[20101]
      Executed DbCommand (2ms) [Parameters=[:Ma_0='?' (Size = 2000)], CommandType='Text', CommandTimeout='0']
      SELECT "l"."GIA_TRI"
      FROM "QL_NHAN_HIEN_THI" "l"
      WHERE "l"."MA" = :Ma_0
      FETCH FIRST 1 ROWS ONLY
info: Microsoft.EntityFrameworkCore.Database.Command[20101]
      Executed DbCommand (2ms) [Parameters=[:nguoiDung_ID_0='?' (DbType = Decimal)], CommandType='Text', CommandTimeout='0']
      SELECT "c"."VAI_TRO_ID"
      FROM "QL_VAI_TRO_NGUOI_DUNG" "c"
      WHERE "c"."NGUOI_DUNG_ID" = :nguoiDung_ID_0
info: Microsoft.EntityFrameworkCore.Database.Command[20101]
      Executed DbCommand (17ms) [Parameters=[:Ma_0='?' (Size = 2000)], CommandType='Text', CommandTimeout='0']
      SELECT "l"."GIA_TRI"
      FROM "QL_NHAN_HIEN_THI" "l"
      WHERE "l"."MA" = :Ma_0
      FETCH FIRST 1 ROWS ONLY
info: Microsoft.EntityFrameworkCore.Database.Command[20101]
      Executed DbCommand (2ms) [Parameters=[:nguoiDung_ID_0='?' (DbType = Decimal)], CommandType='Text', CommandTimeout='0']
      SELECT "c"."VAI_TRO_ID"
      FROM "QL_VAI_TRO_NGUOI_DUNG" "c"
      WHERE "c"."NGUOI_DUNG_ID" = :nguoiDung_ID_0
info: Microsoft.EntityFrameworkCore.Database.Command[20101]
      Executed DbCommand (3ms) [Parameters=[:Ma_0='?' (Size = 2000)], CommandType='Text', CommandTimeout='0']
      SELECT "l"."GIA_TRI"
      FROM "QL_NHAN_HIEN_THI" "l"
      WHERE "l"."MA" = :Ma_0
      FETCH FIRST 1 ROWS ONLY
info: Microsoft.EntityFrameworkCore.Database.Command[20101]
      Executed DbCommand (3ms) [Parameters=[:nguoiDung_ID_0='?' (DbType = Decimal)], CommandType='Text', CommandTimeout='0']
      SELECT "c"."VAI_TRO_ID"
      FROM "QL_VAI_TRO_NGUOI_DUNG" "c"
      WHERE "c"."NGUOI_DUNG_ID" = :nguoiDung_ID_0
info: Microsoft.EntityFrameworkCore.Database.Command[20101]
      Executed DbCommand (3ms) [Parameters=[:Ma_0='?' (Size = 2000)], CommandType='Text', CommandTimeout='0']
      SELECT "l"."GIA_TRI"
      FROM "QL_NHAN_HIEN_THI" "l"
      WHERE "l"."MA" = :Ma_0
      FETCH FIRST 1 ROWS ONLY
info: Microsoft.EntityFrameworkCore.Database.Command[20101]
      Executed DbCommand (3ms) [Parameters=[:nguoiDung_ID_0='?' (DbType = Decimal)], CommandType='Text', CommandTimeout='0']
      SELECT "c"."VAI_TRO_ID"
      FROM "QL_VAI_TRO_NGUOI_DUNG" "c"
      WHERE "c"."NGUOI_DUNG_ID" = :nguoiDung_ID_0
info: Microsoft.EntityFrameworkCore.Database.Command[20101]
      Executed DbCommand (3ms) [Parameters=[:Ma_0='?' (Size = 2000)], CommandType='Text', CommandTimeout='0']
      SELECT "l"."GIA_TRI"
      FROM "QL_NHAN_HIEN_THI" "l"
      WHERE "l"."MA" = :Ma_0
      FETCH FIRST 1 ROWS ONLY
info: Microsoft.EntityFrameworkCore.Database.Command[20101]
      Executed DbCommand (3ms) [Parameters=[:nguoiDung_ID_0='?' (DbType = Decimal)], CommandType='Text', CommandTimeout='0']
      SELECT "c"."VAI_TRO_ID"
      FROM "QL_VAI_TRO_NGUOI_DUNG" "c"
      WHERE "c"."NGUOI_DUNG_ID" = :nguoiDung_ID_0
info: Microsoft.EntityFrameworkCore.Database.Command[20101]
      Executed DbCommand (3ms) [Parameters=[:Ma_0='?' (Size = 2000)], CommandType='Text', CommandTimeout='0']
      SELECT "l"."GIA_TRI"
      FROM "QL_NHAN_HIEN_THI" "l"
      WHERE "l"."MA" = :Ma_0
      FETCH FIRST 1 ROWS ONLY
info: Microsoft.EntityFrameworkCore.Database.Command[20101]
      Executed DbCommand (2ms) [Parameters=[:nguoiDung_ID_0='?' (DbType = Decimal)], CommandType='Text', CommandTimeout='0']
      SELECT "c"."VAI_TRO_ID"
      FROM "QL_VAI_TRO_NGUOI_DUNG" "c"
      WHERE "c"."NGUOI_DUNG_ID" = :nguoiDung_ID_0
info: Microsoft.EntityFrameworkCore.Database.Command[20101]
      Executed DbCommand (3ms) [Parameters=[:Ma_0='?' (Size = 2000)], CommandType='Text', CommandTimeout='0']
      SELECT "l"."GIA_TRI"
      FROM "QL_NHAN_HIEN_THI" "l"
      WHERE "l"."MA" = :Ma_0
      FETCH FIRST 1 ROWS ONLY
info: Microsoft.EntityFrameworkCore.Database.Command[20101]
      Executed DbCommand (2ms) [Parameters=[:nguoiDung_ID_0='?' (DbType = Decimal)], CommandType='Text', CommandTimeout='0']
      SELECT "c"."VAI_TRO_ID"
      FROM "QL_VAI_TRO_NGUOI_DUNG" "c"
      WHERE "c"."NGUOI_DUNG_ID" = :nguoiDung_ID_0
info: Microsoft.EntityFrameworkCore.Database.Command[20101]
      Executed DbCommand (3ms) [Parameters=[:Ma_0='?' (Size = 2000)], CommandType='Text', CommandTimeout='0']
      SELECT "l"."GIA_TRI"
      FROM "QL_NHAN_HIEN_THI" "l"
      WHERE "l"."MA" = :Ma_0
      FETCH FIRST 1 ROWS ONLY
info: Microsoft.EntityFrameworkCore.Database.Command[20101]
      Executed DbCommand (2ms) [Parameters=[:nguoiDung_ID_0='?' (DbType = Decimal)], CommandType='Text', CommandTimeout='0']
      SELECT "c"."VAI_TRO_ID"
      FROM "QL_VAI_TRO_NGUOI_DUNG" "c"
      WHERE "c"."NGUOI_DUNG_ID" = :nguoiDung_ID_0
info: Microsoft.EntityFrameworkCore.Database.Command[20101]
      Executed DbCommand (3ms) [Parameters=[:Ma_0='?' (Size = 2000)], CommandType='Text', CommandTimeout='0']
      SELECT "l"."GIA_TRI"
      FROM "QL_NHAN_HIEN_THI" "l"
      WHERE "l"."MA" = :Ma_0
      FETCH FIRST 1 ROWS ONLY
info: Microsoft.EntityFrameworkCore.Database.Command[20101]
      Executed DbCommand (2ms) [Parameters=[:nguoiDung_ID_0='?' (DbType = Decimal)], CommandType='Text', CommandTimeout='0']
      SELECT "c"."VAI_TRO_ID"
      FROM "QL_VAI_TRO_NGUOI_DUNG" "c"
      WHERE "c"."NGUOI_DUNG_ID" = :nguoiDung_ID_0
info: Microsoft.EntityFrameworkCore.Database.Command[20101]
      Executed DbCommand (3ms) [Parameters=[:Ma_0='?' (Size = 2000)], CommandType='Text', CommandTimeout='0']
      SELECT "l"."GIA_TRI"
      FROM "QL_NHAN_HIEN_THI" "l"
      WHERE "l"."MA" = :Ma_0
      FETCH FIRST 1 ROWS ONLY
info: Microsoft.EntityFrameworkCore.Database.Command[20101]
      Executed DbCommand (3ms) [Parameters=[:nguoiDung_ID_0='?' (DbType = Decimal)], CommandType='Text', CommandTimeout='0']
      SELECT "c"."VAI_TRO_ID"
      FROM "QL_VAI_TRO_NGUOI_DUNG" "c"
      WHERE "c"."NGUOI_DUNG_ID" = :nguoiDung_ID_0
info: Microsoft.EntityFrameworkCore.Database.Command[20101]
      Executed DbCommand (3ms) [Parameters=[:Ma_0='?' (Size = 2000)], CommandType='Text', CommandTimeout='0']
      SELECT "l"."GIA_TRI"
      FROM "QL_NHAN_HIEN_THI" "l"
      WHERE "l"."MA" = :Ma_0
      FETCH FIRST 1 ROWS ONLY
info: Microsoft.EntityFrameworkCore.Database.Command[20101]
      Executed DbCommand (2ms) [Parameters=[:nguoiDung_ID_0='?' (DbType = Decimal)], CommandType='Text', CommandTimeout='0']
      SELECT "c"."VAI_TRO_ID"
      FROM "QL_VAI_TRO_NGUOI_DUNG" "c"
      WHERE "c"."NGUOI_DUNG_ID" = :nguoiDung_ID_0
info: Microsoft.EntityFrameworkCore.Database.Command[20101]
      Executed DbCommand (3ms) [Parameters=[:Ma_0='?' (Size = 2000)], CommandType='Text', CommandTimeout='0']
      SELECT "l"."GIA_TRI"
      FROM "QL_NHAN_HIEN_THI" "l"
      WHERE "l"."MA" = :Ma_0
      FETCH FIRST 1 ROWS ONLY
info: Microsoft.EntityFrameworkCore.Database.Command[20101]
      Executed DbCommand (2ms) [Parameters=[:nguoiDung_ID_0='?' (DbType = Decimal)], CommandType='Text', CommandTimeout='0']
      SELECT "c"."VAI_TRO_ID"
      FROM "QL_VAI_TRO_NGUOI_DUNG" "c"
      WHERE "c"."NGUOI_DUNG_ID" = :nguoiDung_ID_0
info: Microsoft.EntityFrameworkCore.Database.Command[20101]
      Executed DbCommand (3ms) [Parameters=[:Ma_0='?' (Size = 2000)], CommandType='Text', CommandTimeout='0']
      SELECT "l"."GIA_TRI"
      FROM "QL_NHAN_HIEN_THI" "l"
      WHERE "l"."MA" = :Ma_0
      FETCH FIRST 1 ROWS ONLY
info: Microsoft.EntityFrameworkCore.Database.Command[20101]
      Executed DbCommand (2ms) [Parameters=[:nguoiDung_ID_0='?' (DbType = Decimal)], CommandType='Text', CommandTimeout='0']
      SELECT "c"."VAI_TRO_ID"
      FROM "QL_VAI_TRO_NGUOI_DUNG" "c"
      WHERE "c"."NGUOI_DUNG_ID" = :nguoiDung_ID_0
info: Microsoft.EntityFrameworkCore.Database.Command[20101]
      Executed DbCommand (3ms) [Parameters=[:Ma_0='?' (Size = 2000)], CommandType='Text', CommandTimeout='0']
      SELECT "l"."GIA_TRI"
      FROM "QL_NHAN_HIEN_THI" "l"
      WHERE "l"."MA" = :Ma_0
      FETCH FIRST 1 ROWS ONLY
info: Microsoft.EntityFrameworkCore.Database.Command[20101]
      Executed DbCommand (2ms) [Parameters=[:nguoiDung_ID_0='?' (DbType = Decimal)], CommandType='Text', CommandTimeout='0']
      SELECT "c"."VAI_TRO_ID"
      FROM "QL_VAI_TRO_NGUOI_DUNG" "c"
      WHERE "c"."NGUOI_DUNG_ID" = :nguoiDung_ID_0
info: Microsoft.EntityFrameworkCore.Database.Command[20101]
      Executed DbCommand (3ms) [Parameters=[:Ma_0='?' (Size = 2000)], CommandType='Text', CommandTimeout='0']
      SELECT "l"."GIA_TRI"
      FROM "QL_NHAN_HIEN_THI" "l"
      WHERE "l"."MA" = :Ma_0
      FETCH FIRST 1 ROWS ONLY
info: Microsoft.EntityFrameworkCore.Database.Command[20101]
      Executed DbCommand (2ms) [Parameters=[:nguoiDung_ID_0='?' (DbType = Decimal)], CommandType='Text', CommandTimeout='0']
      SELECT "c"."VAI_TRO_ID"
      FROM "QL_VAI_TRO_NGUOI_DUNG" "c"
      WHERE "c"."NGUOI_DUNG_ID" = :nguoiDung_ID_0
info: Microsoft.EntityFrameworkCore.Database.Command[20101]
      Executed DbCommand (3ms) [Parameters=[:Ma_0='?' (Size = 2000)], CommandType='Text', CommandTimeout='0']
      SELECT "l"."GIA_TRI"
      FROM "QL_NHAN_HIEN_THI" "l"
      WHERE "l"."MA" = :Ma_0
      FETCH FIRST 1 ROWS ONLY
info: Microsoft.EntityFrameworkCore.Database.Command[20101]
      Executed DbCommand (2ms) [Parameters=[:nguoiDung_ID_0='?' (DbType = Decimal)], CommandType='Text', CommandTimeout='0']
      SELECT "c"."VAI_TRO_ID"
      FROM "QL_VAI_TRO_NGUOI_DUNG" "c"
      WHERE "c"."NGUOI_DUNG_ID" = :nguoiDung_ID_0
info: Microsoft.EntityFrameworkCore.Database.Command[20101]
      Executed DbCommand (3ms) [Parameters=[:Ma_0='?' (Size = 2000)], CommandType='Text', CommandTimeout='0']
      SELECT "l"."GIA_TRI"
      FROM "QL_NHAN_HIEN_THI" "l"
      WHERE "l"."MA" = :Ma_0
      FETCH FIRST 1 ROWS ONLY
info: Microsoft.EntityFrameworkCore.Database.Command[20101]
      Executed DbCommand (2ms) [Parameters=[:nguoiDung_ID_0='?' (DbType = Decimal)], CommandType='Text', CommandTimeout='0']
      SELECT "c"."VAI_TRO_ID"
      FROM "QL_VAI_TRO_NGUOI_DUNG" "c"
      WHERE "c"."NGUOI_DUNG_ID" = :nguoiDung_ID_0
info: Microsoft.EntityFrameworkCore.Database.Command[20101]
      Executed DbCommand (3ms) [Parameters=[:Ma_0='?' (Size = 2000)], CommandType='Text', CommandTimeout='0']
      SELECT "l"."GIA_TRI"
      FROM "QL_NHAN_HIEN_THI" "l"
      WHERE "l"."MA" = :Ma_0
      FETCH FIRST 1 ROWS ONLY
info: Microsoft.EntityFrameworkCore.Database.Command[20101]
      Executed DbCommand (2ms) [Parameters=[:nguoiDung_ID_0='?' (DbType = Decimal)], CommandType='Text', CommandTimeout='0']
      SELECT "c"."VAI_TRO_ID"
      FROM "QL_VAI_TRO_NGUOI_DUNG" "c"
      WHERE "c"."NGUOI_DUNG_ID" = :nguoiDung_ID_0
info: Microsoft.EntityFrameworkCore.Database.Command[20101]
      Executed DbCommand (3ms) [Parameters=[:Ma_0='?' (Size = 2000)], CommandType='Text', CommandTimeout='0']
      SELECT "l"."GIA_TRI"
      FROM "QL_NHAN_HIEN_THI" "l"
      WHERE "l"."MA" = :Ma_0
      FETCH FIRST 1 ROWS ONLY
info: Microsoft.EntityFrameworkCore.Database.Command[20101]
      Executed DbCommand (3ms) [Parameters=[:nguoiDung_ID_0='?' (DbType = Decimal)], CommandType='Text', CommandTimeout='0']
      SELECT "c"."VAI_TRO_ID"
      FROM "QL_VAI_TRO_NGUOI_DUNG" "c"
      WHERE "c"."NGUOI_DUNG_ID" = :nguoiDung_ID_0
info: Microsoft.EntityFrameworkCore.Database.Command[20101]
      Executed DbCommand (3ms) [Parameters=[:Ma_0='?' (Size = 2000)], CommandType='Text', CommandTimeout='0']
      SELECT "l"."GIA_TRI"
      FROM "QL_NHAN_HIEN_THI" "l"
      WHERE "l"."MA" = :Ma_0
      FETCH FIRST 1 ROWS ONLY
info: Microsoft.EntityFrameworkCore.Database.Command[20101]
      Executed DbCommand (2ms) [Parameters=[:nguoiDung_ID_0='?' (DbType = Decimal)], CommandType='Text', CommandTimeout='0']
      SELECT "c"."VAI_TRO_ID"
      FROM "QL_VAI_TRO_NGUOI_DUNG" "c"
      WHERE "c"."NGUOI_DUNG_ID" = :nguoiDung_ID_0
info: Microsoft.EntityFrameworkCore.Database.Command[20101]
      Executed DbCommand (3ms) [Parameters=[:Ma_0='?' (Size = 2000)], CommandType='Text', CommandTimeout='0']
      SELECT "l"."GIA_TRI"
      FROM "QL_NHAN_HIEN_THI" "l"
      WHERE "l"."MA" = :Ma_0
      FETCH FIRST 1 ROWS ONLY
info: Microsoft.EntityFrameworkCore.Database.Command[20101]
      Executed DbCommand (2ms) [Parameters=[:nguoiDung_ID_0='?' (DbType = Decimal)], CommandType='Text', CommandTimeout='0']
      SELECT "c"."VAI_TRO_ID"
      FROM "QL_VAI_TRO_NGUOI_DUNG" "c"
      WHERE "c"."NGUOI_DUNG_ID" = :nguoiDung_ID_0
info: Microsoft.EntityFrameworkCore.Database.Command[20101]
      Executed DbCommand (3ms) [Parameters=[:Ma_0='?' (Size = 2000)], CommandType='Text', CommandTimeout='0']
      SELECT "l"."GIA_TRI"
      FROM "QL_NHAN_HIEN_THI" "l"
      WHERE "l"."MA" = :Ma_0
      FETCH FIRST 1 ROWS ONLY
info: Microsoft.EntityFrameworkCore.Database.Command[20101]
      Executed DbCommand (3ms) [Parameters=[:nguoiDung_ID_0='?' (DbType = Decimal)], CommandType='Text', CommandTimeout='0']
      SELECT "c"."VAI_TRO_ID"
      FROM "QL_VAI_TRO_NGUOI_DUNG" "c"
      WHERE "c"."NGUOI_DUNG_ID" = :nguoiDung_ID_0
info: Microsoft.EntityFrameworkCore.Database.Command[20101]
      Executed DbCommand (3ms) [Parameters=[:Ma_0='?' (Size = 2000)], CommandType='Text', CommandTimeout='0']
      SELECT "l"."GIA_TRI"
      FROM "QL_NHAN_HIEN_THI" "l"
      WHERE "l"."MA" = :Ma_0
      FETCH FIRST 1 ROWS ONLY
info: Microsoft.EntityFrameworkCore.Database.Command[20101]
      Executed DbCommand (15ms) [Parameters=[:nguoiDung_ID_0='?' (DbType = Decimal)], CommandType='Text', CommandTimeout='0']
      SELECT "c"."VAI_TRO_ID"
      FROM "QL_VAI_TRO_NGUOI_DUNG" "c"
      WHERE "c"."NGUOI_DUNG_ID" = :nguoiDung_ID_0
info: Microsoft.EntityFrameworkCore.Database.Command[20101]
      Executed DbCommand (57ms) [Parameters=[:donViId_0='?' (DbType = Decimal)], CommandType='Text', CommandTimeout='0']
      SELECT COUNT(*)
      FROM "DM_DON_VI" "p"
      WHERE ((("p"."PARENT_ID" = :donViId_0) AND ("p"."LA_BAN_QL_DU_AN" = 1)) OR (("p"."ID" = :donViId_0) AND ("p"."LOAI_DON_VI_ID" = 15.0))) OR (("p"."ID" = :donViId_0) AND ("p"."LA_BAN_QL_DU_AN" = 1))
info: Microsoft.EntityFrameworkCore.Database.Command[20101]
      Executed DbCommand (3ms) [Parameters=[:Ma_0='?' (Size = 2000)], CommandType='Text', CommandTimeout='0']
      SELECT "l"."GIA_TRI"
      FROM "QL_NHAN_HIEN_THI" "l"
      WHERE "l"."MA" = :Ma_0
      FETCH FIRST 1 ROWS ONLY
info: Microsoft.EntityFrameworkCore.Database.Command[20101]
      Executed DbCommand (3ms) [Parameters=[:nguoiDung_ID_0='?' (DbType = Decimal)], CommandType='Text', CommandTimeout='0']
      SELECT "c"."VAI_TRO_ID"
      FROM "QL_VAI_TRO_NGUOI_DUNG" "c"
      WHERE "c"."NGUOI_DUNG_ID" = :nguoiDung_ID_0
info: Microsoft.EntityFrameworkCore.Database.Command[20101]
      Executed DbCommand (58ms) [Parameters=[:donViId_0='?' (DbType = Decimal)], CommandType='Text', CommandTimeout='0']
      SELECT COUNT(*)
      FROM "DM_DON_VI" "p"
      WHERE ((("p"."PARENT_ID" = :donViId_0) AND ("p"."LA_BAN_QL_DU_AN" = 1)) OR (("p"."ID" = :donViId_0) AND ("p"."LOAI_DON_VI_ID" = 15.0))) OR (("p"."ID" = :donViId_0) AND ("p"."LA_BAN_QL_DU_AN" = 1))
info: Microsoft.EntityFrameworkCore.Database.Command[20101]
      Executed DbCommand (3ms) [Parameters=[:Ma_0='?' (Size = 2000)], CommandType='Text', CommandTimeout='0']
      SELECT "l"."GIA_TRI"
      FROM "QL_NHAN_HIEN_THI" "l"
      WHERE "l"."MA" = :Ma_0
      FETCH FIRST 1 ROWS ONLY
info: Microsoft.EntityFrameworkCore.Database.Command[20101]
      Executed DbCommand (2ms) [Parameters=[:nguoiDung_ID_0='?' (DbType = Decimal)], CommandType='Text', CommandTimeout='0']
      SELECT "c"."VAI_TRO_ID"
      FROM "QL_VAI_TRO_NGUOI_DUNG" "c"
      WHERE "c"."NGUOI_DUNG_ID" = :nguoiDung_ID_0
info: Microsoft.EntityFrameworkCore.Database.Command[20101]
      Executed DbCommand (57ms) [Parameters=[:donViId_0='?' (DbType = Decimal)], CommandType='Text', CommandTimeout='0']
      SELECT COUNT(*)
      FROM "DM_DON_VI" "p"
      WHERE ((("p"."PARENT_ID" = :donViId_0) AND ("p"."LA_BAN_QL_DU_AN" = 1)) OR (("p"."ID" = :donViId_0) AND ("p"."LOAI_DON_VI_ID" = 15.0))) OR (("p"."ID" = :donViId_0) AND ("p"."LA_BAN_QL_DU_AN" = 1))
info: Microsoft.EntityFrameworkCore.Database.Command[20101]
      Executed DbCommand (3ms) [Parameters=[:nguoiDung_ID_0='?' (DbType = Decimal)], CommandType='Text', CommandTimeout='0']
      SELECT "c"."VAI_TRO_ID"
      FROM "QL_VAI_TRO_NGUOI_DUNG" "c"
      WHERE "c"."NGUOI_DUNG_ID" = :nguoiDung_ID_0
info: Microsoft.EntityFrameworkCore.Database.Command[20101]
      Executed DbCommand (59ms) [Parameters=[:donViId_0='?' (DbType = Decimal)], CommandType='Text', CommandTimeout='0']
      SELECT COUNT(*)
      FROM "DM_DON_VI" "p"
      WHERE ((("p"."PARENT_ID" = :donViId_0) AND ("p"."LA_BAN_QL_DU_AN" = 1)) OR (("p"."ID" = :donViId_0) AND ("p"."LOAI_DON_VI_ID" = 15.0))) OR (("p"."ID" = :donViId_0) AND ("p"."LA_BAN_QL_DU_AN" = 1))
info: Microsoft.EntityFrameworkCore.Database.Command[20101]
      Executed DbCommand (3ms) [Parameters=[:nguoiDung_ID_0='?' (DbType = Decimal)], CommandType='Text', CommandTimeout='0']
      SELECT "c"."VAI_TRO_ID"
      FROM "QL_VAI_TRO_NGUOI_DUNG" "c"
      WHERE "c"."NGUOI_DUNG_ID" = :nguoiDung_ID_0
info: Microsoft.EntityFrameworkCore.Database.Command[20101]
      Executed DbCommand (58ms) [Parameters=[:donViId_0='?' (DbType = Decimal)], CommandType='Text', CommandTimeout='0']
      SELECT COUNT(*)
      FROM "DM_DON_VI" "p"
      WHERE ((("p"."PARENT_ID" = :donViId_0) AND ("p"."LA_BAN_QL_DU_AN" = 1)) OR (("p"."ID" = :donViId_0) AND ("p"."LOAI_DON_VI_ID" = 15.0))) OR (("p"."ID" = :donViId_0) AND ("p"."LA_BAN_QL_DU_AN" = 1))
info: Microsoft.EntityFrameworkCore.Database.Command[20101]
      Executed DbCommand (3ms) [Parameters=[:nguoiDung_ID_0='?' (DbType = Decimal)], CommandType='Text', CommandTimeout='0']
      SELECT "c"."VAI_TRO_ID"
      FROM "QL_VAI_TRO_NGUOI_DUNG" "c"
      WHERE "c"."NGUOI_DUNG_ID" = :nguoiDung_ID_0
info: Microsoft.EntityFrameworkCore.Database.Command[20101]
      Executed DbCommand (59ms) [Parameters=[:donViId_0='?' (DbType = Decimal)], CommandType='Text', CommandTimeout='0']
      SELECT COUNT(*)
      FROM "DM_DON_VI" "p"
      WHERE ((("p"."PARENT_ID" = :donViId_0) AND ("p"."LA_BAN_QL_DU_AN" = 1)) OR (("p"."ID" = :donViId_0) AND ("p"."LOAI_DON_VI_ID" = 15.0))) OR (("p"."ID" = :donViId_0) AND ("p"."LA_BAN_QL_DU_AN" = 1))
info: Microsoft.EntityFrameworkCore.Database.Command[20101]
      Executed DbCommand (310ms) [Parameters=[:nguoiDung_ID_0='?' (DbType = Decimal)], CommandType='Text', CommandTimeout='0']
      SELECT "c"."VAI_TRO_ID"
      FROM "QL_VAI_TRO_NGUOI_DUNG" "c"
      WHERE "c"."NGUOI_DUNG_ID" = :nguoiDung_ID_0
info: Microsoft.EntityFrameworkCore.Database.Command[20101]
      Executed DbCommand (58ms) [Parameters=[:donViId_0='?' (DbType = Decimal)], CommandType='Text', CommandTimeout='0']
      SELECT COUNT(*)
      FROM "DM_DON_VI" "p"
      WHERE ((("p"."PARENT_ID" = :donViId_0) AND ("p"."LA_BAN_QL_DU_AN" = 1)) OR (("p"."ID" = :donViId_0) AND ("p"."LOAI_DON_VI_ID" = 15.0))) OR (("p"."ID" = :donViId_0) AND ("p"."LA_BAN_QL_DU_AN" = 1))
info: Microsoft.EntityFrameworkCore.Database.Command[20101]
      Executed DbCommand (4ms) [Parameters=[:Ma_0='?' (Size = 2000)], CommandType='Text', CommandTimeout='0']
      SELECT "l"."GIA_TRI"
      FROM "QL_NHAN_HIEN_THI" "l"
      WHERE "l"."MA" = :Ma_0
      FETCH FIRST 1 ROWS ONLY
info: Microsoft.EntityFrameworkCore.Database.Command[20101]
      Executed DbCommand (3ms) [Parameters=[:nguoiDung_ID_0='?' (DbType = Decimal)], CommandType='Text', CommandTimeout='0']
      SELECT "c"."VAI_TRO_ID"
      FROM "QL_VAI_TRO_NGUOI_DUNG" "c"
      WHERE "c"."NGUOI_DUNG_ID" = :nguoiDung_ID_0
info: Microsoft.EntityFrameworkCore.Database.Command[20101]
      Executed DbCommand (3ms) [Parameters=[:Ma_0='?' (Size = 2000)], CommandType='Text', CommandTimeout='0']
      SELECT "l"."GIA_TRI"
      FROM "QL_NHAN_HIEN_THI" "l"
      WHERE "l"."MA" = :Ma_0
      FETCH FIRST 1 ROWS ONLY
info: Microsoft.EntityFrameworkCore.Database.Command[20101]
      Executed DbCommand (4ms) [Parameters=[:nguoiDung_ID_0='?' (DbType = Decimal)], CommandType='Text', CommandTimeout='0']
      SELECT "c"."VAI_TRO_ID"
      FROM "QL_VAI_TRO_NGUOI_DUNG" "c"
      WHERE "c"."NGUOI_DUNG_ID" = :nguoiDung_ID_0
info: Microsoft.EntityFrameworkCore.Database.Command[20101]
      Executed DbCommand (5ms) [Parameters=[:Ma_0='?' (Size = 2000)], CommandType='Text', CommandTimeout='0']
      SELECT "l"."GIA_TRI"
      FROM "QL_NHAN_HIEN_THI" "l"
      WHERE "l"."MA" = :Ma_0
      FETCH FIRST 1 ROWS ONLY
info: Microsoft.EntityFrameworkCore.Database.Command[20101]
      Executed DbCommand (3ms) [Parameters=[:nguoiDung_ID_0='?' (DbType = Decimal)], CommandType='Text', CommandTimeout='0']
      SELECT "c"."VAI_TRO_ID"
      FROM "QL_VAI_TRO_NGUOI_DUNG" "c"
      WHERE "c"."NGUOI_DUNG_ID" = :nguoiDung_ID_0
info: Microsoft.EntityFrameworkCore.Database.Command[20101]
      Executed DbCommand (3ms) [Parameters=[:Ma_0='?' (Size = 2000)], CommandType='Text', CommandTimeout='0']
      SELECT "l"."GIA_TRI"
      FROM "QL_NHAN_HIEN_THI" "l"
      WHERE "l"."MA" = :Ma_0
      FETCH FIRST 1 ROWS ONLY
info: Microsoft.EntityFrameworkCore.Database.Command[20101]
      Executed DbCommand (3ms) [Parameters=[:nguoiDung_ID_0='?' (DbType = Decimal)], CommandType='Text', CommandTimeout='0']
      SELECT "c"."VAI_TRO_ID"
      FROM "QL_VAI_TRO_NGUOI_DUNG" "c"
      WHERE "c"."NGUOI_DUNG_ID" = :nguoiDung_ID_0
info: Microsoft.EntityFrameworkCore.Database.Command[20101]
      Executed DbCommand (3ms) [Parameters=[:Ma_0='?' (Size = 2000)], CommandType='Text', CommandTimeout='0']
      SELECT "l"."GIA_TRI"
      FROM "QL_NHAN_HIEN_THI" "l"
      WHERE "l"."MA" = :Ma_0
      FETCH FIRST 1 ROWS ONLY
info: Microsoft.EntityFrameworkCore.Database.Command[20101]
      Executed DbCommand (4ms) [Parameters=[:nguoiDung_ID_0='?' (DbType = Decimal)], CommandType='Text', CommandTimeout='0']
      SELECT "c"."VAI_TRO_ID"
      FROM "QL_VAI_TRO_NGUOI_DUNG" "c"
      WHERE "c"."NGUOI_DUNG_ID" = :nguoiDung_ID_0
info: Microsoft.EntityFrameworkCore.Database.Command[20101]
      Executed DbCommand (5ms) [Parameters=[:Ma_0='?' (Size = 2000)], CommandType='Text', CommandTimeout='0']
      SELECT "l"."GIA_TRI"
      FROM "QL_NHAN_HIEN_THI" "l"
      WHERE "l"."MA" = :Ma_0
      FETCH FIRST 1 ROWS ONLY
info: Microsoft.EntityFrameworkCore.Database.Command[20101]
      Executed DbCommand (4ms) [Parameters=[:nguoiDung_ID_0='?' (DbType = Decimal)], CommandType='Text', CommandTimeout='0']
      SELECT "c"."VAI_TRO_ID"
      FROM "QL_VAI_TRO_NGUOI_DUNG" "c"
      WHERE "c"."NGUOI_DUNG_ID" = :nguoiDung_ID_0
info: Microsoft.EntityFrameworkCore.Database.Command[20101]
      Executed DbCommand (4ms) [Parameters=[:Ma_0='?' (Size = 2000)], CommandType='Text', CommandTimeout='0']
      SELECT "l"."GIA_TRI"
      FROM "QL_NHAN_HIEN_THI" "l"
      WHERE "l"."MA" = :Ma_0
      FETCH FIRST 1 ROWS ONLY
info: Microsoft.EntityFrameworkCore.Database.Command[20101]
      Executed DbCommand (4ms) [Parameters=[:nguoiDung_ID_0='?' (DbType = Decimal)], CommandType='Text', CommandTimeout='0']
      SELECT "c"."VAI_TRO_ID"
      FROM "QL_VAI_TRO_NGUOI_DUNG" "c"
      WHERE "c"."NGUOI_DUNG_ID" = :nguoiDung_ID_0
info: Microsoft.EntityFrameworkCore.Database.Command[20101]
      Executed DbCommand (4ms) [Parameters=[:Ma_0='?' (Size = 2000)], CommandType='Text', CommandTimeout='0']
      SELECT "l"."GIA_TRI"
      FROM "QL_NHAN_HIEN_THI" "l"
      WHERE "l"."MA" = :Ma_0
      FETCH FIRST 1 ROWS ONLY
info: Microsoft.EntityFrameworkCore.Database.Command[20101]
      Executed DbCommand (3ms) [Parameters=[:nguoiDung_ID_0='?' (DbType = Decimal)], CommandType='Text', CommandTimeout='0']
      SELECT "c"."VAI_TRO_ID"
      FROM "QL_VAI_TRO_NGUOI_DUNG" "c"
      WHERE "c"."NGUOI_DUNG_ID" = :nguoiDung_ID_0
info: Microsoft.EntityFrameworkCore.Database.Command[20101]
      Executed DbCommand (5ms) [Parameters=[:Ma_0='?' (Size = 2000)], CommandType='Text', CommandTimeout='0']
      SELECT "l"."GIA_TRI"
      FROM "QL_NHAN_HIEN_THI" "l"
      WHERE "l"."MA" = :Ma_0
      FETCH FIRST 1 ROWS ONLY
info: Microsoft.EntityFrameworkCore.Database.Command[20101]
      Executed DbCommand (4ms) [Parameters=[:nguoiDung_ID_0='?' (DbType = Decimal)], CommandType='Text', CommandTimeout='0']
      SELECT "c"."VAI_TRO_ID"
      FROM "QL_VAI_TRO_NGUOI_DUNG" "c"
      WHERE "c"."NGUOI_DUNG_ID" = :nguoiDung_ID_0
info: Microsoft.EntityFrameworkCore.Database.Command[20101]
      Executed DbCommand (3ms) [Parameters=[:Ma_0='?' (Size = 2000)], CommandType='Text', CommandTimeout='0']
      SELECT "l"."GIA_TRI"
      FROM "QL_NHAN_HIEN_THI" "l"
      WHERE "l"."MA" = :Ma_0
      FETCH FIRST 1 ROWS ONLY
info: Microsoft.EntityFrameworkCore.Database.Command[20101]
      Executed DbCommand (3ms) [Parameters=[:nguoiDung_ID_0='?' (DbType = Decimal)], CommandType='Text', CommandTimeout='0']
      SELECT "c"."VAI_TRO_ID"
      FROM "QL_VAI_TRO_NGUOI_DUNG" "c"
      WHERE "c"."NGUOI_DUNG_ID" = :nguoiDung_ID_0
info: Microsoft.EntityFrameworkCore.Database.Command[20101]
      Executed DbCommand (3ms) [Parameters=[:Ma_0='?' (Size = 2000)], CommandType='Text', CommandTimeout='0']
      SELECT "l"."GIA_TRI"
      FROM "QL_NHAN_HIEN_THI" "l"
      WHERE "l"."MA" = :Ma_0
      FETCH FIRST 1 ROWS ONLY
info: Microsoft.EntityFrameworkCore.Database.Command[20101]
      Executed DbCommand (2ms) [Parameters=[:nguoiDung_ID_0='?' (DbType = Decimal)], CommandType='Text', CommandTimeout='0']
      SELECT "c"."VAI_TRO_ID"
      FROM "QL_VAI_TRO_NGUOI_DUNG" "c"
      WHERE "c"."NGUOI_DUNG_ID" = :nguoiDung_ID_0
info: Microsoft.EntityFrameworkCore.Database.Command[20101]
      Executed DbCommand (3ms) [Parameters=[:Ma_0='?' (Size = 2000)], CommandType='Text', CommandTimeout='0']
      SELECT "l"."GIA_TRI"
      FROM "QL_NHAN_HIEN_THI" "l"
      WHERE "l"."MA" = :Ma_0
      FETCH FIRST 1 ROWS ONLY
info: Microsoft.EntityFrameworkCore.Database.Command[20101]
      Executed DbCommand (3ms) [Parameters=[:nguoiDung_ID_0='?' (DbType = Decimal)], CommandType='Text', CommandTimeout='0']
      SELECT "c"."VAI_TRO_ID"
      FROM "QL_VAI_TRO_NGUOI_DUNG" "c"
      WHERE "c"."NGUOI_DUNG_ID" = :nguoiDung_ID_0
info: Microsoft.EntityFrameworkCore.Database.Command[20101]
      Executed DbCommand (3ms) [Parameters=[:Ma_0='?' (Size = 2000)], CommandType='Text', CommandTimeout='0']
      SELECT "l"."GIA_TRI"
      FROM "QL_NHAN_HIEN_THI" "l"
      WHERE "l"."MA" = :Ma_0
      FETCH FIRST 1 ROWS ONLY
info: Microsoft.EntityFrameworkCore.Database.Command[20101]
      Executed DbCommand (2ms) [Parameters=[:nguoiDung_ID_0='?' (DbType = Decimal)], CommandType='Text', CommandTimeout='0']
      SELECT "c"."VAI_TRO_ID"
      FROM "QL_VAI_TRO_NGUOI_DUNG" "c"
      WHERE "c"."NGUOI_DUNG_ID" = :nguoiDung_ID_0
info: Microsoft.EntityFrameworkCore.Database.Command[20101]
      Executed DbCommand (3ms) [Parameters=[:Ma_0='?' (Size = 2000)], CommandType='Text', CommandTimeout='0']
      SELECT "l"."GIA_TRI"
      FROM "QL_NHAN_HIEN_THI" "l"
      WHERE "l"."MA" = :Ma_0
      FETCH FIRST 1 ROWS ONLY
info: Microsoft.EntityFrameworkCore.Database.Command[20101]
      Executed DbCommand (2ms) [Parameters=[:nguoiDung_ID_0='?' (DbType = Decimal)], CommandType='Text', CommandTimeout='0']
      SELECT "c"."VAI_TRO_ID"
      FROM "QL_VAI_TRO_NGUOI_DUNG" "c"
      WHERE "c"."NGUOI_DUNG_ID" = :nguoiDung_ID_0
info: Microsoft.EntityFrameworkCore.Database.Command[20101]
      Executed DbCommand (3ms) [Parameters=[:Ma_0='?' (Size = 2000)], CommandType='Text', CommandTimeout='0']
      SELECT "l"."GIA_TRI"
      FROM "QL_NHAN_HIEN_THI" "l"
      WHERE "l"."MA" = :Ma_0
      FETCH FIRST 1 ROWS ONLY
info: Microsoft.EntityFrameworkCore.Database.Command[20101]
      Executed DbCommand (3ms) [Parameters=[:nguoiDung_ID_0='?' (DbType = Decimal)], CommandType='Text', CommandTimeout='0']
      SELECT "c"."VAI_TRO_ID"
      FROM "QL_VAI_TRO_NGUOI_DUNG" "c"
      WHERE "c"."NGUOI_DUNG_ID" = :nguoiDung_ID_0
info: Microsoft.EntityFrameworkCore.Database.Command[20101]
      Executed DbCommand (3ms) [Parameters=[:Ma_0='?' (Size = 2000)], CommandType='Text', CommandTimeout='0']
      SELECT "l"."GIA_TRI"
      FROM "QL_NHAN_HIEN_THI" "l"
      WHERE "l"."MA" = :Ma_0
      FETCH FIRST 1 ROWS ONLY
info: Microsoft.EntityFrameworkCore.Database.Command[20101]
      Executed DbCommand (3ms) [Parameters=[:nguoiDung_ID_0='?' (DbType = Decimal)], CommandType='Text', CommandTimeout='0']
      SELECT "c"."VAI_TRO_ID"
      FROM "QL_VAI_TRO_NGUOI_DUNG" "c"
      WHERE "c"."NGUOI_DUNG_ID" = :nguoiDung_ID_0
info: Microsoft.EntityFrameworkCore.Database.Command[20101]
      Executed DbCommand (3ms) [Parameters=[:Ma_0='?' (Size = 2000)], CommandType='Text', CommandTimeout='0']
      SELECT "l"."GIA_TRI"
      FROM "QL_NHAN_HIEN_THI" "l"
      WHERE "l"."MA" = :Ma_0
      FETCH FIRST 1 ROWS ONLY
info: Microsoft.EntityFrameworkCore.Database.Command[20101]
      Executed DbCommand (3ms) [Parameters=[:nguoiDung_ID_0='?' (DbType = Decimal)], CommandType='Text', CommandTimeout='0']
      SELECT "c"."VAI_TRO_ID"
      FROM "QL_VAI_TRO_NGUOI_DUNG" "c"
      WHERE "c"."NGUOI_DUNG_ID" = :nguoiDung_ID_0
info: Microsoft.EntityFrameworkCore.Database.Command[20101]
      Executed DbCommand (2ms) [Parameters=[:Ma_0='?' (Size = 2000)], CommandType='Text', CommandTimeout='0']
      SELECT "l"."GIA_TRI"
      FROM "QL_NHAN_HIEN_THI" "l"
      WHERE "l"."MA" = :Ma_0
      FETCH FIRST 1 ROWS ONLY
info: Microsoft.EntityFrameworkCore.Database.Command[20101]
      Executed DbCommand (2ms) [Parameters=[:nguoiDung_ID_0='?' (DbType = Decimal)], CommandType='Text', CommandTimeout='0']
      SELECT "c"."VAI_TRO_ID"
      FROM "QL_VAI_TRO_NGUOI_DUNG" "c"
      WHERE "c"."NGUOI_DUNG_ID" = :nguoiDung_ID_0
info: Microsoft.EntityFrameworkCore.Database.Command[20101]
      Executed DbCommand (3ms) [Parameters=[:Ma_0='?' (Size = 2000)], CommandType='Text', CommandTimeout='0']
      SELECT "l"."GIA_TRI"
      FROM "QL_NHAN_HIEN_THI" "l"
      WHERE "l"."MA" = :Ma_0
      FETCH FIRST 1 ROWS ONLY
info: Microsoft.EntityFrameworkCore.Database.Command[20101]
      Executed DbCommand (6ms) [Parameters=[:Ma_0='?' (Size = 2000)], CommandType='Text', CommandTimeout='0']
      SELECT "l"."GIA_TRI"
      FROM "QL_NHAN_HIEN_THI" "l"
      WHERE "l"."MA" = :Ma_0
      FETCH FIRST 1 ROWS ONLY
info: Microsoft.EntityFrameworkCore.Database.Command[20101]
      Executed DbCommand (3ms) [Parameters=[:Ma_0='?' (Size = 2000)], CommandType='Text', CommandTimeout='0']
      SELECT "l"."GIA_TRI"
      FROM "QL_NHAN_HIEN_THI" "l"
      WHERE "l"."MA" = :Ma_0
      FETCH FIRST 1 ROWS ONLY
info: Microsoft.EntityFrameworkCore.Database.Command[20101]
      Executed DbCommand (2ms) [Parameters=[:Ma_0='?' (Size = 2000)], CommandType='Text', CommandTimeout='0']
      SELECT "l"."GIA_TRI"
      FROM "QL_NHAN_HIEN_THI" "l"
      WHERE "l"."MA" = :Ma_0
      FETCH FIRST 1 ROWS ONLY
info: Microsoft.EntityFrameworkCore.Database.Command[20101]
      Executed DbCommand (4ms) [Parameters=[:Ma_0='?' (Size = 2000)], CommandType='Text', CommandTimeout='0']
      SELECT "l"."GIA_TRI"
      FROM "QL_NHAN_HIEN_THI" "l"
      WHERE "l"."MA" = :Ma_0
      FETCH FIRST 1 ROWS ONLY
info: Microsoft.EntityFrameworkCore.Database.Command[20101]
      Executed DbCommand (5ms) [Parameters=[:nguoiDung_ID_0='?' (DbType = Decimal)], CommandType='Text', CommandTimeout='0']
      SELECT "c"."VAI_TRO_ID"
      FROM "QL_VAI_TRO_NGUOI_DUNG" "c"
      WHERE "c"."NGUOI_DUNG_ID" = :nguoiDung_ID_0
info: Microsoft.EntityFrameworkCore.Database.Command[20101]
      Executed DbCommand (3ms) [Parameters=[:Ma_0='?' (Size = 2000)], CommandType='Text', CommandTimeout='0']
      SELECT "l"."GIA_TRI"
      FROM "QL_NHAN_HIEN_THI" "l"
      WHERE "l"."MA" = :Ma_0
      FETCH FIRST 1 ROWS ONLY
info: Microsoft.EntityFrameworkCore.Database.Command[20101]
      Executed DbCommand (3ms) [Parameters=[:Ma_0='?' (Size = 2000)], CommandType='Text', CommandTimeout='0']
      SELECT "l"."GIA_TRI"
      FROM "QL_NHAN_HIEN_THI" "l"
      WHERE "l"."MA" = :Ma_0
      FETCH FIRST 1 ROWS ONLY
info: Microsoft.EntityFrameworkCore.Database.Command[20101]
      Executed DbCommand (3ms) [Parameters=[:Ma_0='?' (Size = 2000)], CommandType='Text', CommandTimeout='0']
      SELECT "l"."GIA_TRI"
      FROM "QL_NHAN_HIEN_THI" "l"
      WHERE "l"."MA" = :Ma_0
      FETCH FIRST 1 ROWS ONLY
info: Microsoft.EntityFrameworkCore.Database.Command[20101]
      Executed DbCommand (3ms) [Parameters=[:nguoiDung_ID_0='?' (DbType = Decimal)], CommandType='Text', CommandTimeout='0']
      SELECT "c"."VAI_TRO_ID"
      FROM "QL_VAI_TRO_NGUOI_DUNG" "c"
      WHERE "c"."NGUOI_DUNG_ID" = :nguoiDung_ID_0
info: Microsoft.EntityFrameworkCore.Database.Command[20101]
      Executed DbCommand (3ms) [Parameters=[:Ma_0='?' (Size = 2000)], CommandType='Text', CommandTimeout='0']
      SELECT "l"."GIA_TRI"
      FROM "QL_NHAN_HIEN_THI" "l"
      WHERE "l"."MA" = :Ma_0
      FETCH FIRST 1 ROWS ONLY
info: Microsoft.EntityFrameworkCore.Database.Command[20101]
      Executed DbCommand (3ms) [Parameters=[:Ma_0='?' (Size = 2000)], CommandType='Text', CommandTimeout='0']
      SELECT "l"."GIA_TRI"
      FROM "QL_NHAN_HIEN_THI" "l"
      WHERE "l"."MA" = :Ma_0
      FETCH FIRST 1 ROWS ONLY
info: Microsoft.EntityFrameworkCore.Database.Command[20101]
      Executed DbCommand (3ms) [Parameters=[:Ma_0='?' (Size = 2000)], CommandType='Text', CommandTimeout='0']
      SELECT "l"."GIA_TRI"
      FROM "QL_NHAN_HIEN_THI" "l"
      WHERE "l"."MA" = :Ma_0
      FETCH FIRST 1 ROWS ONLY
info: Microsoft.EntityFrameworkCore.Database.Command[20101]
      Executed DbCommand (3ms) [Parameters=[:nguoiDung_ID_0='?' (DbType = Decimal)], CommandType='Text', CommandTimeout='0']
      SELECT "c"."VAI_TRO_ID"
      FROM "QL_VAI_TRO_NGUOI_DUNG" "c"
      WHERE "c"."NGUOI_DUNG_ID" = :nguoiDung_ID_0
info: Microsoft.EntityFrameworkCore.Database.Command[20101]
      Executed DbCommand (3ms) [Parameters=[:Ma_0='?' (Size = 2000)], CommandType='Text', CommandTimeout='0']
      SELECT "l"."GIA_TRI"
      FROM "QL_NHAN_HIEN_THI" "l"
      WHERE "l"."MA" = :Ma_0
      FETCH FIRST 1 ROWS ONLY
info: Microsoft.EntityFrameworkCore.Database.Command[20101]
      Executed DbCommand (2ms) [Parameters=[:Ma_0='?' (Size = 2000)], CommandType='Text', CommandTimeout='0']
      SELECT "l"."GIA_TRI"
      FROM "QL_NHAN_HIEN_THI" "l"
      WHERE "l"."MA" = :Ma_0
      FETCH FIRST 1 ROWS ONLY
info: Microsoft.EntityFrameworkCore.Database.Command[20101]
      Executed DbCommand (3ms) [Parameters=[:nguoiDung_ID_0='?' (DbType = Decimal)], CommandType='Text', CommandTimeout='0']
      SELECT "c"."VAI_TRO_ID"
      FROM "QL_VAI_TRO_NGUOI_DUNG" "c"
      WHERE "c"."NGUOI_DUNG_ID" = :nguoiDung_ID_0
info: Microsoft.EntityFrameworkCore.Database.Command[20101]
      Executed DbCommand (3ms) [Parameters=[:Ma_0='?' (Size = 2000)], CommandType='Text', CommandTimeout='0']
      SELECT "l"."GIA_TRI"
      FROM "QL_NHAN_HIEN_THI" "l"
      WHERE "l"."MA" = :Ma_0
      FETCH FIRST 1 ROWS ONLY
info: Microsoft.EntityFrameworkCore.Database.Command[20101]
      Executed DbCommand (3ms) [Parameters=[:nguoiDung_ID_0='?' (DbType = Decimal)], CommandType='Text', CommandTimeout='0']
      SELECT "c"."VAI_TRO_ID"
      FROM "QL_VAI_TRO_NGUOI_DUNG" "c"
      WHERE "c"."NGUOI_DUNG_ID" = :nguoiDung_ID_0
info: Microsoft.EntityFrameworkCore.Database.Command[20101]
      Executed DbCommand (3ms) [Parameters=[:Ma_0='?' (Size = 2000)], CommandType='Text', CommandTimeout='0']
      SELECT "l"."GIA_TRI"
      FROM "QL_NHAN_HIEN_THI" "l"
      WHERE "l"."MA" = :Ma_0
      FETCH FIRST 1 ROWS ONLY
info: Microsoft.EntityFrameworkCore.Database.Command[20101]
      Executed DbCommand (2ms) [Parameters=[:nguoiDung_ID_0='?' (DbType = Decimal)], CommandType='Text', CommandTimeout='0']
      SELECT "c"."VAI_TRO_ID"
      FROM "QL_VAI_TRO_NGUOI_DUNG" "c"
      WHERE "c"."NGUOI_DUNG_ID" = :nguoiDung_ID_0
info: Microsoft.EntityFrameworkCore.Database.Command[20101]
      Executed DbCommand (3ms) [Parameters=[:Ma_0='?' (Size = 2000)], CommandType='Text', CommandTimeout='0']
      SELECT "l"."GIA_TRI"
      FROM "QL_NHAN_HIEN_THI" "l"
      WHERE "l"."MA" = :Ma_0
      FETCH FIRST 1 ROWS ONLY
info: Microsoft.EntityFrameworkCore.Database.Command[20101]
      Executed DbCommand (3ms) [Parameters=[:nguoiDung_ID_0='?' (DbType = Decimal)], CommandType='Text', CommandTimeout='0']
      SELECT "c"."VAI_TRO_ID"
      FROM "QL_VAI_TRO_NGUOI_DUNG" "c"
      WHERE "c"."NGUOI_DUNG_ID" = :nguoiDung_ID_0
info: Microsoft.EntityFrameworkCore.Database.Command[20101]
      Executed DbCommand (3ms) [Parameters=[:Ma_0='?' (Size = 2000)], CommandType='Text', CommandTimeout='0']
      SELECT "l"."GIA_TRI"
      FROM "QL_NHAN_HIEN_THI" "l"
      WHERE "l"."MA" = :Ma_0
      FETCH FIRST 1 ROWS ONLY
info: Microsoft.EntityFrameworkCore.Database.Command[20101]
      Executed DbCommand (3ms) [Parameters=[:nguoiDung_ID_0='?' (DbType = Decimal)], CommandType='Text', CommandTimeout='0']
      SELECT "c"."VAI_TRO_ID"
      FROM "QL_VAI_TRO_NGUOI_DUNG" "c"
      WHERE "c"."NGUOI_DUNG_ID" = :nguoiDung_ID_0
info: Microsoft.EntityFrameworkCore.Database.Command[20101]
      Executed DbCommand (3ms) [Parameters=[:Ma_0='?' (Size = 2000)], CommandType='Text', CommandTimeout='0']
      SELECT "l"."GIA_TRI"
      FROM "QL_NHAN_HIEN_THI" "l"
      WHERE "l"."MA" = :Ma_0
      FETCH FIRST 1 ROWS ONLY
info: Microsoft.EntityFrameworkCore.Database.Command[20101]
      Executed DbCommand (3ms) [Parameters=[:nguoiDung_ID_0='?' (DbType = Decimal)], CommandType='Text', CommandTimeout='0']
      SELECT "c"."VAI_TRO_ID"
      FROM "QL_VAI_TRO_NGUOI_DUNG" "c"
      WHERE "c"."NGUOI_DUNG_ID" = :nguoiDung_ID_0
info: Microsoft.EntityFrameworkCore.Database.Command[20101]
      Executed DbCommand (7ms) [Parameters=[:Ma_0='?' (Size = 2000)], CommandType='Text', CommandTimeout='0']
      SELECT "l"."GIA_TRI"
      FROM "QL_NHAN_HIEN_THI" "l"
      WHERE "l"."MA" = :Ma_0
      FETCH FIRST 1 ROWS ONLY
info: Microsoft.EntityFrameworkCore.Database.Command[20101]
      Executed DbCommand (3ms) [Parameters=[:Ma_0='?' (Size = 2000)], CommandType='Text', CommandTimeout='0']
      SELECT "l"."GIA_TRI"
      FROM "QL_NHAN_HIEN_THI" "l"
      WHERE "l"."MA" = :Ma_0
      FETCH FIRST 1 ROWS ONLY
info: Microsoft.EntityFrameworkCore.Database.Command[20101]
      Executed DbCommand (4ms) [Parameters=[:Ma_0='?' (Size = 2000)], CommandType='Text', CommandTimeout='0']
      SELECT "l"."GIA_TRI"
      FROM "QL_NHAN_HIEN_THI" "l"
      WHERE "l"."MA" = :Ma_0
      FETCH FIRST 1 ROWS ONLY
info: Microsoft.EntityFrameworkCore.Database.Command[20101]
      Executed DbCommand (3ms) [Parameters=[:Ma_0='?' (Size = 2000)], CommandType='Text', CommandTimeout='0']
      SELECT "l"."GIA_TRI"
      FROM "QL_NHAN_HIEN_THI" "l"
      WHERE "l"."MA" = :Ma_0
      FETCH FIRST 1 ROWS ONLY
info: Microsoft.EntityFrameworkCore.Database.Command[20101]
      Executed DbCommand (2ms) [Parameters=[:nguoiDung_ID_0='?' (DbType = Decimal)], CommandType='Text', CommandTimeout='0']
      SELECT "c"."VAI_TRO_ID"
      FROM "QL_VAI_TRO_NGUOI_DUNG" "c"
      WHERE "c"."NGUOI_DUNG_ID" = :nguoiDung_ID_0
info: Microsoft.EntityFrameworkCore.Database.Command[20101]
      Executed DbCommand (3ms) [Parameters=[:Ma_0='?' (Size = 2000)], CommandType='Text', CommandTimeout='0']
      SELECT "l"."GIA_TRI"
      FROM "QL_NHAN_HIEN_THI" "l"
      WHERE "l"."MA" = :Ma_0
      FETCH FIRST 1 ROWS ONLY
info: Microsoft.EntityFrameworkCore.Database.Command[20101]
      Executed DbCommand (3ms) [Parameters=[:nguoiDung_ID_0='?' (DbType = Decimal)], CommandType='Text', CommandTimeout='0']
      SELECT "c"."VAI_TRO_ID"
      FROM "QL_VAI_TRO_NGUOI_DUNG" "c"
      WHERE "c"."NGUOI_DUNG_ID" = :nguoiDung_ID_0
info: Microsoft.EntityFrameworkCore.Database.Command[20101]
      Executed DbCommand (3ms) [Parameters=[:Ma_0='?' (Size = 2000)], CommandType='Text', CommandTimeout='0']
      SELECT "l"."GIA_TRI"
      FROM "QL_NHAN_HIEN_THI" "l"
      WHERE "l"."MA" = :Ma_0
      FETCH FIRST 1 ROWS ONLY
info: Microsoft.EntityFrameworkCore.Database.Command[20101]
      Executed DbCommand (2ms) [Parameters=[:nguoiDung_ID_0='?' (DbType = Decimal)], CommandType='Text', CommandTimeout='0']
      SELECT "c"."VAI_TRO_ID"
      FROM "QL_VAI_TRO_NGUOI_DUNG" "c"
      WHERE "c"."NGUOI_DUNG_ID" = :nguoiDung_ID_0
info: Microsoft.EntityFrameworkCore.Database.Command[20101]
      Executed DbCommand (3ms) [Parameters=[:Ma_0='?' (Size = 2000)], CommandType='Text', CommandTimeout='0']
      SELECT "l"."GIA_TRI"
      FROM "QL_NHAN_HIEN_THI" "l"
      WHERE "l"."MA" = :Ma_0
      FETCH FIRST 1 ROWS ONLY
info: Microsoft.EntityFrameworkCore.Database.Command[20101]
      Executed DbCommand (3ms) [Parameters=[:nguoiDung_ID_0='?' (DbType = Decimal)], CommandType='Text', CommandTimeout='0']
      SELECT "c"."VAI_TRO_ID"
      FROM "QL_VAI_TRO_NGUOI_DUNG" "c"
      WHERE "c"."NGUOI_DUNG_ID" = :nguoiDung_ID_0
info: Microsoft.EntityFrameworkCore.Database.Command[20101]
      Executed DbCommand (3ms) [Parameters=[:Ma_0='?' (Size = 2000)], CommandType='Text', CommandTimeout='0']
      SELECT "l"."GIA_TRI"
      FROM "QL_NHAN_HIEN_THI" "l"
      WHERE "l"."MA" = :Ma_0
      FETCH FIRST 1 ROWS ONLY
info: Microsoft.EntityFrameworkCore.Database.Command[20101]
      Executed DbCommand (3ms) [Parameters=[:nguoiDung_ID_0='?' (DbType = Decimal)], CommandType='Text', CommandTimeout='0']
      SELECT "c"."VAI_TRO_ID"
      FROM "QL_VAI_TRO_NGUOI_DUNG" "c"
      WHERE "c"."NGUOI_DUNG_ID" = :nguoiDung_ID_0
info: Microsoft.EntityFrameworkCore.Database.Command[20101]
      Executed DbCommand (3ms) [Parameters=[:Ma_0='?' (Size = 2000)], CommandType='Text', CommandTimeout='0']
      SELECT "l"."GIA_TRI"
      FROM "QL_NHAN_HIEN_THI" "l"
      WHERE "l"."MA" = :Ma_0
      FETCH FIRST 1 ROWS ONLY
info: Microsoft.EntityFrameworkCore.Database.Command[20101]
      Executed DbCommand (2ms) [Parameters=[:nguoiDung_ID_0='?' (DbType = Decimal)], CommandType='Text', CommandTimeout='0']
      SELECT "c"."VAI_TRO_ID"
      FROM "QL_VAI_TRO_NGUOI_DUNG" "c"
      WHERE "c"."NGUOI_DUNG_ID" = :nguoiDung_ID_0
info: Microsoft.EntityFrameworkCore.Database.Command[20101]
      Executed DbCommand (4ms) [Parameters=[:Ma_0='?' (Size = 2000)], CommandType='Text', CommandTimeout='0']
      SELECT "l"."GIA_TRI"
      FROM "QL_NHAN_HIEN_THI" "l"
      WHERE "l"."MA" = :Ma_0
      FETCH FIRST 1 ROWS ONLY
info: Microsoft.EntityFrameworkCore.Database.Command[20101]
      Executed DbCommand (2ms) [Parameters=[:nguoiDung_ID_0='?' (DbType = Decimal)], CommandType='Text', CommandTimeout='0']
      SELECT "c"."VAI_TRO_ID"
      FROM "QL_VAI_TRO_NGUOI_DUNG" "c"
      WHERE "c"."NGUOI_DUNG_ID" = :nguoiDung_ID_0
info: Microsoft.EntityFrameworkCore.Database.Command[20101]
      Executed DbCommand (3ms) [Parameters=[:Ma_0='?' (Size = 2000)], CommandType='Text', CommandTimeout='0']
      SELECT "l"."GIA_TRI"
      FROM "QL_NHAN_HIEN_THI" "l"
      WHERE "l"."MA" = :Ma_0
      FETCH FIRST 1 ROWS ONLY
info: Microsoft.EntityFrameworkCore.Database.Command[20101]
      Executed DbCommand (3ms) [Parameters=[:nguoiDung_ID_0='?' (DbType = Decimal)], CommandType='Text', CommandTimeout='0']
      SELECT "c"."VAI_TRO_ID"
      FROM "QL_VAI_TRO_NGUOI_DUNG" "c"
      WHERE "c"."NGUOI_DUNG_ID" = :nguoiDung_ID_0
info: Microsoft.EntityFrameworkCore.Database.Command[20101]
      Executed DbCommand (3ms) [Parameters=[:Ma_0='?' (Size = 2000)], CommandType='Text', CommandTimeout='0']
      SELECT "l"."GIA_TRI"
      FROM "QL_NHAN_HIEN_THI" "l"
      WHERE "l"."MA" = :Ma_0
      FETCH FIRST 1 ROWS ONLY
info: Microsoft.EntityFrameworkCore.Database.Command[20101]
      Executed DbCommand (2ms) [Parameters=[:nguoiDung_ID_0='?' (DbType = Decimal)], CommandType='Text', CommandTimeout='0']
      SELECT "c"."VAI_TRO_ID"
      FROM "QL_VAI_TRO_NGUOI_DUNG" "c"
      WHERE "c"."NGUOI_DUNG_ID" = :nguoiDung_ID_0
info: Microsoft.EntityFrameworkCore.Database.Command[20101]
      Executed DbCommand (3ms) [Parameters=[:Ma_0='?' (Size = 2000)], CommandType='Text', CommandTimeout='0']
      SELECT "l"."GIA_TRI"
      FROM "QL_NHAN_HIEN_THI" "l"
      WHERE "l"."MA" = :Ma_0
      FETCH FIRST 1 ROWS ONLY
info: Microsoft.EntityFrameworkCore.Database.Command[20101]
      Executed DbCommand (3ms) [Parameters=[:nguoiDung_ID_0='?' (DbType = Decimal)], CommandType='Text', CommandTimeout='0']
      SELECT "c"."VAI_TRO_ID"
      FROM "QL_VAI_TRO_NGUOI_DUNG" "c"
      WHERE "c"."NGUOI_DUNG_ID" = :nguoiDung_ID_0
info: Microsoft.EntityFrameworkCore.Database.Command[20101]
      Executed DbCommand (3ms) [Parameters=[:Ma_0='?' (Size = 2000)], CommandType='Text', CommandTimeout='0']
      SELECT "l"."GIA_TRI"
      FROM "QL_NHAN_HIEN_THI" "l"
      WHERE "l"."MA" = :Ma_0
      FETCH FIRST 1 ROWS ONLY
info: Microsoft.EntityFrameworkCore.Database.Command[20101]
      Executed DbCommand (3ms) [Parameters=[:nguoiDung_ID_0='?' (DbType = Decimal)], CommandType='Text', CommandTimeout='0']
      SELECT "c"."VAI_TRO_ID"
      FROM "QL_VAI_TRO_NGUOI_DUNG" "c"
      WHERE "c"."NGUOI_DUNG_ID" = :nguoiDung_ID_0
info: Microsoft.EntityFrameworkCore.Database.Command[20101]
      Executed DbCommand (4ms) [Parameters=[:Ma_0='?' (Size = 2000)], CommandType='Text', CommandTimeout='0']
      SELECT "l"."GIA_TRI"
      FROM "QL_NHAN_HIEN_THI" "l"
      WHERE "l"."MA" = :Ma_0
      FETCH FIRST 1 ROWS ONLY
info: Microsoft.EntityFrameworkCore.Database.Command[20101]
      Executed DbCommand (3ms) [Parameters=[:nguoiDung_ID_0='?' (DbType = Decimal)], CommandType='Text', CommandTimeout='0']
      SELECT "c"."VAI_TRO_ID"
      FROM "QL_VAI_TRO_NGUOI_DUNG" "c"
      WHERE "c"."NGUOI_DUNG_ID" = :nguoiDung_ID_0
info: Microsoft.EntityFrameworkCore.Database.Command[20101]
      Executed DbCommand (3ms) [Parameters=[:Ma_0='?' (Size = 2000)], CommandType='Text', CommandTimeout='0']
      SELECT "l"."GIA_TRI"
      FROM "QL_NHAN_HIEN_THI" "l"
      WHERE "l"."MA" = :Ma_0
      FETCH FIRST 1 ROWS ONLY
info: Microsoft.EntityFrameworkCore.Database.Command[20101]
      Executed DbCommand (3ms) [Parameters=[:nguoiDung_ID_0='?' (DbType = Decimal)], CommandType='Text', CommandTimeout='0']
      SELECT "c"."VAI_TRO_ID"
      FROM "QL_VAI_TRO_NGUOI_DUNG" "c"
      WHERE "c"."NGUOI_DUNG_ID" = :nguoiDung_ID_0
info: Microsoft.EntityFrameworkCore.Database.Command[20101]
      Executed DbCommand (3ms) [Parameters=[:Ma_0='?' (Size = 2000)], CommandType='Text', CommandTimeout='0']
      SELECT "l"."GIA_TRI"
      FROM "QL_NHAN_HIEN_THI" "l"
      WHERE "l"."MA" = :Ma_0
      FETCH FIRST 1 ROWS ONLY
info: Microsoft.EntityFrameworkCore.Database.Command[20101]
      Executed DbCommand (3ms) [Parameters=[:nguoiDung_ID_0='?' (DbType = Decimal)], CommandType='Text', CommandTimeout='0']
      SELECT "c"."VAI_TRO_ID"
      FROM "QL_VAI_TRO_NGUOI_DUNG" "c"
      WHERE "c"."NGUOI_DUNG_ID" = :nguoiDung_ID_0
info: Microsoft.EntityFrameworkCore.Database.Command[20101]
      Executed DbCommand (3ms) [Parameters=[:Ma_0='?' (Size = 2000)], CommandType='Text', CommandTimeout='0']
      SELECT "l"."GIA_TRI"
      FROM "QL_NHAN_HIEN_THI" "l"
      WHERE "l"."MA" = :Ma_0
      FETCH FIRST 1 ROWS ONLY
info: Microsoft.EntityFrameworkCore.Database.Command[20101]
      Executed DbCommand (3ms) [Parameters=[:nguoiDung_ID_0='?' (DbType = Decimal)], CommandType='Text', CommandTimeout='0']
      SELECT "c"."VAI_TRO_ID"
      FROM "QL_VAI_TRO_NGUOI_DUNG" "c"
      WHERE "c"."NGUOI_DUNG_ID" = :nguoiDung_ID_0
info: Microsoft.EntityFrameworkCore.Database.Command[20101]
      Executed DbCommand (3ms) [Parameters=[:Ma_0='?' (Size = 2000)], CommandType='Text', CommandTimeout='0']
      SELECT "l"."GIA_TRI"
      FROM "QL_NHAN_HIEN_THI" "l"
      WHERE "l"."MA" = :Ma_0
      FETCH FIRST 1 ROWS ONLY
info: Microsoft.EntityFrameworkCore.Database.Command[20101]
      Executed DbCommand (6ms) [Parameters=[:Ma_0='?' (Size = 2000)], CommandType='Text', CommandTimeout='0']
      SELECT "l"."GIA_TRI"
      FROM "QL_NHAN_HIEN_THI" "l"
      WHERE "l"."MA" = :Ma_0
      FETCH FIRST 1 ROWS ONLY
info: Microsoft.EntityFrameworkCore.Database.Command[20101]
      Executed DbCommand (6ms) [Parameters=[:Ma_0='?' (Size = 2000)], CommandType='Text', CommandTimeout='0']
      SELECT "l"."GIA_TRI"
      FROM "QL_NHAN_HIEN_THI" "l"
      WHERE "l"."MA" = :Ma_0
      FETCH FIRST 1 ROWS ONLY
info: Microsoft.EntityFrameworkCore.Database.Command[20101]
      Executed DbCommand (6ms) [Parameters=[:Ma_0='?' (Size = 2000)], CommandType='Text', CommandTimeout='0']
      SELECT "l"."GIA_TRI"
      FROM "QL_NHAN_HIEN_THI" "l"
      WHERE "l"."MA" = :Ma_0
      FETCH FIRST 1 ROWS ONLY
info: Microsoft.EntityFrameworkCore.Database.Command[20101]
      Executed DbCommand (5ms) [Parameters=[:Ma_0='?' (Size = 2000)], CommandType='Text', CommandTimeout='0']
      SELECT "l"."GIA_TRI"
      FROM "QL_NHAN_HIEN_THI" "l"
      WHERE "l"."MA" = :Ma_0
      FETCH FIRST 1 ROWS ONLY
info: Microsoft.EntityFrameworkCore.Database.Command[20101]
      Executed DbCommand (6ms) [Parameters=[:Ma_0='?' (Size = 2000)], CommandType='Text', CommandTimeout='0']
      SELECT "l"."GIA_TRI"
      FROM "QL_NHAN_HIEN_THI" "l"
      WHERE "l"."MA" = :Ma_0
      FETCH FIRST 1 ROWS ONLY
info: Microsoft.EntityFrameworkCore.Database.Command[20101]
      Executed DbCommand (2ms) [Parameters=[:nguoiDung_ID_0='?' (DbType = Decimal)], CommandType='Text', CommandTimeout='0']
      SELECT "c"."VAI_TRO_ID"
      FROM "QL_VAI_TRO_NGUOI_DUNG" "c"
      WHERE "c"."NGUOI_DUNG_ID" = :nguoiDung_ID_0
info: Microsoft.EntityFrameworkCore.Database.Command[20101]
      Executed DbCommand (3ms) [Parameters=[:Ma_0='?' (Size = 2000)], CommandType='Text', CommandTimeout='0']
      SELECT "l"."GIA_TRI"
      FROM "QL_NHAN_HIEN_THI" "l"
      WHERE "l"."MA" = :Ma_0
      FETCH FIRST 1 ROWS ONLY
info: Microsoft.EntityFrameworkCore.Database.Command[20101]
      Executed DbCommand (2ms) [Parameters=[:nguoiDung_ID_0='?' (DbType = Decimal)], CommandType='Text', CommandTimeout='0']
      SELECT "c"."VAI_TRO_ID"
      FROM "QL_VAI_TRO_NGUOI_DUNG" "c"
      WHERE "c"."NGUOI_DUNG_ID" = :nguoiDung_ID_0
info: Microsoft.EntityFrameworkCore.Database.Command[20101]
      Executed DbCommand (4ms) [Parameters=[:nguoiDung_ID_0='?' (DbType = Decimal)], CommandType='Text', CommandTimeout='0']
      SELECT "c"."VAI_TRO_ID"
      FROM "QL_VAI_TRO_NGUOI_DUNG" "c"
      WHERE "c"."NGUOI_DUNG_ID" = :nguoiDung_ID_0
info: Microsoft.EntityFrameworkCore.Database.Command[20101]
      Executed DbCommand (6ms) [Parameters=[:Ma_0='?' (Size = 2000)], CommandType='Text', CommandTimeout='0']
      SELECT "l"."GIA_TRI"
      FROM "QL_NHAN_HIEN_THI" "l"
      WHERE "l"."MA" = :Ma_0
      FETCH FIRST 1 ROWS ONLY
info: Microsoft.EntityFrameworkCore.Database.Command[20101]
      Executed DbCommand (7ms) [Parameters=[:nguoiDung_ID_0='?' (DbType = Decimal)], CommandType='Text', CommandTimeout='0']
      SELECT "c"."VAI_TRO_ID"
      FROM "QL_VAI_TRO_NGUOI_DUNG" "c"
      WHERE "c"."NGUOI_DUNG_ID" = :nguoiDung_ID_0
info: Microsoft.EntityFrameworkCore.Database.Command[20101]
      Executed DbCommand (7ms) [Parameters=[:Ma_0='?' (Size = 2000)], CommandType='Text', CommandTimeout='0']
      SELECT "l"."GIA_TRI"
      FROM "QL_NHAN_HIEN_THI" "l"
      WHERE "l"."MA" = :Ma_0
      FETCH FIRST 1 ROWS ONLY
info: Microsoft.EntityFrameworkCore.Database.Command[20101]
      Executed DbCommand (2ms) [Parameters=[:nguoiDung_ID_0='?' (DbType = Decimal)], CommandType='Text', CommandTimeout='0']
      SELECT "c"."VAI_TRO_ID"
      FROM "QL_VAI_TRO_NGUOI_DUNG" "c"
      WHERE "c"."NGUOI_DUNG_ID" = :nguoiDung_ID_0
info: Microsoft.EntityFrameworkCore.Database.Command[20101]
      Executed DbCommand (3ms) [Parameters=[:nguoiDung_ID_0='?' (DbType = Decimal)], CommandType='Text', CommandTimeout='0']
      SELECT "c"."VAI_TRO_ID"
      FROM "QL_VAI_TRO_NGUOI_DUNG" "c"
      WHERE "c"."NGUOI_DUNG_ID" = :nguoiDung_ID_0
info: Microsoft.EntityFrameworkCore.Database.Command[20101]
      Executed DbCommand (3ms) [Parameters=[:Ma_0='?' (Size = 2000)], CommandType='Text', CommandTimeout='0']
      SELECT "l"."GIA_TRI"
      FROM "QL_NHAN_HIEN_THI" "l"
      WHERE "l"."MA" = :Ma_0
      FETCH FIRST 1 ROWS ONLY
info: Microsoft.EntityFrameworkCore.Database.Command[20101]
      Executed DbCommand (2ms) [Parameters=[:nguoiDung_ID_0='?' (DbType = Decimal)], CommandType='Text', CommandTimeout='0']
      SELECT "c"."VAI_TRO_ID"
      FROM "QL_VAI_TRO_NGUOI_DUNG" "c"
      WHERE "c"."NGUOI_DUNG_ID" = :nguoiDung_ID_0
info: Microsoft.EntityFrameworkCore.Database.Command[20101]
      Executed DbCommand (2ms) [Parameters=[:Ma_0='?' (Size = 2000)], CommandType='Text', CommandTimeout='0']
      SELECT "l"."GIA_TRI"
      FROM "QL_NHAN_HIEN_THI" "l"
      WHERE "l"."MA" = :Ma_0
      FETCH FIRST 1 ROWS ONLY
info: Microsoft.EntityFrameworkCore.Database.Command[20101]
      Executed DbCommand (3ms) [Parameters=[:nguoiDung_ID_0='?' (DbType = Decimal)], CommandType='Text', CommandTimeout='0']
      SELECT "c"."VAI_TRO_ID"
      FROM "QL_VAI_TRO_NGUOI_DUNG" "c"
      WHERE "c"."NGUOI_DUNG_ID" = :nguoiDung_ID_0
info: Microsoft.EntityFrameworkCore.Database.Command[20101]
      Executed DbCommand (3ms) [Parameters=[:Ma_0='?' (Size = 2000)], CommandType='Text', CommandTimeout='0']
      SELECT "l"."GIA_TRI"
      FROM "QL_NHAN_HIEN_THI" "l"
      WHERE "l"."MA" = :Ma_0
      FETCH FIRST 1 ROWS ONLY
info: Microsoft.EntityFrameworkCore.Database.Command[20101]
      Executed DbCommand (2ms) [Parameters=[:nguoiDung_ID_0='?' (DbType = Decimal)], CommandType='Text', CommandTimeout='0']
      SELECT "c"."VAI_TRO_ID"
      FROM "QL_VAI_TRO_NGUOI_DUNG" "c"
      WHERE "c"."NGUOI_DUNG_ID" = :nguoiDung_ID_0
info: Microsoft.EntityFrameworkCore.Database.Command[20101]
      Executed DbCommand (3ms) [Parameters=[:Ma_0='?' (Size = 2000)], CommandType='Text', CommandTimeout='0']
      SELECT "l"."GIA_TRI"
      FROM "QL_NHAN_HIEN_THI" "l"
      WHERE "l"."MA" = :Ma_0
      FETCH FIRST 1 ROWS ONLY
info: Microsoft.EntityFrameworkCore.Database.Command[20101]
      Executed DbCommand (2ms) [Parameters=[:nguoiDung_ID_0='?' (DbType = Decimal)], CommandType='Text', CommandTimeout='0']
      SELECT "c"."VAI_TRO_ID"
      FROM "QL_VAI_TRO_NGUOI_DUNG" "c"
      WHERE "c"."NGUOI_DUNG_ID" = :nguoiDung_ID_0
info: Microsoft.EntityFrameworkCore.Database.Command[20101]
      Executed DbCommand (3ms) [Parameters=[:Ma_0='?' (Size = 2000)], CommandType='Text', CommandTimeout='0']
      SELECT "l"."GIA_TRI"
      FROM "QL_NHAN_HIEN_THI" "l"
      WHERE "l"."MA" = :Ma_0
      FETCH FIRST 1 ROWS ONLY
info: Microsoft.EntityFrameworkCore.Database.Command[20101]
      Executed DbCommand (2ms) [Parameters=[:nguoiDung_ID_0='?' (DbType = Decimal)], CommandType='Text', CommandTimeout='0']
      SELECT "c"."VAI_TRO_ID"
      FROM "QL_VAI_TRO_NGUOI_DUNG" "c"
      WHERE "c"."NGUOI_DUNG_ID" = :nguoiDung_ID_0
info: Microsoft.EntityFrameworkCore.Database.Command[20101]
      Executed DbCommand (3ms) [Parameters=[:Ma_0='?' (Size = 2000)], CommandType='Text', CommandTimeout='0']
      SELECT "l"."GIA_TRI"
      FROM "QL_NHAN_HIEN_THI" "l"
      WHERE "l"."MA" = :Ma_0
      FETCH FIRST 1 ROWS ONLY
info: Microsoft.EntityFrameworkCore.Database.Command[20101]
      Executed DbCommand (2ms) [Parameters=[:nguoiDung_ID_0='?' (DbType = Decimal)], CommandType='Text', CommandTimeout='0']
      SELECT "c"."VAI_TRO_ID"
      FROM "QL_VAI_TRO_NGUOI_DUNG" "c"
      WHERE "c"."NGUOI_DUNG_ID" = :nguoiDung_ID_0
info: Microsoft.EntityFrameworkCore.Database.Command[20101]
      Executed DbCommand (3ms) [Parameters=[:Ma_0='?' (Size = 2000)], CommandType='Text', CommandTimeout='0']
      SELECT "l"."GIA_TRI"
      FROM "QL_NHAN_HIEN_THI" "l"
      WHERE "l"."MA" = :Ma_0
      FETCH FIRST 1 ROWS ONLY
info: Microsoft.EntityFrameworkCore.Database.Command[20101]
      Executed DbCommand (2ms) [Parameters=[:nguoiDung_ID_0='?' (DbType = Decimal)], CommandType='Text', CommandTimeout='0']
      SELECT "c"."VAI_TRO_ID"
      FROM "QL_VAI_TRO_NGUOI_DUNG" "c"
      WHERE "c"."NGUOI_DUNG_ID" = :nguoiDung_ID_0
info: Microsoft.EntityFrameworkCore.Database.Command[20101]
      Executed DbCommand (3ms) [Parameters=[:Ma_0='?' (Size = 2000)], CommandType='Text', CommandTimeout='0']
      SELECT "l"."GIA_TRI"
      FROM "QL_NHAN_HIEN_THI" "l"
      WHERE "l"."MA" = :Ma_0
      FETCH FIRST 1 ROWS ONLY
info: Microsoft.EntityFrameworkCore.Database.Command[20101]
      Executed DbCommand (2ms) [Parameters=[:nguoiDung_ID_0='?' (DbType = Decimal)], CommandType='Text', CommandTimeout='0']
      SELECT "c"."VAI_TRO_ID"
      FROM "QL_VAI_TRO_NGUOI_DUNG" "c"
      WHERE "c"."NGUOI_DUNG_ID" = :nguoiDung_ID_0
info: Microsoft.EntityFrameworkCore.Database.Command[20101]
      Executed DbCommand (3ms) [Parameters=[:Ma_0='?' (Size = 2000)], CommandType='Text', CommandTimeout='0']
      SELECT "l"."GIA_TRI"
      FROM "QL_NHAN_HIEN_THI" "l"
      WHERE "l"."MA" = :Ma_0
      FETCH FIRST 1 ROWS ONLY
info: Microsoft.EntityFrameworkCore.Database.Command[20101]
      Executed DbCommand (2ms) [Parameters=[:nguoiDung_ID_0='?' (DbType = Decimal)], CommandType='Text', CommandTimeout='0']
      SELECT "c"."VAI_TRO_ID"
      FROM "QL_VAI_TRO_NGUOI_DUNG" "c"
      WHERE "c"."NGUOI_DUNG_ID" = :nguoiDung_ID_0
info: Microsoft.EntityFrameworkCore.Database.Command[20101]
      Executed DbCommand (2ms) [Parameters=[:Ma_0='?' (Size = 2000)], CommandType='Text', CommandTimeout='0']
      SELECT "l"."GIA_TRI"
      FROM "QL_NHAN_HIEN_THI" "l"
      WHERE "l"."MA" = :Ma_0
      FETCH FIRST 1 ROWS ONLY
info: Microsoft.EntityFrameworkCore.Database.Command[20101]
      Executed DbCommand (3ms) [Parameters=[:nguoiDung_ID_0='?' (DbType = Decimal)], CommandType='Text', CommandTimeout='0']
      SELECT "c"."VAI_TRO_ID"
      FROM "QL_VAI_TRO_NGUOI_DUNG" "c"
      WHERE "c"."NGUOI_DUNG_ID" = :nguoiDung_ID_0
info: Microsoft.EntityFrameworkCore.Database.Command[20101]
      Executed DbCommand (3ms) [Parameters=[:Ma_0='?' (Size = 2000)], CommandType='Text', CommandTimeout='0']
      SELECT "l"."GIA_TRI"
      FROM "QL_NHAN_HIEN_THI" "l"
      WHERE "l"."MA" = :Ma_0
      FETCH FIRST 1 ROWS ONLY
info: Microsoft.EntityFrameworkCore.Database.Command[20101]
      Executed DbCommand (2ms) [Parameters=[:nguoiDung_ID_0='?' (DbType = Decimal)], CommandType='Text', CommandTimeout='0']
      SELECT "c"."VAI_TRO_ID"
      FROM "QL_VAI_TRO_NGUOI_DUNG" "c"
      WHERE "c"."NGUOI_DUNG_ID" = :nguoiDung_ID_0
info: Microsoft.EntityFrameworkCore.Database.Command[20101]
      Executed DbCommand (2ms) [Parameters=[:Ma_0='?' (Size = 2000)], CommandType='Text', CommandTimeout='0']
      SELECT "l"."GIA_TRI"
      FROM "QL_NHAN_HIEN_THI" "l"
      WHERE "l"."MA" = :Ma_0
      FETCH FIRST 1 ROWS ONLY
info: Microsoft.EntityFrameworkCore.Database.Command[20101]
      Executed DbCommand (3ms) [Parameters=[:nguoiDung_ID_0='?' (DbType = Decimal)], CommandType='Text', CommandTimeout='0']
      SELECT "c"."VAI_TRO_ID"
      FROM "QL_VAI_TRO_NGUOI_DUNG" "c"
      WHERE "c"."NGUOI_DUNG_ID" = :nguoiDung_ID_0
info: Microsoft.EntityFrameworkCore.Database.Command[20101]
      Executed DbCommand (3ms) [Parameters=[:Ma_0='?' (Size = 2000)], CommandType='Text', CommandTimeout='0']
      SELECT "l"."GIA_TRI"
      FROM "QL_NHAN_HIEN_THI" "l"
      WHERE "l"."MA" = :Ma_0
      FETCH FIRST 1 ROWS ONLY
info: Microsoft.EntityFrameworkCore.Database.Command[20101]
      Executed DbCommand (3ms) [Parameters=[:nguoiDung_ID_0='?' (DbType = Decimal)], CommandType='Text', CommandTimeout='0']
      SELECT "c"."VAI_TRO_ID"
      FROM "QL_VAI_TRO_NGUOI_DUNG" "c"
      WHERE "c"."NGUOI_DUNG_ID" = :nguoiDung_ID_0
info: Microsoft.EntityFrameworkCore.Database.Command[20101]
      Executed DbCommand (3ms) [Parameters=[:Ma_0='?' (Size = 2000)], CommandType='Text', CommandTimeout='0']
      SELECT "l"."GIA_TRI"
      FROM "QL_NHAN_HIEN_THI" "l"
      WHERE "l"."MA" = :Ma_0
      FETCH FIRST 1 ROWS ONLY
info: Microsoft.EntityFrameworkCore.Database.Command[20101]
      Executed DbCommand (2ms) [Parameters=[:nguoiDung_ID_0='?' (DbType = Decimal)], CommandType='Text', CommandTimeout='0']
      SELECT "c"."VAI_TRO_ID"
      FROM "QL_VAI_TRO_NGUOI_DUNG" "c"
      WHERE "c"."NGUOI_DUNG_ID" = :nguoiDung_ID_0
info: Microsoft.EntityFrameworkCore.Database.Command[20101]
      Executed DbCommand (3ms) [Parameters=[:Ma_0='?' (Size = 2000)], CommandType='Text', CommandTimeout='0']
      SELECT "l"."GIA_TRI"
      FROM "QL_NHAN_HIEN_THI" "l"
      WHERE "l"."MA" = :Ma_0
      FETCH FIRST 1 ROWS ONLY
info: Microsoft.EntityFrameworkCore.Database.Command[20101]
      Executed DbCommand (2ms) [Parameters=[:nguoiDung_ID_0='?' (DbType = Decimal)], CommandType='Text', CommandTimeout='0']
      SELECT "c"."VAI_TRO_ID"
      FROM "QL_VAI_TRO_NGUOI_DUNG" "c"
      WHERE "c"."NGUOI_DUNG_ID" = :nguoiDung_ID_0
info: Microsoft.EntityFrameworkCore.Database.Command[20101]
      Executed DbCommand (59ms) [Parameters=[:donViId_0='?' (DbType = Decimal)], CommandType='Text', CommandTimeout='0']
      SELECT COUNT(*)
      FROM "DM_DON_VI" "p"
      WHERE ((("p"."PARENT_ID" = :donViId_0) AND ("p"."LA_BAN_QL_DU_AN" = 1)) OR (("p"."ID" = :donViId_0) AND ("p"."LOAI_DON_VI_ID" = 15.0))) OR (("p"."ID" = :donViId_0) AND ("p"."LA_BAN_QL_DU_AN" = 1))
info: Microsoft.EntityFrameworkCore.Database.Command[20101]
      Executed DbCommand (3ms) [Parameters=[:Ma_0='?' (Size = 2000)], CommandType='Text', CommandTimeout='0']
      SELECT "l"."GIA_TRI"
      FROM "QL_NHAN_HIEN_THI" "l"
      WHERE "l"."MA" = :Ma_0
      FETCH FIRST 1 ROWS ONLY
info: Microsoft.EntityFrameworkCore.Database.Command[20101]
      Executed DbCommand (3ms) [Parameters=[:nguoiDung_ID_0='?' (DbType = Decimal)], CommandType='Text', CommandTimeout='0']
      SELECT "c"."VAI_TRO_ID"
      FROM "QL_VAI_TRO_NGUOI_DUNG" "c"
      WHERE "c"."NGUOI_DUNG_ID" = :nguoiDung_ID_0
info: Microsoft.EntityFrameworkCore.Database.Command[20101]
      Executed DbCommand (3ms) [Parameters=[:Ma_0='?' (Size = 2000)], CommandType='Text', CommandTimeout='0']
      SELECT "l"."GIA_TRI"
      FROM "QL_NHAN_HIEN_THI" "l"
      WHERE "l"."MA" = :Ma_0
      FETCH FIRST 1 ROWS ONLY
info: Microsoft.EntityFrameworkCore.Database.Command[20101]
      Executed DbCommand (3ms) [Parameters=[:nguoiDung_ID_0='?' (DbType = Decimal)], CommandType='Text', CommandTimeout='0']
      SELECT "c"."VAI_TRO_ID"
      FROM "QL_VAI_TRO_NGUOI_DUNG" "c"
      WHERE "c"."NGUOI_DUNG_ID" = :nguoiDung_ID_0
info: Microsoft.EntityFrameworkCore.Database.Command[20101]
      Executed DbCommand (3ms) [Parameters=[:Ma_0='?' (Size = 2000)], CommandType='Text', CommandTimeout='0']
      SELECT "l"."GIA_TRI"
      FROM "QL_NHAN_HIEN_THI" "l"
      WHERE "l"."MA" = :Ma_0
      FETCH FIRST 1 ROWS ONLY
info: Microsoft.EntityFrameworkCore.Database.Command[20101]
      Executed DbCommand (3ms) [Parameters=[:nguoiDung_ID_0='?' (DbType = Decimal)], CommandType='Text', CommandTimeout='0']
      SELECT "c"."VAI_TRO_ID"
      FROM "QL_VAI_TRO_NGUOI_DUNG" "c"
      WHERE "c"."NGUOI_DUNG_ID" = :nguoiDung_ID_0
info: Microsoft.EntityFrameworkCore.Database.Command[20101]
      Executed DbCommand (3ms) [Parameters=[:Ma_0='?' (Size = 2000)], CommandType='Text', CommandTimeout='0']
      SELECT "l"."GIA_TRI"
      FROM "QL_NHAN_HIEN_THI" "l"
      WHERE "l"."MA" = :Ma_0
      FETCH FIRST 1 ROWS ONLY
info: Microsoft.EntityFrameworkCore.Database.Command[20101]
      Executed DbCommand (2ms) [Parameters=[:nguoiDung_ID_0='?' (DbType = Decimal)], CommandType='Text', CommandTimeout='0']
      SELECT "c"."VAI_TRO_ID"
      FROM "QL_VAI_TRO_NGUOI_DUNG" "c"
      WHERE "c"."NGUOI_DUNG_ID" = :nguoiDung_ID_0
info: Microsoft.EntityFrameworkCore.Database.Command[20101]
      Executed DbCommand (3ms) [Parameters=[:Ma_0='?' (Size = 2000)], CommandType='Text', CommandTimeout='0']
      SELECT "l"."GIA_TRI"
      FROM "QL_NHAN_HIEN_THI" "l"
      WHERE "l"."MA" = :Ma_0
      FETCH FIRST 1 ROWS ONLY
info: Microsoft.EntityFrameworkCore.Database.Command[20101]
      Executed DbCommand (3ms) [Parameters=[:nguoiDung_ID_0='?' (DbType = Decimal)], CommandType='Text', CommandTimeout='0']
      SELECT "c"."VAI_TRO_ID"
      FROM "QL_VAI_TRO_NGUOI_DUNG" "c"
      WHERE "c"."NGUOI_DUNG_ID" = :nguoiDung_ID_0
info: Microsoft.EntityFrameworkCore.Database.Command[20101]
      Executed DbCommand (3ms) [Parameters=[:Ma_0='?' (Size = 2000)], CommandType='Text', CommandTimeout='0']
      SELECT "l"."GIA_TRI"
      FROM "QL_NHAN_HIEN_THI" "l"
      WHERE "l"."MA" = :Ma_0
      FETCH FIRST 1 ROWS ONLY
info: Microsoft.EntityFrameworkCore.Database.Command[20101]
      Executed DbCommand (2ms) [Parameters=[:nguoiDung_ID_0='?' (DbType = Decimal)], CommandType='Text', CommandTimeout='0']
      SELECT "c"."VAI_TRO_ID"
      FROM "QL_VAI_TRO_NGUOI_DUNG" "c"
      WHERE "c"."NGUOI_DUNG_ID" = :nguoiDung_ID_0
info: Microsoft.EntityFrameworkCore.Database.Command[20101]
      Executed DbCommand (4ms) [Parameters=[:Ma_0='?' (Size = 2000)], CommandType='Text', CommandTimeout='0']
      SELECT "l"."GIA_TRI"
      FROM "QL_NHAN_HIEN_THI" "l"
      WHERE "l"."MA" = :Ma_0
      FETCH FIRST 1 ROWS ONLY
info: Microsoft.EntityFrameworkCore.Database.Command[20101]
      Executed DbCommand (3ms) [Parameters=[:nguoiDung_ID_0='?' (DbType = Decimal)], CommandType='Text', CommandTimeout='0']
      SELECT "c"."VAI_TRO_ID"
      FROM "QL_VAI_TRO_NGUOI_DUNG" "c"
      WHERE "c"."NGUOI_DUNG_ID" = :nguoiDung_ID_0
info: Microsoft.EntityFrameworkCore.Database.Command[20101]
      Executed DbCommand (3ms) [Parameters=[:Ma_0='?' (Size = 2000)], CommandType='Text', CommandTimeout='0']
      SELECT "l"."GIA_TRI"
      FROM "QL_NHAN_HIEN_THI" "l"
      WHERE "l"."MA" = :Ma_0
      FETCH FIRST 1 ROWS ONLY
info: Microsoft.EntityFrameworkCore.Database.Command[20101]
      Executed DbCommand (3ms) [Parameters=[:nguoiDung_ID_0='?' (DbType = Decimal)], CommandType='Text', CommandTimeout='0']
      SELECT "c"."VAI_TRO_ID"
      FROM "QL_VAI_TRO_NGUOI_DUNG" "c"
      WHERE "c"."NGUOI_DUNG_ID" = :nguoiDung_ID_0
info: Microsoft.EntityFrameworkCore.Database.Command[20101]
      Executed DbCommand (4ms) [Parameters=[:Ma_0='?' (Size = 2000)], CommandType='Text', CommandTimeout='0']
      SELECT "l"."GIA_TRI"
      FROM "QL_NHAN_HIEN_THI" "l"
      WHERE "l"."MA" = :Ma_0
      FETCH FIRST 1 ROWS ONLY
info: Microsoft.EntityFrameworkCore.Database.Command[20101]
      Executed DbCommand (3ms) [Parameters=[:nguoiDung_ID_0='?' (DbType = Decimal)], CommandType='Text', CommandTimeout='0']
      SELECT "c"."VAI_TRO_ID"
      FROM "QL_VAI_TRO_NGUOI_DUNG" "c"
      WHERE "c"."NGUOI_DUNG_ID" = :nguoiDung_ID_0
info: Microsoft.EntityFrameworkCore.Database.Command[20101]
      Executed DbCommand (3ms) [Parameters=[:guid_0='?' (DbType = Binary)], CommandType='Text', CommandTimeout='0']
      SELECT "c"."ID", "c"."CURRENT_DON_VI_ID", "c"."DB_ID", "c"."EMAIL", "c"."GHI_CHU", "c"."GUID", "c"."IP_TRUY_CAP", "c"."IS_QUAN_TRI", "c"."MAT_KHAU", "c"."MAT_KHAU_KEY", "c"."MA_CAN_BO", "c"."MOBILE", "c"."NGAY_TAO", "c"."NGAY_TRUY_CAP", "c"."NGUOI_TAO", "c"."NGUON_ID", "c"."PASSWORD_HASH", "c"."TEN_DANG_NHAP", "c"."TEN_DAY_DU", "c"."TMP_MAT_KHAU", "c"."TRANG_THAI_ID", "c"."UNG_DUNG"
      FROM "QL_NGUOI_DUNG" "c"
      WHERE "c"."GUID" = :guid_0
      FETCH FIRST 1 ROWS ONLY
info: Microsoft.EntityFrameworkCore.Database.Command[20101]
      Executed DbCommand (3ms) [Parameters=[:nguoiDung_ID_0='?' (DbType = Int32)], CommandType='Text', CommandTimeout='0']
      SELECT "p"."ID", "p"."DATA_JSON", "p"."DB_QUEUE_PROCESS_ID", "p"."DON_VI_ID", "p"."FILE_TYPE", "p"."GUID", "p"."GUID_FILE", "p"."MA_BAO_CAO", "p"."MODEL_DATA_TYPE", "p"."NGAY_TAO", "p"."NGUOI_TAO_ID", "p"."REPORT_CLASS", "p"."RESPONSE", "p"."SEARCH_MODEL_CLASS", "p"."SEARCH_MODEL_JSON", "p"."STATEMENT", "p"."TIME_END_GET_DATA", "p"."TIME_START_GET_DATA", "p"."TRANG_THAI_ID", "p"."TYPE_QUEUE_PROCESS_ID"
      FROM "BC_QUEUE_PROCESS" "p"
      WHERE "p"."NGUOI_TAO_ID" = :nguoiDung_ID_0
      ORDER BY "p"."ID" DESC
      FETCH FIRST 1 ROWS ONLY
info: Microsoft.EntityFrameworkCore.Database.Command[20101]
      Executed DbCommand (3ms) [Parameters=[:Ma_0='?' (Size = 2000)], CommandType='Text', CommandTimeout='0']
      SELECT "l"."GIA_TRI"
      FROM "QL_NHAN_HIEN_THI" "l"
      WHERE "l"."MA" = :Ma_0
      FETCH FIRST 1 ROWS ONLY
info: Microsoft.EntityFrameworkCore.Database.Command[20101]
      Executed DbCommand (4ms) [Parameters=[:Ma_0='?' (Size = 2000)], CommandType='Text', CommandTimeout='0']
      SELECT "l"."GIA_TRI"
      FROM "QL_NHAN_HIEN_THI" "l"
      WHERE "l"."MA" = :Ma_0
      FETCH FIRST 1 ROWS ONLY
info: Microsoft.EntityFrameworkCore.Database.Command[20101]
      Executed DbCommand (3ms) [Parameters=[:Ma_0='?' (Size = 2000)], CommandType='Text', CommandTimeout='0']
      SELECT "l"."GIA_TRI"
      FROM "QL_NHAN_HIEN_THI" "l"
      WHERE "l"."MA" = :Ma_0
      FETCH FIRST 1 ROWS ONLY
info: Microsoft.EntityFrameworkCore.Database.Command[20101]
      Executed DbCommand (3ms) [Parameters=[:Ma_0='?' (Size = 2000)], CommandType='Text', CommandTimeout='0']
      SELECT "l"."GIA_TRI"
      FROM "QL_NHAN_HIEN_THI" "l"
      WHERE "l"."MA" = :Ma_0
      FETCH FIRST 1 ROWS ONLY
info: Microsoft.AspNetCore.Mvc.ViewFeatures.ViewResultExecutor[4]
      Executed ViewResult - view ChonLoaiTaiSan executed in 4192.654ms.
info: Microsoft.AspNetCore.Mvc.Internal.ControllerActionInvoker[2]
      Executed action GS.Web.Controllers.TaiSanController.ChonLoaiTaiSan (GS.Web) in 4538.8088ms
info: Microsoft.AspNetCore.Hosting.Internal.WebHost[2]
      Request finished in 4558.1253ms 200 text/html; charset=utf-8
info: Microsoft.AspNetCore.Hosting.Internal.WebHost[1]
      Request starting HTTP/1.1 GET http://localhost:62432/Home/GetTLHD  
info: Microsoft.AspNetCore.Mvc.Internal.ControllerActionInvoker[1]
      Route matched with {action = "GetTLHD", controller = "Home"}. Executing action GS.Web.Controllers.HomeController.GetTLHD (GS.Web)
info: Microsoft.AspNetCore.Mvc.Internal.ControllerActionInvoker[1]
      Executing action method GS.Web.Controllers.HomeController.GetTLHD (GS.Web) - Validation state: Valid
info: Microsoft.EntityFrameworkCore.Infrastructure[10403]
      Entity Framework Core 2.2.6-servicing-10079 initialized 'GSObjectContext' using provider 'Oracle.EntityFrameworkCore' with options: using lazy-loading proxies 
info: Microsoft.EntityFrameworkCore.Database.Command[20101]
      Executed DbCommand (5ms) [Parameters=[:get_Item_0='?' (DbType = Decimal)], CommandType='Text', CommandTimeout='0']
      SELECT "e"."ID", "e"."DON_VI_ID", "e"."GIA_TRI", "e"."TEN"
      FROM "QL_CAU_HINH" "e"
      WHERE "e"."ID" = :get_Item_0
      FETCH FIRST 1 ROWS ONLY
info: Microsoft.AspNetCore.Mvc.Internal.ControllerActionInvoker[2]
      Executed action method GS.Web.Controllers.HomeController.GetTLHD (GS.Web), returned result Microsoft.AspNetCore.Mvc.JsonResult in 36.8721ms.
info: Microsoft.AspNetCore.Mvc.Formatters.Json.Internal.JsonResultExecutor[1]
      Executing JsonResult, writing value of type 'System.String'.
info: Microsoft.AspNetCore.Mvc.Internal.ControllerActionInvoker[2]
      Executed action GS.Web.Controllers.HomeController.GetTLHD (GS.Web) in 48.0467ms
info: Microsoft.AspNetCore.Hosting.Internal.WebHost[2]
      Request finished in 61.1763ms 200 application/json; charset=utf-8
info: Microsoft.AspNetCore.Hosting.Internal.WebHost[1]
      Request starting HTTP/1.1 GET http://localhost:62432/TaiSan/ChonLoaiTaiSan?isTangMoi=false  
info: Microsoft.AspNetCore.Mvc.Internal.ControllerActionInvoker[1]
      Route matched with {action = "ChonLoaiTaiSan", controller = "TaiSan"}. Executing action GS.Web.Controllers.TaiSanController.ChonLoaiTaiSan (GS.Web)
info: Microsoft.AspNetCore.Mvc.Internal.ControllerActionInvoker[1]
      Executing action method GS.Web.Controllers.TaiSanController.ChonLoaiTaiSan (GS.Web) with arguments (False, False) - Validation state: Valid
info: Microsoft.EntityFrameworkCore.Infrastructure[10403]
      Entity Framework Core 2.2.6-servicing-10079 initialized 'GSObjectContext' using provider 'Oracle.EntityFrameworkCore' with options: using lazy-loading proxies 
info: Microsoft.EntityFrameworkCore.Database.Command[20101]
      Executed DbCommand (4ms) [Parameters=[:Ma_0='?' (Size = 2000)], CommandType='Text', CommandTimeout='0']
      SELECT "l"."GIA_TRI"
      FROM "QL_NHAN_HIEN_THI" "l"
      WHERE "l"."MA" = :Ma_0
      FETCH FIRST 1 ROWS ONLY
info: Microsoft.EntityFrameworkCore.Database.Command[20101]
      Executed DbCommand (3ms) [Parameters=[:Ma_0='?' (Size = 2000)], CommandType='Text', CommandTimeout='0']
      SELECT "l"."GIA_TRI"
      FROM "QL_NHAN_HIEN_THI" "l"
      WHERE "l"."MA" = :Ma_0
      FETCH FIRST 1 ROWS ONLY
info: Microsoft.EntityFrameworkCore.Database.Command[20101]
      Executed DbCommand (3ms) [Parameters=[:Ma_0='?' (Size = 2000)], CommandType='Text', CommandTimeout='0']
      SELECT "l"."GIA_TRI"
      FROM "QL_NHAN_HIEN_THI" "l"
      WHERE "l"."MA" = :Ma_0
      FETCH FIRST 1 ROWS ONLY
info: Microsoft.EntityFrameworkCore.Database.Command[20101]
      Executed DbCommand (3ms) [Parameters=[:Ma_0='?' (Size = 2000)], CommandType='Text', CommandTimeout='0']
      SELECT "l"."GIA_TRI"
      FROM "QL_NHAN_HIEN_THI" "l"
      WHERE "l"."MA" = :Ma_0
      FETCH FIRST 1 ROWS ONLY
info: Microsoft.EntityFrameworkCore.Database.Command[20101]
      Executed DbCommand (4ms) [Parameters=[:Ma_0='?' (Size = 2000)], CommandType='Text', CommandTimeout='0']
      SELECT "l"."GIA_TRI"
      FROM "QL_NHAN_HIEN_THI" "l"
      WHERE "l"."MA" = :Ma_0
      FETCH FIRST 1 ROWS ONLY
info: Microsoft.EntityFrameworkCore.Database.Command[20101]
      Executed DbCommand (6ms) [Parameters=[:Ma_0='?' (Size = 2000)], CommandType='Text', CommandTimeout='0']
      SELECT "l"."GIA_TRI"
      FROM "QL_NHAN_HIEN_THI" "l"
      WHERE "l"."MA" = :Ma_0
      FETCH FIRST 1 ROWS ONLY
info: Microsoft.EntityFrameworkCore.Database.Command[20101]
      Executed DbCommand (3ms) [Parameters=[:Ma_0='?' (Size = 2000)], CommandType='Text', CommandTimeout='0']
      SELECT "l"."GIA_TRI"
      FROM "QL_NHAN_HIEN_THI" "l"
      WHERE "l"."MA" = :Ma_0
      FETCH FIRST 1 ROWS ONLY
info: Microsoft.EntityFrameworkCore.Database.Command[20101]
      Executed DbCommand (3ms) [Parameters=[:Ma_0='?' (Size = 2000)], CommandType='Text', CommandTimeout='0']
      SELECT "l"."GIA_TRI"
      FROM "QL_NHAN_HIEN_THI" "l"
      WHERE "l"."MA" = :Ma_0
      FETCH FIRST 1 ROWS ONLY
info: Microsoft.EntityFrameworkCore.Database.Command[20101]
      Executed DbCommand (3ms) [Parameters=[:Ma_0='?' (Size = 2000)], CommandType='Text', CommandTimeout='0']
      SELECT "l"."GIA_TRI"
      FROM "QL_NHAN_HIEN_THI" "l"
      WHERE "l"."MA" = :Ma_0
      FETCH FIRST 1 ROWS ONLY
info: Microsoft.EntityFrameworkCore.Database.Command[20101]
      Executed DbCommand (4ms) [Parameters=[:Ma_0='?' (Size = 2000)], CommandType='Text', CommandTimeout='0']
      SELECT "l"."GIA_TRI"
      FROM "QL_NHAN_HIEN_THI" "l"
      WHERE "l"."MA" = :Ma_0
      FETCH FIRST 1 ROWS ONLY
info: Microsoft.EntityFrameworkCore.Database.Command[20101]
      Executed DbCommand (4ms) [Parameters=[:Ma_0='?' (Size = 2000)], CommandType='Text', CommandTimeout='0']
      SELECT "l"."GIA_TRI"
      FROM "QL_NHAN_HIEN_THI" "l"
      WHERE "l"."MA" = :Ma_0
      FETCH FIRST 1 ROWS ONLY
info: Microsoft.EntityFrameworkCore.Database.Command[20101]
      Executed DbCommand (4ms) [Parameters=[:Ma_0='?' (Size = 2000)], CommandType='Text', CommandTimeout='0']
      SELECT "l"."GIA_TRI"
      FROM "QL_NHAN_HIEN_THI" "l"
      WHERE "l"."MA" = :Ma_0
      FETCH FIRST 1 ROWS ONLY
info: Microsoft.EntityFrameworkCore.Database.Command[20101]
      Executed DbCommand (4ms) [Parameters=[:get_Item_0='?' (DbType = Decimal)], CommandType='Text', CommandTimeout='0']
      SELECT "e"."ID", "e"."CAP_DON_VI_ID", "e"."CHE_DO_HACH_TOAN_ID", "e"."CO_TAI_SAN", "e"."CQTC_MA", "e"."DA_CO_QUYET_DINH_GIAO_VON", "e"."DB_ID", "e"."DIA_BAN_ID", "e"."DIA_CHI", "e"."DIEN_THOAI", "e"."DON_VI_HIEN_THI", "e"."FAX", "e"."HUYEN_ID", "e"."IS_TSQUAN_LY_CHU_KY_SO", "e"."IS_TSQUAN_LY_NHU_TSCD", "e"."IS_XAC_NHAN_DU_LIEU", "e"."KHONG_CHUYEN_MA", "e"."LA_BAN_QL_DU_AN", "e"."LA_DON_VI_NHAP_LIEU", "e"."LA_DON_VI_TU_CHU_TAI_CHINH", "e"."LIST_FILE_XAC_NHAN", "e"."LOAI_CAP_DON_VI_ID", "e"."LOAI_DON_VI_ID", "e"."MA", "e"."MA_BO", "e"."MA_CHUONG", "e"."MA_DIA_BAN", "e"."MA_DVQHNS", "e"."MA_HUYEN", "e"."MA_TINH", "e"."NGAY_CAP_NHAT", "e"."NGAY_QUYET_DINH", "e"."NGAY_QUYET_DINH_GIAO_VON", "e"."NGAY_TAO", "e"."NGAY_XAC_NHAN", "e"."NGUOI_CAP_NHAT_ID", "e"."NGUOI_TAO_ID", "e"."NHOM_DON_VI_ID", "e"."OLD_CAP_DON_VI_ID", "e"."PARENT_ID", "e"."SO_QUYET_DINH", "e"."SO_QUYET_DINH_GIAO_VON", "e"."TEN", "e"."TINH_ID", "e"."TRANG_THAI_DONG_BO_ID", "e"."TRANG_THAI_ID", "e"."TRANG_THAI_THAY_DOI_ID", "e"."TREE_LEVEL", "e"."TREE_NODE", "e"."XA_ID"
      FROM "DM_DON_VI" "e"
      WHERE "e"."ID" = :get_Item_0
      FETCH FIRST 1 ROWS ONLY
info: Microsoft.EntityFrameworkCore.Database.Command[20101]
      Executed DbCommand (34ms) [Parameters=[:TREE_NODE_LON_NHAT_0='?' (Size = 2000)], CommandType='Text', CommandTimeout='0']
      SELECT "p"."ID", "p"."CAP_DON_VI_ID", "p"."CHE_DO_HACH_TOAN_ID", "p"."CO_TAI_SAN", "p"."CQTC_MA", "p"."DA_CO_QUYET_DINH_GIAO_VON", "p"."DB_ID", "p"."DIA_BAN_ID", "p"."DIA_CHI", "p"."DIEN_THOAI", "p"."DON_VI_HIEN_THI", "p"."FAX", "p"."HUYEN_ID", "p"."IS_TSQUAN_LY_CHU_KY_SO", "p"."IS_TSQUAN_LY_NHU_TSCD", "p"."IS_XAC_NHAN_DU_LIEU", "p"."KHONG_CHUYEN_MA", "p"."LA_BAN_QL_DU_AN", "p"."LA_DON_VI_NHAP_LIEU", "p"."LA_DON_VI_TU_CHU_TAI_CHINH", "p"."LIST_FILE_XAC_NHAN", "p"."LOAI_CAP_DON_VI_ID", "p"."LOAI_DON_VI_ID", "p"."MA", "p"."MA_BO", "p"."MA_CHUONG", "p"."MA_DIA_BAN", "p"."MA_DVQHNS", "p"."MA_HUYEN", "p"."MA_TINH", "p"."NGAY_CAP_NHAT", "p"."NGAY_QUYET_DINH", "p"."NGAY_QUYET_DINH_GIAO_VON", "p"."NGAY_TAO", "p"."NGAY_XAC_NHAN", "p"."NGUOI_CAP_NHAT_ID", "p"."NGUOI_TAO_ID", "p"."NHOM_DON_VI_ID", "p"."OLD_CAP_DON_VI_ID", "p"."PARENT_ID", "p"."SO_QUYET_DINH", "p"."SO_QUYET_DINH_GIAO_VON", "p"."TEN", "p"."TINH_ID", "p"."TRANG_THAI_DONG_BO_ID", "p"."TRANG_THAI_ID", "p"."TRANG_THAI_THAY_DOI_ID", "p"."TREE_LEVEL", "p"."TREE_NODE", "p"."XA_ID"
      FROM "DM_DON_VI" "p"
      WHERE ("p"."TREE_NODE" = :TREE_NODE_LON_NHAT_0) AND (("p"."TRANG_THAI_ID" <> 0) OR "p"."TRANG_THAI_ID" IS NULL)
      FETCH FIRST 1 ROWS ONLY
info: Microsoft.EntityFrameworkCore.Database.Command[20101]
      Executed DbCommand (16ms) [Parameters=[], CommandType='Text', CommandTimeout='0']
      SELECT "c"."ID"
      FROM "DM_DON_VI" "c"
      WHERE (CAST(LENGTH("c"."MA") AS NUMBER(10)) = 3) AND (COALESCE("c"."TRANG_THAI_ID", 0) = 1)
info: Microsoft.EntityFrameworkCore.Database.Command[20101]
      Executed DbCommand (6ms) [Parameters=[:donViCapTren_ID_0='?' (DbType = Decimal)], CommandType='Text', CommandTimeout='0']
      SELECT CASE
          WHEN EXISTS (
              SELECT 1
              FROM "DM_LOAI_TAI_SAN_DON_VI" "c"
              WHERE ("c"."LOAI_HINH_TAI_SAN_ID" = 10.0) AND ("c"."DON_VI_ID" = :donViCapTren_ID_0))
          THEN 1 ELSE 0
      END FROM DUAL
info: Microsoft.EntityFrameworkCore.Database.Command[20101]
      Executed DbCommand (34ms) [Parameters=[:TREE_NODE_LON_NHAT_0='?' (Size = 2000)], CommandType='Text', CommandTimeout='0']
      SELECT "p"."ID", "p"."CAP_DON_VI_ID", "p"."CHE_DO_HACH_TOAN_ID", "p"."CO_TAI_SAN", "p"."CQTC_MA", "p"."DA_CO_QUYET_DINH_GIAO_VON", "p"."DB_ID", "p"."DIA_BAN_ID", "p"."DIA_CHI", "p"."DIEN_THOAI", "p"."DON_VI_HIEN_THI", "p"."FAX", "p"."HUYEN_ID", "p"."IS_TSQUAN_LY_CHU_KY_SO", "p"."IS_TSQUAN_LY_NHU_TSCD", "p"."IS_XAC_NHAN_DU_LIEU", "p"."KHONG_CHUYEN_MA", "p"."LA_BAN_QL_DU_AN", "p"."LA_DON_VI_NHAP_LIEU", "p"."LA_DON_VI_TU_CHU_TAI_CHINH", "p"."LIST_FILE_XAC_NHAN", "p"."LOAI_CAP_DON_VI_ID", "p"."LOAI_DON_VI_ID", "p"."MA", "p"."MA_BO", "p"."MA_CHUONG", "p"."MA_DIA_BAN", "p"."MA_DVQHNS", "p"."MA_HUYEN", "p"."MA_TINH", "p"."NGAY_CAP_NHAT", "p"."NGAY_QUYET_DINH", "p"."NGAY_QUYET_DINH_GIAO_VON", "p"."NGAY_TAO", "p"."NGAY_XAC_NHAN", "p"."NGUOI_CAP_NHAT_ID", "p"."NGUOI_TAO_ID", "p"."NHOM_DON_VI_ID", "p"."OLD_CAP_DON_VI_ID", "p"."PARENT_ID", "p"."SO_QUYET_DINH", "p"."SO_QUYET_DINH_GIAO_VON", "p"."TEN", "p"."TINH_ID", "p"."TRANG_THAI_DONG_BO_ID", "p"."TRANG_THAI_ID", "p"."TRANG_THAI_THAY_DOI_ID", "p"."TREE_LEVEL", "p"."TREE_NODE", "p"."XA_ID"
      FROM "DM_DON_VI" "p"
      WHERE ("p"."TREE_NODE" = :TREE_NODE_LON_NHAT_0) AND (("p"."TRANG_THAI_ID" <> 0) OR "p"."TRANG_THAI_ID" IS NULL)
      FETCH FIRST 1 ROWS ONLY
info: Microsoft.EntityFrameworkCore.Database.Command[20101]
      Executed DbCommand (5ms) [Parameters=[:get_Item_0='?' (DbType = Decimal)], CommandType='Text', CommandTimeout='0']
      SELECT "e"."ID", "e"."CAP_DON_VI_ID", "e"."CHE_DO_HACH_TOAN_ID", "e"."CO_TAI_SAN", "e"."CQTC_MA", "e"."DA_CO_QUYET_DINH_GIAO_VON", "e"."DB_ID", "e"."DIA_BAN_ID", "e"."DIA_CHI", "e"."DIEN_THOAI", "e"."DON_VI_HIEN_THI", "e"."FAX", "e"."HUYEN_ID", "e"."IS_TSQUAN_LY_CHU_KY_SO", "e"."IS_TSQUAN_LY_NHU_TSCD", "e"."IS_XAC_NHAN_DU_LIEU", "e"."KHONG_CHUYEN_MA", "e"."LA_BAN_QL_DU_AN", "e"."LA_DON_VI_NHAP_LIEU", "e"."LA_DON_VI_TU_CHU_TAI_CHINH", "e"."LIST_FILE_XAC_NHAN", "e"."LOAI_CAP_DON_VI_ID", "e"."LOAI_DON_VI_ID", "e"."MA", "e"."MA_BO", "e"."MA_CHUONG", "e"."MA_DIA_BAN", "e"."MA_DVQHNS", "e"."MA_HUYEN", "e"."MA_TINH", "e"."NGAY_CAP_NHAT", "e"."NGAY_QUYET_DINH", "e"."NGAY_QUYET_DINH_GIAO_VON", "e"."NGAY_TAO", "e"."NGAY_XAC_NHAN", "e"."NGUOI_CAP_NHAT_ID", "e"."NGUOI_TAO_ID", "e"."NHOM_DON_VI_ID", "e"."OLD_CAP_DON_VI_ID", "e"."PARENT_ID", "e"."SO_QUYET_DINH", "e"."SO_QUYET_DINH_GIAO_VON", "e"."TEN", "e"."TINH_ID", "e"."TRANG_THAI_DONG_BO_ID", "e"."TRANG_THAI_ID", "e"."TRANG_THAI_THAY_DOI_ID", "e"."TREE_LEVEL", "e"."TREE_NODE", "e"."XA_ID"
      FROM "DM_DON_VI" "e"
      WHERE "e"."ID" = :get_Item_0
      FETCH FIRST 1 ROWS ONLY
info: Microsoft.AspNetCore.Mvc.Internal.ControllerActionInvoker[2]
      Executed action method GS.Web.Controllers.TaiSanController.ChonLoaiTaiSan (GS.Web), returned result Microsoft.AspNetCore.Mvc.ViewResult in 337.3891ms.
info: Microsoft.AspNetCore.Mvc.ViewFeatures.ViewResultExecutor[1]
      Executing ViewResult, running view ChonLoaiTaiSan.
info: Microsoft.EntityFrameworkCore.Database.Command[20101]
      Executed DbCommand (3ms) [Parameters=[:Ma_0='?' (Size = 2000)], CommandType='Text', CommandTimeout='0']
      SELECT "l"."GIA_TRI"
      FROM "QL_NHAN_HIEN_THI" "l"
      WHERE "l"."MA" = :Ma_0
      FETCH FIRST 1 ROWS ONLY
info: Microsoft.EntityFrameworkCore.Database.Command[20101]
      Executed DbCommand (2ms) [Parameters=[:nguoiDung_ID_0='?' (DbType = Decimal)], CommandType='Text', CommandTimeout='0']
      SELECT "c"."VAI_TRO_ID"
      FROM "QL_VAI_TRO_NGUOI_DUNG" "c"
      WHERE "c"."NGUOI_DUNG_ID" = :nguoiDung_ID_0
info: Microsoft.EntityFrameworkCore.Database.Command[20101]
      Executed DbCommand (3ms) [Parameters=[:Ma_0='?' (Size = 2000)], CommandType='Text', CommandTimeout='0']
      SELECT "l"."GIA_TRI"
      FROM "QL_NHAN_HIEN_THI" "l"
      WHERE "l"."MA" = :Ma_0
      FETCH FIRST 1 ROWS ONLY
info: Microsoft.EntityFrameworkCore.Database.Command[20101]
      Executed DbCommand (2ms) [Parameters=[:nguoiDung_ID_0='?' (DbType = Decimal)], CommandType='Text', CommandTimeout='0']
      SELECT "c"."VAI_TRO_ID"
      FROM "QL_VAI_TRO_NGUOI_DUNG" "c"
      WHERE "c"."NGUOI_DUNG_ID" = :nguoiDung_ID_0
info: Microsoft.EntityFrameworkCore.Database.Command[20101]
      Executed DbCommand (2ms) [Parameters=[:Ma_0='?' (Size = 2000)], CommandType='Text', CommandTimeout='0']
      SELECT "l"."GIA_TRI"
      FROM "QL_NHAN_HIEN_THI" "l"
      WHERE "l"."MA" = :Ma_0
      FETCH FIRST 1 ROWS ONLY
info: Microsoft.EntityFrameworkCore.Database.Command[20101]
      Executed DbCommand (2ms) [Parameters=[:nguoiDung_ID_0='?' (DbType = Decimal)], CommandType='Text', CommandTimeout='0']
      SELECT "c"."VAI_TRO_ID"
      FROM "QL_VAI_TRO_NGUOI_DUNG" "c"
      WHERE "c"."NGUOI_DUNG_ID" = :nguoiDung_ID_0
info: Microsoft.EntityFrameworkCore.Database.Command[20101]
      Executed DbCommand (2ms) [Parameters=[:Ma_0='?' (Size = 2000)], CommandType='Text', CommandTimeout='0']
      SELECT "l"."GIA_TRI"
      FROM "QL_NHAN_HIEN_THI" "l"
      WHERE "l"."MA" = :Ma_0
      FETCH FIRST 1 ROWS ONLY
info: Microsoft.EntityFrameworkCore.Database.Command[20101]
      Executed DbCommand (3ms) [Parameters=[:nguoiDung_ID_0='?' (DbType = Decimal)], CommandType='Text', CommandTimeout='0']
      SELECT "c"."VAI_TRO_ID"
      FROM "QL_VAI_TRO_NGUOI_DUNG" "c"
      WHERE "c"."NGUOI_DUNG_ID" = :nguoiDung_ID_0
info: Microsoft.EntityFrameworkCore.Database.Command[20101]
      Executed DbCommand (3ms) [Parameters=[:Ma_0='?' (Size = 2000)], CommandType='Text', CommandTimeout='0']
      SELECT "l"."GIA_TRI"
      FROM "QL_NHAN_HIEN_THI" "l"
      WHERE "l"."MA" = :Ma_0
      FETCH FIRST 1 ROWS ONLY
info: Microsoft.EntityFrameworkCore.Database.Command[20101]
      Executed DbCommand (2ms) [Parameters=[:nguoiDung_ID_0='?' (DbType = Decimal)], CommandType='Text', CommandTimeout='0']
      SELECT "c"."VAI_TRO_ID"
      FROM "QL_VAI_TRO_NGUOI_DUNG" "c"
      WHERE "c"."NGUOI_DUNG_ID" = :nguoiDung_ID_0
info: Microsoft.EntityFrameworkCore.Database.Command[20101]
      Executed DbCommand (2ms) [Parameters=[:Ma_0='?' (Size = 2000)], CommandType='Text', CommandTimeout='0']
      SELECT "l"."GIA_TRI"
      FROM "QL_NHAN_HIEN_THI" "l"
      WHERE "l"."MA" = :Ma_0
      FETCH FIRST 1 ROWS ONLY
info: Microsoft.EntityFrameworkCore.Database.Command[20101]
      Executed DbCommand (2ms) [Parameters=[:nguoiDung_ID_0='?' (DbType = Decimal)], CommandType='Text', CommandTimeout='0']
      SELECT "c"."VAI_TRO_ID"
      FROM "QL_VAI_TRO_NGUOI_DUNG" "c"
      WHERE "c"."NGUOI_DUNG_ID" = :nguoiDung_ID_0
info: Microsoft.EntityFrameworkCore.Database.Command[20101]
      Executed DbCommand (3ms) [Parameters=[:Ma_0='?' (Size = 2000)], CommandType='Text', CommandTimeout='0']
      SELECT "l"."GIA_TRI"
      FROM "QL_NHAN_HIEN_THI" "l"
      WHERE "l"."MA" = :Ma_0
      FETCH FIRST 1 ROWS ONLY
info: Microsoft.EntityFrameworkCore.Database.Command[20101]
      Executed DbCommand (2ms) [Parameters=[:nguoiDung_ID_0='?' (DbType = Decimal)], CommandType='Text', CommandTimeout='0']
      SELECT "c"."VAI_TRO_ID"
      FROM "QL_VAI_TRO_NGUOI_DUNG" "c"
      WHERE "c"."NGUOI_DUNG_ID" = :nguoiDung_ID_0
info: Microsoft.EntityFrameworkCore.Database.Command[20101]
      Executed DbCommand (3ms) [Parameters=[:Ma_0='?' (Size = 2000)], CommandType='Text', CommandTimeout='0']
      SELECT "l"."GIA_TRI"
      FROM "QL_NHAN_HIEN_THI" "l"
      WHERE "l"."MA" = :Ma_0
      FETCH FIRST 1 ROWS ONLY
info: Microsoft.EntityFrameworkCore.Database.Command[20101]
      Executed DbCommand (3ms) [Parameters=[:nguoiDung_ID_0='?' (DbType = Decimal)], CommandType='Text', CommandTimeout='0']
      SELECT "c"."VAI_TRO_ID"
      FROM "QL_VAI_TRO_NGUOI_DUNG" "c"
      WHERE "c"."NGUOI_DUNG_ID" = :nguoiDung_ID_0
info: Microsoft.EntityFrameworkCore.Database.Command[20101]
      Executed DbCommand (3ms) [Parameters=[:Ma_0='?' (Size = 2000)], CommandType='Text', CommandTimeout='0']
      SELECT "l"."GIA_TRI"
      FROM "QL_NHAN_HIEN_THI" "l"
      WHERE "l"."MA" = :Ma_0
      FETCH FIRST 1 ROWS ONLY
info: Microsoft.EntityFrameworkCore.Database.Command[20101]
      Executed DbCommand (2ms) [Parameters=[:nguoiDung_ID_0='?' (DbType = Decimal)], CommandType='Text', CommandTimeout='0']
      SELECT "c"."VAI_TRO_ID"
      FROM "QL_VAI_TRO_NGUOI_DUNG" "c"
      WHERE "c"."NGUOI_DUNG_ID" = :nguoiDung_ID_0
info: Microsoft.EntityFrameworkCore.Database.Command[20101]
      Executed DbCommand (2ms) [Parameters=[:Ma_0='?' (Size = 2000)], CommandType='Text', CommandTimeout='0']
      SELECT "l"."GIA_TRI"
      FROM "QL_NHAN_HIEN_THI" "l"
      WHERE "l"."MA" = :Ma_0
      FETCH FIRST 1 ROWS ONLY
info: Microsoft.EntityFrameworkCore.Database.Command[20101]
      Executed DbCommand (2ms) [Parameters=[:nguoiDung_ID_0='?' (DbType = Decimal)], CommandType='Text', CommandTimeout='0']
      SELECT "c"."VAI_TRO_ID"
      FROM "QL_VAI_TRO_NGUOI_DUNG" "c"
      WHERE "c"."NGUOI_DUNG_ID" = :nguoiDung_ID_0
info: Microsoft.EntityFrameworkCore.Database.Command[20101]
      Executed DbCommand (3ms) [Parameters=[:Ma_0='?' (Size = 2000)], CommandType='Text', CommandTimeout='0']
      SELECT "l"."GIA_TRI"
      FROM "QL_NHAN_HIEN_THI" "l"
      WHERE "l"."MA" = :Ma_0
      FETCH FIRST 1 ROWS ONLY
info: Microsoft.EntityFrameworkCore.Database.Command[20101]
      Executed DbCommand (3ms) [Parameters=[:nguoiDung_ID_0='?' (DbType = Decimal)], CommandType='Text', CommandTimeout='0']
      SELECT "c"."VAI_TRO_ID"
      FROM "QL_VAI_TRO_NGUOI_DUNG" "c"
      WHERE "c"."NGUOI_DUNG_ID" = :nguoiDung_ID_0
info: Microsoft.EntityFrameworkCore.Database.Command[20101]
      Executed DbCommand (3ms) [Parameters=[:Ma_0='?' (Size = 2000)], CommandType='Text', CommandTimeout='0']
      SELECT "l"."GIA_TRI"
      FROM "QL_NHAN_HIEN_THI" "l"
      WHERE "l"."MA" = :Ma_0
      FETCH FIRST 1 ROWS ONLY
info: Microsoft.EntityFrameworkCore.Database.Command[20101]
      Executed DbCommand (2ms) [Parameters=[:nguoiDung_ID_0='?' (DbType = Decimal)], CommandType='Text', CommandTimeout='0']
      SELECT "c"."VAI_TRO_ID"
      FROM "QL_VAI_TRO_NGUOI_DUNG" "c"
      WHERE "c"."NGUOI_DUNG_ID" = :nguoiDung_ID_0
info: Microsoft.EntityFrameworkCore.Database.Command[20101]
      Executed DbCommand (2ms) [Parameters=[:nguoiDung_ID_0='?' (DbType = Decimal)], CommandType='Text', CommandTimeout='0']
      SELECT "c"."VAI_TRO_ID"
      FROM "QL_VAI_TRO_NGUOI_DUNG" "c"
      WHERE "c"."NGUOI_DUNG_ID" = :nguoiDung_ID_0
info: Microsoft.EntityFrameworkCore.Database.Command[20101]
      Executed DbCommand (2ms) [Parameters=[:Ma_0='?' (Size = 2000)], CommandType='Text', CommandTimeout='0']
      SELECT "l"."GIA_TRI"
      FROM "QL_NHAN_HIEN_THI" "l"
      WHERE "l"."MA" = :Ma_0
      FETCH FIRST 1 ROWS ONLY
info: Microsoft.EntityFrameworkCore.Database.Command[20101]
      Executed DbCommand (2ms) [Parameters=[:nguoiDung_ID_0='?' (DbType = Decimal)], CommandType='Text', CommandTimeout='0']
      SELECT "c"."VAI_TRO_ID"
      FROM "QL_VAI_TRO_NGUOI_DUNG" "c"
      WHERE "c"."NGUOI_DUNG_ID" = :nguoiDung_ID_0
info: Microsoft.EntityFrameworkCore.Database.Command[20101]
      Executed DbCommand (2ms) [Parameters=[:Ma_0='?' (Size = 2000)], CommandType='Text', CommandTimeout='0']
      SELECT "l"."GIA_TRI"
      FROM "QL_NHAN_HIEN_THI" "l"
      WHERE "l"."MA" = :Ma_0
      FETCH FIRST 1 ROWS ONLY
info: Microsoft.EntityFrameworkCore.Database.Command[20101]
      Executed DbCommand (2ms) [Parameters=[:nguoiDung_ID_0='?' (DbType = Decimal)], CommandType='Text', CommandTimeout='0']
      SELECT "c"."VAI_TRO_ID"
      FROM "QL_VAI_TRO_NGUOI_DUNG" "c"
      WHERE "c"."NGUOI_DUNG_ID" = :nguoiDung_ID_0
info: Microsoft.EntityFrameworkCore.Database.Command[20101]
      Executed DbCommand (2ms) [Parameters=[:Ma_0='?' (Size = 2000)], CommandType='Text', CommandTimeout='0']
      SELECT "l"."GIA_TRI"
      FROM "QL_NHAN_HIEN_THI" "l"
      WHERE "l"."MA" = :Ma_0
      FETCH FIRST 1 ROWS ONLY
info: Microsoft.EntityFrameworkCore.Database.Command[20101]
      Executed DbCommand (2ms) [Parameters=[:nguoiDung_ID_0='?' (DbType = Decimal)], CommandType='Text', CommandTimeout='0']
      SELECT "c"."VAI_TRO_ID"
      FROM "QL_VAI_TRO_NGUOI_DUNG" "c"
      WHERE "c"."NGUOI_DUNG_ID" = :nguoiDung_ID_0
info: Microsoft.EntityFrameworkCore.Database.Command[20101]
      Executed DbCommand (2ms) [Parameters=[:Ma_0='?' (Size = 2000)], CommandType='Text', CommandTimeout='0']
      SELECT "l"."GIA_TRI"
      FROM "QL_NHAN_HIEN_THI" "l"
      WHERE "l"."MA" = :Ma_0
      FETCH FIRST 1 ROWS ONLY
info: Microsoft.EntityFrameworkCore.Database.Command[20101]
      Executed DbCommand (2ms) [Parameters=[:nguoiDung_ID_0='?' (DbType = Decimal)], CommandType='Text', CommandTimeout='0']
      SELECT "c"."VAI_TRO_ID"
      FROM "QL_VAI_TRO_NGUOI_DUNG" "c"
      WHERE "c"."NGUOI_DUNG_ID" = :nguoiDung_ID_0
info: Microsoft.EntityFrameworkCore.Database.Command[20101]
      Executed DbCommand (2ms) [Parameters=[:Ma_0='?' (Size = 2000)], CommandType='Text', CommandTimeout='0']
      SELECT "l"."GIA_TRI"
      FROM "QL_NHAN_HIEN_THI" "l"
      WHERE "l"."MA" = :Ma_0
      FETCH FIRST 1 ROWS ONLY
info: Microsoft.EntityFrameworkCore.Database.Command[20101]
      Executed DbCommand (2ms) [Parameters=[:nguoiDung_ID_0='?' (DbType = Decimal)], CommandType='Text', CommandTimeout='0']
      SELECT "c"."VAI_TRO_ID"
      FROM "QL_VAI_TRO_NGUOI_DUNG" "c"
      WHERE "c"."NGUOI_DUNG_ID" = :nguoiDung_ID_0
info: Microsoft.EntityFrameworkCore.Database.Command[20101]
      Executed DbCommand (3ms) [Parameters=[:Ma_0='?' (Size = 2000)], CommandType='Text', CommandTimeout='0']
      SELECT "l"."GIA_TRI"
      FROM "QL_NHAN_HIEN_THI" "l"
      WHERE "l"."MA" = :Ma_0
      FETCH FIRST 1 ROWS ONLY
info: Microsoft.EntityFrameworkCore.Database.Command[20101]
      Executed DbCommand (2ms) [Parameters=[:nguoiDung_ID_0='?' (DbType = Decimal)], CommandType='Text', CommandTimeout='0']
      SELECT "c"."VAI_TRO_ID"
      FROM "QL_VAI_TRO_NGUOI_DUNG" "c"
      WHERE "c"."NGUOI_DUNG_ID" = :nguoiDung_ID_0
info: Microsoft.EntityFrameworkCore.Database.Command[20101]
      Executed DbCommand (2ms) [Parameters=[:Ma_0='?' (Size = 2000)], CommandType='Text', CommandTimeout='0']
      SELECT "l"."GIA_TRI"
      FROM "QL_NHAN_HIEN_THI" "l"
      WHERE "l"."MA" = :Ma_0
      FETCH FIRST 1 ROWS ONLY
info: Microsoft.EntityFrameworkCore.Database.Command[20101]
      Executed DbCommand (2ms) [Parameters=[:nguoiDung_ID_0='?' (DbType = Decimal)], CommandType='Text', CommandTimeout='0']
      SELECT "c"."VAI_TRO_ID"
      FROM "QL_VAI_TRO_NGUOI_DUNG" "c"
      WHERE "c"."NGUOI_DUNG_ID" = :nguoiDung_ID_0
info: Microsoft.EntityFrameworkCore.Database.Command[20101]
      Executed DbCommand (3ms) [Parameters=[:Ma_0='?' (Size = 2000)], CommandType='Text', CommandTimeout='0']
      SELECT "l"."GIA_TRI"
      FROM "QL_NHAN_HIEN_THI" "l"
      WHERE "l"."MA" = :Ma_0
      FETCH FIRST 1 ROWS ONLY
info: Microsoft.EntityFrameworkCore.Database.Command[20101]
      Executed DbCommand (2ms) [Parameters=[:nguoiDung_ID_0='?' (DbType = Decimal)], CommandType='Text', CommandTimeout='0']
      SELECT "c"."VAI_TRO_ID"
      FROM "QL_VAI_TRO_NGUOI_DUNG" "c"
      WHERE "c"."NGUOI_DUNG_ID" = :nguoiDung_ID_0
info: Microsoft.EntityFrameworkCore.Database.Command[20101]
      Executed DbCommand (2ms) [Parameters=[:Ma_0='?' (Size = 2000)], CommandType='Text', CommandTimeout='0']
      SELECT "l"."GIA_TRI"
      FROM "QL_NHAN_HIEN_THI" "l"
      WHERE "l"."MA" = :Ma_0
      FETCH FIRST 1 ROWS ONLY
info: Microsoft.EntityFrameworkCore.Database.Command[20101]
      Executed DbCommand (2ms) [Parameters=[:nguoiDung_ID_0='?' (DbType = Decimal)], CommandType='Text', CommandTimeout='0']
      SELECT "c"."VAI_TRO_ID"
      FROM "QL_VAI_TRO_NGUOI_DUNG" "c"
      WHERE "c"."NGUOI_DUNG_ID" = :nguoiDung_ID_0
info: Microsoft.EntityFrameworkCore.Database.Command[20101]
      Executed DbCommand (2ms) [Parameters=[:Ma_0='?' (Size = 2000)], CommandType='Text', CommandTimeout='0']
      SELECT "l"."GIA_TRI"
      FROM "QL_NHAN_HIEN_THI" "l"
      WHERE "l"."MA" = :Ma_0
      FETCH FIRST 1 ROWS ONLY
info: Microsoft.EntityFrameworkCore.Database.Command[20101]
      Executed DbCommand (2ms) [Parameters=[:nguoiDung_ID_0='?' (DbType = Decimal)], CommandType='Text', CommandTimeout='0']
      SELECT "c"."VAI_TRO_ID"
      FROM "QL_VAI_TRO_NGUOI_DUNG" "c"
      WHERE "c"."NGUOI_DUNG_ID" = :nguoiDung_ID_0
info: Microsoft.EntityFrameworkCore.Database.Command[20101]
      Executed DbCommand (2ms) [Parameters=[:Ma_0='?' (Size = 2000)], CommandType='Text', CommandTimeout='0']
      SELECT "l"."GIA_TRI"
      FROM "QL_NHAN_HIEN_THI" "l"
      WHERE "l"."MA" = :Ma_0
      FETCH FIRST 1 ROWS ONLY
info: Microsoft.EntityFrameworkCore.Database.Command[20101]
      Executed DbCommand (2ms) [Parameters=[:nguoiDung_ID_0='?' (DbType = Decimal)], CommandType='Text', CommandTimeout='0']
      SELECT "c"."VAI_TRO_ID"
      FROM "QL_VAI_TRO_NGUOI_DUNG" "c"
      WHERE "c"."NGUOI_DUNG_ID" = :nguoiDung_ID_0
info: Microsoft.EntityFrameworkCore.Database.Command[20101]
      Executed DbCommand (2ms) [Parameters=[:Ma_0='?' (Size = 2000)], CommandType='Text', CommandTimeout='0']
      SELECT "l"."GIA_TRI"
      FROM "QL_NHAN_HIEN_THI" "l"
      WHERE "l"."MA" = :Ma_0
      FETCH FIRST 1 ROWS ONLY
info: Microsoft.EntityFrameworkCore.Database.Command[20101]
      Executed DbCommand (2ms) [Parameters=[:nguoiDung_ID_0='?' (DbType = Decimal)], CommandType='Text', CommandTimeout='0']
      SELECT "c"."VAI_TRO_ID"
      FROM "QL_VAI_TRO_NGUOI_DUNG" "c"
      WHERE "c"."NGUOI_DUNG_ID" = :nguoiDung_ID_0
info: Microsoft.EntityFrameworkCore.Database.Command[20101]
      Executed DbCommand (3ms) [Parameters=[:Ma_0='?' (Size = 2000)], CommandType='Text', CommandTimeout='0']
      SELECT "l"."GIA_TRI"
      FROM "QL_NHAN_HIEN_THI" "l"
      WHERE "l"."MA" = :Ma_0
      FETCH FIRST 1 ROWS ONLY
info: Microsoft.EntityFrameworkCore.Database.Command[20101]
      Executed DbCommand (2ms) [Parameters=[:nguoiDung_ID_0='?' (DbType = Decimal)], CommandType='Text', CommandTimeout='0']
      SELECT "c"."VAI_TRO_ID"
      FROM "QL_VAI_TRO_NGUOI_DUNG" "c"
      WHERE "c"."NGUOI_DUNG_ID" = :nguoiDung_ID_0
info: Microsoft.EntityFrameworkCore.Database.Command[20101]
      Executed DbCommand (3ms) [Parameters=[:Ma_0='?' (Size = 2000)], CommandType='Text', CommandTimeout='0']
      SELECT "l"."GIA_TRI"
      FROM "QL_NHAN_HIEN_THI" "l"
      WHERE "l"."MA" = :Ma_0
      FETCH FIRST 1 ROWS ONLY
info: Microsoft.EntityFrameworkCore.Database.Command[20101]
      Executed DbCommand (3ms) [Parameters=[:nguoiDung_ID_0='?' (DbType = Decimal)], CommandType='Text', CommandTimeout='0']
      SELECT "c"."VAI_TRO_ID"
      FROM "QL_VAI_TRO_NGUOI_DUNG" "c"
      WHERE "c"."NGUOI_DUNG_ID" = :nguoiDung_ID_0
info: Microsoft.EntityFrameworkCore.Database.Command[20101]
      Executed DbCommand (4ms) [Parameters=[:Ma_0='?' (Size = 2000)], CommandType='Text', CommandTimeout='0']
      SELECT "l"."GIA_TRI"
      FROM "QL_NHAN_HIEN_THI" "l"
      WHERE "l"."MA" = :Ma_0
      FETCH FIRST 1 ROWS ONLY
info: Microsoft.EntityFrameworkCore.Database.Command[20101]
      Executed DbCommand (3ms) [Parameters=[:nguoiDung_ID_0='?' (DbType = Decimal)], CommandType='Text', CommandTimeout='0']
      SELECT "c"."VAI_TRO_ID"
      FROM "QL_VAI_TRO_NGUOI_DUNG" "c"
      WHERE "c"."NGUOI_DUNG_ID" = :nguoiDung_ID_0
info: Microsoft.EntityFrameworkCore.Database.Command[20101]
      Executed DbCommand (3ms) [Parameters=[:Ma_0='?' (Size = 2000)], CommandType='Text', CommandTimeout='0']
      SELECT "l"."GIA_TRI"
      FROM "QL_NHAN_HIEN_THI" "l"
      WHERE "l"."MA" = :Ma_0
      FETCH FIRST 1 ROWS ONLY
info: Microsoft.EntityFrameworkCore.Database.Command[20101]
      Executed DbCommand (3ms) [Parameters=[:nguoiDung_ID_0='?' (DbType = Decimal)], CommandType='Text', CommandTimeout='0']
      SELECT "c"."VAI_TRO_ID"
      FROM "QL_VAI_TRO_NGUOI_DUNG" "c"
      WHERE "c"."NGUOI_DUNG_ID" = :nguoiDung_ID_0
info: Microsoft.EntityFrameworkCore.Database.Command[20101]
      Executed DbCommand (3ms) [Parameters=[:Ma_0='?' (Size = 2000)], CommandType='Text', CommandTimeout='0']
      SELECT "l"."GIA_TRI"
      FROM "QL_NHAN_HIEN_THI" "l"
      WHERE "l"."MA" = :Ma_0
      FETCH FIRST 1 ROWS ONLY
info: Microsoft.EntityFrameworkCore.Database.Command[20101]
      Executed DbCommand (3ms) [Parameters=[:nguoiDung_ID_0='?' (DbType = Decimal)], CommandType='Text', CommandTimeout='0']
      SELECT "c"."VAI_TRO_ID"
      FROM "QL_VAI_TRO_NGUOI_DUNG" "c"
      WHERE "c"."NGUOI_DUNG_ID" = :nguoiDung_ID_0
info: Microsoft.EntityFrameworkCore.Database.Command[20101]
      Executed DbCommand (3ms) [Parameters=[:Ma_0='?' (Size = 2000)], CommandType='Text', CommandTimeout='0']
      SELECT "l"."GIA_TRI"
      FROM "QL_NHAN_HIEN_THI" "l"
      WHERE "l"."MA" = :Ma_0
      FETCH FIRST 1 ROWS ONLY
info: Microsoft.EntityFrameworkCore.Database.Command[20101]
      Executed DbCommand (2ms) [Parameters=[:nguoiDung_ID_0='?' (DbType = Decimal)], CommandType='Text', CommandTimeout='0']
      SELECT "c"."VAI_TRO_ID"
      FROM "QL_VAI_TRO_NGUOI_DUNG" "c"
      WHERE "c"."NGUOI_DUNG_ID" = :nguoiDung_ID_0
info: Microsoft.EntityFrameworkCore.Database.Command[20101]
      Executed DbCommand (4ms) [Parameters=[:Ma_0='?' (Size = 2000)], CommandType='Text', CommandTimeout='0']
      SELECT "l"."GIA_TRI"
      FROM "QL_NHAN_HIEN_THI" "l"
      WHERE "l"."MA" = :Ma_0
      FETCH FIRST 1 ROWS ONLY
info: Microsoft.EntityFrameworkCore.Database.Command[20101]
      Executed DbCommand (3ms) [Parameters=[:nguoiDung_ID_0='?' (DbType = Decimal)], CommandType='Text', CommandTimeout='0']
      SELECT "c"."VAI_TRO_ID"
      FROM "QL_VAI_TRO_NGUOI_DUNG" "c"
      WHERE "c"."NGUOI_DUNG_ID" = :nguoiDung_ID_0
info: Microsoft.EntityFrameworkCore.Database.Command[20101]
      Executed DbCommand (3ms) [Parameters=[:Ma_0='?' (Size = 2000)], CommandType='Text', CommandTimeout='0']
      SELECT "l"."GIA_TRI"
      FROM "QL_NHAN_HIEN_THI" "l"
      WHERE "l"."MA" = :Ma_0
      FETCH FIRST 1 ROWS ONLY
info: Microsoft.EntityFrameworkCore.Database.Command[20101]
      Executed DbCommand (2ms) [Parameters=[:nguoiDung_ID_0='?' (DbType = Decimal)], CommandType='Text', CommandTimeout='0']
      SELECT "c"."VAI_TRO_ID"
      FROM "QL_VAI_TRO_NGUOI_DUNG" "c"
      WHERE "c"."NGUOI_DUNG_ID" = :nguoiDung_ID_0
info: Microsoft.EntityFrameworkCore.Database.Command[20101]
      Executed DbCommand (3ms) [Parameters=[:Ma_0='?' (Size = 2000)], CommandType='Text', CommandTimeout='0']
      SELECT "l"."GIA_TRI"
      FROM "QL_NHAN_HIEN_THI" "l"
      WHERE "l"."MA" = :Ma_0
      FETCH FIRST 1 ROWS ONLY
info: Microsoft.EntityFrameworkCore.Database.Command[20101]
      Executed DbCommand (3ms) [Parameters=[:nguoiDung_ID_0='?' (DbType = Decimal)], CommandType='Text', CommandTimeout='0']
      SELECT "c"."VAI_TRO_ID"
      FROM "QL_VAI_TRO_NGUOI_DUNG" "c"
      WHERE "c"."NGUOI_DUNG_ID" = :nguoiDung_ID_0
info: Microsoft.EntityFrameworkCore.Database.Command[20101]
      Executed DbCommand (4ms) [Parameters=[:Ma_0='?' (Size = 2000)], CommandType='Text', CommandTimeout='0']
      SELECT "l"."GIA_TRI"
      FROM "QL_NHAN_HIEN_THI" "l"
      WHERE "l"."MA" = :Ma_0
      FETCH FIRST 1 ROWS ONLY
info: Microsoft.EntityFrameworkCore.Database.Command[20101]
      Executed DbCommand (3ms) [Parameters=[:nguoiDung_ID_0='?' (DbType = Decimal)], CommandType='Text', CommandTimeout='0']
      SELECT "c"."VAI_TRO_ID"
      FROM "QL_VAI_TRO_NGUOI_DUNG" "c"
      WHERE "c"."NGUOI_DUNG_ID" = :nguoiDung_ID_0
info: Microsoft.EntityFrameworkCore.Database.Command[20101]
      Executed DbCommand (3ms) [Parameters=[:Ma_0='?' (Size = 2000)], CommandType='Text', CommandTimeout='0']
      SELECT "l"."GIA_TRI"
      FROM "QL_NHAN_HIEN_THI" "l"
      WHERE "l"."MA" = :Ma_0
      FETCH FIRST 1 ROWS ONLY
info: Microsoft.EntityFrameworkCore.Database.Command[20101]
      Executed DbCommand (3ms) [Parameters=[:nguoiDung_ID_0='?' (DbType = Decimal)], CommandType='Text', CommandTimeout='0']
      SELECT "c"."VAI_TRO_ID"
      FROM "QL_VAI_TRO_NGUOI_DUNG" "c"
      WHERE "c"."NGUOI_DUNG_ID" = :nguoiDung_ID_0
info: Microsoft.EntityFrameworkCore.Database.Command[20101]
      Executed DbCommand (3ms) [Parameters=[:Ma_0='?' (Size = 2000)], CommandType='Text', CommandTimeout='0']
      SELECT "l"."GIA_TRI"
      FROM "QL_NHAN_HIEN_THI" "l"
      WHERE "l"."MA" = :Ma_0
      FETCH FIRST 1 ROWS ONLY
info: Microsoft.EntityFrameworkCore.Database.Command[20101]
      Executed DbCommand (3ms) [Parameters=[:nguoiDung_ID_0='?' (DbType = Decimal)], CommandType='Text', CommandTimeout='0']
      SELECT "c"."VAI_TRO_ID"
      FROM "QL_VAI_TRO_NGUOI_DUNG" "c"
      WHERE "c"."NGUOI_DUNG_ID" = :nguoiDung_ID_0
info: Microsoft.EntityFrameworkCore.Database.Command[20101]
      Executed DbCommand (3ms) [Parameters=[:Ma_0='?' (Size = 2000)], CommandType='Text', CommandTimeout='0']
      SELECT "l"."GIA_TRI"
      FROM "QL_NHAN_HIEN_THI" "l"
      WHERE "l"."MA" = :Ma_0
      FETCH FIRST 1 ROWS ONLY
info: Microsoft.EntityFrameworkCore.Database.Command[20101]
      Executed DbCommand (2ms) [Parameters=[:nguoiDung_ID_0='?' (DbType = Decimal)], CommandType='Text', CommandTimeout='0']
      SELECT "c"."VAI_TRO_ID"
      FROM "QL_VAI_TRO_NGUOI_DUNG" "c"
      WHERE "c"."NGUOI_DUNG_ID" = :nguoiDung_ID_0
info: Microsoft.EntityFrameworkCore.Database.Command[20101]
      Executed DbCommand (3ms) [Parameters=[:Ma_0='?' (Size = 2000)], CommandType='Text', CommandTimeout='0']
      SELECT "l"."GIA_TRI"
      FROM "QL_NHAN_HIEN_THI" "l"
      WHERE "l"."MA" = :Ma_0
      FETCH FIRST 1 ROWS ONLY
info: Microsoft.EntityFrameworkCore.Database.Command[20101]
      Executed DbCommand (3ms) [Parameters=[:nguoiDung_ID_0='?' (DbType = Decimal)], CommandType='Text', CommandTimeout='0']
      SELECT "c"."VAI_TRO_ID"
      FROM "QL_VAI_TRO_NGUOI_DUNG" "c"
      WHERE "c"."NGUOI_DUNG_ID" = :nguoiDung_ID_0
info: Microsoft.EntityFrameworkCore.Database.Command[20101]
      Executed DbCommand (3ms) [Parameters=[:Ma_0='?' (Size = 2000)], CommandType='Text', CommandTimeout='0']
      SELECT "l"."GIA_TRI"
      FROM "QL_NHAN_HIEN_THI" "l"
      WHERE "l"."MA" = :Ma_0
      FETCH FIRST 1 ROWS ONLY
info: Microsoft.EntityFrameworkCore.Database.Command[20101]
      Executed DbCommand (3ms) [Parameters=[:nguoiDung_ID_0='?' (DbType = Decimal)], CommandType='Text', CommandTimeout='0']
      SELECT "c"."VAI_TRO_ID"
      FROM "QL_VAI_TRO_NGUOI_DUNG" "c"
      WHERE "c"."NGUOI_DUNG_ID" = :nguoiDung_ID_0
info: Microsoft.EntityFrameworkCore.Database.Command[20101]
      Executed DbCommand (3ms) [Parameters=[:Ma_0='?' (Size = 2000)], CommandType='Text', CommandTimeout='0']
      SELECT "l"."GIA_TRI"
      FROM "QL_NHAN_HIEN_THI" "l"
      WHERE "l"."MA" = :Ma_0
      FETCH FIRST 1 ROWS ONLY
info: Microsoft.EntityFrameworkCore.Database.Command[20101]
      Executed DbCommand (3ms) [Parameters=[:nguoiDung_ID_0='?' (DbType = Decimal)], CommandType='Text', CommandTimeout='0']
      SELECT "c"."VAI_TRO_ID"
      FROM "QL_VAI_TRO_NGUOI_DUNG" "c"
      WHERE "c"."NGUOI_DUNG_ID" = :nguoiDung_ID_0
info: Microsoft.EntityFrameworkCore.Database.Command[20101]
      Executed DbCommand (3ms) [Parameters=[:Ma_0='?' (Size = 2000)], CommandType='Text', CommandTimeout='0']
      SELECT "l"."GIA_TRI"
      FROM "QL_NHAN_HIEN_THI" "l"
      WHERE "l"."MA" = :Ma_0
      FETCH FIRST 1 ROWS ONLY
info: Microsoft.EntityFrameworkCore.Database.Command[20101]
      Executed DbCommand (2ms) [Parameters=[:nguoiDung_ID_0='?' (DbType = Decimal)], CommandType='Text', CommandTimeout='0']
      SELECT "c"."VAI_TRO_ID"
      FROM "QL_VAI_TRO_NGUOI_DUNG" "c"
      WHERE "c"."NGUOI_DUNG_ID" = :nguoiDung_ID_0
info: Microsoft.EntityFrameworkCore.Database.Command[20101]
      Executed DbCommand (3ms) [Parameters=[:Ma_0='?' (Size = 2000)], CommandType='Text', CommandTimeout='0']
      SELECT "l"."GIA_TRI"
      FROM "QL_NHAN_HIEN_THI" "l"
      WHERE "l"."MA" = :Ma_0
      FETCH FIRST 1 ROWS ONLY
info: Microsoft.EntityFrameworkCore.Database.Command[20101]
      Executed DbCommand (3ms) [Parameters=[:nguoiDung_ID_0='?' (DbType = Decimal)], CommandType='Text', CommandTimeout='0']
      SELECT "c"."VAI_TRO_ID"
      FROM "QL_VAI_TRO_NGUOI_DUNG" "c"
      WHERE "c"."NGUOI_DUNG_ID" = :nguoiDung_ID_0
info: Microsoft.EntityFrameworkCore.Database.Command[20101]
      Executed DbCommand (3ms) [Parameters=[:Ma_0='?' (Size = 2000)], CommandType='Text', CommandTimeout='0']
      SELECT "l"."GIA_TRI"
      FROM "QL_NHAN_HIEN_THI" "l"
      WHERE "l"."MA" = :Ma_0
      FETCH FIRST 1 ROWS ONLY
info: Microsoft.EntityFrameworkCore.Database.Command[20101]
      Executed DbCommand (3ms) [Parameters=[:nguoiDung_ID_0='?' (DbType = Decimal)], CommandType='Text', CommandTimeout='0']
      SELECT "c"."VAI_TRO_ID"
      FROM "QL_VAI_TRO_NGUOI_DUNG" "c"
      WHERE "c"."NGUOI_DUNG_ID" = :nguoiDung_ID_0
info: Microsoft.EntityFrameworkCore.Database.Command[20101]
      Executed DbCommand (2ms) [Parameters=[:Ma_0='?' (Size = 2000)], CommandType='Text', CommandTimeout='0']
      SELECT "l"."GIA_TRI"
      FROM "QL_NHAN_HIEN_THI" "l"
      WHERE "l"."MA" = :Ma_0
      FETCH FIRST 1 ROWS ONLY
info: Microsoft.EntityFrameworkCore.Database.Command[20101]
      Executed DbCommand (2ms) [Parameters=[:nguoiDung_ID_0='?' (DbType = Decimal)], CommandType='Text', CommandTimeout='0']
      SELECT "c"."VAI_TRO_ID"
      FROM "QL_VAI_TRO_NGUOI_DUNG" "c"
      WHERE "c"."NGUOI_DUNG_ID" = :nguoiDung_ID_0
info: Microsoft.EntityFrameworkCore.Database.Command[20101]
      Executed DbCommand (2ms) [Parameters=[:Ma_0='?' (Size = 2000)], CommandType='Text', CommandTimeout='0']
      SELECT "l"."GIA_TRI"
      FROM "QL_NHAN_HIEN_THI" "l"
      WHERE "l"."MA" = :Ma_0
      FETCH FIRST 1 ROWS ONLY
info: Microsoft.EntityFrameworkCore.Database.Command[20101]
      Executed DbCommand (3ms) [Parameters=[:nguoiDung_ID_0='?' (DbType = Decimal)], CommandType='Text', CommandTimeout='0']
      SELECT "c"."VAI_TRO_ID"
      FROM "QL_VAI_TRO_NGUOI_DUNG" "c"
      WHERE "c"."NGUOI_DUNG_ID" = :nguoiDung_ID_0
info: Microsoft.EntityFrameworkCore.Database.Command[20101]
      Executed DbCommand (3ms) [Parameters=[:Ma_0='?' (Size = 2000)], CommandType='Text', CommandTimeout='0']
      SELECT "l"."GIA_TRI"
      FROM "QL_NHAN_HIEN_THI" "l"
      WHERE "l"."MA" = :Ma_0
      FETCH FIRST 1 ROWS ONLY
info: Microsoft.EntityFrameworkCore.Database.Command[20101]
      Executed DbCommand (2ms) [Parameters=[:nguoiDung_ID_0='?' (DbType = Decimal)], CommandType='Text', CommandTimeout='0']
      SELECT "c"."VAI_TRO_ID"
      FROM "QL_VAI_TRO_NGUOI_DUNG" "c"
      WHERE "c"."NGUOI_DUNG_ID" = :nguoiDung_ID_0
info: Microsoft.EntityFrameworkCore.Database.Command[20101]
      Executed DbCommand (3ms) [Parameters=[:Ma_0='?' (Size = 2000)], CommandType='Text', CommandTimeout='0']
      SELECT "l"."GIA_TRI"
      FROM "QL_NHAN_HIEN_THI" "l"
      WHERE "l"."MA" = :Ma_0
      FETCH FIRST 1 ROWS ONLY
info: Microsoft.EntityFrameworkCore.Database.Command[20101]
      Executed DbCommand (2ms) [Parameters=[:nguoiDung_ID_0='?' (DbType = Decimal)], CommandType='Text', CommandTimeout='0']
      SELECT "c"."VAI_TRO_ID"
      FROM "QL_VAI_TRO_NGUOI_DUNG" "c"
      WHERE "c"."NGUOI_DUNG_ID" = :nguoiDung_ID_0
info: Microsoft.EntityFrameworkCore.Database.Command[20101]
      Executed DbCommand (2ms) [Parameters=[:Ma_0='?' (Size = 2000)], CommandType='Text', CommandTimeout='0']
      SELECT "l"."GIA_TRI"
      FROM "QL_NHAN_HIEN_THI" "l"
      WHERE "l"."MA" = :Ma_0
      FETCH FIRST 1 ROWS ONLY
info: Microsoft.EntityFrameworkCore.Database.Command[20101]
      Executed DbCommand (2ms) [Parameters=[:nguoiDung_ID_0='?' (DbType = Decimal)], CommandType='Text', CommandTimeout='0']
      SELECT "c"."VAI_TRO_ID"
      FROM "QL_VAI_TRO_NGUOI_DUNG" "c"
      WHERE "c"."NGUOI_DUNG_ID" = :nguoiDung_ID_0
info: Microsoft.EntityFrameworkCore.Database.Command[20101]
      Executed DbCommand (3ms) [Parameters=[:Ma_0='?' (Size = 2000)], CommandType='Text', CommandTimeout='0']
      SELECT "l"."GIA_TRI"
      FROM "QL_NHAN_HIEN_THI" "l"
      WHERE "l"."MA" = :Ma_0
      FETCH FIRST 1 ROWS ONLY
info: Microsoft.EntityFrameworkCore.Database.Command[20101]
      Executed DbCommand (2ms) [Parameters=[:nguoiDung_ID_0='?' (DbType = Decimal)], CommandType='Text', CommandTimeout='0']
      SELECT "c"."VAI_TRO_ID"
      FROM "QL_VAI_TRO_NGUOI_DUNG" "c"
      WHERE "c"."NGUOI_DUNG_ID" = :nguoiDung_ID_0
info: Microsoft.EntityFrameworkCore.Database.Command[20101]
      Executed DbCommand (2ms) [Parameters=[:Ma_0='?' (Size = 2000)], CommandType='Text', CommandTimeout='0']
      SELECT "l"."GIA_TRI"
      FROM "QL_NHAN_HIEN_THI" "l"
      WHERE "l"."MA" = :Ma_0
      FETCH FIRST 1 ROWS ONLY
info: Microsoft.EntityFrameworkCore.Database.Command[20101]
      Executed DbCommand (2ms) [Parameters=[:nguoiDung_ID_0='?' (DbType = Decimal)], CommandType='Text', CommandTimeout='0']
      SELECT "c"."VAI_TRO_ID"
      FROM "QL_VAI_TRO_NGUOI_DUNG" "c"
      WHERE "c"."NGUOI_DUNG_ID" = :nguoiDung_ID_0
info: Microsoft.EntityFrameworkCore.Database.Command[20101]
      Executed DbCommand (2ms) [Parameters=[:Ma_0='?' (Size = 2000)], CommandType='Text', CommandTimeout='0']
      SELECT "l"."GIA_TRI"
      FROM "QL_NHAN_HIEN_THI" "l"
      WHERE "l"."MA" = :Ma_0
      FETCH FIRST 1 ROWS ONLY
info: Microsoft.EntityFrameworkCore.Database.Command[20101]
      Executed DbCommand (2ms) [Parameters=[:nguoiDung_ID_0='?' (DbType = Decimal)], CommandType='Text', CommandTimeout='0']
      SELECT "c"."VAI_TRO_ID"
      FROM "QL_VAI_TRO_NGUOI_DUNG" "c"
      WHERE "c"."NGUOI_DUNG_ID" = :nguoiDung_ID_0
info: Microsoft.EntityFrameworkCore.Database.Command[20101]
      Executed DbCommand (2ms) [Parameters=[:Ma_0='?' (Size = 2000)], CommandType='Text', CommandTimeout='0']
      SELECT "l"."GIA_TRI"
      FROM "QL_NHAN_HIEN_THI" "l"
      WHERE "l"."MA" = :Ma_0
      FETCH FIRST 1 ROWS ONLY
info: Microsoft.EntityFrameworkCore.Database.Command[20101]
      Executed DbCommand (2ms) [Parameters=[:nguoiDung_ID_0='?' (DbType = Decimal)], CommandType='Text', CommandTimeout='0']
      SELECT "c"."VAI_TRO_ID"
      FROM "QL_VAI_TRO_NGUOI_DUNG" "c"
      WHERE "c"."NGUOI_DUNG_ID" = :nguoiDung_ID_0
info: Microsoft.EntityFrameworkCore.Database.Command[20101]
      Executed DbCommand (3ms) [Parameters=[:Ma_0='?' (Size = 2000)], CommandType='Text', CommandTimeout='0']
      SELECT "l"."GIA_TRI"
      FROM "QL_NHAN_HIEN_THI" "l"
      WHERE "l"."MA" = :Ma_0
      FETCH FIRST 1 ROWS ONLY
info: Microsoft.EntityFrameworkCore.Database.Command[20101]
      Executed DbCommand (2ms) [Parameters=[:nguoiDung_ID_0='?' (DbType = Decimal)], CommandType='Text', CommandTimeout='0']
      SELECT "c"."VAI_TRO_ID"
      FROM "QL_VAI_TRO_NGUOI_DUNG" "c"
      WHERE "c"."NGUOI_DUNG_ID" = :nguoiDung_ID_0
info: Microsoft.EntityFrameworkCore.Database.Command[20101]
      Executed DbCommand (2ms) [Parameters=[:Ma_0='?' (Size = 2000)], CommandType='Text', CommandTimeout='0']
      SELECT "l"."GIA_TRI"
      FROM "QL_NHAN_HIEN_THI" "l"
      WHERE "l"."MA" = :Ma_0
      FETCH FIRST 1 ROWS ONLY
info: Microsoft.EntityFrameworkCore.Database.Command[20101]
      Executed DbCommand (2ms) [Parameters=[:nguoiDung_ID_0='?' (DbType = Decimal)], CommandType='Text', CommandTimeout='0']
      SELECT "c"."VAI_TRO_ID"
      FROM "QL_VAI_TRO_NGUOI_DUNG" "c"
      WHERE "c"."NGUOI_DUNG_ID" = :nguoiDung_ID_0
info: Microsoft.EntityFrameworkCore.Database.Command[20101]
      Executed DbCommand (2ms) [Parameters=[:Ma_0='?' (Size = 2000)], CommandType='Text', CommandTimeout='0']
      SELECT "l"."GIA_TRI"
      FROM "QL_NHAN_HIEN_THI" "l"
      WHERE "l"."MA" = :Ma_0
      FETCH FIRST 1 ROWS ONLY
info: Microsoft.EntityFrameworkCore.Database.Command[20101]
      Executed DbCommand (2ms) [Parameters=[:nguoiDung_ID_0='?' (DbType = Decimal)], CommandType='Text', CommandTimeout='0']
      SELECT "c"."VAI_TRO_ID"
      FROM "QL_VAI_TRO_NGUOI_DUNG" "c"
      WHERE "c"."NGUOI_DUNG_ID" = :nguoiDung_ID_0
info: Microsoft.EntityFrameworkCore.Database.Command[20101]
      Executed DbCommand (2ms) [Parameters=[:Ma_0='?' (Size = 2000)], CommandType='Text', CommandTimeout='0']
      SELECT "l"."GIA_TRI"
      FROM "QL_NHAN_HIEN_THI" "l"
      WHERE "l"."MA" = :Ma_0
      FETCH FIRST 1 ROWS ONLY
info: Microsoft.EntityFrameworkCore.Database.Command[20101]
      Executed DbCommand (2ms) [Parameters=[:nguoiDung_ID_0='?' (DbType = Decimal)], CommandType='Text', CommandTimeout='0']
      SELECT "c"."VAI_TRO_ID"
      FROM "QL_VAI_TRO_NGUOI_DUNG" "c"
      WHERE "c"."NGUOI_DUNG_ID" = :nguoiDung_ID_0
info: Microsoft.EntityFrameworkCore.Database.Command[20101]
      Executed DbCommand (2ms) [Parameters=[:Ma_0='?' (Size = 2000)], CommandType='Text', CommandTimeout='0']
      SELECT "l"."GIA_TRI"
      FROM "QL_NHAN_HIEN_THI" "l"
      WHERE "l"."MA" = :Ma_0
      FETCH FIRST 1 ROWS ONLY
info: Microsoft.EntityFrameworkCore.Database.Command[20101]
      Executed DbCommand (2ms) [Parameters=[:nguoiDung_ID_0='?' (DbType = Decimal)], CommandType='Text', CommandTimeout='0']
      SELECT "c"."VAI_TRO_ID"
      FROM "QL_VAI_TRO_NGUOI_DUNG" "c"
      WHERE "c"."NGUOI_DUNG_ID" = :nguoiDung_ID_0
info: Microsoft.EntityFrameworkCore.Database.Command[20101]
      Executed DbCommand (3ms) [Parameters=[:Ma_0='?' (Size = 2000)], CommandType='Text', CommandTimeout='0']
      SELECT "l"."GIA_TRI"
      FROM "QL_NHAN_HIEN_THI" "l"
      WHERE "l"."MA" = :Ma_0
      FETCH FIRST 1 ROWS ONLY
info: Microsoft.EntityFrameworkCore.Database.Command[20101]
      Executed DbCommand (2ms) [Parameters=[:nguoiDung_ID_0='?' (DbType = Decimal)], CommandType='Text', CommandTimeout='0']
      SELECT "c"."VAI_TRO_ID"
      FROM "QL_VAI_TRO_NGUOI_DUNG" "c"
      WHERE "c"."NGUOI_DUNG_ID" = :nguoiDung_ID_0
info: Microsoft.EntityFrameworkCore.Database.Command[20101]
      Executed DbCommand (2ms) [Parameters=[:Ma_0='?' (Size = 2000)], CommandType='Text', CommandTimeout='0']
      SELECT "l"."GIA_TRI"
      FROM "QL_NHAN_HIEN_THI" "l"
      WHERE "l"."MA" = :Ma_0
      FETCH FIRST 1 ROWS ONLY
info: Microsoft.EntityFrameworkCore.Database.Command[20101]
      Executed DbCommand (2ms) [Parameters=[:nguoiDung_ID_0='?' (DbType = Decimal)], CommandType='Text', CommandTimeout='0']
      SELECT "c"."VAI_TRO_ID"
      FROM "QL_VAI_TRO_NGUOI_DUNG" "c"
      WHERE "c"."NGUOI_DUNG_ID" = :nguoiDung_ID_0
info: Microsoft.EntityFrameworkCore.Database.Command[20101]
      Executed DbCommand (3ms) [Parameters=[:Ma_0='?' (Size = 2000)], CommandType='Text', CommandTimeout='0']
      SELECT "l"."GIA_TRI"
      FROM "QL_NHAN_HIEN_THI" "l"
      WHERE "l"."MA" = :Ma_0
      FETCH FIRST 1 ROWS ONLY
info: Microsoft.EntityFrameworkCore.Database.Command[20101]
      Executed DbCommand (2ms) [Parameters=[:nguoiDung_ID_0='?' (DbType = Decimal)], CommandType='Text', CommandTimeout='0']
      SELECT "c"."VAI_TRO_ID"
      FROM "QL_VAI_TRO_NGUOI_DUNG" "c"
      WHERE "c"."NGUOI_DUNG_ID" = :nguoiDung_ID_0
info: Microsoft.EntityFrameworkCore.Database.Command[20101]
      Executed DbCommand (2ms) [Parameters=[:Ma_0='?' (Size = 2000)], CommandType='Text', CommandTimeout='0']
      SELECT "l"."GIA_TRI"
      FROM "QL_NHAN_HIEN_THI" "l"
      WHERE "l"."MA" = :Ma_0
      FETCH FIRST 1 ROWS ONLY
info: Microsoft.EntityFrameworkCore.Database.Command[20101]
      Executed DbCommand (2ms) [Parameters=[:nguoiDung_ID_0='?' (DbType = Decimal)], CommandType='Text', CommandTimeout='0']
      SELECT "c"."VAI_TRO_ID"
      FROM "QL_VAI_TRO_NGUOI_DUNG" "c"
      WHERE "c"."NGUOI_DUNG_ID" = :nguoiDung_ID_0
info: Microsoft.EntityFrameworkCore.Database.Command[20101]
      Executed DbCommand (58ms) [Parameters=[:donViId_0='?' (DbType = Decimal)], CommandType='Text', CommandTimeout='0']
      SELECT COUNT(*)
      FROM "DM_DON_VI" "p"
      WHERE ((("p"."PARENT_ID" = :donViId_0) AND ("p"."LA_BAN_QL_DU_AN" = 1)) OR (("p"."ID" = :donViId_0) AND ("p"."LOAI_DON_VI_ID" = 15.0))) OR (("p"."ID" = :donViId_0) AND ("p"."LA_BAN_QL_DU_AN" = 1))
info: Microsoft.EntityFrameworkCore.Database.Command[20101]
      Executed DbCommand (2ms) [Parameters=[:Ma_0='?' (Size = 2000)], CommandType='Text', CommandTimeout='0']
      SELECT "l"."GIA_TRI"
      FROM "QL_NHAN_HIEN_THI" "l"
      WHERE "l"."MA" = :Ma_0
      FETCH FIRST 1 ROWS ONLY
info: Microsoft.EntityFrameworkCore.Database.Command[20101]
      Executed DbCommand (2ms) [Parameters=[:nguoiDung_ID_0='?' (DbType = Decimal)], CommandType='Text', CommandTimeout='0']
      SELECT "c"."VAI_TRO_ID"
      FROM "QL_VAI_TRO_NGUOI_DUNG" "c"
      WHERE "c"."NGUOI_DUNG_ID" = :nguoiDung_ID_0
info: Microsoft.EntityFrameworkCore.Database.Command[20101]
      Executed DbCommand (2ms) [Parameters=[:Ma_0='?' (Size = 2000)], CommandType='Text', CommandTimeout='0']
      SELECT "l"."GIA_TRI"
      FROM "QL_NHAN_HIEN_THI" "l"
      WHERE "l"."MA" = :Ma_0
      FETCH FIRST 1 ROWS ONLY
info: Microsoft.EntityFrameworkCore.Database.Command[20101]
      Executed DbCommand (2ms) [Parameters=[:nguoiDung_ID_0='?' (DbType = Decimal)], CommandType='Text', CommandTimeout='0']
      SELECT "c"."VAI_TRO_ID"
      FROM "QL_VAI_TRO_NGUOI_DUNG" "c"
      WHERE "c"."NGUOI_DUNG_ID" = :nguoiDung_ID_0
info: Microsoft.EntityFrameworkCore.Database.Command[20101]
      Executed DbCommand (2ms) [Parameters=[:Ma_0='?' (Size = 2000)], CommandType='Text', CommandTimeout='0']
      SELECT "l"."GIA_TRI"
      FROM "QL_NHAN_HIEN_THI" "l"
      WHERE "l"."MA" = :Ma_0
      FETCH FIRST 1 ROWS ONLY
info: Microsoft.EntityFrameworkCore.Database.Command[20101]
      Executed DbCommand (2ms) [Parameters=[:nguoiDung_ID_0='?' (DbType = Decimal)], CommandType='Text', CommandTimeout='0']
      SELECT "c"."VAI_TRO_ID"
      FROM "QL_VAI_TRO_NGUOI_DUNG" "c"
      WHERE "c"."NGUOI_DUNG_ID" = :nguoiDung_ID_0
info: Microsoft.EntityFrameworkCore.Database.Command[20101]
      Executed DbCommand (2ms) [Parameters=[:Ma_0='?' (Size = 2000)], CommandType='Text', CommandTimeout='0']
      SELECT "l"."GIA_TRI"
      FROM "QL_NHAN_HIEN_THI" "l"
      WHERE "l"."MA" = :Ma_0
      FETCH FIRST 1 ROWS ONLY
info: Microsoft.EntityFrameworkCore.Database.Command[20101]
      Executed DbCommand (2ms) [Parameters=[:nguoiDung_ID_0='?' (DbType = Decimal)], CommandType='Text', CommandTimeout='0']
      SELECT "c"."VAI_TRO_ID"
      FROM "QL_VAI_TRO_NGUOI_DUNG" "c"
      WHERE "c"."NGUOI_DUNG_ID" = :nguoiDung_ID_0
info: Microsoft.EntityFrameworkCore.Database.Command[20101]
      Executed DbCommand (2ms) [Parameters=[:Ma_0='?' (Size = 2000)], CommandType='Text', CommandTimeout='0']
      SELECT "l"."GIA_TRI"
      FROM "QL_NHAN_HIEN_THI" "l"
      WHERE "l"."MA" = :Ma_0
      FETCH FIRST 1 ROWS ONLY
info: Microsoft.EntityFrameworkCore.Database.Command[20101]
      Executed DbCommand (2ms) [Parameters=[:nguoiDung_ID_0='?' (DbType = Decimal)], CommandType='Text', CommandTimeout='0']
      SELECT "c"."VAI_TRO_ID"
      FROM "QL_VAI_TRO_NGUOI_DUNG" "c"
      WHERE "c"."NGUOI_DUNG_ID" = :nguoiDung_ID_0
info: Microsoft.EntityFrameworkCore.Database.Command[20101]
      Executed DbCommand (3ms) [Parameters=[:Ma_0='?' (Size = 2000)], CommandType='Text', CommandTimeout='0']
      SELECT "l"."GIA_TRI"
      FROM "QL_NHAN_HIEN_THI" "l"
      WHERE "l"."MA" = :Ma_0
      FETCH FIRST 1 ROWS ONLY
info: Microsoft.EntityFrameworkCore.Database.Command[20101]
      Executed DbCommand (2ms) [Parameters=[:nguoiDung_ID_0='?' (DbType = Decimal)], CommandType='Text', CommandTimeout='0']
      SELECT "c"."VAI_TRO_ID"
      FROM "QL_VAI_TRO_NGUOI_DUNG" "c"
      WHERE "c"."NGUOI_DUNG_ID" = :nguoiDung_ID_0
info: Microsoft.EntityFrameworkCore.Database.Command[20101]
      Executed DbCommand (2ms) [Parameters=[:Ma_0='?' (Size = 2000)], CommandType='Text', CommandTimeout='0']
      SELECT "l"."GIA_TRI"
      FROM "QL_NHAN_HIEN_THI" "l"
      WHERE "l"."MA" = :Ma_0
      FETCH FIRST 1 ROWS ONLY
info: Microsoft.EntityFrameworkCore.Database.Command[20101]
      Executed DbCommand (2ms) [Parameters=[:nguoiDung_ID_0='?' (DbType = Decimal)], CommandType='Text', CommandTimeout='0']
      SELECT "c"."VAI_TRO_ID"
      FROM "QL_VAI_TRO_NGUOI_DUNG" "c"
      WHERE "c"."NGUOI_DUNG_ID" = :nguoiDung_ID_0
info: Microsoft.EntityFrameworkCore.Database.Command[20101]
      Executed DbCommand (2ms) [Parameters=[:Ma_0='?' (Size = 2000)], CommandType='Text', CommandTimeout='0']
      SELECT "l"."GIA_TRI"
      FROM "QL_NHAN_HIEN_THI" "l"
      WHERE "l"."MA" = :Ma_0
      FETCH FIRST 1 ROWS ONLY
info: Microsoft.EntityFrameworkCore.Database.Command[20101]
      Executed DbCommand (3ms) [Parameters=[:nguoiDung_ID_0='?' (DbType = Decimal)], CommandType='Text', CommandTimeout='0']
      SELECT "c"."VAI_TRO_ID"
      FROM "QL_VAI_TRO_NGUOI_DUNG" "c"
      WHERE "c"."NGUOI_DUNG_ID" = :nguoiDung_ID_0
info: Microsoft.EntityFrameworkCore.Database.Command[20101]
      Executed DbCommand (3ms) [Parameters=[:Ma_0='?' (Size = 2000)], CommandType='Text', CommandTimeout='0']
      SELECT "l"."GIA_TRI"
      FROM "QL_NHAN_HIEN_THI" "l"
      WHERE "l"."MA" = :Ma_0
      FETCH FIRST 1 ROWS ONLY
info: Microsoft.EntityFrameworkCore.Database.Command[20101]
      Executed DbCommand (2ms) [Parameters=[:nguoiDung_ID_0='?' (DbType = Decimal)], CommandType='Text', CommandTimeout='0']
      SELECT "c"."VAI_TRO_ID"
      FROM "QL_VAI_TRO_NGUOI_DUNG" "c"
      WHERE "c"."NGUOI_DUNG_ID" = :nguoiDung_ID_0
info: Microsoft.EntityFrameworkCore.Database.Command[20101]
      Executed DbCommand (2ms) [Parameters=[:Ma_0='?' (Size = 2000)], CommandType='Text', CommandTimeout='0']
      SELECT "l"."GIA_TRI"
      FROM "QL_NHAN_HIEN_THI" "l"
      WHERE "l"."MA" = :Ma_0
      FETCH FIRST 1 ROWS ONLY
info: Microsoft.EntityFrameworkCore.Database.Command[20101]
      Executed DbCommand (2ms) [Parameters=[:nguoiDung_ID_0='?' (DbType = Decimal)], CommandType='Text', CommandTimeout='0']
      SELECT "c"."VAI_TRO_ID"
      FROM "QL_VAI_TRO_NGUOI_DUNG" "c"
      WHERE "c"."NGUOI_DUNG_ID" = :nguoiDung_ID_0
info: Microsoft.EntityFrameworkCore.Database.Command[20101]
      Executed DbCommand (2ms) [Parameters=[:Ma_0='?' (Size = 2000)], CommandType='Text', CommandTimeout='0']
      SELECT "l"."GIA_TRI"
      FROM "QL_NHAN_HIEN_THI" "l"
      WHERE "l"."MA" = :Ma_0
      FETCH FIRST 1 ROWS ONLY
info: Microsoft.EntityFrameworkCore.Database.Command[20101]
      Executed DbCommand (3ms) [Parameters=[:nguoiDung_ID_0='?' (DbType = Decimal)], CommandType='Text', CommandTimeout='0']
      SELECT "c"."VAI_TRO_ID"
      FROM "QL_VAI_TRO_NGUOI_DUNG" "c"
      WHERE "c"."NGUOI_DUNG_ID" = :nguoiDung_ID_0
info: Microsoft.EntityFrameworkCore.Database.Command[20101]
      Executed DbCommand (3ms) [Parameters=[:Ma_0='?' (Size = 2000)], CommandType='Text', CommandTimeout='0']
      SELECT "l"."GIA_TRI"
      FROM "QL_NHAN_HIEN_THI" "l"
      WHERE "l"."MA" = :Ma_0
      FETCH FIRST 1 ROWS ONLY
info: Microsoft.EntityFrameworkCore.Database.Command[20101]
      Executed DbCommand (2ms) [Parameters=[:nguoiDung_ID_0='?' (DbType = Decimal)], CommandType='Text', CommandTimeout='0']
      SELECT "c"."VAI_TRO_ID"
      FROM "QL_VAI_TRO_NGUOI_DUNG" "c"
      WHERE "c"."NGUOI_DUNG_ID" = :nguoiDung_ID_0
info: Microsoft.EntityFrameworkCore.Database.Command[20101]
      Executed DbCommand (14ms) [Parameters=[:Ma_0='?' (Size = 2000)], CommandType='Text', CommandTimeout='0']
      SELECT "l"."GIA_TRI"
      FROM "QL_NHAN_HIEN_THI" "l"
      WHERE "l"."MA" = :Ma_0
      FETCH FIRST 1 ROWS ONLY
info: Microsoft.EntityFrameworkCore.Database.Command[20101]
      Executed DbCommand (2ms) [Parameters=[:nguoiDung_ID_0='?' (DbType = Decimal)], CommandType='Text', CommandTimeout='0']
      SELECT "c"."VAI_TRO_ID"
      FROM "QL_VAI_TRO_NGUOI_DUNG" "c"
      WHERE "c"."NGUOI_DUNG_ID" = :nguoiDung_ID_0
info: Microsoft.EntityFrameworkCore.Database.Command[20101]
      Executed DbCommand (2ms) [Parameters=[:Ma_0='?' (Size = 2000)], CommandType='Text', CommandTimeout='0']
      SELECT "l"."GIA_TRI"
      FROM "QL_NHAN_HIEN_THI" "l"
      WHERE "l"."MA" = :Ma_0
      FETCH FIRST 1 ROWS ONLY
info: Microsoft.EntityFrameworkCore.Database.Command[20101]
      Executed DbCommand (2ms) [Parameters=[:nguoiDung_ID_0='?' (DbType = Decimal)], CommandType='Text', CommandTimeout='0']
      SELECT "c"."VAI_TRO_ID"
      FROM "QL_VAI_TRO_NGUOI_DUNG" "c"
      WHERE "c"."NGUOI_DUNG_ID" = :nguoiDung_ID_0
info: Microsoft.EntityFrameworkCore.Database.Command[20101]
      Executed DbCommand (2ms) [Parameters=[:Ma_0='?' (Size = 2000)], CommandType='Text', CommandTimeout='0']
      SELECT "l"."GIA_TRI"
      FROM "QL_NHAN_HIEN_THI" "l"
      WHERE "l"."MA" = :Ma_0
      FETCH FIRST 1 ROWS ONLY
info: Microsoft.EntityFrameworkCore.Database.Command[20101]
      Executed DbCommand (2ms) [Parameters=[:nguoiDung_ID_0='?' (DbType = Decimal)], CommandType='Text', CommandTimeout='0']
      SELECT "c"."VAI_TRO_ID"
      FROM "QL_VAI_TRO_NGUOI_DUNG" "c"
      WHERE "c"."NGUOI_DUNG_ID" = :nguoiDung_ID_0
info: Microsoft.EntityFrameworkCore.Database.Command[20101]
      Executed DbCommand (2ms) [Parameters=[:Ma_0='?' (Size = 2000)], CommandType='Text', CommandTimeout='0']
      SELECT "l"."GIA_TRI"
      FROM "QL_NHAN_HIEN_THI" "l"
      WHERE "l"."MA" = :Ma_0
      FETCH FIRST 1 ROWS ONLY
info: Microsoft.EntityFrameworkCore.Database.Command[20101]
      Executed DbCommand (2ms) [Parameters=[:nguoiDung_ID_0='?' (DbType = Decimal)], CommandType='Text', CommandTimeout='0']
      SELECT "c"."VAI_TRO_ID"
      FROM "QL_VAI_TRO_NGUOI_DUNG" "c"
      WHERE "c"."NGUOI_DUNG_ID" = :nguoiDung_ID_0
info: Microsoft.EntityFrameworkCore.Database.Command[20101]
      Executed DbCommand (2ms) [Parameters=[:Ma_0='?' (Size = 2000)], CommandType='Text', CommandTimeout='0']
      SELECT "l"."GIA_TRI"
      FROM "QL_NHAN_HIEN_THI" "l"
      WHERE "l"."MA" = :Ma_0
      FETCH FIRST 1 ROWS ONLY
info: Microsoft.EntityFrameworkCore.Database.Command[20101]
      Executed DbCommand (2ms) [Parameters=[:nguoiDung_ID_0='?' (DbType = Decimal)], CommandType='Text', CommandTimeout='0']
      SELECT "c"."VAI_TRO_ID"
      FROM "QL_VAI_TRO_NGUOI_DUNG" "c"
      WHERE "c"."NGUOI_DUNG_ID" = :nguoiDung_ID_0
info: Microsoft.EntityFrameworkCore.Database.Command[20101]
      Executed DbCommand (3ms) [Parameters=[:Ma_0='?' (Size = 2000)], CommandType='Text', CommandTimeout='0']
      SELECT "l"."GIA_TRI"
      FROM "QL_NHAN_HIEN_THI" "l"
      WHERE "l"."MA" = :Ma_0
      FETCH FIRST 1 ROWS ONLY
info: Microsoft.EntityFrameworkCore.Database.Command[20101]
      Executed DbCommand (3ms) [Parameters=[:nguoiDung_ID_0='?' (DbType = Decimal)], CommandType='Text', CommandTimeout='0']
      SELECT "c"."VAI_TRO_ID"
      FROM "QL_VAI_TRO_NGUOI_DUNG" "c"
      WHERE "c"."NGUOI_DUNG_ID" = :nguoiDung_ID_0
info: Microsoft.EntityFrameworkCore.Database.Command[20101]
      Executed DbCommand (3ms) [Parameters=[:Ma_0='?' (Size = 2000)], CommandType='Text', CommandTimeout='0']
      SELECT "l"."GIA_TRI"
      FROM "QL_NHAN_HIEN_THI" "l"
      WHERE "l"."MA" = :Ma_0
      FETCH FIRST 1 ROWS ONLY
info: Microsoft.EntityFrameworkCore.Database.Command[20101]
      Executed DbCommand (2ms) [Parameters=[:nguoiDung_ID_0='?' (DbType = Decimal)], CommandType='Text', CommandTimeout='0']
      SELECT "c"."VAI_TRO_ID"
      FROM "QL_VAI_TRO_NGUOI_DUNG" "c"
      WHERE "c"."NGUOI_DUNG_ID" = :nguoiDung_ID_0
info: Microsoft.EntityFrameworkCore.Database.Command[20101]
      Executed DbCommand (2ms) [Parameters=[:Ma_0='?' (Size = 2000)], CommandType='Text', CommandTimeout='0']
      SELECT "l"."GIA_TRI"
      FROM "QL_NHAN_HIEN_THI" "l"
      WHERE "l"."MA" = :Ma_0
      FETCH FIRST 1 ROWS ONLY
info: Microsoft.EntityFrameworkCore.Database.Command[20101]
      Executed DbCommand (3ms) [Parameters=[:nguoiDung_ID_0='?' (DbType = Decimal)], CommandType='Text', CommandTimeout='0']
      SELECT "c"."VAI_TRO_ID"
      FROM "QL_VAI_TRO_NGUOI_DUNG" "c"
      WHERE "c"."NGUOI_DUNG_ID" = :nguoiDung_ID_0
info: Microsoft.EntityFrameworkCore.Database.Command[20101]
      Executed DbCommand (2ms) [Parameters=[:Ma_0='?' (Size = 2000)], CommandType='Text', CommandTimeout='0']
      SELECT "l"."GIA_TRI"
      FROM "QL_NHAN_HIEN_THI" "l"
      WHERE "l"."MA" = :Ma_0
      FETCH FIRST 1 ROWS ONLY
info: Microsoft.EntityFrameworkCore.Database.Command[20101]
      Executed DbCommand (2ms) [Parameters=[:nguoiDung_ID_0='?' (DbType = Decimal)], CommandType='Text', CommandTimeout='0']
      SELECT "c"."VAI_TRO_ID"
      FROM "QL_VAI_TRO_NGUOI_DUNG" "c"
      WHERE "c"."NGUOI_DUNG_ID" = :nguoiDung_ID_0
info: Microsoft.EntityFrameworkCore.Database.Command[20101]
      Executed DbCommand (2ms) [Parameters=[:Ma_0='?' (Size = 2000)], CommandType='Text', CommandTimeout='0']
      SELECT "l"."GIA_TRI"
      FROM "QL_NHAN_HIEN_THI" "l"
      WHERE "l"."MA" = :Ma_0
      FETCH FIRST 1 ROWS ONLY
info: Microsoft.EntityFrameworkCore.Database.Command[20101]
      Executed DbCommand (2ms) [Parameters=[:nguoiDung_ID_0='?' (DbType = Decimal)], CommandType='Text', CommandTimeout='0']
      SELECT "c"."VAI_TRO_ID"
      FROM "QL_VAI_TRO_NGUOI_DUNG" "c"
      WHERE "c"."NGUOI_DUNG_ID" = :nguoiDung_ID_0
info: Microsoft.EntityFrameworkCore.Database.Command[20101]
      Executed DbCommand (3ms) [Parameters=[:Ma_0='?' (Size = 2000)], CommandType='Text', CommandTimeout='0']
      SELECT "l"."GIA_TRI"
      FROM "QL_NHAN_HIEN_THI" "l"
      WHERE "l"."MA" = :Ma_0
      FETCH FIRST 1 ROWS ONLY
info: Microsoft.EntityFrameworkCore.Database.Command[20101]
      Executed DbCommand (2ms) [Parameters=[:nguoiDung_ID_0='?' (DbType = Decimal)], CommandType='Text', CommandTimeout='0']
      SELECT "c"."VAI_TRO_ID"
      FROM "QL_VAI_TRO_NGUOI_DUNG" "c"
      WHERE "c"."NGUOI_DUNG_ID" = :nguoiDung_ID_0
info: Microsoft.EntityFrameworkCore.Database.Command[20101]
      Executed DbCommand (2ms) [Parameters=[:Ma_0='?' (Size = 2000)], CommandType='Text', CommandTimeout='0']
      SELECT "l"."GIA_TRI"
      FROM "QL_NHAN_HIEN_THI" "l"
      WHERE "l"."MA" = :Ma_0
      FETCH FIRST 1 ROWS ONLY
info: Microsoft.EntityFrameworkCore.Database.Command[20101]
      Executed DbCommand (2ms) [Parameters=[:nguoiDung_ID_0='?' (DbType = Decimal)], CommandType='Text', CommandTimeout='0']
      SELECT "c"."VAI_TRO_ID"
      FROM "QL_VAI_TRO_NGUOI_DUNG" "c"
      WHERE "c"."NGUOI_DUNG_ID" = :nguoiDung_ID_0
info: Microsoft.EntityFrameworkCore.Database.Command[20101]
      Executed DbCommand (3ms) [Parameters=[:Ma_0='?' (Size = 2000)], CommandType='Text', CommandTimeout='0']
      SELECT "l"."GIA_TRI"
      FROM "QL_NHAN_HIEN_THI" "l"
      WHERE "l"."MA" = :Ma_0
      FETCH FIRST 1 ROWS ONLY
info: Microsoft.EntityFrameworkCore.Database.Command[20101]
      Executed DbCommand (2ms) [Parameters=[:nguoiDung_ID_0='?' (DbType = Decimal)], CommandType='Text', CommandTimeout='0']
      SELECT "c"."VAI_TRO_ID"
      FROM "QL_VAI_TRO_NGUOI_DUNG" "c"
      WHERE "c"."NGUOI_DUNG_ID" = :nguoiDung_ID_0
info: Microsoft.EntityFrameworkCore.Database.Command[20101]
      Executed DbCommand (2ms) [Parameters=[:Ma_0='?' (Size = 2000)], CommandType='Text', CommandTimeout='0']
      SELECT "l"."GIA_TRI"
      FROM "QL_NHAN_HIEN_THI" "l"
      WHERE "l"."MA" = :Ma_0
      FETCH FIRST 1 ROWS ONLY
info: Microsoft.EntityFrameworkCore.Database.Command[20101]
      Executed DbCommand (2ms) [Parameters=[:nguoiDung_ID_0='?' (DbType = Decimal)], CommandType='Text', CommandTimeout='0']
      SELECT "c"."VAI_TRO_ID"
      FROM "QL_VAI_TRO_NGUOI_DUNG" "c"
      WHERE "c"."NGUOI_DUNG_ID" = :nguoiDung_ID_0
info: Microsoft.EntityFrameworkCore.Database.Command[20101]
      Executed DbCommand (3ms) [Parameters=[:Ma_0='?' (Size = 2000)], CommandType='Text', CommandTimeout='0']
      SELECT "l"."GIA_TRI"
      FROM "QL_NHAN_HIEN_THI" "l"
      WHERE "l"."MA" = :Ma_0
      FETCH FIRST 1 ROWS ONLY
info: Microsoft.EntityFrameworkCore.Database.Command[20101]
      Executed DbCommand (2ms) [Parameters=[:nguoiDung_ID_0='?' (DbType = Decimal)], CommandType='Text', CommandTimeout='0']
      SELECT "c"."VAI_TRO_ID"
      FROM "QL_VAI_TRO_NGUOI_DUNG" "c"
      WHERE "c"."NGUOI_DUNG_ID" = :nguoiDung_ID_0
info: Microsoft.EntityFrameworkCore.Database.Command[20101]
      Executed DbCommand (3ms) [Parameters=[:Ma_0='?' (Size = 2000)], CommandType='Text', CommandTimeout='0']
      SELECT "l"."GIA_TRI"
      FROM "QL_NHAN_HIEN_THI" "l"
      WHERE "l"."MA" = :Ma_0
      FETCH FIRST 1 ROWS ONLY
info: Microsoft.EntityFrameworkCore.Database.Command[20101]
      Executed DbCommand (3ms) [Parameters=[:nguoiDung_ID_0='?' (DbType = Decimal)], CommandType='Text', CommandTimeout='0']
      SELECT "c"."VAI_TRO_ID"
      FROM "QL_VAI_TRO_NGUOI_DUNG" "c"
      WHERE "c"."NGUOI_DUNG_ID" = :nguoiDung_ID_0
info: Microsoft.EntityFrameworkCore.Database.Command[20101]
      Executed DbCommand (3ms) [Parameters=[:Ma_0='?' (Size = 2000)], CommandType='Text', CommandTimeout='0']
      SELECT "l"."GIA_TRI"
      FROM "QL_NHAN_HIEN_THI" "l"
      WHERE "l"."MA" = :Ma_0
      FETCH FIRST 1 ROWS ONLY
info: Microsoft.EntityFrameworkCore.Database.Command[20101]
      Executed DbCommand (2ms) [Parameters=[:nguoiDung_ID_0='?' (DbType = Decimal)], CommandType='Text', CommandTimeout='0']
      SELECT "c"."VAI_TRO_ID"
      FROM "QL_VAI_TRO_NGUOI_DUNG" "c"
      WHERE "c"."NGUOI_DUNG_ID" = :nguoiDung_ID_0
info: Microsoft.EntityFrameworkCore.Database.Command[20101]
      Executed DbCommand (370ms) [Parameters=[:donViId_0='?' (DbType = Decimal)], CommandType='Text', CommandTimeout='0']
      SELECT COUNT(*)
      FROM "DM_DON_VI" "p"
      WHERE ((("p"."PARENT_ID" = :donViId_0) AND ("p"."LA_BAN_QL_DU_AN" = 1)) OR (("p"."ID" = :donViId_0) AND ("p"."LOAI_DON_VI_ID" = 15.0))) OR (("p"."ID" = :donViId_0) AND ("p"."LA_BAN_QL_DU_AN" = 1))
info: Microsoft.EntityFrameworkCore.Database.Command[20101]
      Executed DbCommand (3ms) [Parameters=[:Ma_0='?' (Size = 2000)], CommandType='Text', CommandTimeout='0']
      SELECT "l"."GIA_TRI"
      FROM "QL_NHAN_HIEN_THI" "l"
      WHERE "l"."MA" = :Ma_0
      FETCH FIRST 1 ROWS ONLY
info: Microsoft.EntityFrameworkCore.Database.Command[20101]
      Executed DbCommand (3ms) [Parameters=[:nguoiDung_ID_0='?' (DbType = Decimal)], CommandType='Text', CommandTimeout='0']
      SELECT "c"."VAI_TRO_ID"
      FROM "QL_VAI_TRO_NGUOI_DUNG" "c"
      WHERE "c"."NGUOI_DUNG_ID" = :nguoiDung_ID_0
info: Microsoft.EntityFrameworkCore.Database.Command[20101]
      Executed DbCommand (57ms) [Parameters=[:donViId_0='?' (DbType = Decimal)], CommandType='Text', CommandTimeout='0']
      SELECT COUNT(*)
      FROM "DM_DON_VI" "p"
      WHERE ((("p"."PARENT_ID" = :donViId_0) AND ("p"."LA_BAN_QL_DU_AN" = 1)) OR (("p"."ID" = :donViId_0) AND ("p"."LOAI_DON_VI_ID" = 15.0))) OR (("p"."ID" = :donViId_0) AND ("p"."LA_BAN_QL_DU_AN" = 1))
info: Microsoft.EntityFrameworkCore.Database.Command[20101]
      Executed DbCommand (4ms) [Parameters=[:Ma_0='?' (Size = 2000)], CommandType='Text', CommandTimeout='0']
      SELECT "l"."GIA_TRI"
      FROM "QL_NHAN_HIEN_THI" "l"
      WHERE "l"."MA" = :Ma_0
      FETCH FIRST 1 ROWS ONLY
info: Microsoft.EntityFrameworkCore.Database.Command[20101]
      Executed DbCommand (3ms) [Parameters=[:nguoiDung_ID_0='?' (DbType = Decimal)], CommandType='Text', CommandTimeout='0']
      SELECT "c"."VAI_TRO_ID"
      FROM "QL_VAI_TRO_NGUOI_DUNG" "c"
      WHERE "c"."NGUOI_DUNG_ID" = :nguoiDung_ID_0
info: Microsoft.EntityFrameworkCore.Database.Command[20101]
      Executed DbCommand (59ms) [Parameters=[:donViId_0='?' (DbType = Decimal)], CommandType='Text', CommandTimeout='0']
      SELECT COUNT(*)
      FROM "DM_DON_VI" "p"
      WHERE ((("p"."PARENT_ID" = :donViId_0) AND ("p"."LA_BAN_QL_DU_AN" = 1)) OR (("p"."ID" = :donViId_0) AND ("p"."LOAI_DON_VI_ID" = 15.0))) OR (("p"."ID" = :donViId_0) AND ("p"."LA_BAN_QL_DU_AN" = 1))
info: Microsoft.EntityFrameworkCore.Database.Command[20101]
      Executed DbCommand (2ms) [Parameters=[:nguoiDung_ID_0='?' (DbType = Decimal)], CommandType='Text', CommandTimeout='0']
      SELECT "c"."VAI_TRO_ID"
      FROM "QL_VAI_TRO_NGUOI_DUNG" "c"
      WHERE "c"."NGUOI_DUNG_ID" = :nguoiDung_ID_0
info: Microsoft.EntityFrameworkCore.Database.Command[20101]
      Executed DbCommand (57ms) [Parameters=[:donViId_0='?' (DbType = Decimal)], CommandType='Text', CommandTimeout='0']
      SELECT COUNT(*)
      FROM "DM_DON_VI" "p"
      WHERE ((("p"."PARENT_ID" = :donViId_0) AND ("p"."LA_BAN_QL_DU_AN" = 1)) OR (("p"."ID" = :donViId_0) AND ("p"."LOAI_DON_VI_ID" = 15.0))) OR (("p"."ID" = :donViId_0) AND ("p"."LA_BAN_QL_DU_AN" = 1))
info: Microsoft.EntityFrameworkCore.Database.Command[20101]
      Executed DbCommand (2ms) [Parameters=[:nguoiDung_ID_0='?' (DbType = Decimal)], CommandType='Text', CommandTimeout='0']
      SELECT "c"."VAI_TRO_ID"
      FROM "QL_VAI_TRO_NGUOI_DUNG" "c"
      WHERE "c"."NGUOI_DUNG_ID" = :nguoiDung_ID_0
info: Microsoft.EntityFrameworkCore.Database.Command[20101]
      Executed DbCommand (58ms) [Parameters=[:donViId_0='?' (DbType = Decimal)], CommandType='Text', CommandTimeout='0']
      SELECT COUNT(*)
      FROM "DM_DON_VI" "p"
      WHERE ((("p"."PARENT_ID" = :donViId_0) AND ("p"."LA_BAN_QL_DU_AN" = 1)) OR (("p"."ID" = :donViId_0) AND ("p"."LOAI_DON_VI_ID" = 15.0))) OR (("p"."ID" = :donViId_0) AND ("p"."LA_BAN_QL_DU_AN" = 1))
info: Microsoft.EntityFrameworkCore.Database.Command[20101]
      Executed DbCommand (2ms) [Parameters=[:nguoiDung_ID_0='?' (DbType = Decimal)], CommandType='Text', CommandTimeout='0']
      SELECT "c"."VAI_TRO_ID"
      FROM "QL_VAI_TRO_NGUOI_DUNG" "c"
      WHERE "c"."NGUOI_DUNG_ID" = :nguoiDung_ID_0
info: Microsoft.EntityFrameworkCore.Database.Command[20101]
      Executed DbCommand (57ms) [Parameters=[:donViId_0='?' (DbType = Decimal)], CommandType='Text', CommandTimeout='0']
      SELECT COUNT(*)
      FROM "DM_DON_VI" "p"
      WHERE ((("p"."PARENT_ID" = :donViId_0) AND ("p"."LA_BAN_QL_DU_AN" = 1)) OR (("p"."ID" = :donViId_0) AND ("p"."LOAI_DON_VI_ID" = 15.0))) OR (("p"."ID" = :donViId_0) AND ("p"."LA_BAN_QL_DU_AN" = 1))
info: Microsoft.EntityFrameworkCore.Database.Command[20101]
      Executed DbCommand (3ms) [Parameters=[:nguoiDung_ID_0='?' (DbType = Decimal)], CommandType='Text', CommandTimeout='0']
      SELECT "c"."VAI_TRO_ID"
      FROM "QL_VAI_TRO_NGUOI_DUNG" "c"
      WHERE "c"."NGUOI_DUNG_ID" = :nguoiDung_ID_0
info: Microsoft.EntityFrameworkCore.Database.Command[20101]
      Executed DbCommand (57ms) [Parameters=[:donViId_0='?' (DbType = Decimal)], CommandType='Text', CommandTimeout='0']
      SELECT COUNT(*)
      FROM "DM_DON_VI" "p"
      WHERE ((("p"."PARENT_ID" = :donViId_0) AND ("p"."LA_BAN_QL_DU_AN" = 1)) OR (("p"."ID" = :donViId_0) AND ("p"."LOAI_DON_VI_ID" = 15.0))) OR (("p"."ID" = :donViId_0) AND ("p"."LA_BAN_QL_DU_AN" = 1))
info: Microsoft.EntityFrameworkCore.Database.Command[20101]
      Executed DbCommand (3ms) [Parameters=[:Ma_0='?' (Size = 2000)], CommandType='Text', CommandTimeout='0']
      SELECT "l"."GIA_TRI"
      FROM "QL_NHAN_HIEN_THI" "l"
      WHERE "l"."MA" = :Ma_0
      FETCH FIRST 1 ROWS ONLY
info: Microsoft.EntityFrameworkCore.Database.Command[20101]
      Executed DbCommand (2ms) [Parameters=[:nguoiDung_ID_0='?' (DbType = Decimal)], CommandType='Text', CommandTimeout='0']
      SELECT "c"."VAI_TRO_ID"
      FROM "QL_VAI_TRO_NGUOI_DUNG" "c"
      WHERE "c"."NGUOI_DUNG_ID" = :nguoiDung_ID_0
info: Microsoft.EntityFrameworkCore.Database.Command[20101]
      Executed DbCommand (3ms) [Parameters=[:Ma_0='?' (Size = 2000)], CommandType='Text', CommandTimeout='0']
      SELECT "l"."GIA_TRI"
      FROM "QL_NHAN_HIEN_THI" "l"
      WHERE "l"."MA" = :Ma_0
      FETCH FIRST 1 ROWS ONLY
info: Microsoft.EntityFrameworkCore.Database.Command[20101]
      Executed DbCommand (2ms) [Parameters=[:nguoiDung_ID_0='?' (DbType = Decimal)], CommandType='Text', CommandTimeout='0']
      SELECT "c"."VAI_TRO_ID"
      FROM "QL_VAI_TRO_NGUOI_DUNG" "c"
      WHERE "c"."NGUOI_DUNG_ID" = :nguoiDung_ID_0
info: Microsoft.EntityFrameworkCore.Database.Command[20101]
      Executed DbCommand (3ms) [Parameters=[:Ma_0='?' (Size = 2000)], CommandType='Text', CommandTimeout='0']
      SELECT "l"."GIA_TRI"
      FROM "QL_NHAN_HIEN_THI" "l"
      WHERE "l"."MA" = :Ma_0
      FETCH FIRST 1 ROWS ONLY
info: Microsoft.EntityFrameworkCore.Database.Command[20101]
      Executed DbCommand (2ms) [Parameters=[:nguoiDung_ID_0='?' (DbType = Decimal)], CommandType='Text', CommandTimeout='0']
      SELECT "c"."VAI_TRO_ID"
      FROM "QL_VAI_TRO_NGUOI_DUNG" "c"
      WHERE "c"."NGUOI_DUNG_ID" = :nguoiDung_ID_0
info: Microsoft.EntityFrameworkCore.Database.Command[20101]
      Executed DbCommand (3ms) [Parameters=[:Ma_0='?' (Size = 2000)], CommandType='Text', CommandTimeout='0']
      SELECT "l"."GIA_TRI"
      FROM "QL_NHAN_HIEN_THI" "l"
      WHERE "l"."MA" = :Ma_0
      FETCH FIRST 1 ROWS ONLY
info: Microsoft.EntityFrameworkCore.Database.Command[20101]
      Executed DbCommand (2ms) [Parameters=[:nguoiDung_ID_0='?' (DbType = Decimal)], CommandType='Text', CommandTimeout='0']
      SELECT "c"."VAI_TRO_ID"
      FROM "QL_VAI_TRO_NGUOI_DUNG" "c"
      WHERE "c"."NGUOI_DUNG_ID" = :nguoiDung_ID_0
info: Microsoft.EntityFrameworkCore.Database.Command[20101]
      Executed DbCommand (3ms) [Parameters=[:Ma_0='?' (Size = 2000)], CommandType='Text', CommandTimeout='0']
      SELECT "l"."GIA_TRI"
      FROM "QL_NHAN_HIEN_THI" "l"
      WHERE "l"."MA" = :Ma_0
      FETCH FIRST 1 ROWS ONLY
info: Microsoft.EntityFrameworkCore.Database.Command[20101]
      Executed DbCommand (2ms) [Parameters=[:nguoiDung_ID_0='?' (DbType = Decimal)], CommandType='Text', CommandTimeout='0']
      SELECT "c"."VAI_TRO_ID"
      FROM "QL_VAI_TRO_NGUOI_DUNG" "c"
      WHERE "c"."NGUOI_DUNG_ID" = :nguoiDung_ID_0
info: Microsoft.EntityFrameworkCore.Database.Command[20101]
      Executed DbCommand (3ms) [Parameters=[:Ma_0='?' (Size = 2000)], CommandType='Text', CommandTimeout='0']
      SELECT "l"."GIA_TRI"
      FROM "QL_NHAN_HIEN_THI" "l"
      WHERE "l"."MA" = :Ma_0
      FETCH FIRST 1 ROWS ONLY
info: Microsoft.EntityFrameworkCore.Database.Command[20101]
      Executed DbCommand (2ms) [Parameters=[:nguoiDung_ID_0='?' (DbType = Decimal)], CommandType='Text', CommandTimeout='0']
      SELECT "c"."VAI_TRO_ID"
      FROM "QL_VAI_TRO_NGUOI_DUNG" "c"
      WHERE "c"."NGUOI_DUNG_ID" = :nguoiDung_ID_0
info: Microsoft.EntityFrameworkCore.Database.Command[20101]
      Executed DbCommand (2ms) [Parameters=[:Ma_0='?' (Size = 2000)], CommandType='Text', CommandTimeout='0']
      SELECT "l"."GIA_TRI"
      FROM "QL_NHAN_HIEN_THI" "l"
      WHERE "l"."MA" = :Ma_0
      FETCH FIRST 1 ROWS ONLY
info: Microsoft.EntityFrameworkCore.Database.Command[20101]
      Executed DbCommand (3ms) [Parameters=[:nguoiDung_ID_0='?' (DbType = Decimal)], CommandType='Text', CommandTimeout='0']
      SELECT "c"."VAI_TRO_ID"
      FROM "QL_VAI_TRO_NGUOI_DUNG" "c"
      WHERE "c"."NGUOI_DUNG_ID" = :nguoiDung_ID_0
info: Microsoft.EntityFrameworkCore.Database.Command[20101]
      Executed DbCommand (3ms) [Parameters=[:Ma_0='?' (Size = 2000)], CommandType='Text', CommandTimeout='0']
      SELECT "l"."GIA_TRI"
      FROM "QL_NHAN_HIEN_THI" "l"
      WHERE "l"."MA" = :Ma_0
      FETCH FIRST 1 ROWS ONLY
info: Microsoft.EntityFrameworkCore.Database.Command[20101]
      Executed DbCommand (2ms) [Parameters=[:nguoiDung_ID_0='?' (DbType = Decimal)], CommandType='Text', CommandTimeout='0']
      SELECT "c"."VAI_TRO_ID"
      FROM "QL_VAI_TRO_NGUOI_DUNG" "c"
      WHERE "c"."NGUOI_DUNG_ID" = :nguoiDung_ID_0
info: Microsoft.EntityFrameworkCore.Database.Command[20101]
      Executed DbCommand (3ms) [Parameters=[:Ma_0='?' (Size = 2000)], CommandType='Text', CommandTimeout='0']
      SELECT "l"."GIA_TRI"
      FROM "QL_NHAN_HIEN_THI" "l"
      WHERE "l"."MA" = :Ma_0
      FETCH FIRST 1 ROWS ONLY
info: Microsoft.EntityFrameworkCore.Database.Command[20101]
      Executed DbCommand (2ms) [Parameters=[:nguoiDung_ID_0='?' (DbType = Decimal)], CommandType='Text', CommandTimeout='0']
      SELECT "c"."VAI_TRO_ID"
      FROM "QL_VAI_TRO_NGUOI_DUNG" "c"
      WHERE "c"."NGUOI_DUNG_ID" = :nguoiDung_ID_0
info: Microsoft.EntityFrameworkCore.Database.Command[20101]
      Executed DbCommand (3ms) [Parameters=[:Ma_0='?' (Size = 2000)], CommandType='Text', CommandTimeout='0']
      SELECT "l"."GIA_TRI"
      FROM "QL_NHAN_HIEN_THI" "l"
      WHERE "l"."MA" = :Ma_0
      FETCH FIRST 1 ROWS ONLY
info: Microsoft.EntityFrameworkCore.Database.Command[20101]
      Executed DbCommand (3ms) [Parameters=[:nguoiDung_ID_0='?' (DbType = Decimal)], CommandType='Text', CommandTimeout='0']
      SELECT "c"."VAI_TRO_ID"
      FROM "QL_VAI_TRO_NGUOI_DUNG" "c"
      WHERE "c"."NGUOI_DUNG_ID" = :nguoiDung_ID_0
info: Microsoft.EntityFrameworkCore.Database.Command[20101]
      Executed DbCommand (2ms) [Parameters=[:Ma_0='?' (Size = 2000)], CommandType='Text', CommandTimeout='0']
      SELECT "l"."GIA_TRI"
      FROM "QL_NHAN_HIEN_THI" "l"
      WHERE "l"."MA" = :Ma_0
      FETCH FIRST 1 ROWS ONLY
info: Microsoft.EntityFrameworkCore.Database.Command[20101]
      Executed DbCommand (2ms) [Parameters=[:nguoiDung_ID_0='?' (DbType = Decimal)], CommandType='Text', CommandTimeout='0']
      SELECT "c"."VAI_TRO_ID"
      FROM "QL_VAI_TRO_NGUOI_DUNG" "c"
      WHERE "c"."NGUOI_DUNG_ID" = :nguoiDung_ID_0
info: Microsoft.EntityFrameworkCore.Database.Command[20101]
      Executed DbCommand (2ms) [Parameters=[:Ma_0='?' (Size = 2000)], CommandType='Text', CommandTimeout='0']
      SELECT "l"."GIA_TRI"
      FROM "QL_NHAN_HIEN_THI" "l"
      WHERE "l"."MA" = :Ma_0
      FETCH FIRST 1 ROWS ONLY
info: Microsoft.EntityFrameworkCore.Database.Command[20101]
      Executed DbCommand (2ms) [Parameters=[:nguoiDung_ID_0='?' (DbType = Decimal)], CommandType='Text', CommandTimeout='0']
      SELECT "c"."VAI_TRO_ID"
      FROM "QL_VAI_TRO_NGUOI_DUNG" "c"
      WHERE "c"."NGUOI_DUNG_ID" = :nguoiDung_ID_0
info: Microsoft.EntityFrameworkCore.Database.Command[20101]
      Executed DbCommand (3ms) [Parameters=[:Ma_0='?' (Size = 2000)], CommandType='Text', CommandTimeout='0']
      SELECT "l"."GIA_TRI"
      FROM "QL_NHAN_HIEN_THI" "l"
      WHERE "l"."MA" = :Ma_0
      FETCH FIRST 1 ROWS ONLY
info: Microsoft.EntityFrameworkCore.Database.Command[20101]
      Executed DbCommand (2ms) [Parameters=[:nguoiDung_ID_0='?' (DbType = Decimal)], CommandType='Text', CommandTimeout='0']
      SELECT "c"."VAI_TRO_ID"
      FROM "QL_VAI_TRO_NGUOI_DUNG" "c"
      WHERE "c"."NGUOI_DUNG_ID" = :nguoiDung_ID_0
info: Microsoft.EntityFrameworkCore.Database.Command[20101]
      Executed DbCommand (3ms) [Parameters=[:Ma_0='?' (Size = 2000)], CommandType='Text', CommandTimeout='0']
      SELECT "l"."GIA_TRI"
      FROM "QL_NHAN_HIEN_THI" "l"
      WHERE "l"."MA" = :Ma_0
      FETCH FIRST 1 ROWS ONLY
info: Microsoft.EntityFrameworkCore.Database.Command[20101]
      Executed DbCommand (2ms) [Parameters=[:nguoiDung_ID_0='?' (DbType = Decimal)], CommandType='Text', CommandTimeout='0']
      SELECT "c"."VAI_TRO_ID"
      FROM "QL_VAI_TRO_NGUOI_DUNG" "c"
      WHERE "c"."NGUOI_DUNG_ID" = :nguoiDung_ID_0
info: Microsoft.EntityFrameworkCore.Database.Command[20101]
      Executed DbCommand (3ms) [Parameters=[:Ma_0='?' (Size = 2000)], CommandType='Text', CommandTimeout='0']
      SELECT "l"."GIA_TRI"
      FROM "QL_NHAN_HIEN_THI" "l"
      WHERE "l"."MA" = :Ma_0
      FETCH FIRST 1 ROWS ONLY
info: Microsoft.EntityFrameworkCore.Database.Command[20101]
      Executed DbCommand (2ms) [Parameters=[:nguoiDung_ID_0='?' (DbType = Decimal)], CommandType='Text', CommandTimeout='0']
      SELECT "c"."VAI_TRO_ID"
      FROM "QL_VAI_TRO_NGUOI_DUNG" "c"
      WHERE "c"."NGUOI_DUNG_ID" = :nguoiDung_ID_0
info: Microsoft.EntityFrameworkCore.Database.Command[20101]
      Executed DbCommand (3ms) [Parameters=[:Ma_0='?' (Size = 2000)], CommandType='Text', CommandTimeout='0']
      SELECT "l"."GIA_TRI"
      FROM "QL_NHAN_HIEN_THI" "l"
      WHERE "l"."MA" = :Ma_0
      FETCH FIRST 1 ROWS ONLY
info: Microsoft.EntityFrameworkCore.Database.Command[20101]
      Executed DbCommand (2ms) [Parameters=[:nguoiDung_ID_0='?' (DbType = Decimal)], CommandType='Text', CommandTimeout='0']
      SELECT "c"."VAI_TRO_ID"
      FROM "QL_VAI_TRO_NGUOI_DUNG" "c"
      WHERE "c"."NGUOI_DUNG_ID" = :nguoiDung_ID_0
info: Microsoft.EntityFrameworkCore.Database.Command[20101]
      Executed DbCommand (2ms) [Parameters=[:Ma_0='?' (Size = 2000)], CommandType='Text', CommandTimeout='0']
      SELECT "l"."GIA_TRI"
      FROM "QL_NHAN_HIEN_THI" "l"
      WHERE "l"."MA" = :Ma_0
      FETCH FIRST 1 ROWS ONLY
info: Microsoft.EntityFrameworkCore.Database.Command[20101]
      Executed DbCommand (2ms) [Parameters=[:nguoiDung_ID_0='?' (DbType = Decimal)], CommandType='Text', CommandTimeout='0']
      SELECT "c"."VAI_TRO_ID"
      FROM "QL_VAI_TRO_NGUOI_DUNG" "c"
      WHERE "c"."NGUOI_DUNG_ID" = :nguoiDung_ID_0
info: Microsoft.EntityFrameworkCore.Database.Command[20101]
      Executed DbCommand (2ms) [Parameters=[:Ma_0='?' (Size = 2000)], CommandType='Text', CommandTimeout='0']
      SELECT "l"."GIA_TRI"
      FROM "QL_NHAN_HIEN_THI" "l"
      WHERE "l"."MA" = :Ma_0
      FETCH FIRST 1 ROWS ONLY
info: Microsoft.EntityFrameworkCore.Database.Command[20101]
      Executed DbCommand (2ms) [Parameters=[:nguoiDung_ID_0='?' (DbType = Decimal)], CommandType='Text', CommandTimeout='0']
      SELECT "c"."VAI_TRO_ID"
      FROM "QL_VAI_TRO_NGUOI_DUNG" "c"
      WHERE "c"."NGUOI_DUNG_ID" = :nguoiDung_ID_0
info: Microsoft.EntityFrameworkCore.Database.Command[20101]
      Executed DbCommand (3ms) [Parameters=[:Ma_0='?' (Size = 2000)], CommandType='Text', CommandTimeout='0']
      SELECT "l"."GIA_TRI"
      FROM "QL_NHAN_HIEN_THI" "l"
      WHERE "l"."MA" = :Ma_0
      FETCH FIRST 1 ROWS ONLY
info: Microsoft.EntityFrameworkCore.Database.Command[20101]
      Executed DbCommand (3ms) [Parameters=[:Ma_0='?' (Size = 2000)], CommandType='Text', CommandTimeout='0']
      SELECT "l"."GIA_TRI"
      FROM "QL_NHAN_HIEN_THI" "l"
      WHERE "l"."MA" = :Ma_0
      FETCH FIRST 1 ROWS ONLY
info: Microsoft.EntityFrameworkCore.Database.Command[20101]
      Executed DbCommand (4ms) [Parameters=[:Ma_0='?' (Size = 2000)], CommandType='Text', CommandTimeout='0']
      SELECT "l"."GIA_TRI"
      FROM "QL_NHAN_HIEN_THI" "l"
      WHERE "l"."MA" = :Ma_0
      FETCH FIRST 1 ROWS ONLY
info: Microsoft.EntityFrameworkCore.Database.Command[20101]
      Executed DbCommand (3ms) [Parameters=[:Ma_0='?' (Size = 2000)], CommandType='Text', CommandTimeout='0']
      SELECT "l"."GIA_TRI"
      FROM "QL_NHAN_HIEN_THI" "l"
      WHERE "l"."MA" = :Ma_0
      FETCH FIRST 1 ROWS ONLY
info: Microsoft.EntityFrameworkCore.Database.Command[20101]
      Executed DbCommand (3ms) [Parameters=[:Ma_0='?' (Size = 2000)], CommandType='Text', CommandTimeout='0']
      SELECT "l"."GIA_TRI"
      FROM "QL_NHAN_HIEN_THI" "l"
      WHERE "l"."MA" = :Ma_0
      FETCH FIRST 1 ROWS ONLY
info: Microsoft.EntityFrameworkCore.Database.Command[20101]
      Executed DbCommand (2ms) [Parameters=[:nguoiDung_ID_0='?' (DbType = Decimal)], CommandType='Text', CommandTimeout='0']
      SELECT "c"."VAI_TRO_ID"
      FROM "QL_VAI_TRO_NGUOI_DUNG" "c"
      WHERE "c"."NGUOI_DUNG_ID" = :nguoiDung_ID_0
info: Microsoft.EntityFrameworkCore.Database.Command[20101]
      Executed DbCommand (4ms) [Parameters=[:Ma_0='?' (Size = 2000)], CommandType='Text', CommandTimeout='0']
      SELECT "l"."GIA_TRI"
      FROM "QL_NHAN_HIEN_THI" "l"
      WHERE "l"."MA" = :Ma_0
      FETCH FIRST 1 ROWS ONLY
info: Microsoft.EntityFrameworkCore.Database.Command[20101]
      Executed DbCommand (3ms) [Parameters=[:Ma_0='?' (Size = 2000)], CommandType='Text', CommandTimeout='0']
      SELECT "l"."GIA_TRI"
      FROM "QL_NHAN_HIEN_THI" "l"
      WHERE "l"."MA" = :Ma_0
      FETCH FIRST 1 ROWS ONLY
info: Microsoft.EntityFrameworkCore.Database.Command[20101]
      Executed DbCommand (3ms) [Parameters=[:Ma_0='?' (Size = 2000)], CommandType='Text', CommandTimeout='0']
      SELECT "l"."GIA_TRI"
      FROM "QL_NHAN_HIEN_THI" "l"
      WHERE "l"."MA" = :Ma_0
      FETCH FIRST 1 ROWS ONLY
info: Microsoft.EntityFrameworkCore.Database.Command[20101]
      Executed DbCommand (2ms) [Parameters=[:nguoiDung_ID_0='?' (DbType = Decimal)], CommandType='Text', CommandTimeout='0']
      SELECT "c"."VAI_TRO_ID"
      FROM "QL_VAI_TRO_NGUOI_DUNG" "c"
      WHERE "c"."NGUOI_DUNG_ID" = :nguoiDung_ID_0
info: Microsoft.EntityFrameworkCore.Database.Command[20101]
      Executed DbCommand (3ms) [Parameters=[:Ma_0='?' (Size = 2000)], CommandType='Text', CommandTimeout='0']
      SELECT "l"."GIA_TRI"
      FROM "QL_NHAN_HIEN_THI" "l"
      WHERE "l"."MA" = :Ma_0
      FETCH FIRST 1 ROWS ONLY
info: Microsoft.EntityFrameworkCore.Database.Command[20101]
      Executed DbCommand (3ms) [Parameters=[:Ma_0='?' (Size = 2000)], CommandType='Text', CommandTimeout='0']
      SELECT "l"."GIA_TRI"
      FROM "QL_NHAN_HIEN_THI" "l"
      WHERE "l"."MA" = :Ma_0
      FETCH FIRST 1 ROWS ONLY
info: Microsoft.EntityFrameworkCore.Database.Command[20101]
      Executed DbCommand (3ms) [Parameters=[:Ma_0='?' (Size = 2000)], CommandType='Text', CommandTimeout='0']
      SELECT "l"."GIA_TRI"
      FROM "QL_NHAN_HIEN_THI" "l"
      WHERE "l"."MA" = :Ma_0
      FETCH FIRST 1 ROWS ONLY
info: Microsoft.EntityFrameworkCore.Database.Command[20101]
      Executed DbCommand (2ms) [Parameters=[:nguoiDung_ID_0='?' (DbType = Decimal)], CommandType='Text', CommandTimeout='0']
      SELECT "c"."VAI_TRO_ID"
      FROM "QL_VAI_TRO_NGUOI_DUNG" "c"
      WHERE "c"."NGUOI_DUNG_ID" = :nguoiDung_ID_0
info: Microsoft.EntityFrameworkCore.Database.Command[20101]
      Executed DbCommand (3ms) [Parameters=[:Ma_0='?' (Size = 2000)], CommandType='Text', CommandTimeout='0']
      SELECT "l"."GIA_TRI"
      FROM "QL_NHAN_HIEN_THI" "l"
      WHERE "l"."MA" = :Ma_0
      FETCH FIRST 1 ROWS ONLY
info: Microsoft.EntityFrameworkCore.Database.Command[20101]
      Executed DbCommand (2ms) [Parameters=[:Ma_0='?' (Size = 2000)], CommandType='Text', CommandTimeout='0']
      SELECT "l"."GIA_TRI"
      FROM "QL_NHAN_HIEN_THI" "l"
      WHERE "l"."MA" = :Ma_0
      FETCH FIRST 1 ROWS ONLY
info: Microsoft.EntityFrameworkCore.Database.Command[20101]
      Executed DbCommand (2ms) [Parameters=[:nguoiDung_ID_0='?' (DbType = Decimal)], CommandType='Text', CommandTimeout='0']
      SELECT "c"."VAI_TRO_ID"
      FROM "QL_VAI_TRO_NGUOI_DUNG" "c"
      WHERE "c"."NGUOI_DUNG_ID" = :nguoiDung_ID_0
info: Microsoft.EntityFrameworkCore.Database.Command[20101]
      Executed DbCommand (3ms) [Parameters=[:Ma_0='?' (Size = 2000)], CommandType='Text', CommandTimeout='0']
      SELECT "l"."GIA_TRI"
      FROM "QL_NHAN_HIEN_THI" "l"
      WHERE "l"."MA" = :Ma_0
      FETCH FIRST 1 ROWS ONLY
info: Microsoft.EntityFrameworkCore.Database.Command[20101]
      Executed DbCommand (2ms) [Parameters=[:nguoiDung_ID_0='?' (DbType = Decimal)], CommandType='Text', CommandTimeout='0']
      SELECT "c"."VAI_TRO_ID"
      FROM "QL_VAI_TRO_NGUOI_DUNG" "c"
      WHERE "c"."NGUOI_DUNG_ID" = :nguoiDung_ID_0
info: Microsoft.EntityFrameworkCore.Database.Command[20101]
      Executed DbCommand (4ms) [Parameters=[:Ma_0='?' (Size = 2000)], CommandType='Text', CommandTimeout='0']
      SELECT "l"."GIA_TRI"
      FROM "QL_NHAN_HIEN_THI" "l"
      WHERE "l"."MA" = :Ma_0
      FETCH FIRST 1 ROWS ONLY
info: Microsoft.EntityFrameworkCore.Database.Command[20101]
      Executed DbCommand (2ms) [Parameters=[:nguoiDung_ID_0='?' (DbType = Decimal)], CommandType='Text', CommandTimeout='0']
      SELECT "c"."VAI_TRO_ID"
      FROM "QL_VAI_TRO_NGUOI_DUNG" "c"
      WHERE "c"."NGUOI_DUNG_ID" = :nguoiDung_ID_0
info: Microsoft.EntityFrameworkCore.Database.Command[20101]
      Executed DbCommand (3ms) [Parameters=[:Ma_0='?' (Size = 2000)], CommandType='Text', CommandTimeout='0']
      SELECT "l"."GIA_TRI"
      FROM "QL_NHAN_HIEN_THI" "l"
      WHERE "l"."MA" = :Ma_0
      FETCH FIRST 1 ROWS ONLY
info: Microsoft.EntityFrameworkCore.Database.Command[20101]
      Executed DbCommand (2ms) [Parameters=[:nguoiDung_ID_0='?' (DbType = Decimal)], CommandType='Text', CommandTimeout='0']
      SELECT "c"."VAI_TRO_ID"
      FROM "QL_VAI_TRO_NGUOI_DUNG" "c"
      WHERE "c"."NGUOI_DUNG_ID" = :nguoiDung_ID_0
info: Microsoft.EntityFrameworkCore.Database.Command[20101]
      Executed DbCommand (3ms) [Parameters=[:Ma_0='?' (Size = 2000)], CommandType='Text', CommandTimeout='0']
      SELECT "l"."GIA_TRI"
      FROM "QL_NHAN_HIEN_THI" "l"
      WHERE "l"."MA" = :Ma_0
      FETCH FIRST 1 ROWS ONLY
info: Microsoft.EntityFrameworkCore.Database.Command[20101]
      Executed DbCommand (2ms) [Parameters=[:nguoiDung_ID_0='?' (DbType = Decimal)], CommandType='Text', CommandTimeout='0']
      SELECT "c"."VAI_TRO_ID"
      FROM "QL_VAI_TRO_NGUOI_DUNG" "c"
      WHERE "c"."NGUOI_DUNG_ID" = :nguoiDung_ID_0
info: Microsoft.EntityFrameworkCore.Database.Command[20101]
      Executed DbCommand (3ms) [Parameters=[:Ma_0='?' (Size = 2000)], CommandType='Text', CommandTimeout='0']
      SELECT "l"."GIA_TRI"
      FROM "QL_NHAN_HIEN_THI" "l"
      WHERE "l"."MA" = :Ma_0
      FETCH FIRST 1 ROWS ONLY
info: Microsoft.EntityFrameworkCore.Database.Command[20101]
      Executed DbCommand (3ms) [Parameters=[:nguoiDung_ID_0='?' (DbType = Decimal)], CommandType='Text', CommandTimeout='0']
      SELECT "c"."VAI_TRO_ID"
      FROM "QL_VAI_TRO_NGUOI_DUNG" "c"
      WHERE "c"."NGUOI_DUNG_ID" = :nguoiDung_ID_0
info: Microsoft.EntityFrameworkCore.Database.Command[20101]
      Executed DbCommand (3ms) [Parameters=[:Ma_0='?' (Size = 2000)], CommandType='Text', CommandTimeout='0']
      SELECT "l"."GIA_TRI"
      FROM "QL_NHAN_HIEN_THI" "l"
      WHERE "l"."MA" = :Ma_0
      FETCH FIRST 1 ROWS ONLY
info: Microsoft.EntityFrameworkCore.Database.Command[20101]
      Executed DbCommand (3ms) [Parameters=[:Ma_0='?' (Size = 2000)], CommandType='Text', CommandTimeout='0']
      SELECT "l"."GIA_TRI"
      FROM "QL_NHAN_HIEN_THI" "l"
      WHERE "l"."MA" = :Ma_0
      FETCH FIRST 1 ROWS ONLY
info: Microsoft.EntityFrameworkCore.Database.Command[20101]
      Executed DbCommand (2ms) [Parameters=[:Ma_0='?' (Size = 2000)], CommandType='Text', CommandTimeout='0']
      SELECT "l"."GIA_TRI"
      FROM "QL_NHAN_HIEN_THI" "l"
      WHERE "l"."MA" = :Ma_0
      FETCH FIRST 1 ROWS ONLY
info: Microsoft.EntityFrameworkCore.Database.Command[20101]
      Executed DbCommand (3ms) [Parameters=[:Ma_0='?' (Size = 2000)], CommandType='Text', CommandTimeout='0']
      SELECT "l"."GIA_TRI"
      FROM "QL_NHAN_HIEN_THI" "l"
      WHERE "l"."MA" = :Ma_0
      FETCH FIRST 1 ROWS ONLY
info: Microsoft.EntityFrameworkCore.Database.Command[20101]
      Executed DbCommand (3ms) [Parameters=[:nguoiDung_ID_0='?' (DbType = Decimal)], CommandType='Text', CommandTimeout='0']
      SELECT "c"."VAI_TRO_ID"
      FROM "QL_VAI_TRO_NGUOI_DUNG" "c"
      WHERE "c"."NGUOI_DUNG_ID" = :nguoiDung_ID_0
info: Microsoft.EntityFrameworkCore.Database.Command[20101]
      Executed DbCommand (2ms) [Parameters=[:Ma_0='?' (Size = 2000)], CommandType='Text', CommandTimeout='0']
      SELECT "l"."GIA_TRI"
      FROM "QL_NHAN_HIEN_THI" "l"
      WHERE "l"."MA" = :Ma_0
      FETCH FIRST 1 ROWS ONLY
info: Microsoft.EntityFrameworkCore.Database.Command[20101]
      Executed DbCommand (2ms) [Parameters=[:nguoiDung_ID_0='?' (DbType = Decimal)], CommandType='Text', CommandTimeout='0']
      SELECT "c"."VAI_TRO_ID"
      FROM "QL_VAI_TRO_NGUOI_DUNG" "c"
      WHERE "c"."NGUOI_DUNG_ID" = :nguoiDung_ID_0
info: Microsoft.EntityFrameworkCore.Database.Command[20101]
      Executed DbCommand (3ms) [Parameters=[:Ma_0='?' (Size = 2000)], CommandType='Text', CommandTimeout='0']
      SELECT "l"."GIA_TRI"
      FROM "QL_NHAN_HIEN_THI" "l"
      WHERE "l"."MA" = :Ma_0
      FETCH FIRST 1 ROWS ONLY
info: Microsoft.EntityFrameworkCore.Database.Command[20101]
      Executed DbCommand (2ms) [Parameters=[:nguoiDung_ID_0='?' (DbType = Decimal)], CommandType='Text', CommandTimeout='0']
      SELECT "c"."VAI_TRO_ID"
      FROM "QL_VAI_TRO_NGUOI_DUNG" "c"
      WHERE "c"."NGUOI_DUNG_ID" = :nguoiDung_ID_0
info: Microsoft.EntityFrameworkCore.Database.Command[20101]
      Executed DbCommand (3ms) [Parameters=[:Ma_0='?' (Size = 2000)], CommandType='Text', CommandTimeout='0']
      SELECT "l"."GIA_TRI"
      FROM "QL_NHAN_HIEN_THI" "l"
      WHERE "l"."MA" = :Ma_0
      FETCH FIRST 1 ROWS ONLY
info: Microsoft.EntityFrameworkCore.Database.Command[20101]
      Executed DbCommand (2ms) [Parameters=[:nguoiDung_ID_0='?' (DbType = Decimal)], CommandType='Text', CommandTimeout='0']
      SELECT "c"."VAI_TRO_ID"
      FROM "QL_VAI_TRO_NGUOI_DUNG" "c"
      WHERE "c"."NGUOI_DUNG_ID" = :nguoiDung_ID_0
info: Microsoft.EntityFrameworkCore.Database.Command[20101]
      Executed DbCommand (4ms) [Parameters=[:Ma_0='?' (Size = 2000)], CommandType='Text', CommandTimeout='0']
      SELECT "l"."GIA_TRI"
      FROM "QL_NHAN_HIEN_THI" "l"
      WHERE "l"."MA" = :Ma_0
      FETCH FIRST 1 ROWS ONLY
info: Microsoft.EntityFrameworkCore.Database.Command[20101]
      Executed DbCommand (3ms) [Parameters=[:nguoiDung_ID_0='?' (DbType = Decimal)], CommandType='Text', CommandTimeout='0']
      SELECT "c"."VAI_TRO_ID"
      FROM "QL_VAI_TRO_NGUOI_DUNG" "c"
      WHERE "c"."NGUOI_DUNG_ID" = :nguoiDung_ID_0
info: Microsoft.EntityFrameworkCore.Database.Command[20101]
      Executed DbCommand (3ms) [Parameters=[:Ma_0='?' (Size = 2000)], CommandType='Text', CommandTimeout='0']
      SELECT "l"."GIA_TRI"
      FROM "QL_NHAN_HIEN_THI" "l"
      WHERE "l"."MA" = :Ma_0
      FETCH FIRST 1 ROWS ONLY
info: Microsoft.EntityFrameworkCore.Database.Command[20101]
      Executed DbCommand (2ms) [Parameters=[:nguoiDung_ID_0='?' (DbType = Decimal)], CommandType='Text', CommandTimeout='0']
      SELECT "c"."VAI_TRO_ID"
      FROM "QL_VAI_TRO_NGUOI_DUNG" "c"
      WHERE "c"."NGUOI_DUNG_ID" = :nguoiDung_ID_0
info: Microsoft.EntityFrameworkCore.Database.Command[20101]
      Executed DbCommand (3ms) [Parameters=[:Ma_0='?' (Size = 2000)], CommandType='Text', CommandTimeout='0']
      SELECT "l"."GIA_TRI"
      FROM "QL_NHAN_HIEN_THI" "l"
      WHERE "l"."MA" = :Ma_0
      FETCH FIRST 1 ROWS ONLY
info: Microsoft.EntityFrameworkCore.Database.Command[20101]
      Executed DbCommand (3ms) [Parameters=[:nguoiDung_ID_0='?' (DbType = Decimal)], CommandType='Text', CommandTimeout='0']
      SELECT "c"."VAI_TRO_ID"
      FROM "QL_VAI_TRO_NGUOI_DUNG" "c"
      WHERE "c"."NGUOI_DUNG_ID" = :nguoiDung_ID_0
info: Microsoft.EntityFrameworkCore.Database.Command[20101]
      Executed DbCommand (3ms) [Parameters=[:Ma_0='?' (Size = 2000)], CommandType='Text', CommandTimeout='0']
      SELECT "l"."GIA_TRI"
      FROM "QL_NHAN_HIEN_THI" "l"
      WHERE "l"."MA" = :Ma_0
      FETCH FIRST 1 ROWS ONLY
info: Microsoft.EntityFrameworkCore.Database.Command[20101]
      Executed DbCommand (2ms) [Parameters=[:nguoiDung_ID_0='?' (DbType = Decimal)], CommandType='Text', CommandTimeout='0']
      SELECT "c"."VAI_TRO_ID"
      FROM "QL_VAI_TRO_NGUOI_DUNG" "c"
      WHERE "c"."NGUOI_DUNG_ID" = :nguoiDung_ID_0
info: Microsoft.EntityFrameworkCore.Database.Command[20101]
      Executed DbCommand (3ms) [Parameters=[:Ma_0='?' (Size = 2000)], CommandType='Text', CommandTimeout='0']
      SELECT "l"."GIA_TRI"
      FROM "QL_NHAN_HIEN_THI" "l"
      WHERE "l"."MA" = :Ma_0
      FETCH FIRST 1 ROWS ONLY
info: Microsoft.EntityFrameworkCore.Database.Command[20101]
      Executed DbCommand (2ms) [Parameters=[:nguoiDung_ID_0='?' (DbType = Decimal)], CommandType='Text', CommandTimeout='0']
      SELECT "c"."VAI_TRO_ID"
      FROM "QL_VAI_TRO_NGUOI_DUNG" "c"
      WHERE "c"."NGUOI_DUNG_ID" = :nguoiDung_ID_0
info: Microsoft.EntityFrameworkCore.Database.Command[20101]
      Executed DbCommand (3ms) [Parameters=[:Ma_0='?' (Size = 2000)], CommandType='Text', CommandTimeout='0']
      SELECT "l"."GIA_TRI"
      FROM "QL_NHAN_HIEN_THI" "l"
      WHERE "l"."MA" = :Ma_0
      FETCH FIRST 1 ROWS ONLY
info: Microsoft.EntityFrameworkCore.Database.Command[20101]
      Executed DbCommand (2ms) [Parameters=[:nguoiDung_ID_0='?' (DbType = Decimal)], CommandType='Text', CommandTimeout='0']
      SELECT "c"."VAI_TRO_ID"
      FROM "QL_VAI_TRO_NGUOI_DUNG" "c"
      WHERE "c"."NGUOI_DUNG_ID" = :nguoiDung_ID_0
info: Microsoft.EntityFrameworkCore.Database.Command[20101]
      Executed DbCommand (4ms) [Parameters=[:Ma_0='?' (Size = 2000)], CommandType='Text', CommandTimeout='0']
      SELECT "l"."GIA_TRI"
      FROM "QL_NHAN_HIEN_THI" "l"
      WHERE "l"."MA" = :Ma_0
      FETCH FIRST 1 ROWS ONLY
info: Microsoft.EntityFrameworkCore.Database.Command[20101]
      Executed DbCommand (2ms) [Parameters=[:nguoiDung_ID_0='?' (DbType = Decimal)], CommandType='Text', CommandTimeout='0']
      SELECT "c"."VAI_TRO_ID"
      FROM "QL_VAI_TRO_NGUOI_DUNG" "c"
      WHERE "c"."NGUOI_DUNG_ID" = :nguoiDung_ID_0
info: Microsoft.EntityFrameworkCore.Database.Command[20101]
      Executed DbCommand (3ms) [Parameters=[:Ma_0='?' (Size = 2000)], CommandType='Text', CommandTimeout='0']
      SELECT "l"."GIA_TRI"
      FROM "QL_NHAN_HIEN_THI" "l"
      WHERE "l"."MA" = :Ma_0
      FETCH FIRST 1 ROWS ONLY
info: Microsoft.EntityFrameworkCore.Database.Command[20101]
      Executed DbCommand (3ms) [Parameters=[:nguoiDung_ID_0='?' (DbType = Decimal)], CommandType='Text', CommandTimeout='0']
      SELECT "c"."VAI_TRO_ID"
      FROM "QL_VAI_TRO_NGUOI_DUNG" "c"
      WHERE "c"."NGUOI_DUNG_ID" = :nguoiDung_ID_0
info: Microsoft.EntityFrameworkCore.Database.Command[20101]
      Executed DbCommand (3ms) [Parameters=[:Ma_0='?' (Size = 2000)], CommandType='Text', CommandTimeout='0']
      SELECT "l"."GIA_TRI"
      FROM "QL_NHAN_HIEN_THI" "l"
      WHERE "l"."MA" = :Ma_0
      FETCH FIRST 1 ROWS ONLY
info: Microsoft.EntityFrameworkCore.Database.Command[20101]
      Executed DbCommand (2ms) [Parameters=[:nguoiDung_ID_0='?' (DbType = Decimal)], CommandType='Text', CommandTimeout='0']
      SELECT "c"."VAI_TRO_ID"
      FROM "QL_VAI_TRO_NGUOI_DUNG" "c"
      WHERE "c"."NGUOI_DUNG_ID" = :nguoiDung_ID_0
info: Microsoft.EntityFrameworkCore.Database.Command[20101]
      Executed DbCommand (3ms) [Parameters=[:Ma_0='?' (Size = 2000)], CommandType='Text', CommandTimeout='0']
      SELECT "l"."GIA_TRI"
      FROM "QL_NHAN_HIEN_THI" "l"
      WHERE "l"."MA" = :Ma_0
      FETCH FIRST 1 ROWS ONLY
info: Microsoft.EntityFrameworkCore.Database.Command[20101]
      Executed DbCommand (2ms) [Parameters=[:nguoiDung_ID_0='?' (DbType = Decimal)], CommandType='Text', CommandTimeout='0']
      SELECT "c"."VAI_TRO_ID"
      FROM "QL_VAI_TRO_NGUOI_DUNG" "c"
      WHERE "c"."NGUOI_DUNG_ID" = :nguoiDung_ID_0
info: Microsoft.EntityFrameworkCore.Database.Command[20101]
      Executed DbCommand (3ms) [Parameters=[:Ma_0='?' (Size = 2000)], CommandType='Text', CommandTimeout='0']
      SELECT "l"."GIA_TRI"
      FROM "QL_NHAN_HIEN_THI" "l"
      WHERE "l"."MA" = :Ma_0
      FETCH FIRST 1 ROWS ONLY
info: Microsoft.EntityFrameworkCore.Database.Command[20101]
      Executed DbCommand (2ms) [Parameters=[:nguoiDung_ID_0='?' (DbType = Decimal)], CommandType='Text', CommandTimeout='0']
      SELECT "c"."VAI_TRO_ID"
      FROM "QL_VAI_TRO_NGUOI_DUNG" "c"
      WHERE "c"."NGUOI_DUNG_ID" = :nguoiDung_ID_0
info: Microsoft.EntityFrameworkCore.Database.Command[20101]
      Executed DbCommand (3ms) [Parameters=[:Ma_0='?' (Size = 2000)], CommandType='Text', CommandTimeout='0']
      SELECT "l"."GIA_TRI"
      FROM "QL_NHAN_HIEN_THI" "l"
      WHERE "l"."MA" = :Ma_0
      FETCH FIRST 1 ROWS ONLY
info: Microsoft.EntityFrameworkCore.Database.Command[20101]
      Executed DbCommand (3ms) [Parameters=[:Ma_0='?' (Size = 2000)], CommandType='Text', CommandTimeout='0']
      SELECT "l"."GIA_TRI"
      FROM "QL_NHAN_HIEN_THI" "l"
      WHERE "l"."MA" = :Ma_0
      FETCH FIRST 1 ROWS ONLY
info: Microsoft.EntityFrameworkCore.Database.Command[20101]
      Executed DbCommand (3ms) [Parameters=[:Ma_0='?' (Size = 2000)], CommandType='Text', CommandTimeout='0']
      SELECT "l"."GIA_TRI"
      FROM "QL_NHAN_HIEN_THI" "l"
      WHERE "l"."MA" = :Ma_0
      FETCH FIRST 1 ROWS ONLY
info: Microsoft.EntityFrameworkCore.Database.Command[20101]
      Executed DbCommand (3ms) [Parameters=[:Ma_0='?' (Size = 2000)], CommandType='Text', CommandTimeout='0']
      SELECT "l"."GIA_TRI"
      FROM "QL_NHAN_HIEN_THI" "l"
      WHERE "l"."MA" = :Ma_0
      FETCH FIRST 1 ROWS ONLY
info: Microsoft.EntityFrameworkCore.Database.Command[20101]
      Executed DbCommand (3ms) [Parameters=[:Ma_0='?' (Size = 2000)], CommandType='Text', CommandTimeout='0']
      SELECT "l"."GIA_TRI"
      FROM "QL_NHAN_HIEN_THI" "l"
      WHERE "l"."MA" = :Ma_0
      FETCH FIRST 1 ROWS ONLY
info: Microsoft.EntityFrameworkCore.Database.Command[20101]
      Executed DbCommand (4ms) [Parameters=[:Ma_0='?' (Size = 2000)], CommandType='Text', CommandTimeout='0']
      SELECT "l"."GIA_TRI"
      FROM "QL_NHAN_HIEN_THI" "l"
      WHERE "l"."MA" = :Ma_0
      FETCH FIRST 1 ROWS ONLY
info: Microsoft.EntityFrameworkCore.Database.Command[20101]
      Executed DbCommand (2ms) [Parameters=[:nguoiDung_ID_0='?' (DbType = Decimal)], CommandType='Text', CommandTimeout='0']
      SELECT "c"."VAI_TRO_ID"
      FROM "QL_VAI_TRO_NGUOI_DUNG" "c"
      WHERE "c"."NGUOI_DUNG_ID" = :nguoiDung_ID_0
info: Microsoft.EntityFrameworkCore.Database.Command[20101]
      Executed DbCommand (3ms) [Parameters=[:Ma_0='?' (Size = 2000)], CommandType='Text', CommandTimeout='0']
      SELECT "l"."GIA_TRI"
      FROM "QL_NHAN_HIEN_THI" "l"
      WHERE "l"."MA" = :Ma_0
      FETCH FIRST 1 ROWS ONLY
info: Microsoft.EntityFrameworkCore.Database.Command[20101]
      Executed DbCommand (3ms) [Parameters=[:nguoiDung_ID_0='?' (DbType = Decimal)], CommandType='Text', CommandTimeout='0']
      SELECT "c"."VAI_TRO_ID"
      FROM "QL_VAI_TRO_NGUOI_DUNG" "c"
      WHERE "c"."NGUOI_DUNG_ID" = :nguoiDung_ID_0
info: Microsoft.EntityFrameworkCore.Database.Command[20101]
      Executed DbCommand (2ms) [Parameters=[:nguoiDung_ID_0='?' (DbType = Decimal)], CommandType='Text', CommandTimeout='0']
      SELECT "c"."VAI_TRO_ID"
      FROM "QL_VAI_TRO_NGUOI_DUNG" "c"
      WHERE "c"."NGUOI_DUNG_ID" = :nguoiDung_ID_0
info: Microsoft.EntityFrameworkCore.Database.Command[20101]
      Executed DbCommand (2ms) [Parameters=[:Ma_0='?' (Size = 2000)], CommandType='Text', CommandTimeout='0']
      SELECT "l"."GIA_TRI"
      FROM "QL_NHAN_HIEN_THI" "l"
      WHERE "l"."MA" = :Ma_0
      FETCH FIRST 1 ROWS ONLY
info: Microsoft.EntityFrameworkCore.Database.Command[20101]
      Executed DbCommand (2ms) [Parameters=[:nguoiDung_ID_0='?' (DbType = Decimal)], CommandType='Text', CommandTimeout='0']
      SELECT "c"."VAI_TRO_ID"
      FROM "QL_VAI_TRO_NGUOI_DUNG" "c"
      WHERE "c"."NGUOI_DUNG_ID" = :nguoiDung_ID_0
info: Microsoft.EntityFrameworkCore.Database.Command[20101]
      Executed DbCommand (3ms) [Parameters=[:Ma_0='?' (Size = 2000)], CommandType='Text', CommandTimeout='0']
      SELECT "l"."GIA_TRI"
      FROM "QL_NHAN_HIEN_THI" "l"
      WHERE "l"."MA" = :Ma_0
      FETCH FIRST 1 ROWS ONLY
info: Microsoft.EntityFrameworkCore.Database.Command[20101]
      Executed DbCommand (2ms) [Parameters=[:nguoiDung_ID_0='?' (DbType = Decimal)], CommandType='Text', CommandTimeout='0']
      SELECT "c"."VAI_TRO_ID"
      FROM "QL_VAI_TRO_NGUOI_DUNG" "c"
      WHERE "c"."NGUOI_DUNG_ID" = :nguoiDung_ID_0
info: Microsoft.EntityFrameworkCore.Database.Command[20101]
      Executed DbCommand (2ms) [Parameters=[:nguoiDung_ID_0='?' (DbType = Decimal)], CommandType='Text', CommandTimeout='0']
      SELECT "c"."VAI_TRO_ID"
      FROM "QL_VAI_TRO_NGUOI_DUNG" "c"
      WHERE "c"."NGUOI_DUNG_ID" = :nguoiDung_ID_0
info: Microsoft.EntityFrameworkCore.Database.Command[20101]
      Executed DbCommand (4ms) [Parameters=[:Ma_0='?' (Size = 2000)], CommandType='Text', CommandTimeout='0']
      SELECT "l"."GIA_TRI"
      FROM "QL_NHAN_HIEN_THI" "l"
      WHERE "l"."MA" = :Ma_0
      FETCH FIRST 1 ROWS ONLY
info: Microsoft.EntityFrameworkCore.Database.Command[20101]
      Executed DbCommand (2ms) [Parameters=[:nguoiDung_ID_0='?' (DbType = Decimal)], CommandType='Text', CommandTimeout='0']
      SELECT "c"."VAI_TRO_ID"
      FROM "QL_VAI_TRO_NGUOI_DUNG" "c"
      WHERE "c"."NGUOI_DUNG_ID" = :nguoiDung_ID_0
info: Microsoft.EntityFrameworkCore.Database.Command[20101]
      Executed DbCommand (2ms) [Parameters=[:Ma_0='?' (Size = 2000)], CommandType='Text', CommandTimeout='0']
      SELECT "l"."GIA_TRI"
      FROM "QL_NHAN_HIEN_THI" "l"
      WHERE "l"."MA" = :Ma_0
      FETCH FIRST 1 ROWS ONLY
info: Microsoft.EntityFrameworkCore.Database.Command[20101]
      Executed DbCommand (2ms) [Parameters=[:nguoiDung_ID_0='?' (DbType = Decimal)], CommandType='Text', CommandTimeout='0']
      SELECT "c"."VAI_TRO_ID"
      FROM "QL_VAI_TRO_NGUOI_DUNG" "c"
      WHERE "c"."NGUOI_DUNG_ID" = :nguoiDung_ID_0
info: Microsoft.EntityFrameworkCore.Database.Command[20101]
      Executed DbCommand (2ms) [Parameters=[:Ma_0='?' (Size = 2000)], CommandType='Text', CommandTimeout='0']
      SELECT "l"."GIA_TRI"
      FROM "QL_NHAN_HIEN_THI" "l"
      WHERE "l"."MA" = :Ma_0
      FETCH FIRST 1 ROWS ONLY
info: Microsoft.EntityFrameworkCore.Database.Command[20101]
      Executed DbCommand (2ms) [Parameters=[:nguoiDung_ID_0='?' (DbType = Decimal)], CommandType='Text', CommandTimeout='0']
      SELECT "c"."VAI_TRO_ID"
      FROM "QL_VAI_TRO_NGUOI_DUNG" "c"
      WHERE "c"."NGUOI_DUNG_ID" = :nguoiDung_ID_0
info: Microsoft.EntityFrameworkCore.Database.Command[20101]
      Executed DbCommand (3ms) [Parameters=[:Ma_0='?' (Size = 2000)], CommandType='Text', CommandTimeout='0']
      SELECT "l"."GIA_TRI"
      FROM "QL_NHAN_HIEN_THI" "l"
      WHERE "l"."MA" = :Ma_0
      FETCH FIRST 1 ROWS ONLY
info: Microsoft.EntityFrameworkCore.Database.Command[20101]
      Executed DbCommand (2ms) [Parameters=[:nguoiDung_ID_0='?' (DbType = Decimal)], CommandType='Text', CommandTimeout='0']
      SELECT "c"."VAI_TRO_ID"
      FROM "QL_VAI_TRO_NGUOI_DUNG" "c"
      WHERE "c"."NGUOI_DUNG_ID" = :nguoiDung_ID_0
info: Microsoft.EntityFrameworkCore.Database.Command[20101]
      Executed DbCommand (2ms) [Parameters=[:Ma_0='?' (Size = 2000)], CommandType='Text', CommandTimeout='0']
      SELECT "l"."GIA_TRI"
      FROM "QL_NHAN_HIEN_THI" "l"
      WHERE "l"."MA" = :Ma_0
      FETCH FIRST 1 ROWS ONLY
info: Microsoft.EntityFrameworkCore.Database.Command[20101]
      Executed DbCommand (3ms) [Parameters=[:nguoiDung_ID_0='?' (DbType = Decimal)], CommandType='Text', CommandTimeout='0']
      SELECT "c"."VAI_TRO_ID"
      FROM "QL_VAI_TRO_NGUOI_DUNG" "c"
      WHERE "c"."NGUOI_DUNG_ID" = :nguoiDung_ID_0
info: Microsoft.EntityFrameworkCore.Database.Command[20101]
      Executed DbCommand (3ms) [Parameters=[:Ma_0='?' (Size = 2000)], CommandType='Text', CommandTimeout='0']
      SELECT "l"."GIA_TRI"
      FROM "QL_NHAN_HIEN_THI" "l"
      WHERE "l"."MA" = :Ma_0
      FETCH FIRST 1 ROWS ONLY
info: Microsoft.EntityFrameworkCore.Database.Command[20101]
      Executed DbCommand (2ms) [Parameters=[:nguoiDung_ID_0='?' (DbType = Decimal)], CommandType='Text', CommandTimeout='0']
      SELECT "c"."VAI_TRO_ID"
      FROM "QL_VAI_TRO_NGUOI_DUNG" "c"
      WHERE "c"."NGUOI_DUNG_ID" = :nguoiDung_ID_0
info: Microsoft.EntityFrameworkCore.Database.Command[20101]
      Executed DbCommand (2ms) [Parameters=[:Ma_0='?' (Size = 2000)], CommandType='Text', CommandTimeout='0']
      SELECT "l"."GIA_TRI"
      FROM "QL_NHAN_HIEN_THI" "l"
      WHERE "l"."MA" = :Ma_0
      FETCH FIRST 1 ROWS ONLY
info: Microsoft.EntityFrameworkCore.Database.Command[20101]
      Executed DbCommand (3ms) [Parameters=[:nguoiDung_ID_0='?' (DbType = Decimal)], CommandType='Text', CommandTimeout='0']
      SELECT "c"."VAI_TRO_ID"
      FROM "QL_VAI_TRO_NGUOI_DUNG" "c"
      WHERE "c"."NGUOI_DUNG_ID" = :nguoiDung_ID_0
info: Microsoft.EntityFrameworkCore.Database.Command[20101]
      Executed DbCommand (3ms) [Parameters=[:Ma_0='?' (Size = 2000)], CommandType='Text', CommandTimeout='0']
      SELECT "l"."GIA_TRI"
      FROM "QL_NHAN_HIEN_THI" "l"
      WHERE "l"."MA" = :Ma_0
      FETCH FIRST 1 ROWS ONLY
info: Microsoft.EntityFrameworkCore.Database.Command[20101]
      Executed DbCommand (2ms) [Parameters=[:nguoiDung_ID_0='?' (DbType = Decimal)], CommandType='Text', CommandTimeout='0']
      SELECT "c"."VAI_TRO_ID"
      FROM "QL_VAI_TRO_NGUOI_DUNG" "c"
      WHERE "c"."NGUOI_DUNG_ID" = :nguoiDung_ID_0
info: Microsoft.EntityFrameworkCore.Database.Command[20101]
      Executed DbCommand (3ms) [Parameters=[:Ma_0='?' (Size = 2000)], CommandType='Text', CommandTimeout='0']
      SELECT "l"."GIA_TRI"
      FROM "QL_NHAN_HIEN_THI" "l"
      WHERE "l"."MA" = :Ma_0
      FETCH FIRST 1 ROWS ONLY
info: Microsoft.EntityFrameworkCore.Database.Command[20101]
      Executed DbCommand (2ms) [Parameters=[:nguoiDung_ID_0='?' (DbType = Decimal)], CommandType='Text', CommandTimeout='0']
      SELECT "c"."VAI_TRO_ID"
      FROM "QL_VAI_TRO_NGUOI_DUNG" "c"
      WHERE "c"."NGUOI_DUNG_ID" = :nguoiDung_ID_0
info: Microsoft.EntityFrameworkCore.Database.Command[20101]
      Executed DbCommand (2ms) [Parameters=[:Ma_0='?' (Size = 2000)], CommandType='Text', CommandTimeout='0']
      SELECT "l"."GIA_TRI"
      FROM "QL_NHAN_HIEN_THI" "l"
      WHERE "l"."MA" = :Ma_0
      FETCH FIRST 1 ROWS ONLY
info: Microsoft.EntityFrameworkCore.Database.Command[20101]
      Executed DbCommand (2ms) [Parameters=[:nguoiDung_ID_0='?' (DbType = Decimal)], CommandType='Text', CommandTimeout='0']
      SELECT "c"."VAI_TRO_ID"
      FROM "QL_VAI_TRO_NGUOI_DUNG" "c"
      WHERE "c"."NGUOI_DUNG_ID" = :nguoiDung_ID_0
info: Microsoft.EntityFrameworkCore.Database.Command[20101]
      Executed DbCommand (2ms) [Parameters=[:Ma_0='?' (Size = 2000)], CommandType='Text', CommandTimeout='0']
      SELECT "l"."GIA_TRI"
      FROM "QL_NHAN_HIEN_THI" "l"
      WHERE "l"."MA" = :Ma_0
      FETCH FIRST 1 ROWS ONLY
info: Microsoft.EntityFrameworkCore.Database.Command[20101]
      Executed DbCommand (2ms) [Parameters=[:nguoiDung_ID_0='?' (DbType = Decimal)], CommandType='Text', CommandTimeout='0']
      SELECT "c"."VAI_TRO_ID"
      FROM "QL_VAI_TRO_NGUOI_DUNG" "c"
      WHERE "c"."NGUOI_DUNG_ID" = :nguoiDung_ID_0
info: Microsoft.EntityFrameworkCore.Database.Command[20101]
      Executed DbCommand (3ms) [Parameters=[:Ma_0='?' (Size = 2000)], CommandType='Text', CommandTimeout='0']
      SELECT "l"."GIA_TRI"
      FROM "QL_NHAN_HIEN_THI" "l"
      WHERE "l"."MA" = :Ma_0
      FETCH FIRST 1 ROWS ONLY
info: Microsoft.EntityFrameworkCore.Database.Command[20101]
      Executed DbCommand (2ms) [Parameters=[:nguoiDung_ID_0='?' (DbType = Decimal)], CommandType='Text', CommandTimeout='0']
      SELECT "c"."VAI_TRO_ID"
      FROM "QL_VAI_TRO_NGUOI_DUNG" "c"
      WHERE "c"."NGUOI_DUNG_ID" = :nguoiDung_ID_0
info: Microsoft.EntityFrameworkCore.Database.Command[20101]
      Executed DbCommand (3ms) [Parameters=[:Ma_0='?' (Size = 2000)], CommandType='Text', CommandTimeout='0']
      SELECT "l"."GIA_TRI"
      FROM "QL_NHAN_HIEN_THI" "l"
      WHERE "l"."MA" = :Ma_0
      FETCH FIRST 1 ROWS ONLY
info: Microsoft.EntityFrameworkCore.Database.Command[20101]
      Executed DbCommand (2ms) [Parameters=[:nguoiDung_ID_0='?' (DbType = Decimal)], CommandType='Text', CommandTimeout='0']
      SELECT "c"."VAI_TRO_ID"
      FROM "QL_VAI_TRO_NGUOI_DUNG" "c"
      WHERE "c"."NGUOI_DUNG_ID" = :nguoiDung_ID_0
info: Microsoft.EntityFrameworkCore.Database.Command[20101]
      Executed DbCommand (3ms) [Parameters=[:Ma_0='?' (Size = 2000)], CommandType='Text', CommandTimeout='0']
      SELECT "l"."GIA_TRI"
      FROM "QL_NHAN_HIEN_THI" "l"
      WHERE "l"."MA" = :Ma_0
      FETCH FIRST 1 ROWS ONLY
info: Microsoft.EntityFrameworkCore.Database.Command[20101]
      Executed DbCommand (2ms) [Parameters=[:nguoiDung_ID_0='?' (DbType = Decimal)], CommandType='Text', CommandTimeout='0']
      SELECT "c"."VAI_TRO_ID"
      FROM "QL_VAI_TRO_NGUOI_DUNG" "c"
      WHERE "c"."NGUOI_DUNG_ID" = :nguoiDung_ID_0
info: Microsoft.EntityFrameworkCore.Database.Command[20101]
      Executed DbCommand (3ms) [Parameters=[:Ma_0='?' (Size = 2000)], CommandType='Text', CommandTimeout='0']
      SELECT "l"."GIA_TRI"
      FROM "QL_NHAN_HIEN_THI" "l"
      WHERE "l"."MA" = :Ma_0
      FETCH FIRST 1 ROWS ONLY
info: Microsoft.EntityFrameworkCore.Database.Command[20101]
      Executed DbCommand (2ms) [Parameters=[:nguoiDung_ID_0='?' (DbType = Decimal)], CommandType='Text', CommandTimeout='0']
      SELECT "c"."VAI_TRO_ID"
      FROM "QL_VAI_TRO_NGUOI_DUNG" "c"
      WHERE "c"."NGUOI_DUNG_ID" = :nguoiDung_ID_0
info: Microsoft.EntityFrameworkCore.Database.Command[20101]
      Executed DbCommand (59ms) [Parameters=[:donViId_0='?' (DbType = Decimal)], CommandType='Text', CommandTimeout='0']
      SELECT COUNT(*)
      FROM "DM_DON_VI" "p"
      WHERE ((("p"."PARENT_ID" = :donViId_0) AND ("p"."LA_BAN_QL_DU_AN" = 1)) OR (("p"."ID" = :donViId_0) AND ("p"."LOAI_DON_VI_ID" = 15.0))) OR (("p"."ID" = :donViId_0) AND ("p"."LA_BAN_QL_DU_AN" = 1))
info: Microsoft.EntityFrameworkCore.Database.Command[20101]
      Executed DbCommand (3ms) [Parameters=[:Ma_0='?' (Size = 2000)], CommandType='Text', CommandTimeout='0']
      SELECT "l"."GIA_TRI"
      FROM "QL_NHAN_HIEN_THI" "l"
      WHERE "l"."MA" = :Ma_0
      FETCH FIRST 1 ROWS ONLY
info: Microsoft.EntityFrameworkCore.Database.Command[20101]
      Executed DbCommand (2ms) [Parameters=[:nguoiDung_ID_0='?' (DbType = Decimal)], CommandType='Text', CommandTimeout='0']
      SELECT "c"."VAI_TRO_ID"
      FROM "QL_VAI_TRO_NGUOI_DUNG" "c"
      WHERE "c"."NGUOI_DUNG_ID" = :nguoiDung_ID_0
info: Microsoft.EntityFrameworkCore.Database.Command[20101]
      Executed DbCommand (3ms) [Parameters=[:Ma_0='?' (Size = 2000)], CommandType='Text', CommandTimeout='0']
      SELECT "l"."GIA_TRI"
      FROM "QL_NHAN_HIEN_THI" "l"
      WHERE "l"."MA" = :Ma_0
      FETCH FIRST 1 ROWS ONLY
info: Microsoft.EntityFrameworkCore.Database.Command[20101]
      Executed DbCommand (2ms) [Parameters=[:nguoiDung_ID_0='?' (DbType = Decimal)], CommandType='Text', CommandTimeout='0']
      SELECT "c"."VAI_TRO_ID"
      FROM "QL_VAI_TRO_NGUOI_DUNG" "c"
      WHERE "c"."NGUOI_DUNG_ID" = :nguoiDung_ID_0
info: Microsoft.EntityFrameworkCore.Database.Command[20101]
      Executed DbCommand (3ms) [Parameters=[:Ma_0='?' (Size = 2000)], CommandType='Text', CommandTimeout='0']
      SELECT "l"."GIA_TRI"
      FROM "QL_NHAN_HIEN_THI" "l"
      WHERE "l"."MA" = :Ma_0
      FETCH FIRST 1 ROWS ONLY
info: Microsoft.EntityFrameworkCore.Database.Command[20101]
      Executed DbCommand (2ms) [Parameters=[:nguoiDung_ID_0='?' (DbType = Decimal)], CommandType='Text', CommandTimeout='0']
      SELECT "c"."VAI_TRO_ID"
      FROM "QL_VAI_TRO_NGUOI_DUNG" "c"
      WHERE "c"."NGUOI_DUNG_ID" = :nguoiDung_ID_0
info: Microsoft.EntityFrameworkCore.Database.Command[20101]
      Executed DbCommand (3ms) [Parameters=[:Ma_0='?' (Size = 2000)], CommandType='Text', CommandTimeout='0']
      SELECT "l"."GIA_TRI"
      FROM "QL_NHAN_HIEN_THI" "l"
      WHERE "l"."MA" = :Ma_0
      FETCH FIRST 1 ROWS ONLY
info: Microsoft.EntityFrameworkCore.Database.Command[20101]
      Executed DbCommand (3ms) [Parameters=[:nguoiDung_ID_0='?' (DbType = Decimal)], CommandType='Text', CommandTimeout='0']
      SELECT "c"."VAI_TRO_ID"
      FROM "QL_VAI_TRO_NGUOI_DUNG" "c"
      WHERE "c"."NGUOI_DUNG_ID" = :nguoiDung_ID_0
info: Microsoft.EntityFrameworkCore.Database.Command[20101]
      Executed DbCommand (7ms) [Parameters=[:Ma_0='?' (Size = 2000)], CommandType='Text', CommandTimeout='0']
      SELECT "l"."GIA_TRI"
      FROM "QL_NHAN_HIEN_THI" "l"
      WHERE "l"."MA" = :Ma_0
      FETCH FIRST 1 ROWS ONLY
info: Microsoft.EntityFrameworkCore.Database.Command[20101]
      Executed DbCommand (7ms) [Parameters=[:nguoiDung_ID_0='?' (DbType = Decimal)], CommandType='Text', CommandTimeout='0']
      SELECT "c"."VAI_TRO_ID"
      FROM "QL_VAI_TRO_NGUOI_DUNG" "c"
      WHERE "c"."NGUOI_DUNG_ID" = :nguoiDung_ID_0
info: Microsoft.EntityFrameworkCore.Database.Command[20101]
      Executed DbCommand (7ms) [Parameters=[:Ma_0='?' (Size = 2000)], CommandType='Text', CommandTimeout='0']
      SELECT "l"."GIA_TRI"
      FROM "QL_NHAN_HIEN_THI" "l"
      WHERE "l"."MA" = :Ma_0
      FETCH FIRST 1 ROWS ONLY
info: Microsoft.EntityFrameworkCore.Database.Command[20101]
      Executed DbCommand (5ms) [Parameters=[:nguoiDung_ID_0='?' (DbType = Decimal)], CommandType='Text', CommandTimeout='0']
      SELECT "c"."VAI_TRO_ID"
      FROM "QL_VAI_TRO_NGUOI_DUNG" "c"
      WHERE "c"."NGUOI_DUNG_ID" = :nguoiDung_ID_0
info: Microsoft.EntityFrameworkCore.Database.Command[20101]
      Executed DbCommand (3ms) [Parameters=[:Ma_0='?' (Size = 2000)], CommandType='Text', CommandTimeout='0']
      SELECT "l"."GIA_TRI"
      FROM "QL_NHAN_HIEN_THI" "l"
      WHERE "l"."MA" = :Ma_0
      FETCH FIRST 1 ROWS ONLY
info: Microsoft.EntityFrameworkCore.Database.Command[20101]
      Executed DbCommand (2ms) [Parameters=[:nguoiDung_ID_0='?' (DbType = Decimal)], CommandType='Text', CommandTimeout='0']
      SELECT "c"."VAI_TRO_ID"
      FROM "QL_VAI_TRO_NGUOI_DUNG" "c"
      WHERE "c"."NGUOI_DUNG_ID" = :nguoiDung_ID_0
info: Microsoft.EntityFrameworkCore.Database.Command[20101]
      Executed DbCommand (4ms) [Parameters=[:Ma_0='?' (Size = 2000)], CommandType='Text', CommandTimeout='0']
      SELECT "l"."GIA_TRI"
      FROM "QL_NHAN_HIEN_THI" "l"
      WHERE "l"."MA" = :Ma_0
      FETCH FIRST 1 ROWS ONLY
info: Microsoft.EntityFrameworkCore.Database.Command[20101]
      Executed DbCommand (4ms) [Parameters=[:nguoiDung_ID_0='?' (DbType = Decimal)], CommandType='Text', CommandTimeout='0']
      SELECT "c"."VAI_TRO_ID"
      FROM "QL_VAI_TRO_NGUOI_DUNG" "c"
      WHERE "c"."NGUOI_DUNG_ID" = :nguoiDung_ID_0
info: Microsoft.EntityFrameworkCore.Database.Command[20101]
      Executed DbCommand (3ms) [Parameters=[:Ma_0='?' (Size = 2000)], CommandType='Text', CommandTimeout='0']
      SELECT "l"."GIA_TRI"
      FROM "QL_NHAN_HIEN_THI" "l"
      WHERE "l"."MA" = :Ma_0
      FETCH FIRST 1 ROWS ONLY
info: Microsoft.EntityFrameworkCore.Database.Command[20101]
      Executed DbCommand (2ms) [Parameters=[:nguoiDung_ID_0='?' (DbType = Decimal)], CommandType='Text', CommandTimeout='0']
      SELECT "c"."VAI_TRO_ID"
      FROM "QL_VAI_TRO_NGUOI_DUNG" "c"
      WHERE "c"."NGUOI_DUNG_ID" = :nguoiDung_ID_0
info: Microsoft.EntityFrameworkCore.Database.Command[20101]
      Executed DbCommand (4ms) [Parameters=[:guid_0='?' (DbType = Binary)], CommandType='Text', CommandTimeout='0']
      SELECT "c"."ID", "c"."CURRENT_DON_VI_ID", "c"."DB_ID", "c"."EMAIL", "c"."GHI_CHU", "c"."GUID", "c"."IP_TRUY_CAP", "c"."IS_QUAN_TRI", "c"."MAT_KHAU", "c"."MAT_KHAU_KEY", "c"."MA_CAN_BO", "c"."MOBILE", "c"."NGAY_TAO", "c"."NGAY_TRUY_CAP", "c"."NGUOI_TAO", "c"."NGUON_ID", "c"."PASSWORD_HASH", "c"."TEN_DANG_NHAP", "c"."TEN_DAY_DU", "c"."TMP_MAT_KHAU", "c"."TRANG_THAI_ID", "c"."UNG_DUNG"
      FROM "QL_NGUOI_DUNG" "c"
      WHERE "c"."GUID" = :guid_0
      FETCH FIRST 1 ROWS ONLY
info: Microsoft.EntityFrameworkCore.Database.Command[20101]
      Executed DbCommand (2ms) [Parameters=[:nguoiDung_ID_0='?' (DbType = Int32)], CommandType='Text', CommandTimeout='0']
      SELECT "p"."ID", "p"."DATA_JSON", "p"."DB_QUEUE_PROCESS_ID", "p"."DON_VI_ID", "p"."FILE_TYPE", "p"."GUID", "p"."GUID_FILE", "p"."MA_BAO_CAO", "p"."MODEL_DATA_TYPE", "p"."NGAY_TAO", "p"."NGUOI_TAO_ID", "p"."REPORT_CLASS", "p"."RESPONSE", "p"."SEARCH_MODEL_CLASS", "p"."SEARCH_MODEL_JSON", "p"."STATEMENT", "p"."TIME_END_GET_DATA", "p"."TIME_START_GET_DATA", "p"."TRANG_THAI_ID", "p"."TYPE_QUEUE_PROCESS_ID"
      FROM "BC_QUEUE_PROCESS" "p"
      WHERE "p"."NGUOI_TAO_ID" = :nguoiDung_ID_0
      ORDER BY "p"."ID" DESC
      FETCH FIRST 1 ROWS ONLY
info: Microsoft.EntityFrameworkCore.Database.Command[20101]
      Executed DbCommand (3ms) [Parameters=[:Ma_0='?' (Size = 2000)], CommandType='Text', CommandTimeout='0']
      SELECT "l"."GIA_TRI"
      FROM "QL_NHAN_HIEN_THI" "l"
      WHERE "l"."MA" = :Ma_0
      FETCH FIRST 1 ROWS ONLY
info: Microsoft.EntityFrameworkCore.Database.Command[20101]
      Executed DbCommand (3ms) [Parameters=[:Ma_0='?' (Size = 2000)], CommandType='Text', CommandTimeout='0']
      SELECT "l"."GIA_TRI"
      FROM "QL_NHAN_HIEN_THI" "l"
      WHERE "l"."MA" = :Ma_0
      FETCH FIRST 1 ROWS ONLY
info: Microsoft.EntityFrameworkCore.Database.Command[20101]
      Executed DbCommand (3ms) [Parameters=[:Ma_0='?' (Size = 2000)], CommandType='Text', CommandTimeout='0']
      SELECT "l"."GIA_TRI"
      FROM "QL_NHAN_HIEN_THI" "l"
      WHERE "l"."MA" = :Ma_0
      FETCH FIRST 1 ROWS ONLY
info: Microsoft.EntityFrameworkCore.Database.Command[20101]
      Executed DbCommand (3ms) [Parameters=[:Ma_0='?' (Size = 2000)], CommandType='Text', CommandTimeout='0']
      SELECT "l"."GIA_TRI"
      FROM "QL_NHAN_HIEN_THI" "l"
      WHERE "l"."MA" = :Ma_0
      FETCH FIRST 1 ROWS ONLY
info: Microsoft.AspNetCore.Mvc.ViewFeatures.ViewResultExecutor[4]
      Executed ViewResult - view ChonLoaiTaiSan executed in 4012.6623ms.
info: Microsoft.AspNetCore.Mvc.Internal.ControllerActionInvoker[2]
      Executed action GS.Web.Controllers.TaiSanController.ChonLoaiTaiSan (GS.Web) in 4359.9706ms
info: Microsoft.AspNetCore.Hosting.Internal.WebHost[2]
      Request finished in 4367.3558ms 200 text/html; charset=utf-8
info: Microsoft.AspNetCore.Hosting.Internal.WebHost[1]
      Request starting HTTP/1.1 GET http://localhost:62432/Home/GetTLHD  
info: Microsoft.AspNetCore.Mvc.Internal.ControllerActionInvoker[1]
      Route matched with {action = "GetTLHD", controller = "Home"}. Executing action GS.Web.Controllers.HomeController.GetTLHD (GS.Web)
info: Microsoft.AspNetCore.Mvc.Internal.ControllerActionInvoker[1]
      Executing action method GS.Web.Controllers.HomeController.GetTLHD (GS.Web) - Validation state: Valid
info: Microsoft.EntityFrameworkCore.Infrastructure[10403]
      Entity Framework Core 2.2.6-servicing-10079 initialized 'GSObjectContext' using provider 'Oracle.EntityFrameworkCore' with options: using lazy-loading proxies 
info: Microsoft.EntityFrameworkCore.Database.Command[20101]
      Executed DbCommand (4ms) [Parameters=[:get_Item_0='?' (DbType = Decimal)], CommandType='Text', CommandTimeout='0']
      SELECT "e"."ID", "e"."DON_VI_ID", "e"."GIA_TRI", "e"."TEN"
      FROM "QL_CAU_HINH" "e"
      WHERE "e"."ID" = :get_Item_0
      FETCH FIRST 1 ROWS ONLY
info: Microsoft.AspNetCore.Mvc.Internal.ControllerActionInvoker[2]
      Executed action method GS.Web.Controllers.HomeController.GetTLHD (GS.Web), returned result Microsoft.AspNetCore.Mvc.JsonResult in 17.5438ms.
info: Microsoft.AspNetCore.Mvc.Formatters.Json.Internal.JsonResultExecutor[1]
      Executing JsonResult, writing value of type 'System.String'.
info: Microsoft.AspNetCore.Mvc.Internal.ControllerActionInvoker[2]
      Executed action GS.Web.Controllers.HomeController.GetTLHD (GS.Web) in 24.3058ms
info: Microsoft.AspNetCore.Hosting.Internal.WebHost[2]
      Request finished in 34.9327ms 200 application/json; charset=utf-8




























































































































































































































































