info: Microsoft.EntityFrameworkCore.Infrastructure[10403]
      Entity Framework Core 2.2.6-servicing-10079 initialized 'GSObjectContext' using provider 'Oracle.EntityFrameworkCore' with options: using lazy-loading proxies 
info: Microsoft.EntityFrameworkCore.Database.Command[20101]
      Executed DbCommand (342ms) [Parameters=[:p0='?' (DbType = Int32), :p1='?' (Size = 4000) (DbType = Object), :p2='?' (DbType = Binary), :p3='?' (Size = 2000), :p4='?' (Size = 2000), :p5='?' (DbType = DateTime), :p6='?' (Size = 2000), :p7='?' (Size = 2000), :p8='?' (Size = 2000), :p9='?' (Size = 2000), :p10='?' (Size = 2000), :p11='?' (Size = 2000), cur1='?' (Direction = Output) (DbType = Object)], CommandType='Text', CommandTimeout='0']
      DECLARE
      TYPE "rQL_NHAT_KY_0" IS RECORD
      (
      "ID" DECIMAL(18, 2)
      );
      TYPE "tQL_NHAT_KY_0" IS TABLE OF "rQL_NHAT_KY_0";
      "lQL_NHAT_KY_0" "tQL_NHAT_KY_0";
      v_RowCount INTEGER;
      BEGIN
      
      "lQL_NHAT_KY_0" := "tQL_NHAT_KY_0"();
      "lQL_NHAT_KY_0".extend(1);
      INSERT INTO "QL_NHAT_KY" ("CAP_DO_ID", "DU_LIEU", "GUID", "IP_ADDRESS", "MO_TA", "NGAY_TAO", "NOI_DUNG", "PAGE_URL", "PHAN_LOAI", "TEN_DANG_NHAP", "TEN_DAY_DU", "UNG_DUNG")
      VALUES (:p0, :p1, :p2, :p3, :p4, :p5, :p6, :p7, :p8, :p9, :p10, :p11)
      RETURNING "ID" INTO "lQL_NHAT_KY_0"(1)."ID";
      OPEN :cur1 FOR SELECT "lQL_NHAT_KY_0"(1)."ID" FROM DUAL;
      END;
info: Microsoft.EntityFrameworkCore.Database.Command[20101]
      Executed DbCommand (15ms) [Parameters=[], CommandType='Text', CommandTimeout='0']
      SELECT "s"."ID", "s"."DON_VI_ID", "s"."GIA_TRI", "s"."TEN"
      FROM "QL_CAU_HINH" "s"
      ORDER BY "s"."TEN"
Hosting environment: Development
Content root path: E:\QLTS-GS-Solution\qltsc_2025\BackEnd\Presentation\GS.Web
Now listening on: http://127.0.0.1:12602
Application started. Press Ctrl+C to shut down.
info: Microsoft.AspNetCore.Hosting.Internal.WebHost[1]
      Request starting HTTP/1.1 GET http://localhost:62432/  
info: Microsoft.AspNetCore.Hosting.Internal.WebHost[1]
      Request starting HTTP/1.1 DEBUG http://localhost:62432/  0
info: Microsoft.AspNetCore.Hosting.Internal.WebHost[2]
      Request finished in 167.1391ms 200 
info: Microsoft.AspNetCore.Mvc.Internal.ControllerActionInvoker[1]
      Route matched with {action = "IndexSSO", controller = "Home"}. Executing action GS.Web.Controllers.HomeController.IndexSSO (GS.Web)
info: Microsoft.AspNetCore.Mvc.Internal.ControllerActionInvoker[1]
      Executing action method GS.Web.Controllers.HomeController.IndexSSO (GS.Web) with arguments () - Validation state: Valid
info: Microsoft.AspNetCore.Mvc.Internal.ControllerActionInvoker[2]
      Executed action method GS.Web.Controllers.HomeController.IndexSSO (GS.Web), returned result Microsoft.AspNetCore.Mvc.RedirectToActionResult in 7.143ms.
info: Microsoft.AspNetCore.Mvc.RedirectToActionResult[1]
      Executing RedirectResult, redirecting to /Home/Index.
info: Microsoft.AspNetCore.Mvc.Internal.ControllerActionInvoker[2]
      Executed action GS.Web.Controllers.HomeController.IndexSSO (GS.Web) in 351.1379ms
info: Microsoft.AspNetCore.Hosting.Internal.WebHost[2]
      Request finished in 2662.0656ms 302 
info: Microsoft.AspNetCore.Hosting.Internal.WebHost[1]
      Request starting HTTP/1.1 GET http://localhost:62432/Home/Index  
info: Microsoft.AspNetCore.Mvc.Internal.ControllerActionInvoker[1]
      Route matched with {action = "Index", controller = "Home"}. Executing action GS.Web.Controllers.HomeController.Index (GS.Web)
info: Microsoft.AspNetCore.Mvc.Internal.ControllerActionInvoker[1]
      Executing action method GS.Web.Controllers.HomeController.Index (GS.Web) with arguments () - Validation state: Valid
info: Microsoft.AspNetCore.Mvc.Internal.ControllerActionInvoker[2]
      Executed action method GS.Web.Controllers.HomeController.Index (GS.Web), returned result Microsoft.AspNetCore.Mvc.ViewResult in 5.254ms.
info: Microsoft.AspNetCore.Mvc.ViewFeatures.ViewResultExecutor[1]
      Executing ViewResult, running view Index.
info: Microsoft.AspNetCore.Mvc.ViewFeatures.ViewResultExecutor[4]
      Executed ViewResult - view Index executed in 11645.5525ms.
info: Microsoft.AspNetCore.Mvc.Internal.ControllerActionInvoker[2]
      Executed action GS.Web.Controllers.HomeController.Index (GS.Web) in 11674.8124ms
info: Microsoft.AspNetCore.Hosting.Internal.WebHost[2]
      Request finished in 11712.8235ms 200 text/html; charset=utf-8
info: Microsoft.AspNetCore.Hosting.Internal.WebHost[1]
      Request starting HTTP/1.1 POST http://localhost:62432/Home/Index application/x-www-form-urlencoded 225
info: Microsoft.AspNetCore.Mvc.Internal.ControllerActionInvoker[1]
      Route matched with {action = "Index", controller = "Home"}. Executing action GS.Web.Controllers.HomeController.Index (GS.Web)
info: Microsoft.EntityFrameworkCore.Infrastructure[10403]
      Entity Framework Core 2.2.6-servicing-10079 initialized 'GSObjectContext' using provider 'Oracle.EntityFrameworkCore' with options: using lazy-loading proxies 
info: Microsoft.EntityFrameworkCore.Database.Command[20101]
      Executed DbCommand (56ms) [Parameters=[:Ma_0='?' (Size = 2000)], CommandType='Text', CommandTimeout='0']
      SELECT "l"."GIA_TRI"
      FROM "QL_NHAN_HIEN_THI" "l"
      WHERE "l"."MA" = :Ma_0
      FETCH FIRST 1 ROWS ONLY
info: Microsoft.EntityFrameworkCore.Database.Command[20101]
      Executed DbCommand (42ms) [Parameters=[:Ma_0='?' (Size = 2000)], CommandType='Text', CommandTimeout='0']
      SELECT "l"."GIA_TRI"
      FROM "QL_NHAN_HIEN_THI" "l"
      WHERE "l"."MA" = :Ma_0
      FETCH FIRST 1 ROWS ONLY
info: Microsoft.AspNetCore.Mvc.Internal.ControllerActionInvoker[1]
      Executing action method GS.Web.Controllers.HomeController.Index (GS.Web) with arguments (GS.Web.Models.Common.LoginModel, , False) - Validation state: Valid
info: Microsoft.EntityFrameworkCore.Database.Command[20101]
      Executed DbCommand (290ms) [Parameters=[:username_0='?' (Size = 2000)], CommandType='Text', CommandTimeout='0']
      SELECT "c"."ID", "c"."CURRENT_DON_VI_ID", "c"."DB_ID", "c"."EMAIL", "c"."GHI_CHU", "c"."GUID", "c"."IP_TRUY_CAP", "c"."IS_QUAN_TRI", "c"."MAT_KHAU", "c"."MAT_KHAU_KEY", "c"."MA_CAN_BO", "c"."MOBILE", "c"."NGAY_TAO", "c"."NGAY_TRUY_CAP", "c"."NGUOI_TAO", "c"."NGUON_ID", "c"."PASSWORD_HASH", "c"."TEN_DANG_NHAP", "c"."TEN_DAY_DU", "c"."TMP_MAT_KHAU", "c"."TRANG_THAI_ID", "c"."UNG_DUNG"
      FROM "QL_NGUOI_DUNG" "c"
      WHERE "c"."TEN_DANG_NHAP" = :username_0
      ORDER BY "c"."ID"
info: Microsoft.EntityFrameworkCore.Database.Command[20101]
      Executed DbCommand (113ms) [Parameters=[:username_0='?' (Size = 2000)], CommandType='Text', CommandTimeout='0']
      SELECT "c"."ID", "c"."CURRENT_DON_VI_ID", "c"."DB_ID", "c"."EMAIL", "c"."GHI_CHU", "c"."GUID", "c"."IP_TRUY_CAP", "c"."IS_QUAN_TRI", "c"."MAT_KHAU", "c"."MAT_KHAU_KEY", "c"."MA_CAN_BO", "c"."MOBILE", "c"."NGAY_TAO", "c"."NGAY_TRUY_CAP", "c"."NGUOI_TAO", "c"."NGUON_ID", "c"."PASSWORD_HASH", "c"."TEN_DANG_NHAP", "c"."TEN_DAY_DU", "c"."TMP_MAT_KHAU", "c"."TRANG_THAI_ID", "c"."UNG_DUNG"
      FROM "QL_NGUOI_DUNG" "c"
      WHERE "c"."TEN_DANG_NHAP" = :username_0
      ORDER BY "c"."ID"
info: Microsoft.EntityFrameworkCore.Database.Command[20101]
      Executed DbCommand (47ms) [Parameters=[:guid_0='?' (DbType = Binary)], CommandType='Text', CommandTimeout='0']
      SELECT "c"."ID", "c"."CURRENT_DON_VI_ID", "c"."DB_ID", "c"."EMAIL", "c"."GHI_CHU", "c"."GUID", "c"."IP_TRUY_CAP", "c"."IS_QUAN_TRI", "c"."MAT_KHAU", "c"."MAT_KHAU_KEY", "c"."MA_CAN_BO", "c"."MOBILE", "c"."NGAY_TAO", "c"."NGAY_TRUY_CAP", "c"."NGUOI_TAO", "c"."NGUON_ID", "c"."PASSWORD_HASH", "c"."TEN_DANG_NHAP", "c"."TEN_DAY_DU", "c"."TMP_MAT_KHAU", "c"."TRANG_THAI_ID", "c"."UNG_DUNG"
      FROM "QL_NGUOI_DUNG" "c"
      WHERE "c"."GUID" = :guid_0
      FETCH FIRST 1 ROWS ONLY
info: Microsoft.EntityFrameworkCore.Database.Command[20101]
      Executed DbCommand (138ms) [Parameters=[:get_Item_0='?' (DbType = Decimal)], CommandType='Text', CommandTimeout='0']
      SELECT "e"."ID", "e"."CAP_DON_VI_ID", "e"."CHE_DO_HACH_TOAN_ID", "e"."CO_TAI_SAN", "e"."CQTC_MA", "e"."DA_CO_QUYET_DINH_GIAO_VON", "e"."DB_ID", "e"."DIA_BAN_ID", "e"."DIA_CHI", "e"."DIEN_THOAI", "e"."DON_VI_HIEN_THI", "e"."FAX", "e"."HUYEN_ID", "e"."IS_TSQUAN_LY_CHU_KY_SO", "e"."IS_TSQUAN_LY_NHU_TSCD", "e"."IS_XAC_NHAN_DU_LIEU", "e"."KHONG_CHUYEN_MA", "e"."LA_BAN_QL_DU_AN", "e"."LA_DON_VI_NHAP_LIEU", "e"."LA_DON_VI_TU_CHU_TAI_CHINH", "e"."LIST_FILE_XAC_NHAN", "e"."LOAI_CAP_DON_VI_ID", "e"."LOAI_DON_VI_ID", "e"."MA", "e"."MA_BO", "e"."MA_CHUONG", "e"."MA_DIA_BAN", "e"."MA_DVQHNS", "e"."MA_HUYEN", "e"."MA_TINH", "e"."NGAY_CAP_NHAT", "e"."NGAY_QUYET_DINH", "e"."NGAY_QUYET_DINH_GIAO_VON", "e"."NGAY_TAO", "e"."NGAY_XAC_NHAN", "e"."NGUOI_CAP_NHAT_ID", "e"."NGUOI_TAO_ID", "e"."NHOM_DON_VI_ID", "e"."OLD_CAP_DON_VI_ID", "e"."PARENT_ID", "e"."SO_QUYET_DINH", "e"."SO_QUYET_DINH_GIAO_VON", "e"."TEN", "e"."TINH_ID", "e"."TRANG_THAI_DONG_BO_ID", "e"."TRANG_THAI_ID", "e"."TRANG_THAI_THAY_DOI_ID", "e"."TREE_LEVEL", "e"."TREE_NODE", "e"."XA_ID"
      FROM "DM_DON_VI" "e"
      WHERE "e"."ID" = :get_Item_0
      FETCH FIRST 1 ROWS ONLY
info: Microsoft.EntityFrameworkCore.Database.Command[20101]
      Executed DbCommand (159ms) [Parameters=[:TREE_NODE_LON_NHAT_0='?' (Size = 2000)], CommandType='Text', CommandTimeout='0']
      SELECT "p"."ID", "p"."CAP_DON_VI_ID", "p"."CHE_DO_HACH_TOAN_ID", "p"."CO_TAI_SAN", "p"."CQTC_MA", "p"."DA_CO_QUYET_DINH_GIAO_VON", "p"."DB_ID", "p"."DIA_BAN_ID", "p"."DIA_CHI", "p"."DIEN_THOAI", "p"."DON_VI_HIEN_THI", "p"."FAX", "p"."HUYEN_ID", "p"."IS_TSQUAN_LY_CHU_KY_SO", "p"."IS_TSQUAN_LY_NHU_TSCD", "p"."IS_XAC_NHAN_DU_LIEU", "p"."KHONG_CHUYEN_MA", "p"."LA_BAN_QL_DU_AN", "p"."LA_DON_VI_NHAP_LIEU", "p"."LA_DON_VI_TU_CHU_TAI_CHINH", "p"."LIST_FILE_XAC_NHAN", "p"."LOAI_CAP_DON_VI_ID", "p"."LOAI_DON_VI_ID", "p"."MA", "p"."MA_BO", "p"."MA_CHUONG", "p"."MA_DIA_BAN", "p"."MA_DVQHNS", "p"."MA_HUYEN", "p"."MA_TINH", "p"."NGAY_CAP_NHAT", "p"."NGAY_QUYET_DINH", "p"."NGAY_QUYET_DINH_GIAO_VON", "p"."NGAY_TAO", "p"."NGAY_XAC_NHAN", "p"."NGUOI_CAP_NHAT_ID", "p"."NGUOI_TAO_ID", "p"."NHOM_DON_VI_ID", "p"."OLD_CAP_DON_VI_ID", "p"."PARENT_ID", "p"."SO_QUYET_DINH", "p"."SO_QUYET_DINH_GIAO_VON", "p"."TEN", "p"."TINH_ID", "p"."TRANG_THAI_DONG_BO_ID", "p"."TRANG_THAI_ID", "p"."TRANG_THAI_THAY_DOI_ID", "p"."TREE_LEVEL", "p"."TREE_NODE", "p"."XA_ID"
      FROM "DM_DON_VI" "p"
      WHERE ("p"."TREE_NODE" = :TREE_NODE_LON_NHAT_0) AND (("p"."TRANG_THAI_ID" <> 0) OR "p"."TRANG_THAI_ID" IS NULL)
      FETCH FIRST 1 ROWS ONLY
info: Microsoft.AspNetCore.Authentication.Cookies.CookieAuthenticationHandler[10]
      AuthenticationScheme: Authentication signed in.
info: Microsoft.EntityFrameworkCore.Database.Command[20101]
      Executed DbCommand (35ms) [Parameters=[], CommandType='Text', CommandTimeout='0']
      SELECT "alt"."ID", "alt"."TEN", "alt"."TINH_KHA_DUNG", "alt"."TU_KHOA_HE_THONG"
      FROM "QL_LOAI_HOAT_DONG" "alt"
      ORDER BY "alt"."TEN"
info: Microsoft.EntityFrameworkCore.Database.Command[20101]
      Executed DbCommand (62ms) [Parameters=[:p0='?' (Size = 2000), :p1='?' (DbType = Decimal), :p2='?' (Size = 4000), :p3='?' (Size = 2000), :p4='?' (DbType = Decimal), :p5='?' (Size = 2000), :p6='?' (DbType = DateTime), :p7='?' (DbType = Decimal), :p8='?' (Size = 2000), :p9='?' (Size = 2000), cur1='?' (Direction = Output) (DbType = Object)], CommandType='Text', CommandTimeout='0']
      DECLARE
      TYPE "rQL_HOAT_DONG_0" IS RECORD
      (
      "ID" DECIMAL(18, 2)
      );
      TYPE "tQL_HOAT_DONG_0" IS TABLE OF "rQL_HOAT_DONG_0";
      "lQL_HOAT_DONG_0" "tQL_HOAT_DONG_0";
      v_RowCount INTEGER;
      BEGIN
      
      "lQL_HOAT_DONG_0" := "tQL_HOAT_DONG_0"();
      "lQL_HOAT_DONG_0".extend(1);
      INSERT INTO "QL_HOAT_DONG" ("CONNECTION", "DOI_TUONG_ID", "DU_LIEU", "IP_TRUY_CAP", "LOAI_HOAT_DONG_ID", "MO_TA", "NGAY_TAO", "NGUOI_DUNG_ID", "SESSION_ID", "TEN_DOI_TUONG")
      VALUES (:p0, :p1, :p2, :p3, :p4, :p5, :p6, :p7, :p8, :p9)
      RETURNING "ID" INTO "lQL_HOAT_DONG_0"(1)."ID";
      OPEN :cur1 FOR SELECT "lQL_HOAT_DONG_0"(1)."ID" FROM DUAL;
      END;
info: Microsoft.AspNetCore.Mvc.Internal.ControllerActionInvoker[2]
      Executed action method GS.Web.Controllers.HomeController.Index (GS.Web), returned result Microsoft.AspNetCore.Mvc.RedirectResult in 2190.9776ms.
info: Microsoft.AspNetCore.Mvc.Infrastructure.RedirectResultExecutor[1]
      Executing RedirectResult, redirecting to /AppWork/Index.
info: Microsoft.AspNetCore.Mvc.Internal.ControllerActionInvoker[2]
      Executed action GS.Web.Controllers.HomeController.Index (GS.Web) in 2938.128ms
info: Microsoft.AspNetCore.Session.DistributedSession[3]
      Session started; Key:f40b1916-f622-b286-a49c-9c6ccb1bc81e, Id:7bd1e8b2-d342-ef3d-b01b-2ec27887c779
info: Microsoft.AspNetCore.Hosting.Internal.WebHost[2]
      Request finished in 2989.9749ms 302 
info: Microsoft.AspNetCore.Hosting.Internal.WebHost[1]
      Request starting HTTP/1.1 GET http://localhost:62432/AppWork/Index  
info: Microsoft.AspNetCore.Mvc.Internal.ControllerActionInvoker[1]
      Route matched with {action = "Index", controller = "AppWork"}. Executing action GS.Web.Controllers.AppWorkController.Index (GS.Web)
info: Microsoft.AspNetCore.Mvc.Internal.ControllerActionInvoker[1]
      Executing action method GS.Web.Controllers.AppWorkController.Index (GS.Web) - Validation state: Valid
info: Microsoft.AspNetCore.Mvc.Internal.ControllerActionInvoker[2]
      Executed action method GS.Web.Controllers.AppWorkController.Index (GS.Web), returned result Microsoft.AspNetCore.Mvc.ViewResult in 0.4071ms.
info: Microsoft.AspNetCore.Mvc.ViewFeatures.ViewResultExecutor[1]
      Executing ViewResult, running view Index.
info: Microsoft.EntityFrameworkCore.Infrastructure[10403]
      Entity Framework Core 2.2.6-servicing-10079 initialized 'GSObjectContext' using provider 'Oracle.EntityFrameworkCore' with options: using lazy-loading proxies 
info: Microsoft.EntityFrameworkCore.Database.Command[20101]
      Executed DbCommand (69ms) [Parameters=[:Ma_0='?' (Size = 2000)], CommandType='Text', CommandTimeout='0']
      SELECT "l"."GIA_TRI"
      FROM "QL_NHAN_HIEN_THI" "l"
      WHERE "l"."MA" = :Ma_0
      FETCH FIRST 1 ROWS ONLY
info: Microsoft.EntityFrameworkCore.Database.Command[20101]
      Executed DbCommand (129ms) [Parameters=[:nguoiDung_ID_0='?' (DbType = Decimal)], CommandType='Text', CommandTimeout='0']
      SELECT "c"."VAI_TRO_ID"
      FROM "QL_VAI_TRO_NGUOI_DUNG" "c"
      WHERE "c"."NGUOI_DUNG_ID" = :nguoiDung_ID_0
info: Microsoft.EntityFrameworkCore.Database.Command[20101]
      Executed DbCommand (41ms) [Parameters=[:vaiTro_0='?' (DbType = Decimal)], CommandType='Text', CommandTimeout='0']
      SELECT "q"."ID", "q"."MA", "q"."PHAN_HE", "q"."TEN"
      FROM "QL_QUYEN" "q"
      INNER JOIN "QL_QUYEN_VAI_TRO" "qvt" ON "q"."ID" = "qvt"."QUYEN_ID"
      WHERE "qvt"."VAI_TRO_ID" = :vaiTro_0
      ORDER BY "q"."ID"
info: Microsoft.EntityFrameworkCore.Database.Command[20101]
      Executed DbCommand (43ms) [Parameters=[:Ma_0='?' (Size = 2000)], CommandType='Text', CommandTimeout='0']
      SELECT "l"."GIA_TRI"
      FROM "QL_NHAN_HIEN_THI" "l"
      WHERE "l"."MA" = :Ma_0
      FETCH FIRST 1 ROWS ONLY
info: Microsoft.EntityFrameworkCore.Database.Command[20101]
      Executed DbCommand (25ms) [Parameters=[:nguoiDung_ID_0='?' (DbType = Decimal)], CommandType='Text', CommandTimeout='0']
      SELECT "c"."VAI_TRO_ID"
      FROM "QL_VAI_TRO_NGUOI_DUNG" "c"
      WHERE "c"."NGUOI_DUNG_ID" = :nguoiDung_ID_0
info: Microsoft.EntityFrameworkCore.Database.Command[20101]
      Executed DbCommand (23ms) [Parameters=[:Ma_0='?' (Size = 2000)], CommandType='Text', CommandTimeout='0']
      SELECT "l"."GIA_TRI"
      FROM "QL_NHAN_HIEN_THI" "l"
      WHERE "l"."MA" = :Ma_0
      FETCH FIRST 1 ROWS ONLY
info: Microsoft.EntityFrameworkCore.Database.Command[20101]
      Executed DbCommand (63ms) [Parameters=[:nguoiDung_ID_0='?' (DbType = Decimal)], CommandType='Text', CommandTimeout='0']
      SELECT "c"."VAI_TRO_ID"
      FROM "QL_VAI_TRO_NGUOI_DUNG" "c"
      WHERE "c"."NGUOI_DUNG_ID" = :nguoiDung_ID_0
info: Microsoft.EntityFrameworkCore.Database.Command[20101]
      Executed DbCommand (60ms) [Parameters=[:Ma_0='?' (Size = 2000)], CommandType='Text', CommandTimeout='0']
      SELECT "l"."GIA_TRI"
      FROM "QL_NHAN_HIEN_THI" "l"
      WHERE "l"."MA" = :Ma_0
      FETCH FIRST 1 ROWS ONLY
info: Microsoft.EntityFrameworkCore.Database.Command[20101]
      Executed DbCommand (47ms) [Parameters=[:nguoiDung_ID_0='?' (DbType = Decimal)], CommandType='Text', CommandTimeout='0']
      SELECT "c"."VAI_TRO_ID"
      FROM "QL_VAI_TRO_NGUOI_DUNG" "c"
      WHERE "c"."NGUOI_DUNG_ID" = :nguoiDung_ID_0
info: Microsoft.EntityFrameworkCore.Database.Command[20101]
      Executed DbCommand (56ms) [Parameters=[:Ma_0='?' (Size = 2000)], CommandType='Text', CommandTimeout='0']
      SELECT "l"."GIA_TRI"
      FROM "QL_NHAN_HIEN_THI" "l"
      WHERE "l"."MA" = :Ma_0
      FETCH FIRST 1 ROWS ONLY
info: Microsoft.EntityFrameworkCore.Database.Command[20101]
      Executed DbCommand (52ms) [Parameters=[:nguoiDung_ID_0='?' (DbType = Decimal)], CommandType='Text', CommandTimeout='0']
      SELECT "c"."VAI_TRO_ID"
      FROM "QL_VAI_TRO_NGUOI_DUNG" "c"
      WHERE "c"."NGUOI_DUNG_ID" = :nguoiDung_ID_0
info: Microsoft.EntityFrameworkCore.Database.Command[20101]
      Executed DbCommand (76ms) [Parameters=[:Ma_0='?' (Size = 2000)], CommandType='Text', CommandTimeout='0']
      SELECT "l"."GIA_TRI"
      FROM "QL_NHAN_HIEN_THI" "l"
      WHERE "l"."MA" = :Ma_0
      FETCH FIRST 1 ROWS ONLY
info: Microsoft.EntityFrameworkCore.Database.Command[20101]
      Executed DbCommand (303ms) [Parameters=[:nguoiDung_ID_0='?' (DbType = Decimal)], CommandType='Text', CommandTimeout='0']
      SELECT "c"."VAI_TRO_ID"
      FROM "QL_VAI_TRO_NGUOI_DUNG" "c"
      WHERE "c"."NGUOI_DUNG_ID" = :nguoiDung_ID_0
info: Microsoft.EntityFrameworkCore.Database.Command[20101]
      Executed DbCommand (99ms) [Parameters=[:Ma_0='?' (Size = 2000)], CommandType='Text', CommandTimeout='0']
      SELECT "l"."GIA_TRI"
      FROM "QL_NHAN_HIEN_THI" "l"
      WHERE "l"."MA" = :Ma_0
      FETCH FIRST 1 ROWS ONLY
info: Microsoft.EntityFrameworkCore.Database.Command[20101]
      Executed DbCommand (45ms) [Parameters=[:nguoiDung_ID_0='?' (DbType = Decimal)], CommandType='Text', CommandTimeout='0']
      SELECT "c"."VAI_TRO_ID"
      FROM "QL_VAI_TRO_NGUOI_DUNG" "c"
      WHERE "c"."NGUOI_DUNG_ID" = :nguoiDung_ID_0
info: Microsoft.EntityFrameworkCore.Database.Command[20101]
      Executed DbCommand (38ms) [Parameters=[:Ma_0='?' (Size = 2000)], CommandType='Text', CommandTimeout='0']
      SELECT "l"."GIA_TRI"
      FROM "QL_NHAN_HIEN_THI" "l"
      WHERE "l"."MA" = :Ma_0
      FETCH FIRST 1 ROWS ONLY
info: Microsoft.EntityFrameworkCore.Database.Command[20101]
      Executed DbCommand (60ms) [Parameters=[:nguoiDung_ID_0='?' (DbType = Decimal)], CommandType='Text', CommandTimeout='0']
      SELECT "c"."VAI_TRO_ID"
      FROM "QL_VAI_TRO_NGUOI_DUNG" "c"
      WHERE "c"."NGUOI_DUNG_ID" = :nguoiDung_ID_0
info: Microsoft.EntityFrameworkCore.Database.Command[20101]
      Executed DbCommand (52ms) [Parameters=[:Ma_0='?' (Size = 2000)], CommandType='Text', CommandTimeout='0']
      SELECT "l"."GIA_TRI"
      FROM "QL_NHAN_HIEN_THI" "l"
      WHERE "l"."MA" = :Ma_0
      FETCH FIRST 1 ROWS ONLY
info: Microsoft.EntityFrameworkCore.Database.Command[20101]
      Executed DbCommand (42ms) [Parameters=[:nguoiDung_ID_0='?' (DbType = Decimal)], CommandType='Text', CommandTimeout='0']
      SELECT "c"."VAI_TRO_ID"
      FROM "QL_VAI_TRO_NGUOI_DUNG" "c"
      WHERE "c"."NGUOI_DUNG_ID" = :nguoiDung_ID_0
info: Microsoft.EntityFrameworkCore.Database.Command[20101]
      Executed DbCommand (77ms) [Parameters=[:Ma_0='?' (Size = 2000)], CommandType='Text', CommandTimeout='0']
      SELECT "l"."GIA_TRI"
      FROM "QL_NHAN_HIEN_THI" "l"
      WHERE "l"."MA" = :Ma_0
      FETCH FIRST 1 ROWS ONLY
info: Microsoft.EntityFrameworkCore.Database.Command[20101]
      Executed DbCommand (54ms) [Parameters=[:nguoiDung_ID_0='?' (DbType = Decimal)], CommandType='Text', CommandTimeout='0']
      SELECT "c"."VAI_TRO_ID"
      FROM "QL_VAI_TRO_NGUOI_DUNG" "c"
      WHERE "c"."NGUOI_DUNG_ID" = :nguoiDung_ID_0
info: Microsoft.EntityFrameworkCore.Database.Command[20101]
      Executed DbCommand (39ms) [Parameters=[:vaiTro_0='?' (DbType = Decimal)], CommandType='Text', CommandTimeout='0']
      SELECT "q"."ID", "q"."MA", "q"."PHAN_HE", "q"."TEN"
      FROM "QL_QUYEN" "q"
      INNER JOIN "QL_QUYEN_VAI_TRO" "qvt" ON "q"."ID" = "qvt"."QUYEN_ID"
      WHERE "qvt"."VAI_TRO_ID" = :vaiTro_0
      ORDER BY "q"."ID"
info: Microsoft.EntityFrameworkCore.Database.Command[20101]
      Executed DbCommand (31ms) [Parameters=[:vaiTro_0='?' (DbType = Decimal)], CommandType='Text', CommandTimeout='0']
      SELECT "q"."ID", "q"."MA", "q"."PHAN_HE", "q"."TEN"
      FROM "QL_QUYEN" "q"
      INNER JOIN "QL_QUYEN_VAI_TRO" "qvt" ON "q"."ID" = "qvt"."QUYEN_ID"
      WHERE "qvt"."VAI_TRO_ID" = :vaiTro_0
      ORDER BY "q"."ID"
info: Microsoft.EntityFrameworkCore.Database.Command[20101]
      Executed DbCommand (31ms) [Parameters=[:Ma_0='?' (Size = 2000)], CommandType='Text', CommandTimeout='0']
      SELECT "l"."GIA_TRI"
      FROM "QL_NHAN_HIEN_THI" "l"
      WHERE "l"."MA" = :Ma_0
      FETCH FIRST 1 ROWS ONLY
info: Microsoft.EntityFrameworkCore.Database.Command[20101]
      Executed DbCommand (50ms) [Parameters=[:nguoiDung_ID_0='?' (DbType = Decimal)], CommandType='Text', CommandTimeout='0']
      SELECT "c"."VAI_TRO_ID"
      FROM "QL_VAI_TRO_NGUOI_DUNG" "c"
      WHERE "c"."NGUOI_DUNG_ID" = :nguoiDung_ID_0
info: Microsoft.EntityFrameworkCore.Database.Command[20101]
      Executed DbCommand (27ms) [Parameters=[:Ma_0='?' (Size = 2000)], CommandType='Text', CommandTimeout='0']
      SELECT "l"."GIA_TRI"
      FROM "QL_NHAN_HIEN_THI" "l"
      WHERE "l"."MA" = :Ma_0
      FETCH FIRST 1 ROWS ONLY
info: Microsoft.EntityFrameworkCore.Database.Command[20101]
      Executed DbCommand (28ms) [Parameters=[:nguoiDung_ID_0='?' (DbType = Decimal)], CommandType='Text', CommandTimeout='0']
      SELECT "c"."VAI_TRO_ID"
      FROM "QL_VAI_TRO_NGUOI_DUNG" "c"
      WHERE "c"."NGUOI_DUNG_ID" = :nguoiDung_ID_0
info: Microsoft.EntityFrameworkCore.Database.Command[20101]
      Executed DbCommand (23ms) [Parameters=[:nguoiDung_ID_0='?' (DbType = Decimal)], CommandType='Text', CommandTimeout='0']
      SELECT "c"."VAI_TRO_ID"
      FROM "QL_VAI_TRO_NGUOI_DUNG" "c"
      WHERE "c"."NGUOI_DUNG_ID" = :nguoiDung_ID_0
info: Microsoft.EntityFrameworkCore.Database.Command[20101]
      Executed DbCommand (23ms) [Parameters=[:Ma_0='?' (Size = 2000)], CommandType='Text', CommandTimeout='0']
      SELECT "l"."GIA_TRI"
      FROM "QL_NHAN_HIEN_THI" "l"
      WHERE "l"."MA" = :Ma_0
      FETCH FIRST 1 ROWS ONLY
info: Microsoft.EntityFrameworkCore.Database.Command[20101]
      Executed DbCommand (45ms) [Parameters=[:nguoiDung_ID_0='?' (DbType = Decimal)], CommandType='Text', CommandTimeout='0']
      SELECT "c"."VAI_TRO_ID"
      FROM "QL_VAI_TRO_NGUOI_DUNG" "c"
      WHERE "c"."NGUOI_DUNG_ID" = :nguoiDung_ID_0
info: Microsoft.EntityFrameworkCore.Database.Command[20101]
      Executed DbCommand (28ms) [Parameters=[:Ma_0='?' (Size = 2000)], CommandType='Text', CommandTimeout='0']
      SELECT "l"."GIA_TRI"
      FROM "QL_NHAN_HIEN_THI" "l"
      WHERE "l"."MA" = :Ma_0
      FETCH FIRST 1 ROWS ONLY
info: Microsoft.EntityFrameworkCore.Database.Command[20101]
      Executed DbCommand (56ms) [Parameters=[:nguoiDung_ID_0='?' (DbType = Decimal)], CommandType='Text', CommandTimeout='0']
      SELECT "c"."VAI_TRO_ID"
      FROM "QL_VAI_TRO_NGUOI_DUNG" "c"
      WHERE "c"."NGUOI_DUNG_ID" = :nguoiDung_ID_0
info: Microsoft.EntityFrameworkCore.Database.Command[20101]
      Executed DbCommand (28ms) [Parameters=[:Ma_0='?' (Size = 2000)], CommandType='Text', CommandTimeout='0']
      SELECT "l"."GIA_TRI"
      FROM "QL_NHAN_HIEN_THI" "l"
      WHERE "l"."MA" = :Ma_0
      FETCH FIRST 1 ROWS ONLY
info: Microsoft.EntityFrameworkCore.Database.Command[20101]
      Executed DbCommand (39ms) [Parameters=[:nguoiDung_ID_0='?' (DbType = Decimal)], CommandType='Text', CommandTimeout='0']
      SELECT "c"."VAI_TRO_ID"
      FROM "QL_VAI_TRO_NGUOI_DUNG" "c"
      WHERE "c"."NGUOI_DUNG_ID" = :nguoiDung_ID_0
info: Microsoft.EntityFrameworkCore.Database.Command[20101]
      Executed DbCommand (41ms) [Parameters=[:Ma_0='?' (Size = 2000)], CommandType='Text', CommandTimeout='0']
      SELECT "l"."GIA_TRI"
      FROM "QL_NHAN_HIEN_THI" "l"
      WHERE "l"."MA" = :Ma_0
      FETCH FIRST 1 ROWS ONLY
info: Microsoft.EntityFrameworkCore.Database.Command[20101]
      Executed DbCommand (58ms) [Parameters=[:nguoiDung_ID_0='?' (DbType = Decimal)], CommandType='Text', CommandTimeout='0']
      SELECT "c"."VAI_TRO_ID"
      FROM "QL_VAI_TRO_NGUOI_DUNG" "c"
      WHERE "c"."NGUOI_DUNG_ID" = :nguoiDung_ID_0
info: Microsoft.EntityFrameworkCore.Database.Command[20101]
      Executed DbCommand (33ms) [Parameters=[:Ma_0='?' (Size = 2000)], CommandType='Text', CommandTimeout='0']
      SELECT "l"."GIA_TRI"
      FROM "QL_NHAN_HIEN_THI" "l"
      WHERE "l"."MA" = :Ma_0
      FETCH FIRST 1 ROWS ONLY
info: Microsoft.EntityFrameworkCore.Database.Command[20101]
      Executed DbCommand (45ms) [Parameters=[:nguoiDung_ID_0='?' (DbType = Decimal)], CommandType='Text', CommandTimeout='0']
      SELECT "c"."VAI_TRO_ID"
      FROM "QL_VAI_TRO_NGUOI_DUNG" "c"
      WHERE "c"."NGUOI_DUNG_ID" = :nguoiDung_ID_0
info: Microsoft.EntityFrameworkCore.Database.Command[20101]
      Executed DbCommand (34ms) [Parameters=[:Ma_0='?' (Size = 2000)], CommandType='Text', CommandTimeout='0']
      SELECT "l"."GIA_TRI"
      FROM "QL_NHAN_HIEN_THI" "l"
      WHERE "l"."MA" = :Ma_0
      FETCH FIRST 1 ROWS ONLY
info: Microsoft.EntityFrameworkCore.Database.Command[20101]
      Executed DbCommand (34ms) [Parameters=[:nguoiDung_ID_0='?' (DbType = Decimal)], CommandType='Text', CommandTimeout='0']
      SELECT "c"."VAI_TRO_ID"
      FROM "QL_VAI_TRO_NGUOI_DUNG" "c"
      WHERE "c"."NGUOI_DUNG_ID" = :nguoiDung_ID_0
info: Microsoft.EntityFrameworkCore.Database.Command[20101]
      Executed DbCommand (64ms) [Parameters=[:Ma_0='?' (Size = 2000)], CommandType='Text', CommandTimeout='0']
      SELECT "l"."GIA_TRI"
      FROM "QL_NHAN_HIEN_THI" "l"
      WHERE "l"."MA" = :Ma_0
      FETCH FIRST 1 ROWS ONLY
info: Microsoft.EntityFrameworkCore.Database.Command[20101]
      Executed DbCommand (32ms) [Parameters=[:nguoiDung_ID_0='?' (DbType = Decimal)], CommandType='Text', CommandTimeout='0']
      SELECT "c"."VAI_TRO_ID"
      FROM "QL_VAI_TRO_NGUOI_DUNG" "c"
      WHERE "c"."NGUOI_DUNG_ID" = :nguoiDung_ID_0
info: Microsoft.EntityFrameworkCore.Database.Command[20101]
      Executed DbCommand (50ms) [Parameters=[:Ma_0='?' (Size = 2000)], CommandType='Text', CommandTimeout='0']
      SELECT "l"."GIA_TRI"
      FROM "QL_NHAN_HIEN_THI" "l"
      WHERE "l"."MA" = :Ma_0
      FETCH FIRST 1 ROWS ONLY
info: Microsoft.EntityFrameworkCore.Database.Command[20101]
      Executed DbCommand (28ms) [Parameters=[:nguoiDung_ID_0='?' (DbType = Decimal)], CommandType='Text', CommandTimeout='0']
      SELECT "c"."VAI_TRO_ID"
      FROM "QL_VAI_TRO_NGUOI_DUNG" "c"
      WHERE "c"."NGUOI_DUNG_ID" = :nguoiDung_ID_0
info: Microsoft.EntityFrameworkCore.Database.Command[20101]
      Executed DbCommand (33ms) [Parameters=[:Ma_0='?' (Size = 2000)], CommandType='Text', CommandTimeout='0']
      SELECT "l"."GIA_TRI"
      FROM "QL_NHAN_HIEN_THI" "l"
      WHERE "l"."MA" = :Ma_0
      FETCH FIRST 1 ROWS ONLY
info: Microsoft.EntityFrameworkCore.Database.Command[20101]
      Executed DbCommand (45ms) [Parameters=[:nguoiDung_ID_0='?' (DbType = Decimal)], CommandType='Text', CommandTimeout='0']
      SELECT "c"."VAI_TRO_ID"
      FROM "QL_VAI_TRO_NGUOI_DUNG" "c"
      WHERE "c"."NGUOI_DUNG_ID" = :nguoiDung_ID_0
info: Microsoft.EntityFrameworkCore.Database.Command[20101]
      Executed DbCommand (27ms) [Parameters=[:Ma_0='?' (Size = 2000)], CommandType='Text', CommandTimeout='0']
      SELECT "l"."GIA_TRI"
      FROM "QL_NHAN_HIEN_THI" "l"
      WHERE "l"."MA" = :Ma_0
      FETCH FIRST 1 ROWS ONLY
info: Microsoft.EntityFrameworkCore.Database.Command[20101]
      Executed DbCommand (42ms) [Parameters=[:nguoiDung_ID_0='?' (DbType = Decimal)], CommandType='Text', CommandTimeout='0']
      SELECT "c"."VAI_TRO_ID"
      FROM "QL_VAI_TRO_NGUOI_DUNG" "c"
      WHERE "c"."NGUOI_DUNG_ID" = :nguoiDung_ID_0
info: Microsoft.EntityFrameworkCore.Database.Command[20101]
      Executed DbCommand (48ms) [Parameters=[:Ma_0='?' (Size = 2000)], CommandType='Text', CommandTimeout='0']
      SELECT "l"."GIA_TRI"
      FROM "QL_NHAN_HIEN_THI" "l"
      WHERE "l"."MA" = :Ma_0
      FETCH FIRST 1 ROWS ONLY
info: Microsoft.EntityFrameworkCore.Database.Command[20101]
      Executed DbCommand (35ms) [Parameters=[:nguoiDung_ID_0='?' (DbType = Decimal)], CommandType='Text', CommandTimeout='0']
      SELECT "c"."VAI_TRO_ID"
      FROM "QL_VAI_TRO_NGUOI_DUNG" "c"
      WHERE "c"."NGUOI_DUNG_ID" = :nguoiDung_ID_0
info: Microsoft.EntityFrameworkCore.Database.Command[20101]
      Executed DbCommand (35ms) [Parameters=[:Ma_0='?' (Size = 2000)], CommandType='Text', CommandTimeout='0']
      SELECT "l"."GIA_TRI"
      FROM "QL_NHAN_HIEN_THI" "l"
      WHERE "l"."MA" = :Ma_0
      FETCH FIRST 1 ROWS ONLY
info: Microsoft.EntityFrameworkCore.Database.Command[20101]
      Executed DbCommand (27ms) [Parameters=[:nguoiDung_ID_0='?' (DbType = Decimal)], CommandType='Text', CommandTimeout='0']
      SELECT "c"."VAI_TRO_ID"
      FROM "QL_VAI_TRO_NGUOI_DUNG" "c"
      WHERE "c"."NGUOI_DUNG_ID" = :nguoiDung_ID_0
info: Microsoft.EntityFrameworkCore.Database.Command[20101]
      Executed DbCommand (33ms) [Parameters=[:Ma_0='?' (Size = 2000)], CommandType='Text', CommandTimeout='0']
      SELECT "l"."GIA_TRI"
      FROM "QL_NHAN_HIEN_THI" "l"
      WHERE "l"."MA" = :Ma_0
      FETCH FIRST 1 ROWS ONLY
info: Microsoft.EntityFrameworkCore.Database.Command[20101]
      Executed DbCommand (26ms) [Parameters=[:nguoiDung_ID_0='?' (DbType = Decimal)], CommandType='Text', CommandTimeout='0']
      SELECT "c"."VAI_TRO_ID"
      FROM "QL_VAI_TRO_NGUOI_DUNG" "c"
      WHERE "c"."NGUOI_DUNG_ID" = :nguoiDung_ID_0
info: Microsoft.EntityFrameworkCore.Database.Command[20101]
      Executed DbCommand (37ms) [Parameters=[:Ma_0='?' (Size = 2000)], CommandType='Text', CommandTimeout='0']
      SELECT "l"."GIA_TRI"
      FROM "QL_NHAN_HIEN_THI" "l"
      WHERE "l"."MA" = :Ma_0
      FETCH FIRST 1 ROWS ONLY
info: Microsoft.EntityFrameworkCore.Database.Command[20101]
      Executed DbCommand (31ms) [Parameters=[:nguoiDung_ID_0='?' (DbType = Decimal)], CommandType='Text', CommandTimeout='0']
      SELECT "c"."VAI_TRO_ID"
      FROM "QL_VAI_TRO_NGUOI_DUNG" "c"
      WHERE "c"."NGUOI_DUNG_ID" = :nguoiDung_ID_0
info: Microsoft.EntityFrameworkCore.Database.Command[20101]
      Executed DbCommand (80ms) [Parameters=[:Ma_0='?' (Size = 2000)], CommandType='Text', CommandTimeout='0']
      SELECT "l"."GIA_TRI"
      FROM "QL_NHAN_HIEN_THI" "l"
      WHERE "l"."MA" = :Ma_0
      FETCH FIRST 1 ROWS ONLY
info: Microsoft.EntityFrameworkCore.Database.Command[20101]
      Executed DbCommand (10ms) [Parameters=[:nguoiDung_ID_0='?' (DbType = Decimal)], CommandType='Text', CommandTimeout='0']
      SELECT "c"."VAI_TRO_ID"
      FROM "QL_VAI_TRO_NGUOI_DUNG" "c"
      WHERE "c"."NGUOI_DUNG_ID" = :nguoiDung_ID_0
info: Microsoft.EntityFrameworkCore.Database.Command[20101]
      Executed DbCommand (54ms) [Parameters=[:Ma_0='?' (Size = 2000)], CommandType='Text', CommandTimeout='0']
      SELECT "l"."GIA_TRI"
      FROM "QL_NHAN_HIEN_THI" "l"
      WHERE "l"."MA" = :Ma_0
      FETCH FIRST 1 ROWS ONLY
info: Microsoft.EntityFrameworkCore.Database.Command[20101]
      Executed DbCommand (35ms) [Parameters=[:nguoiDung_ID_0='?' (DbType = Decimal)], CommandType='Text', CommandTimeout='0']
      SELECT "c"."VAI_TRO_ID"
      FROM "QL_VAI_TRO_NGUOI_DUNG" "c"
      WHERE "c"."NGUOI_DUNG_ID" = :nguoiDung_ID_0
info: Microsoft.EntityFrameworkCore.Database.Command[20101]
      Executed DbCommand (38ms) [Parameters=[:Ma_0='?' (Size = 2000)], CommandType='Text', CommandTimeout='0']
      SELECT "l"."GIA_TRI"
      FROM "QL_NHAN_HIEN_THI" "l"
      WHERE "l"."MA" = :Ma_0
      FETCH FIRST 1 ROWS ONLY
info: Microsoft.EntityFrameworkCore.Database.Command[20101]
      Executed DbCommand (23ms) [Parameters=[:nguoiDung_ID_0='?' (DbType = Decimal)], CommandType='Text', CommandTimeout='0']
      SELECT "c"."VAI_TRO_ID"
      FROM "QL_VAI_TRO_NGUOI_DUNG" "c"
      WHERE "c"."NGUOI_DUNG_ID" = :nguoiDung_ID_0
info: Microsoft.EntityFrameworkCore.Database.Command[20101]
      Executed DbCommand (23ms) [Parameters=[:Ma_0='?' (Size = 2000)], CommandType='Text', CommandTimeout='0']
      SELECT "l"."GIA_TRI"
      FROM "QL_NHAN_HIEN_THI" "l"
      WHERE "l"."MA" = :Ma_0
      FETCH FIRST 1 ROWS ONLY
info: Microsoft.EntityFrameworkCore.Database.Command[20101]
      Executed DbCommand (63ms) [Parameters=[:nguoiDung_ID_0='?' (DbType = Decimal)], CommandType='Text', CommandTimeout='0']
      SELECT "c"."VAI_TRO_ID"
      FROM "QL_VAI_TRO_NGUOI_DUNG" "c"
      WHERE "c"."NGUOI_DUNG_ID" = :nguoiDung_ID_0
info: Microsoft.EntityFrameworkCore.Database.Command[20101]
      Executed DbCommand (84ms) [Parameters=[:Ma_0='?' (Size = 2000)], CommandType='Text', CommandTimeout='0']
      SELECT "l"."GIA_TRI"
      FROM "QL_NHAN_HIEN_THI" "l"
      WHERE "l"."MA" = :Ma_0
      FETCH FIRST 1 ROWS ONLY
info: Microsoft.EntityFrameworkCore.Database.Command[20101]
      Executed DbCommand (66ms) [Parameters=[:nguoiDung_ID_0='?' (DbType = Decimal)], CommandType='Text', CommandTimeout='0']
      SELECT "c"."VAI_TRO_ID"
      FROM "QL_VAI_TRO_NGUOI_DUNG" "c"
      WHERE "c"."NGUOI_DUNG_ID" = :nguoiDung_ID_0
info: Microsoft.EntityFrameworkCore.Database.Command[20101]
      Executed DbCommand (324ms) [Parameters=[:Ma_0='?' (Size = 2000)], CommandType='Text', CommandTimeout='0']
      SELECT "l"."GIA_TRI"
      FROM "QL_NHAN_HIEN_THI" "l"
      WHERE "l"."MA" = :Ma_0
      FETCH FIRST 1 ROWS ONLY
info: Microsoft.EntityFrameworkCore.Database.Command[20101]
      Executed DbCommand (41ms) [Parameters=[:nguoiDung_ID_0='?' (DbType = Decimal)], CommandType='Text', CommandTimeout='0']
      SELECT "c"."VAI_TRO_ID"
      FROM "QL_VAI_TRO_NGUOI_DUNG" "c"
      WHERE "c"."NGUOI_DUNG_ID" = :nguoiDung_ID_0
info: Microsoft.EntityFrameworkCore.Database.Command[20101]
      Executed DbCommand (124ms) [Parameters=[:Ma_0='?' (Size = 2000)], CommandType='Text', CommandTimeout='0']
      SELECT "l"."GIA_TRI"
      FROM "QL_NHAN_HIEN_THI" "l"
      WHERE "l"."MA" = :Ma_0
      FETCH FIRST 1 ROWS ONLY
info: Microsoft.EntityFrameworkCore.Database.Command[20101]
      Executed DbCommand (42ms) [Parameters=[:nguoiDung_ID_0='?' (DbType = Decimal)], CommandType='Text', CommandTimeout='0']
      SELECT "c"."VAI_TRO_ID"
      FROM "QL_VAI_TRO_NGUOI_DUNG" "c"
      WHERE "c"."NGUOI_DUNG_ID" = :nguoiDung_ID_0
info: Microsoft.EntityFrameworkCore.Database.Command[20101]
      Executed DbCommand (32ms) [Parameters=[:Ma_0='?' (Size = 2000)], CommandType='Text', CommandTimeout='0']
      SELECT "l"."GIA_TRI"
      FROM "QL_NHAN_HIEN_THI" "l"
      WHERE "l"."MA" = :Ma_0
      FETCH FIRST 1 ROWS ONLY
info: Microsoft.EntityFrameworkCore.Database.Command[20101]
      Executed DbCommand (37ms) [Parameters=[:nguoiDung_ID_0='?' (DbType = Decimal)], CommandType='Text', CommandTimeout='0']
      SELECT "c"."VAI_TRO_ID"
      FROM "QL_VAI_TRO_NGUOI_DUNG" "c"
      WHERE "c"."NGUOI_DUNG_ID" = :nguoiDung_ID_0
info: Microsoft.EntityFrameworkCore.Database.Command[20101]
      Executed DbCommand (23ms) [Parameters=[:Ma_0='?' (Size = 2000)], CommandType='Text', CommandTimeout='0']
      SELECT "l"."GIA_TRI"
      FROM "QL_NHAN_HIEN_THI" "l"
      WHERE "l"."MA" = :Ma_0
      FETCH FIRST 1 ROWS ONLY
info: Microsoft.EntityFrameworkCore.Database.Command[20101]
      Executed DbCommand (23ms) [Parameters=[:nguoiDung_ID_0='?' (DbType = Decimal)], CommandType='Text', CommandTimeout='0']
      SELECT "c"."VAI_TRO_ID"
      FROM "QL_VAI_TRO_NGUOI_DUNG" "c"
      WHERE "c"."NGUOI_DUNG_ID" = :nguoiDung_ID_0
info: Microsoft.EntityFrameworkCore.Database.Command[20101]
      Executed DbCommand (580ms) [Parameters=[:Ma_0='?' (Size = 2000)], CommandType='Text', CommandTimeout='0']
      SELECT "l"."GIA_TRI"
      FROM "QL_NHAN_HIEN_THI" "l"
      WHERE "l"."MA" = :Ma_0
      FETCH FIRST 1 ROWS ONLY
info: Microsoft.EntityFrameworkCore.Database.Command[20101]
      Executed DbCommand (27ms) [Parameters=[:nguoiDung_ID_0='?' (DbType = Decimal)], CommandType='Text', CommandTimeout='0']
      SELECT "c"."VAI_TRO_ID"
      FROM "QL_VAI_TRO_NGUOI_DUNG" "c"
      WHERE "c"."NGUOI_DUNG_ID" = :nguoiDung_ID_0
info: Microsoft.EntityFrameworkCore.Database.Command[20101]
      Executed DbCommand (28ms) [Parameters=[:Ma_0='?' (Size = 2000)], CommandType='Text', CommandTimeout='0']
      SELECT "l"."GIA_TRI"
      FROM "QL_NHAN_HIEN_THI" "l"
      WHERE "l"."MA" = :Ma_0
      FETCH FIRST 1 ROWS ONLY
info: Microsoft.EntityFrameworkCore.Database.Command[20101]
      Executed DbCommand (30ms) [Parameters=[:nguoiDung_ID_0='?' (DbType = Decimal)], CommandType='Text', CommandTimeout='0']
      SELECT "c"."VAI_TRO_ID"
      FROM "QL_VAI_TRO_NGUOI_DUNG" "c"
      WHERE "c"."NGUOI_DUNG_ID" = :nguoiDung_ID_0
info: Microsoft.EntityFrameworkCore.Database.Command[20101]
      Executed DbCommand (57ms) [Parameters=[:Ma_0='?' (Size = 2000)], CommandType='Text', CommandTimeout='0']
      SELECT "l"."GIA_TRI"
      FROM "QL_NHAN_HIEN_THI" "l"
      WHERE "l"."MA" = :Ma_0
      FETCH FIRST 1 ROWS ONLY
info: Microsoft.EntityFrameworkCore.Database.Command[20101]
      Executed DbCommand (54ms) [Parameters=[:nguoiDung_ID_0='?' (DbType = Decimal)], CommandType='Text', CommandTimeout='0']
      SELECT "c"."VAI_TRO_ID"
      FROM "QL_VAI_TRO_NGUOI_DUNG" "c"
      WHERE "c"."NGUOI_DUNG_ID" = :nguoiDung_ID_0
info: Microsoft.EntityFrameworkCore.Database.Command[20101]
      Executed DbCommand (47ms) [Parameters=[:Ma_0='?' (Size = 2000)], CommandType='Text', CommandTimeout='0']
      SELECT "l"."GIA_TRI"
      FROM "QL_NHAN_HIEN_THI" "l"
      WHERE "l"."MA" = :Ma_0
      FETCH FIRST 1 ROWS ONLY
info: Microsoft.EntityFrameworkCore.Database.Command[20101]
      Executed DbCommand (30ms) [Parameters=[:nguoiDung_ID_0='?' (DbType = Decimal)], CommandType='Text', CommandTimeout='0']
      SELECT "c"."VAI_TRO_ID"
      FROM "QL_VAI_TRO_NGUOI_DUNG" "c"
      WHERE "c"."NGUOI_DUNG_ID" = :nguoiDung_ID_0
info: Microsoft.EntityFrameworkCore.Database.Command[20101]
      Executed DbCommand (38ms) [Parameters=[:Ma_0='?' (Size = 2000)], CommandType='Text', CommandTimeout='0']
      SELECT "l"."GIA_TRI"
      FROM "QL_NHAN_HIEN_THI" "l"
      WHERE "l"."MA" = :Ma_0
      FETCH FIRST 1 ROWS ONLY
info: Microsoft.EntityFrameworkCore.Database.Command[20101]
      Executed DbCommand (42ms) [Parameters=[:nguoiDung_ID_0='?' (DbType = Decimal)], CommandType='Text', CommandTimeout='0']
      SELECT "c"."VAI_TRO_ID"
      FROM "QL_VAI_TRO_NGUOI_DUNG" "c"
      WHERE "c"."NGUOI_DUNG_ID" = :nguoiDung_ID_0
info: Microsoft.EntityFrameworkCore.Database.Command[20101]
      Executed DbCommand (40ms) [Parameters=[:Ma_0='?' (Size = 2000)], CommandType='Text', CommandTimeout='0']
      SELECT "l"."GIA_TRI"
      FROM "QL_NHAN_HIEN_THI" "l"
      WHERE "l"."MA" = :Ma_0
      FETCH FIRST 1 ROWS ONLY
info: Microsoft.EntityFrameworkCore.Database.Command[20101]
      Executed DbCommand (140ms) [Parameters=[:nguoiDung_ID_0='?' (DbType = Decimal)], CommandType='Text', CommandTimeout='0']
      SELECT "c"."VAI_TRO_ID"
      FROM "QL_VAI_TRO_NGUOI_DUNG" "c"
      WHERE "c"."NGUOI_DUNG_ID" = :nguoiDung_ID_0
info: Microsoft.EntityFrameworkCore.Database.Command[20101]
      Executed DbCommand (62ms) [Parameters=[:Ma_0='?' (Size = 2000)], CommandType='Text', CommandTimeout='0']
      SELECT "l"."GIA_TRI"
      FROM "QL_NHAN_HIEN_THI" "l"
      WHERE "l"."MA" = :Ma_0
      FETCH FIRST 1 ROWS ONLY
info: Microsoft.EntityFrameworkCore.Database.Command[20101]
      Executed DbCommand (39ms) [Parameters=[:nguoiDung_ID_0='?' (DbType = Decimal)], CommandType='Text', CommandTimeout='0']
      SELECT "c"."VAI_TRO_ID"
      FROM "QL_VAI_TRO_NGUOI_DUNG" "c"
      WHERE "c"."NGUOI_DUNG_ID" = :nguoiDung_ID_0
info: Microsoft.EntityFrameworkCore.Database.Command[20101]
      Executed DbCommand (65ms) [Parameters=[:Ma_0='?' (Size = 2000)], CommandType='Text', CommandTimeout='0']
      SELECT "l"."GIA_TRI"
      FROM "QL_NHAN_HIEN_THI" "l"
      WHERE "l"."MA" = :Ma_0
      FETCH FIRST 1 ROWS ONLY
info: Microsoft.EntityFrameworkCore.Database.Command[20101]
      Executed DbCommand (42ms) [Parameters=[:nguoiDung_ID_0='?' (DbType = Decimal)], CommandType='Text', CommandTimeout='0']
      SELECT "c"."VAI_TRO_ID"
      FROM "QL_VAI_TRO_NGUOI_DUNG" "c"
      WHERE "c"."NGUOI_DUNG_ID" = :nguoiDung_ID_0
info: Microsoft.EntityFrameworkCore.Database.Command[20101]
      Executed DbCommand (54ms) [Parameters=[:Ma_0='?' (Size = 2000)], CommandType='Text', CommandTimeout='0']
      SELECT "l"."GIA_TRI"
      FROM "QL_NHAN_HIEN_THI" "l"
      WHERE "l"."MA" = :Ma_0
      FETCH FIRST 1 ROWS ONLY
info: Microsoft.EntityFrameworkCore.Database.Command[20101]
      Executed DbCommand (112ms) [Parameters=[:nguoiDung_ID_0='?' (DbType = Decimal)], CommandType='Text', CommandTimeout='0']
      SELECT "c"."VAI_TRO_ID"
      FROM "QL_VAI_TRO_NGUOI_DUNG" "c"
      WHERE "c"."NGUOI_DUNG_ID" = :nguoiDung_ID_0
info: Microsoft.EntityFrameworkCore.Database.Command[20101]
      Executed DbCommand (111ms) [Parameters=[:Ma_0='?' (Size = 2000)], CommandType='Text', CommandTimeout='0']
      SELECT "l"."GIA_TRI"
      FROM "QL_NHAN_HIEN_THI" "l"
      WHERE "l"."MA" = :Ma_0
      FETCH FIRST 1 ROWS ONLY
info: Microsoft.EntityFrameworkCore.Database.Command[20101]
      Executed DbCommand (30ms) [Parameters=[:nguoiDung_ID_0='?' (DbType = Decimal)], CommandType='Text', CommandTimeout='0']
      SELECT "c"."VAI_TRO_ID"
      FROM "QL_VAI_TRO_NGUOI_DUNG" "c"
      WHERE "c"."NGUOI_DUNG_ID" = :nguoiDung_ID_0
info: Microsoft.EntityFrameworkCore.Database.Command[20101]
      Executed DbCommand (39ms) [Parameters=[:Ma_0='?' (Size = 2000)], CommandType='Text', CommandTimeout='0']
      SELECT "l"."GIA_TRI"
      FROM "QL_NHAN_HIEN_THI" "l"
      WHERE "l"."MA" = :Ma_0
      FETCH FIRST 1 ROWS ONLY
info: Microsoft.EntityFrameworkCore.Database.Command[20101]
      Executed DbCommand (72ms) [Parameters=[:nguoiDung_ID_0='?' (DbType = Decimal)], CommandType='Text', CommandTimeout='0']
      SELECT "c"."VAI_TRO_ID"
      FROM "QL_VAI_TRO_NGUOI_DUNG" "c"
      WHERE "c"."NGUOI_DUNG_ID" = :nguoiDung_ID_0
info: Microsoft.EntityFrameworkCore.Database.Command[20101]
      Executed DbCommand (45ms) [Parameters=[:Ma_0='?' (Size = 2000)], CommandType='Text', CommandTimeout='0']
      SELECT "l"."GIA_TRI"
      FROM "QL_NHAN_HIEN_THI" "l"
      WHERE "l"."MA" = :Ma_0
      FETCH FIRST 1 ROWS ONLY
info: Microsoft.EntityFrameworkCore.Database.Command[20101]
      Executed DbCommand (21ms) [Parameters=[:nguoiDung_ID_0='?' (DbType = Decimal)], CommandType='Text', CommandTimeout='0']
      SELECT "c"."VAI_TRO_ID"
      FROM "QL_VAI_TRO_NGUOI_DUNG" "c"
      WHERE "c"."NGUOI_DUNG_ID" = :nguoiDung_ID_0
info: Microsoft.EntityFrameworkCore.Database.Command[20101]
      Executed DbCommand (13ms) [Parameters=[:Ma_0='?' (Size = 2000)], CommandType='Text', CommandTimeout='0']
      SELECT "l"."GIA_TRI"
      FROM "QL_NHAN_HIEN_THI" "l"
      WHERE "l"."MA" = :Ma_0
      FETCH FIRST 1 ROWS ONLY
info: Microsoft.EntityFrameworkCore.Database.Command[20101]
      Executed DbCommand (15ms) [Parameters=[:nguoiDung_ID_0='?' (DbType = Decimal)], CommandType='Text', CommandTimeout='0']
      SELECT "c"."VAI_TRO_ID"
      FROM "QL_VAI_TRO_NGUOI_DUNG" "c"
      WHERE "c"."NGUOI_DUNG_ID" = :nguoiDung_ID_0
info: Microsoft.EntityFrameworkCore.Database.Command[20101]
      Executed DbCommand (10ms) [Parameters=[:Ma_0='?' (Size = 2000)], CommandType='Text', CommandTimeout='0']
      SELECT "l"."GIA_TRI"
      FROM "QL_NHAN_HIEN_THI" "l"
      WHERE "l"."MA" = :Ma_0
      FETCH FIRST 1 ROWS ONLY
info: Microsoft.EntityFrameworkCore.Database.Command[20101]
      Executed DbCommand (15ms) [Parameters=[:nguoiDung_ID_0='?' (DbType = Decimal)], CommandType='Text', CommandTimeout='0']
      SELECT "c"."VAI_TRO_ID"
      FROM "QL_VAI_TRO_NGUOI_DUNG" "c"
      WHERE "c"."NGUOI_DUNG_ID" = :nguoiDung_ID_0
info: Microsoft.EntityFrameworkCore.Database.Command[20101]
      Executed DbCommand (10ms) [Parameters=[:Ma_0='?' (Size = 2000)], CommandType='Text', CommandTimeout='0']
      SELECT "l"."GIA_TRI"
      FROM "QL_NHAN_HIEN_THI" "l"
      WHERE "l"."MA" = :Ma_0
      FETCH FIRST 1 ROWS ONLY
info: Microsoft.EntityFrameworkCore.Database.Command[20101]
      Executed DbCommand (17ms) [Parameters=[:nguoiDung_ID_0='?' (DbType = Decimal)], CommandType='Text', CommandTimeout='0']
      SELECT "c"."VAI_TRO_ID"
      FROM "QL_VAI_TRO_NGUOI_DUNG" "c"
      WHERE "c"."NGUOI_DUNG_ID" = :nguoiDung_ID_0
info: Microsoft.EntityFrameworkCore.Database.Command[20101]
      Executed DbCommand (17ms) [Parameters=[:Ma_0='?' (Size = 2000)], CommandType='Text', CommandTimeout='0']
      SELECT "l"."GIA_TRI"
      FROM "QL_NHAN_HIEN_THI" "l"
      WHERE "l"."MA" = :Ma_0
      FETCH FIRST 1 ROWS ONLY
info: Microsoft.EntityFrameworkCore.Database.Command[20101]
      Executed DbCommand (19ms) [Parameters=[:nguoiDung_ID_0='?' (DbType = Decimal)], CommandType='Text', CommandTimeout='0']
      SELECT "c"."VAI_TRO_ID"
      FROM "QL_VAI_TRO_NGUOI_DUNG" "c"
      WHERE "c"."NGUOI_DUNG_ID" = :nguoiDung_ID_0
info: Microsoft.EntityFrameworkCore.Database.Command[20101]
      Executed DbCommand (20ms) [Parameters=[:Ma_0='?' (Size = 2000)], CommandType='Text', CommandTimeout='0']
      SELECT "l"."GIA_TRI"
      FROM "QL_NHAN_HIEN_THI" "l"
      WHERE "l"."MA" = :Ma_0
      FETCH FIRST 1 ROWS ONLY
info: Microsoft.EntityFrameworkCore.Database.Command[20101]
      Executed DbCommand (55ms) [Parameters=[:nguoiDung_ID_0='?' (DbType = Decimal)], CommandType='Text', CommandTimeout='0']
      SELECT "c"."VAI_TRO_ID"
      FROM "QL_VAI_TRO_NGUOI_DUNG" "c"
      WHERE "c"."NGUOI_DUNG_ID" = :nguoiDung_ID_0
info: Microsoft.EntityFrameworkCore.Database.Command[20101]
      Executed DbCommand (31ms) [Parameters=[:Ma_0='?' (Size = 2000)], CommandType='Text', CommandTimeout='0']
      SELECT "l"."GIA_TRI"
      FROM "QL_NHAN_HIEN_THI" "l"
      WHERE "l"."MA" = :Ma_0
      FETCH FIRST 1 ROWS ONLY
info: Microsoft.EntityFrameworkCore.Database.Command[20101]
      Executed DbCommand (22ms) [Parameters=[:nguoiDung_ID_0='?' (DbType = Decimal)], CommandType='Text', CommandTimeout='0']
      SELECT "c"."VAI_TRO_ID"
      FROM "QL_VAI_TRO_NGUOI_DUNG" "c"
      WHERE "c"."NGUOI_DUNG_ID" = :nguoiDung_ID_0
info: Microsoft.EntityFrameworkCore.Database.Command[20101]
      Executed DbCommand (54ms) [Parameters=[:Ma_0='?' (Size = 2000)], CommandType='Text', CommandTimeout='0']
      SELECT "l"."GIA_TRI"
      FROM "QL_NHAN_HIEN_THI" "l"
      WHERE "l"."MA" = :Ma_0
      FETCH FIRST 1 ROWS ONLY
info: Microsoft.EntityFrameworkCore.Database.Command[20101]
      Executed DbCommand (31ms) [Parameters=[:nguoiDung_ID_0='?' (DbType = Decimal)], CommandType='Text', CommandTimeout='0']
      SELECT "c"."VAI_TRO_ID"
      FROM "QL_VAI_TRO_NGUOI_DUNG" "c"
      WHERE "c"."NGUOI_DUNG_ID" = :nguoiDung_ID_0
info: Microsoft.EntityFrameworkCore.Database.Command[20101]
      Executed DbCommand (30ms) [Parameters=[:Ma_0='?' (Size = 2000)], CommandType='Text', CommandTimeout='0']
      SELECT "l"."GIA_TRI"
      FROM "QL_NHAN_HIEN_THI" "l"
      WHERE "l"."MA" = :Ma_0
      FETCH FIRST 1 ROWS ONLY
info: Microsoft.EntityFrameworkCore.Database.Command[20101]
      Executed DbCommand (50ms) [Parameters=[:nguoiDung_ID_0='?' (DbType = Decimal)], CommandType='Text', CommandTimeout='0']
      SELECT "c"."VAI_TRO_ID"
      FROM "QL_VAI_TRO_NGUOI_DUNG" "c"
      WHERE "c"."NGUOI_DUNG_ID" = :nguoiDung_ID_0
info: Microsoft.EntityFrameworkCore.Database.Command[20101]
      Executed DbCommand (69ms) [Parameters=[:Ma_0='?' (Size = 2000)], CommandType='Text', CommandTimeout='0']
      SELECT "l"."GIA_TRI"
      FROM "QL_NHAN_HIEN_THI" "l"
      WHERE "l"."MA" = :Ma_0
      FETCH FIRST 1 ROWS ONLY
info: Microsoft.EntityFrameworkCore.Database.Command[20101]
      Executed DbCommand (24ms) [Parameters=[:nguoiDung_ID_0='?' (DbType = Decimal)], CommandType='Text', CommandTimeout='0']
      SELECT "c"."VAI_TRO_ID"
      FROM "QL_VAI_TRO_NGUOI_DUNG" "c"
      WHERE "c"."NGUOI_DUNG_ID" = :nguoiDung_ID_0
info: Microsoft.EntityFrameworkCore.Database.Command[20101]
      Executed DbCommand (41ms) [Parameters=[:Ma_0='?' (Size = 2000)], CommandType='Text', CommandTimeout='0']
      SELECT "l"."GIA_TRI"
      FROM "QL_NHAN_HIEN_THI" "l"
      WHERE "l"."MA" = :Ma_0
      FETCH FIRST 1 ROWS ONLY
info: Microsoft.EntityFrameworkCore.Database.Command[20101]
      Executed DbCommand (56ms) [Parameters=[:nguoiDung_ID_0='?' (DbType = Decimal)], CommandType='Text', CommandTimeout='0']
      SELECT "c"."VAI_TRO_ID"
      FROM "QL_VAI_TRO_NGUOI_DUNG" "c"
      WHERE "c"."NGUOI_DUNG_ID" = :nguoiDung_ID_0
info: Microsoft.EntityFrameworkCore.Database.Command[20101]
      Executed DbCommand (75ms) [Parameters=[:Ma_0='?' (Size = 2000)], CommandType='Text', CommandTimeout='0']
      SELECT "l"."GIA_TRI"
      FROM "QL_NHAN_HIEN_THI" "l"
      WHERE "l"."MA" = :Ma_0
      FETCH FIRST 1 ROWS ONLY
info: Microsoft.EntityFrameworkCore.Database.Command[20101]
      Executed DbCommand (23ms) [Parameters=[:nguoiDung_ID_0='?' (DbType = Decimal)], CommandType='Text', CommandTimeout='0']
      SELECT "c"."VAI_TRO_ID"
      FROM "QL_VAI_TRO_NGUOI_DUNG" "c"
      WHERE "c"."NGUOI_DUNG_ID" = :nguoiDung_ID_0
info: Microsoft.EntityFrameworkCore.Database.Command[20101]
      Executed DbCommand (98ms) [Parameters=[:Ma_0='?' (Size = 2000)], CommandType='Text', CommandTimeout='0']
      SELECT "l"."GIA_TRI"
      FROM "QL_NHAN_HIEN_THI" "l"
      WHERE "l"."MA" = :Ma_0
      FETCH FIRST 1 ROWS ONLY
info: Microsoft.EntityFrameworkCore.Database.Command[20101]
      Executed DbCommand (299ms) [Parameters=[:nguoiDung_ID_0='?' (DbType = Decimal)], CommandType='Text', CommandTimeout='0']
      SELECT "c"."VAI_TRO_ID"
      FROM "QL_VAI_TRO_NGUOI_DUNG" "c"
      WHERE "c"."NGUOI_DUNG_ID" = :nguoiDung_ID_0
info: Microsoft.EntityFrameworkCore.Database.Command[20101]
      Executed DbCommand (49ms) [Parameters=[:Ma_0='?' (Size = 2000)], CommandType='Text', CommandTimeout='0']
      SELECT "l"."GIA_TRI"
      FROM "QL_NHAN_HIEN_THI" "l"
      WHERE "l"."MA" = :Ma_0
      FETCH FIRST 1 ROWS ONLY
info: Microsoft.EntityFrameworkCore.Database.Command[20101]
      Executed DbCommand (48ms) [Parameters=[:nguoiDung_ID_0='?' (DbType = Decimal)], CommandType='Text', CommandTimeout='0']
      SELECT "c"."VAI_TRO_ID"
      FROM "QL_VAI_TRO_NGUOI_DUNG" "c"
      WHERE "c"."NGUOI_DUNG_ID" = :nguoiDung_ID_0
info: Microsoft.EntityFrameworkCore.Database.Command[20101]
      Executed DbCommand (621ms) [Parameters=[:Ma_0='?' (Size = 2000)], CommandType='Text', CommandTimeout='0']
      SELECT "l"."GIA_TRI"
      FROM "QL_NHAN_HIEN_THI" "l"
      WHERE "l"."MA" = :Ma_0
      FETCH FIRST 1 ROWS ONLY
info: Microsoft.EntityFrameworkCore.Database.Command[20101]
      Executed DbCommand (40ms) [Parameters=[:nguoiDung_ID_0='?' (DbType = Decimal)], CommandType='Text', CommandTimeout='0']
      SELECT "c"."VAI_TRO_ID"
      FROM "QL_VAI_TRO_NGUOI_DUNG" "c"
      WHERE "c"."NGUOI_DUNG_ID" = :nguoiDung_ID_0
info: Microsoft.EntityFrameworkCore.Database.Command[20101]
      Executed DbCommand (141ms) [Parameters=[:donViId_0='?' (DbType = Decimal)], CommandType='Text', CommandTimeout='0']
      SELECT COUNT(*)
      FROM "DM_DON_VI" "p"
      WHERE ((("p"."PARENT_ID" = :donViId_0) AND ("p"."LA_BAN_QL_DU_AN" = 1)) OR (("p"."ID" = :donViId_0) AND ("p"."LOAI_DON_VI_ID" = 15.0))) OR (("p"."ID" = :donViId_0) AND ("p"."LA_BAN_QL_DU_AN" = 1))
info: Microsoft.EntityFrameworkCore.Database.Command[20101]
      Executed DbCommand (37ms) [Parameters=[:Ma_0='?' (Size = 2000)], CommandType='Text', CommandTimeout='0']
      SELECT "l"."GIA_TRI"
      FROM "QL_NHAN_HIEN_THI" "l"
      WHERE "l"."MA" = :Ma_0
      FETCH FIRST 1 ROWS ONLY
info: Microsoft.EntityFrameworkCore.Database.Command[20101]
      Executed DbCommand (50ms) [Parameters=[:nguoiDung_ID_0='?' (DbType = Decimal)], CommandType='Text', CommandTimeout='0']
      SELECT "c"."VAI_TRO_ID"
      FROM "QL_VAI_TRO_NGUOI_DUNG" "c"
      WHERE "c"."NGUOI_DUNG_ID" = :nguoiDung_ID_0
info: Microsoft.EntityFrameworkCore.Database.Command[20101]
      Executed DbCommand (170ms) [Parameters=[:Ma_0='?' (Size = 2000)], CommandType='Text', CommandTimeout='0']
      SELECT "l"."GIA_TRI"
      FROM "QL_NHAN_HIEN_THI" "l"
      WHERE "l"."MA" = :Ma_0
      FETCH FIRST 1 ROWS ONLY
info: Microsoft.EntityFrameworkCore.Database.Command[20101]
      Executed DbCommand (54ms) [Parameters=[:nguoiDung_ID_0='?' (DbType = Decimal)], CommandType='Text', CommandTimeout='0']
      SELECT "c"."VAI_TRO_ID"
      FROM "QL_VAI_TRO_NGUOI_DUNG" "c"
      WHERE "c"."NGUOI_DUNG_ID" = :nguoiDung_ID_0
info: Microsoft.EntityFrameworkCore.Database.Command[20101]
      Executed DbCommand (72ms) [Parameters=[:Ma_0='?' (Size = 2000)], CommandType='Text', CommandTimeout='0']
      SELECT "l"."GIA_TRI"
      FROM "QL_NHAN_HIEN_THI" "l"
      WHERE "l"."MA" = :Ma_0
      FETCH FIRST 1 ROWS ONLY
info: Microsoft.EntityFrameworkCore.Database.Command[20101]
      Executed DbCommand (43ms) [Parameters=[:nguoiDung_ID_0='?' (DbType = Decimal)], CommandType='Text', CommandTimeout='0']
      SELECT "c"."VAI_TRO_ID"
      FROM "QL_VAI_TRO_NGUOI_DUNG" "c"
      WHERE "c"."NGUOI_DUNG_ID" = :nguoiDung_ID_0
info: Microsoft.EntityFrameworkCore.Database.Command[20101]
      Executed DbCommand (22ms) [Parameters=[:Ma_0='?' (Size = 2000)], CommandType='Text', CommandTimeout='0']
      SELECT "l"."GIA_TRI"
      FROM "QL_NHAN_HIEN_THI" "l"
      WHERE "l"."MA" = :Ma_0
      FETCH FIRST 1 ROWS ONLY
info: Microsoft.EntityFrameworkCore.Database.Command[20101]
      Executed DbCommand (71ms) [Parameters=[:nguoiDung_ID_0='?' (DbType = Decimal)], CommandType='Text', CommandTimeout='0']
      SELECT "c"."VAI_TRO_ID"
      FROM "QL_VAI_TRO_NGUOI_DUNG" "c"
      WHERE "c"."NGUOI_DUNG_ID" = :nguoiDung_ID_0
info: Microsoft.EntityFrameworkCore.Database.Command[20101]
      Executed DbCommand (102ms) [Parameters=[:Ma_0='?' (Size = 2000)], CommandType='Text', CommandTimeout='0']
      SELECT "l"."GIA_TRI"
      FROM "QL_NHAN_HIEN_THI" "l"
      WHERE "l"."MA" = :Ma_0
      FETCH FIRST 1 ROWS ONLY
info: Microsoft.EntityFrameworkCore.Database.Command[20101]
      Executed DbCommand (25ms) [Parameters=[:nguoiDung_ID_0='?' (DbType = Decimal)], CommandType='Text', CommandTimeout='0']
      SELECT "c"."VAI_TRO_ID"
      FROM "QL_VAI_TRO_NGUOI_DUNG" "c"
      WHERE "c"."NGUOI_DUNG_ID" = :nguoiDung_ID_0
info: Microsoft.EntityFrameworkCore.Database.Command[20101]
      Executed DbCommand (24ms) [Parameters=[:Ma_0='?' (Size = 2000)], CommandType='Text', CommandTimeout='0']
      SELECT "l"."GIA_TRI"
      FROM "QL_NHAN_HIEN_THI" "l"
      WHERE "l"."MA" = :Ma_0
      FETCH FIRST 1 ROWS ONLY
info: Microsoft.EntityFrameworkCore.Database.Command[20101]
      Executed DbCommand (43ms) [Parameters=[:nguoiDung_ID_0='?' (DbType = Decimal)], CommandType='Text', CommandTimeout='0']
      SELECT "c"."VAI_TRO_ID"
      FROM "QL_VAI_TRO_NGUOI_DUNG" "c"
      WHERE "c"."NGUOI_DUNG_ID" = :nguoiDung_ID_0
info: Microsoft.EntityFrameworkCore.Database.Command[20101]
      Executed DbCommand (40ms) [Parameters=[:Ma_0='?' (Size = 2000)], CommandType='Text', CommandTimeout='0']
      SELECT "l"."GIA_TRI"
      FROM "QL_NHAN_HIEN_THI" "l"
      WHERE "l"."MA" = :Ma_0
      FETCH FIRST 1 ROWS ONLY
info: Microsoft.EntityFrameworkCore.Database.Command[20101]
      Executed DbCommand (51ms) [Parameters=[:nguoiDung_ID_0='?' (DbType = Decimal)], CommandType='Text', CommandTimeout='0']
      SELECT "c"."VAI_TRO_ID"
      FROM "QL_VAI_TRO_NGUOI_DUNG" "c"
      WHERE "c"."NGUOI_DUNG_ID" = :nguoiDung_ID_0
info: Microsoft.EntityFrameworkCore.Database.Command[20101]
      Executed DbCommand (58ms) [Parameters=[:Ma_0='?' (Size = 2000)], CommandType='Text', CommandTimeout='0']
      SELECT "l"."GIA_TRI"
      FROM "QL_NHAN_HIEN_THI" "l"
      WHERE "l"."MA" = :Ma_0
      FETCH FIRST 1 ROWS ONLY
info: Microsoft.EntityFrameworkCore.Database.Command[20101]
      Executed DbCommand (22ms) [Parameters=[:nguoiDung_ID_0='?' (DbType = Decimal)], CommandType='Text', CommandTimeout='0']
      SELECT "c"."VAI_TRO_ID"
      FROM "QL_VAI_TRO_NGUOI_DUNG" "c"
      WHERE "c"."NGUOI_DUNG_ID" = :nguoiDung_ID_0
info: Microsoft.EntityFrameworkCore.Database.Command[20101]
      Executed DbCommand (32ms) [Parameters=[:Ma_0='?' (Size = 2000)], CommandType='Text', CommandTimeout='0']
      SELECT "l"."GIA_TRI"
      FROM "QL_NHAN_HIEN_THI" "l"
      WHERE "l"."MA" = :Ma_0
      FETCH FIRST 1 ROWS ONLY
info: Microsoft.EntityFrameworkCore.Database.Command[20101]
      Executed DbCommand (313ms) [Parameters=[:nguoiDung_ID_0='?' (DbType = Decimal)], CommandType='Text', CommandTimeout='0']
      SELECT "c"."VAI_TRO_ID"
      FROM "QL_VAI_TRO_NGUOI_DUNG" "c"
      WHERE "c"."NGUOI_DUNG_ID" = :nguoiDung_ID_0
info: Microsoft.EntityFrameworkCore.Database.Command[20101]
      Executed DbCommand (31ms) [Parameters=[:Ma_0='?' (Size = 2000)], CommandType='Text', CommandTimeout='0']
      SELECT "l"."GIA_TRI"
      FROM "QL_NHAN_HIEN_THI" "l"
      WHERE "l"."MA" = :Ma_0
      FETCH FIRST 1 ROWS ONLY
info: Microsoft.EntityFrameworkCore.Database.Command[20101]
      Executed DbCommand (28ms) [Parameters=[:nguoiDung_ID_0='?' (DbType = Decimal)], CommandType='Text', CommandTimeout='0']
      SELECT "c"."VAI_TRO_ID"
      FROM "QL_VAI_TRO_NGUOI_DUNG" "c"
      WHERE "c"."NGUOI_DUNG_ID" = :nguoiDung_ID_0
info: Microsoft.EntityFrameworkCore.Database.Command[20101]
      Executed DbCommand (46ms) [Parameters=[:Ma_0='?' (Size = 2000)], CommandType='Text', CommandTimeout='0']
      SELECT "l"."GIA_TRI"
      FROM "QL_NHAN_HIEN_THI" "l"
      WHERE "l"."MA" = :Ma_0
      FETCH FIRST 1 ROWS ONLY
info: Microsoft.EntityFrameworkCore.Database.Command[20101]
      Executed DbCommand (27ms) [Parameters=[:nguoiDung_ID_0='?' (DbType = Decimal)], CommandType='Text', CommandTimeout='0']
      SELECT "c"."VAI_TRO_ID"
      FROM "QL_VAI_TRO_NGUOI_DUNG" "c"
      WHERE "c"."NGUOI_DUNG_ID" = :nguoiDung_ID_0
info: Microsoft.EntityFrameworkCore.Database.Command[20101]
      Executed DbCommand (39ms) [Parameters=[:Ma_0='?' (Size = 2000)], CommandType='Text', CommandTimeout='0']
      SELECT "l"."GIA_TRI"
      FROM "QL_NHAN_HIEN_THI" "l"
      WHERE "l"."MA" = :Ma_0
      FETCH FIRST 1 ROWS ONLY
info: Microsoft.EntityFrameworkCore.Database.Command[20101]
      Executed DbCommand (19ms) [Parameters=[:nguoiDung_ID_0='?' (DbType = Decimal)], CommandType='Text', CommandTimeout='0']
      SELECT "c"."VAI_TRO_ID"
      FROM "QL_VAI_TRO_NGUOI_DUNG" "c"
      WHERE "c"."NGUOI_DUNG_ID" = :nguoiDung_ID_0
info: Microsoft.EntityFrameworkCore.Database.Command[20101]
      Executed DbCommand (28ms) [Parameters=[:Ma_0='?' (Size = 2000)], CommandType='Text', CommandTimeout='0']
      SELECT "l"."GIA_TRI"
      FROM "QL_NHAN_HIEN_THI" "l"
      WHERE "l"."MA" = :Ma_0
      FETCH FIRST 1 ROWS ONLY
info: Microsoft.EntityFrameworkCore.Database.Command[20101]
      Executed DbCommand (36ms) [Parameters=[:nguoiDung_ID_0='?' (DbType = Decimal)], CommandType='Text', CommandTimeout='0']
      SELECT "c"."VAI_TRO_ID"
      FROM "QL_VAI_TRO_NGUOI_DUNG" "c"
      WHERE "c"."NGUOI_DUNG_ID" = :nguoiDung_ID_0
info: Microsoft.EntityFrameworkCore.Database.Command[20101]
      Executed DbCommand (20ms) [Parameters=[:Ma_0='?' (Size = 2000)], CommandType='Text', CommandTimeout='0']
      SELECT "l"."GIA_TRI"
      FROM "QL_NHAN_HIEN_THI" "l"
      WHERE "l"."MA" = :Ma_0
      FETCH FIRST 1 ROWS ONLY
info: Microsoft.EntityFrameworkCore.Database.Command[20101]
      Executed DbCommand (27ms) [Parameters=[:nguoiDung_ID_0='?' (DbType = Decimal)], CommandType='Text', CommandTimeout='0']
      SELECT "c"."VAI_TRO_ID"
      FROM "QL_VAI_TRO_NGUOI_DUNG" "c"
      WHERE "c"."NGUOI_DUNG_ID" = :nguoiDung_ID_0
info: Microsoft.EntityFrameworkCore.Database.Command[20101]
      Executed DbCommand (47ms) [Parameters=[:Ma_0='?' (Size = 2000)], CommandType='Text', CommandTimeout='0']
      SELECT "l"."GIA_TRI"
      FROM "QL_NHAN_HIEN_THI" "l"
      WHERE "l"."MA" = :Ma_0
      FETCH FIRST 1 ROWS ONLY
info: Microsoft.EntityFrameworkCore.Database.Command[20101]
      Executed DbCommand (27ms) [Parameters=[:nguoiDung_ID_0='?' (DbType = Decimal)], CommandType='Text', CommandTimeout='0']
      SELECT "c"."VAI_TRO_ID"
      FROM "QL_VAI_TRO_NGUOI_DUNG" "c"
      WHERE "c"."NGUOI_DUNG_ID" = :nguoiDung_ID_0
info: Microsoft.EntityFrameworkCore.Database.Command[20101]
      Executed DbCommand (34ms) [Parameters=[:Ma_0='?' (Size = 2000)], CommandType='Text', CommandTimeout='0']
      SELECT "l"."GIA_TRI"
      FROM "QL_NHAN_HIEN_THI" "l"
      WHERE "l"."MA" = :Ma_0
      FETCH FIRST 1 ROWS ONLY
info: Microsoft.EntityFrameworkCore.Database.Command[20101]
      Executed DbCommand (27ms) [Parameters=[:nguoiDung_ID_0='?' (DbType = Decimal)], CommandType='Text', CommandTimeout='0']
      SELECT "c"."VAI_TRO_ID"
      FROM "QL_VAI_TRO_NGUOI_DUNG" "c"
      WHERE "c"."NGUOI_DUNG_ID" = :nguoiDung_ID_0
info: Microsoft.EntityFrameworkCore.Database.Command[20101]
      Executed DbCommand (18ms) [Parameters=[:Ma_0='?' (Size = 2000)], CommandType='Text', CommandTimeout='0']
      SELECT "l"."GIA_TRI"
      FROM "QL_NHAN_HIEN_THI" "l"
      WHERE "l"."MA" = :Ma_0
      FETCH FIRST 1 ROWS ONLY
info: Microsoft.EntityFrameworkCore.Database.Command[20101]
      Executed DbCommand (41ms) [Parameters=[:nguoiDung_ID_0='?' (DbType = Decimal)], CommandType='Text', CommandTimeout='0']
      SELECT "c"."VAI_TRO_ID"
      FROM "QL_VAI_TRO_NGUOI_DUNG" "c"
      WHERE "c"."NGUOI_DUNG_ID" = :nguoiDung_ID_0
info: Microsoft.EntityFrameworkCore.Database.Command[20101]
      Executed DbCommand (33ms) [Parameters=[:Ma_0='?' (Size = 2000)], CommandType='Text', CommandTimeout='0']
      SELECT "l"."GIA_TRI"
      FROM "QL_NHAN_HIEN_THI" "l"
      WHERE "l"."MA" = :Ma_0
      FETCH FIRST 1 ROWS ONLY
info: Microsoft.EntityFrameworkCore.Database.Command[20101]
      Executed DbCommand (163ms) [Parameters=[:nguoiDung_ID_0='?' (DbType = Decimal)], CommandType='Text', CommandTimeout='0']
      SELECT "c"."VAI_TRO_ID"
      FROM "QL_VAI_TRO_NGUOI_DUNG" "c"
      WHERE "c"."NGUOI_DUNG_ID" = :nguoiDung_ID_0
info: Microsoft.EntityFrameworkCore.Database.Command[20101]
      Executed DbCommand (44ms) [Parameters=[:Ma_0='?' (Size = 2000)], CommandType='Text', CommandTimeout='0']
      SELECT "l"."GIA_TRI"
      FROM "QL_NHAN_HIEN_THI" "l"
      WHERE "l"."MA" = :Ma_0
      FETCH FIRST 1 ROWS ONLY
info: Microsoft.EntityFrameworkCore.Database.Command[20101]
      Executed DbCommand (374ms) [Parameters=[:nguoiDung_ID_0='?' (DbType = Decimal)], CommandType='Text', CommandTimeout='0']
      SELECT "c"."VAI_TRO_ID"
      FROM "QL_VAI_TRO_NGUOI_DUNG" "c"
      WHERE "c"."NGUOI_DUNG_ID" = :nguoiDung_ID_0
info: Microsoft.EntityFrameworkCore.Database.Command[20101]
      Executed DbCommand (144ms) [Parameters=[:Ma_0='?' (Size = 2000)], CommandType='Text', CommandTimeout='0']
      SELECT "l"."GIA_TRI"
      FROM "QL_NHAN_HIEN_THI" "l"
      WHERE "l"."MA" = :Ma_0
      FETCH FIRST 1 ROWS ONLY
info: Microsoft.EntityFrameworkCore.Database.Command[20101]
      Executed DbCommand (49ms) [Parameters=[:nguoiDung_ID_0='?' (DbType = Decimal)], CommandType='Text', CommandTimeout='0']
      SELECT "c"."VAI_TRO_ID"
      FROM "QL_VAI_TRO_NGUOI_DUNG" "c"
      WHERE "c"."NGUOI_DUNG_ID" = :nguoiDung_ID_0
info: Microsoft.EntityFrameworkCore.Database.Command[20101]
      Executed DbCommand (326ms) [Parameters=[:Ma_0='?' (Size = 2000)], CommandType='Text', CommandTimeout='0']
      SELECT "l"."GIA_TRI"
      FROM "QL_NHAN_HIEN_THI" "l"
      WHERE "l"."MA" = :Ma_0
      FETCH FIRST 1 ROWS ONLY
info: Microsoft.EntityFrameworkCore.Database.Command[20101]
      Executed DbCommand (33ms) [Parameters=[:nguoiDung_ID_0='?' (DbType = Decimal)], CommandType='Text', CommandTimeout='0']
      SELECT "c"."VAI_TRO_ID"
      FROM "QL_VAI_TRO_NGUOI_DUNG" "c"
      WHERE "c"."NGUOI_DUNG_ID" = :nguoiDung_ID_0
info: Microsoft.EntityFrameworkCore.Database.Command[20101]
      Executed DbCommand (18ms) [Parameters=[:Ma_0='?' (Size = 2000)], CommandType='Text', CommandTimeout='0']
      SELECT "l"."GIA_TRI"
      FROM "QL_NHAN_HIEN_THI" "l"
      WHERE "l"."MA" = :Ma_0
      FETCH FIRST 1 ROWS ONLY
info: Microsoft.EntityFrameworkCore.Database.Command[20101]
      Executed DbCommand (42ms) [Parameters=[:nguoiDung_ID_0='?' (DbType = Decimal)], CommandType='Text', CommandTimeout='0']
      SELECT "c"."VAI_TRO_ID"
      FROM "QL_VAI_TRO_NGUOI_DUNG" "c"
      WHERE "c"."NGUOI_DUNG_ID" = :nguoiDung_ID_0
info: Microsoft.EntityFrameworkCore.Database.Command[20101]
      Executed DbCommand (72ms) [Parameters=[:Ma_0='?' (Size = 2000)], CommandType='Text', CommandTimeout='0']
      SELECT "l"."GIA_TRI"
      FROM "QL_NHAN_HIEN_THI" "l"
      WHERE "l"."MA" = :Ma_0
      FETCH FIRST 1 ROWS ONLY
info: Microsoft.EntityFrameworkCore.Database.Command[20101]
      Executed DbCommand (29ms) [Parameters=[:nguoiDung_ID_0='?' (DbType = Decimal)], CommandType='Text', CommandTimeout='0']
      SELECT "c"."VAI_TRO_ID"
      FROM "QL_VAI_TRO_NGUOI_DUNG" "c"
      WHERE "c"."NGUOI_DUNG_ID" = :nguoiDung_ID_0
info: Microsoft.EntityFrameworkCore.Database.Command[20101]
      Executed DbCommand (62ms) [Parameters=[:Ma_0='?' (Size = 2000)], CommandType='Text', CommandTimeout='0']
      SELECT "l"."GIA_TRI"
      FROM "QL_NHAN_HIEN_THI" "l"
      WHERE "l"."MA" = :Ma_0
      FETCH FIRST 1 ROWS ONLY
info: Microsoft.EntityFrameworkCore.Database.Command[20101]
      Executed DbCommand (23ms) [Parameters=[:nguoiDung_ID_0='?' (DbType = Decimal)], CommandType='Text', CommandTimeout='0']
      SELECT "c"."VAI_TRO_ID"
      FROM "QL_VAI_TRO_NGUOI_DUNG" "c"
      WHERE "c"."NGUOI_DUNG_ID" = :nguoiDung_ID_0
info: Microsoft.EntityFrameworkCore.Database.Command[20101]
      Executed DbCommand (22ms) [Parameters=[:Ma_0='?' (Size = 2000)], CommandType='Text', CommandTimeout='0']
      SELECT "l"."GIA_TRI"
      FROM "QL_NHAN_HIEN_THI" "l"
      WHERE "l"."MA" = :Ma_0
      FETCH FIRST 1 ROWS ONLY
info: Microsoft.EntityFrameworkCore.Database.Command[20101]
      Executed DbCommand (43ms) [Parameters=[:nguoiDung_ID_0='?' (DbType = Decimal)], CommandType='Text', CommandTimeout='0']
      SELECT "c"."VAI_TRO_ID"
      FROM "QL_VAI_TRO_NGUOI_DUNG" "c"
      WHERE "c"."NGUOI_DUNG_ID" = :nguoiDung_ID_0
info: Microsoft.EntityFrameworkCore.Database.Command[20101]
      Executed DbCommand (203ms) [Parameters=[:Ma_0='?' (Size = 2000)], CommandType='Text', CommandTimeout='0']
      SELECT "l"."GIA_TRI"
      FROM "QL_NHAN_HIEN_THI" "l"
      WHERE "l"."MA" = :Ma_0
      FETCH FIRST 1 ROWS ONLY
info: Microsoft.EntityFrameworkCore.Database.Command[20101]
      Executed DbCommand (32ms) [Parameters=[:nguoiDung_ID_0='?' (DbType = Decimal)], CommandType='Text', CommandTimeout='0']
      SELECT "c"."VAI_TRO_ID"
      FROM "QL_VAI_TRO_NGUOI_DUNG" "c"
      WHERE "c"."NGUOI_DUNG_ID" = :nguoiDung_ID_0
info: Microsoft.EntityFrameworkCore.Database.Command[20101]
      Executed DbCommand (39ms) [Parameters=[:Ma_0='?' (Size = 2000)], CommandType='Text', CommandTimeout='0']
      SELECT "l"."GIA_TRI"
      FROM "QL_NHAN_HIEN_THI" "l"
      WHERE "l"."MA" = :Ma_0
      FETCH FIRST 1 ROWS ONLY
info: Microsoft.EntityFrameworkCore.Database.Command[20101]
      Executed DbCommand (21ms) [Parameters=[:nguoiDung_ID_0='?' (DbType = Decimal)], CommandType='Text', CommandTimeout='0']
      SELECT "c"."VAI_TRO_ID"
      FROM "QL_VAI_TRO_NGUOI_DUNG" "c"
      WHERE "c"."NGUOI_DUNG_ID" = :nguoiDung_ID_0
info: Microsoft.EntityFrameworkCore.Database.Command[20101]
      Executed DbCommand (39ms) [Parameters=[:Ma_0='?' (Size = 2000)], CommandType='Text', CommandTimeout='0']
      SELECT "l"."GIA_TRI"
      FROM "QL_NHAN_HIEN_THI" "l"
      WHERE "l"."MA" = :Ma_0
      FETCH FIRST 1 ROWS ONLY
info: Microsoft.EntityFrameworkCore.Database.Command[20101]
      Executed DbCommand (42ms) [Parameters=[:nguoiDung_ID_0='?' (DbType = Decimal)], CommandType='Text', CommandTimeout='0']
      SELECT "c"."VAI_TRO_ID"
      FROM "QL_VAI_TRO_NGUOI_DUNG" "c"
      WHERE "c"."NGUOI_DUNG_ID" = :nguoiDung_ID_0
info: Microsoft.EntityFrameworkCore.Database.Command[20101]
      Executed DbCommand (25ms) [Parameters=[:Ma_0='?' (Size = 2000)], CommandType='Text', CommandTimeout='0']
      SELECT "l"."GIA_TRI"
      FROM "QL_NHAN_HIEN_THI" "l"
      WHERE "l"."MA" = :Ma_0
      FETCH FIRST 1 ROWS ONLY
info: Microsoft.EntityFrameworkCore.Database.Command[20101]
      Executed DbCommand (39ms) [Parameters=[:nguoiDung_ID_0='?' (DbType = Decimal)], CommandType='Text', CommandTimeout='0']
      SELECT "c"."VAI_TRO_ID"
      FROM "QL_VAI_TRO_NGUOI_DUNG" "c"
      WHERE "c"."NGUOI_DUNG_ID" = :nguoiDung_ID_0
info: Microsoft.EntityFrameworkCore.Database.Command[20101]
      Executed DbCommand (81ms) [Parameters=[:donViId_0='?' (DbType = Decimal)], CommandType='Text', CommandTimeout='0']
      SELECT COUNT(*)
      FROM "DM_DON_VI" "p"
      WHERE ((("p"."PARENT_ID" = :donViId_0) AND ("p"."LA_BAN_QL_DU_AN" = 1)) OR (("p"."ID" = :donViId_0) AND ("p"."LOAI_DON_VI_ID" = 15.0))) OR (("p"."ID" = :donViId_0) AND ("p"."LA_BAN_QL_DU_AN" = 1))
info: Microsoft.EntityFrameworkCore.Database.Command[20101]
      Executed DbCommand (35ms) [Parameters=[:Ma_0='?' (Size = 2000)], CommandType='Text', CommandTimeout='0']
      SELECT "l"."GIA_TRI"
      FROM "QL_NHAN_HIEN_THI" "l"
      WHERE "l"."MA" = :Ma_0
      FETCH FIRST 1 ROWS ONLY
info: Microsoft.EntityFrameworkCore.Database.Command[20101]
      Executed DbCommand (293ms) [Parameters=[:nguoiDung_ID_0='?' (DbType = Decimal)], CommandType='Text', CommandTimeout='0']
      SELECT "c"."VAI_TRO_ID"
      FROM "QL_VAI_TRO_NGUOI_DUNG" "c"
      WHERE "c"."NGUOI_DUNG_ID" = :nguoiDung_ID_0
info: Microsoft.EntityFrameworkCore.Database.Command[20101]
      Executed DbCommand (243ms) [Parameters=[:donViId_0='?' (DbType = Decimal)], CommandType='Text', CommandTimeout='0']
      SELECT COUNT(*)
      FROM "DM_DON_VI" "p"
      WHERE ((("p"."PARENT_ID" = :donViId_0) AND ("p"."LA_BAN_QL_DU_AN" = 1)) OR (("p"."ID" = :donViId_0) AND ("p"."LOAI_DON_VI_ID" = 15.0))) OR (("p"."ID" = :donViId_0) AND ("p"."LA_BAN_QL_DU_AN" = 1))
info: Microsoft.EntityFrameworkCore.Database.Command[20101]
      Executed DbCommand (28ms) [Parameters=[:Ma_0='?' (Size = 2000)], CommandType='Text', CommandTimeout='0']
      SELECT "l"."GIA_TRI"
      FROM "QL_NHAN_HIEN_THI" "l"
      WHERE "l"."MA" = :Ma_0
      FETCH FIRST 1 ROWS ONLY
info: Microsoft.EntityFrameworkCore.Database.Command[20101]
      Executed DbCommand (295ms) [Parameters=[:nguoiDung_ID_0='?' (DbType = Decimal)], CommandType='Text', CommandTimeout='0']
      SELECT "c"."VAI_TRO_ID"
      FROM "QL_VAI_TRO_NGUOI_DUNG" "c"
      WHERE "c"."NGUOI_DUNG_ID" = :nguoiDung_ID_0
info: Microsoft.EntityFrameworkCore.Database.Command[20101]
      Executed DbCommand (110ms) [Parameters=[:donViId_0='?' (DbType = Decimal)], CommandType='Text', CommandTimeout='0']
      SELECT COUNT(*)
      FROM "DM_DON_VI" "p"
      WHERE ((("p"."PARENT_ID" = :donViId_0) AND ("p"."LA_BAN_QL_DU_AN" = 1)) OR (("p"."ID" = :donViId_0) AND ("p"."LOAI_DON_VI_ID" = 15.0))) OR (("p"."ID" = :donViId_0) AND ("p"."LA_BAN_QL_DU_AN" = 1))
info: Microsoft.EntityFrameworkCore.Database.Command[20101]
      Executed DbCommand (32ms) [Parameters=[:nguoiDung_ID_0='?' (DbType = Decimal)], CommandType='Text', CommandTimeout='0']
      SELECT "c"."VAI_TRO_ID"
      FROM "QL_VAI_TRO_NGUOI_DUNG" "c"
      WHERE "c"."NGUOI_DUNG_ID" = :nguoiDung_ID_0
info: Microsoft.EntityFrameworkCore.Database.Command[20101]
      Executed DbCommand (83ms) [Parameters=[:donViId_0='?' (DbType = Decimal)], CommandType='Text', CommandTimeout='0']
      SELECT COUNT(*)
      FROM "DM_DON_VI" "p"
      WHERE ((("p"."PARENT_ID" = :donViId_0) AND ("p"."LA_BAN_QL_DU_AN" = 1)) OR (("p"."ID" = :donViId_0) AND ("p"."LOAI_DON_VI_ID" = 15.0))) OR (("p"."ID" = :donViId_0) AND ("p"."LA_BAN_QL_DU_AN" = 1))
info: Microsoft.EntityFrameworkCore.Database.Command[20101]
      Executed DbCommand (64ms) [Parameters=[:nguoiDung_ID_0='?' (DbType = Decimal)], CommandType='Text', CommandTimeout='0']
      SELECT "c"."VAI_TRO_ID"
      FROM "QL_VAI_TRO_NGUOI_DUNG" "c"
      WHERE "c"."NGUOI_DUNG_ID" = :nguoiDung_ID_0
info: Microsoft.EntityFrameworkCore.Database.Command[20101]
      Executed DbCommand (112ms) [Parameters=[:donViId_0='?' (DbType = Decimal)], CommandType='Text', CommandTimeout='0']
      SELECT COUNT(*)
      FROM "DM_DON_VI" "p"
      WHERE ((("p"."PARENT_ID" = :donViId_0) AND ("p"."LA_BAN_QL_DU_AN" = 1)) OR (("p"."ID" = :donViId_0) AND ("p"."LOAI_DON_VI_ID" = 15.0))) OR (("p"."ID" = :donViId_0) AND ("p"."LA_BAN_QL_DU_AN" = 1))
info: Microsoft.EntityFrameworkCore.Database.Command[20101]
      Executed DbCommand (38ms) [Parameters=[:nguoiDung_ID_0='?' (DbType = Decimal)], CommandType='Text', CommandTimeout='0']
      SELECT "c"."VAI_TRO_ID"
      FROM "QL_VAI_TRO_NGUOI_DUNG" "c"
      WHERE "c"."NGUOI_DUNG_ID" = :nguoiDung_ID_0
info: Microsoft.EntityFrameworkCore.Database.Command[20101]
      Executed DbCommand (93ms) [Parameters=[:donViId_0='?' (DbType = Decimal)], CommandType='Text', CommandTimeout='0']
      SELECT COUNT(*)
      FROM "DM_DON_VI" "p"
      WHERE ((("p"."PARENT_ID" = :donViId_0) AND ("p"."LA_BAN_QL_DU_AN" = 1)) OR (("p"."ID" = :donViId_0) AND ("p"."LOAI_DON_VI_ID" = 15.0))) OR (("p"."ID" = :donViId_0) AND ("p"."LA_BAN_QL_DU_AN" = 1))
info: Microsoft.EntityFrameworkCore.Database.Command[20101]
      Executed DbCommand (35ms) [Parameters=[:nguoiDung_ID_0='?' (DbType = Decimal)], CommandType='Text', CommandTimeout='0']
      SELECT "c"."VAI_TRO_ID"
      FROM "QL_VAI_TRO_NGUOI_DUNG" "c"
      WHERE "c"."NGUOI_DUNG_ID" = :nguoiDung_ID_0
info: Microsoft.EntityFrameworkCore.Database.Command[20101]
      Executed DbCommand (106ms) [Parameters=[:donViId_0='?' (DbType = Decimal)], CommandType='Text', CommandTimeout='0']
      SELECT COUNT(*)
      FROM "DM_DON_VI" "p"
      WHERE ((("p"."PARENT_ID" = :donViId_0) AND ("p"."LA_BAN_QL_DU_AN" = 1)) OR (("p"."ID" = :donViId_0) AND ("p"."LOAI_DON_VI_ID" = 15.0))) OR (("p"."ID" = :donViId_0) AND ("p"."LA_BAN_QL_DU_AN" = 1))
info: Microsoft.EntityFrameworkCore.Database.Command[20101]
      Executed DbCommand (33ms) [Parameters=[:Ma_0='?' (Size = 2000)], CommandType='Text', CommandTimeout='0']
      SELECT "l"."GIA_TRI"
      FROM "QL_NHAN_HIEN_THI" "l"
      WHERE "l"."MA" = :Ma_0
      FETCH FIRST 1 ROWS ONLY
info: Microsoft.EntityFrameworkCore.Database.Command[20101]
      Executed DbCommand (103ms) [Parameters=[:nguoiDung_ID_0='?' (DbType = Decimal)], CommandType='Text', CommandTimeout='0']
      SELECT "c"."VAI_TRO_ID"
      FROM "QL_VAI_TRO_NGUOI_DUNG" "c"
      WHERE "c"."NGUOI_DUNG_ID" = :nguoiDung_ID_0
info: Microsoft.EntityFrameworkCore.Database.Command[20101]
      Executed DbCommand (36ms) [Parameters=[:Ma_0='?' (Size = 2000)], CommandType='Text', CommandTimeout='0']
      SELECT "l"."GIA_TRI"
      FROM "QL_NHAN_HIEN_THI" "l"
      WHERE "l"."MA" = :Ma_0
      FETCH FIRST 1 ROWS ONLY
info: Microsoft.EntityFrameworkCore.Database.Command[20101]
      Executed DbCommand (22ms) [Parameters=[:nguoiDung_ID_0='?' (DbType = Decimal)], CommandType='Text', CommandTimeout='0']
      SELECT "c"."VAI_TRO_ID"
      FROM "QL_VAI_TRO_NGUOI_DUNG" "c"
      WHERE "c"."NGUOI_DUNG_ID" = :nguoiDung_ID_0
info: Microsoft.EntityFrameworkCore.Database.Command[20101]
      Executed DbCommand (39ms) [Parameters=[:Ma_0='?' (Size = 2000)], CommandType='Text', CommandTimeout='0']
      SELECT "l"."GIA_TRI"
      FROM "QL_NHAN_HIEN_THI" "l"
      WHERE "l"."MA" = :Ma_0
      FETCH FIRST 1 ROWS ONLY
info: Microsoft.EntityFrameworkCore.Database.Command[20101]
      Executed DbCommand (34ms) [Parameters=[:nguoiDung_ID_0='?' (DbType = Decimal)], CommandType='Text', CommandTimeout='0']
      SELECT "c"."VAI_TRO_ID"
      FROM "QL_VAI_TRO_NGUOI_DUNG" "c"
      WHERE "c"."NGUOI_DUNG_ID" = :nguoiDung_ID_0
info: Microsoft.EntityFrameworkCore.Database.Command[20101]
      Executed DbCommand (37ms) [Parameters=[:Ma_0='?' (Size = 2000)], CommandType='Text', CommandTimeout='0']
      SELECT "l"."GIA_TRI"
      FROM "QL_NHAN_HIEN_THI" "l"
      WHERE "l"."MA" = :Ma_0
      FETCH FIRST 1 ROWS ONLY
info: Microsoft.EntityFrameworkCore.Database.Command[20101]
      Executed DbCommand (39ms) [Parameters=[:nguoiDung_ID_0='?' (DbType = Decimal)], CommandType='Text', CommandTimeout='0']
      SELECT "c"."VAI_TRO_ID"
      FROM "QL_VAI_TRO_NGUOI_DUNG" "c"
      WHERE "c"."NGUOI_DUNG_ID" = :nguoiDung_ID_0
info: Microsoft.EntityFrameworkCore.Database.Command[20101]
      Executed DbCommand (32ms) [Parameters=[:Ma_0='?' (Size = 2000)], CommandType='Text', CommandTimeout='0']
      SELECT "l"."GIA_TRI"
      FROM "QL_NHAN_HIEN_THI" "l"
      WHERE "l"."MA" = :Ma_0
      FETCH FIRST 1 ROWS ONLY
info: Microsoft.EntityFrameworkCore.Database.Command[20101]
      Executed DbCommand (37ms) [Parameters=[:nguoiDung_ID_0='?' (DbType = Decimal)], CommandType='Text', CommandTimeout='0']
      SELECT "c"."VAI_TRO_ID"
      FROM "QL_VAI_TRO_NGUOI_DUNG" "c"
      WHERE "c"."NGUOI_DUNG_ID" = :nguoiDung_ID_0
info: Microsoft.EntityFrameworkCore.Database.Command[20101]
      Executed DbCommand (20ms) [Parameters=[:Ma_0='?' (Size = 2000)], CommandType='Text', CommandTimeout='0']
      SELECT "l"."GIA_TRI"
      FROM "QL_NHAN_HIEN_THI" "l"
      WHERE "l"."MA" = :Ma_0
      FETCH FIRST 1 ROWS ONLY
info: Microsoft.EntityFrameworkCore.Database.Command[20101]
      Executed DbCommand (27ms) [Parameters=[:nguoiDung_ID_0='?' (DbType = Decimal)], CommandType='Text', CommandTimeout='0']
      SELECT "c"."VAI_TRO_ID"
      FROM "QL_VAI_TRO_NGUOI_DUNG" "c"
      WHERE "c"."NGUOI_DUNG_ID" = :nguoiDung_ID_0
info: Microsoft.EntityFrameworkCore.Database.Command[20101]
      Executed DbCommand (35ms) [Parameters=[:Ma_0='?' (Size = 2000)], CommandType='Text', CommandTimeout='0']
      SELECT "l"."GIA_TRI"
      FROM "QL_NHAN_HIEN_THI" "l"
      WHERE "l"."MA" = :Ma_0
      FETCH FIRST 1 ROWS ONLY
info: Microsoft.EntityFrameworkCore.Database.Command[20101]
      Executed DbCommand (29ms) [Parameters=[:nguoiDung_ID_0='?' (DbType = Decimal)], CommandType='Text', CommandTimeout='0']
      SELECT "c"."VAI_TRO_ID"
      FROM "QL_VAI_TRO_NGUOI_DUNG" "c"
      WHERE "c"."NGUOI_DUNG_ID" = :nguoiDung_ID_0
info: Microsoft.EntityFrameworkCore.Database.Command[20101]
      Executed DbCommand (34ms) [Parameters=[:Ma_0='?' (Size = 2000)], CommandType='Text', CommandTimeout='0']
      SELECT "l"."GIA_TRI"
      FROM "QL_NHAN_HIEN_THI" "l"
      WHERE "l"."MA" = :Ma_0
      FETCH FIRST 1 ROWS ONLY
info: Microsoft.EntityFrameworkCore.Database.Command[20101]
      Executed DbCommand (20ms) [Parameters=[:nguoiDung_ID_0='?' (DbType = Decimal)], CommandType='Text', CommandTimeout='0']
      SELECT "c"."VAI_TRO_ID"
      FROM "QL_VAI_TRO_NGUOI_DUNG" "c"
      WHERE "c"."NGUOI_DUNG_ID" = :nguoiDung_ID_0
info: Microsoft.EntityFrameworkCore.Database.Command[20101]
      Executed DbCommand (142ms) [Parameters=[:Ma_0='?' (Size = 2000)], CommandType='Text', CommandTimeout='0']
      SELECT "l"."GIA_TRI"
      FROM "QL_NHAN_HIEN_THI" "l"
      WHERE "l"."MA" = :Ma_0
      FETCH FIRST 1 ROWS ONLY
info: Microsoft.EntityFrameworkCore.Database.Command[20101]
      Executed DbCommand (63ms) [Parameters=[:nguoiDung_ID_0='?' (DbType = Decimal)], CommandType='Text', CommandTimeout='0']
      SELECT "c"."VAI_TRO_ID"
      FROM "QL_VAI_TRO_NGUOI_DUNG" "c"
      WHERE "c"."NGUOI_DUNG_ID" = :nguoiDung_ID_0
info: Microsoft.EntityFrameworkCore.Database.Command[20101]
      Executed DbCommand (104ms) [Parameters=[:Ma_0='?' (Size = 2000)], CommandType='Text', CommandTimeout='0']
      SELECT "l"."GIA_TRI"
      FROM "QL_NHAN_HIEN_THI" "l"
      WHERE "l"."MA" = :Ma_0
      FETCH FIRST 1 ROWS ONLY
info: Microsoft.EntityFrameworkCore.Database.Command[20101]
      Executed DbCommand (21ms) [Parameters=[:nguoiDung_ID_0='?' (DbType = Decimal)], CommandType='Text', CommandTimeout='0']
      SELECT "c"."VAI_TRO_ID"
      FROM "QL_VAI_TRO_NGUOI_DUNG" "c"
      WHERE "c"."NGUOI_DUNG_ID" = :nguoiDung_ID_0
info: Microsoft.EntityFrameworkCore.Database.Command[20101]
      Executed DbCommand (34ms) [Parameters=[:Ma_0='?' (Size = 2000)], CommandType='Text', CommandTimeout='0']
      SELECT "l"."GIA_TRI"
      FROM "QL_NHAN_HIEN_THI" "l"
      WHERE "l"."MA" = :Ma_0
      FETCH FIRST 1 ROWS ONLY
info: Microsoft.EntityFrameworkCore.Database.Command[20101]
      Executed DbCommand (32ms) [Parameters=[:nguoiDung_ID_0='?' (DbType = Decimal)], CommandType='Text', CommandTimeout='0']
      SELECT "c"."VAI_TRO_ID"
      FROM "QL_VAI_TRO_NGUOI_DUNG" "c"
      WHERE "c"."NGUOI_DUNG_ID" = :nguoiDung_ID_0
info: Microsoft.EntityFrameworkCore.Database.Command[20101]
      Executed DbCommand (23ms) [Parameters=[:Ma_0='?' (Size = 2000)], CommandType='Text', CommandTimeout='0']
      SELECT "l"."GIA_TRI"
      FROM "QL_NHAN_HIEN_THI" "l"
      WHERE "l"."MA" = :Ma_0
      FETCH FIRST 1 ROWS ONLY
info: Microsoft.EntityFrameworkCore.Database.Command[20101]
      Executed DbCommand (33ms) [Parameters=[:nguoiDung_ID_0='?' (DbType = Decimal)], CommandType='Text', CommandTimeout='0']
      SELECT "c"."VAI_TRO_ID"
      FROM "QL_VAI_TRO_NGUOI_DUNG" "c"
      WHERE "c"."NGUOI_DUNG_ID" = :nguoiDung_ID_0
info: Microsoft.EntityFrameworkCore.Database.Command[20101]
      Executed DbCommand (30ms) [Parameters=[:Ma_0='?' (Size = 2000)], CommandType='Text', CommandTimeout='0']
      SELECT "l"."GIA_TRI"
      FROM "QL_NHAN_HIEN_THI" "l"
      WHERE "l"."MA" = :Ma_0
      FETCH FIRST 1 ROWS ONLY
info: Microsoft.EntityFrameworkCore.Database.Command[20101]
      Executed DbCommand (288ms) [Parameters=[:nguoiDung_ID_0='?' (DbType = Decimal)], CommandType='Text', CommandTimeout='0']
      SELECT "c"."VAI_TRO_ID"
      FROM "QL_VAI_TRO_NGUOI_DUNG" "c"
      WHERE "c"."NGUOI_DUNG_ID" = :nguoiDung_ID_0
info: Microsoft.EntityFrameworkCore.Database.Command[20101]
      Executed DbCommand (26ms) [Parameters=[:Ma_0='?' (Size = 2000)], CommandType='Text', CommandTimeout='0']
      SELECT "l"."GIA_TRI"
      FROM "QL_NHAN_HIEN_THI" "l"
      WHERE "l"."MA" = :Ma_0
      FETCH FIRST 1 ROWS ONLY
info: Microsoft.EntityFrameworkCore.Database.Command[20101]
      Executed DbCommand (44ms) [Parameters=[:nguoiDung_ID_0='?' (DbType = Decimal)], CommandType='Text', CommandTimeout='0']
      SELECT "c"."VAI_TRO_ID"
      FROM "QL_VAI_TRO_NGUOI_DUNG" "c"
      WHERE "c"."NGUOI_DUNG_ID" = :nguoiDung_ID_0
info: Microsoft.EntityFrameworkCore.Database.Command[20101]
      Executed DbCommand (301ms) [Parameters=[:Ma_0='?' (Size = 2000)], CommandType='Text', CommandTimeout='0']
      SELECT "l"."GIA_TRI"
      FROM "QL_NHAN_HIEN_THI" "l"
      WHERE "l"."MA" = :Ma_0
      FETCH FIRST 1 ROWS ONLY
info: Microsoft.EntityFrameworkCore.Database.Command[20101]
      Executed DbCommand (38ms) [Parameters=[:nguoiDung_ID_0='?' (DbType = Decimal)], CommandType='Text', CommandTimeout='0']
      SELECT "c"."VAI_TRO_ID"
      FROM "QL_VAI_TRO_NGUOI_DUNG" "c"
      WHERE "c"."NGUOI_DUNG_ID" = :nguoiDung_ID_0
info: Microsoft.EntityFrameworkCore.Database.Command[20101]
      Executed DbCommand (20ms) [Parameters=[:Ma_0='?' (Size = 2000)], CommandType='Text', CommandTimeout='0']
      SELECT "l"."GIA_TRI"
      FROM "QL_NHAN_HIEN_THI" "l"
      WHERE "l"."MA" = :Ma_0
      FETCH FIRST 1 ROWS ONLY
info: Microsoft.EntityFrameworkCore.Database.Command[20101]
      Executed DbCommand (42ms) [Parameters=[:nguoiDung_ID_0='?' (DbType = Decimal)], CommandType='Text', CommandTimeout='0']
      SELECT "c"."VAI_TRO_ID"
      FROM "QL_VAI_TRO_NGUOI_DUNG" "c"
      WHERE "c"."NGUOI_DUNG_ID" = :nguoiDung_ID_0
info: Microsoft.EntityFrameworkCore.Database.Command[20101]
      Executed DbCommand (15ms) [Parameters=[:Ma_0='?' (Size = 2000)], CommandType='Text', CommandTimeout='0']
      SELECT "l"."GIA_TRI"
      FROM "QL_NHAN_HIEN_THI" "l"
      WHERE "l"."MA" = :Ma_0
      FETCH FIRST 1 ROWS ONLY
info: Microsoft.EntityFrameworkCore.Database.Command[20101]
      Executed DbCommand (23ms) [Parameters=[:nguoiDung_ID_0='?' (DbType = Decimal)], CommandType='Text', CommandTimeout='0']
      SELECT "c"."VAI_TRO_ID"
      FROM "QL_VAI_TRO_NGUOI_DUNG" "c"
      WHERE "c"."NGUOI_DUNG_ID" = :nguoiDung_ID_0
info: Microsoft.EntityFrameworkCore.Database.Command[20101]
      Executed DbCommand (32ms) [Parameters=[:Ma_0='?' (Size = 2000)], CommandType='Text', CommandTimeout='0']
      SELECT "l"."GIA_TRI"
      FROM "QL_NHAN_HIEN_THI" "l"
      WHERE "l"."MA" = :Ma_0
      FETCH FIRST 1 ROWS ONLY
info: Microsoft.EntityFrameworkCore.Database.Command[20101]
      Executed DbCommand (58ms) [Parameters=[:nguoiDung_ID_0='?' (DbType = Decimal)], CommandType='Text', CommandTimeout='0']
      SELECT "c"."VAI_TRO_ID"
      FROM "QL_VAI_TRO_NGUOI_DUNG" "c"
      WHERE "c"."NGUOI_DUNG_ID" = :nguoiDung_ID_0
info: Microsoft.EntityFrameworkCore.Database.Command[20101]
      Executed DbCommand (23ms) [Parameters=[:Ma_0='?' (Size = 2000)], CommandType='Text', CommandTimeout='0']
      SELECT "l"."GIA_TRI"
      FROM "QL_NHAN_HIEN_THI" "l"
      WHERE "l"."MA" = :Ma_0
      FETCH FIRST 1 ROWS ONLY
info: Microsoft.EntityFrameworkCore.Database.Command[20101]
      Executed DbCommand (43ms) [Parameters=[:Ma_0='?' (Size = 2000)], CommandType='Text', CommandTimeout='0']
      SELECT "l"."GIA_TRI"
      FROM "QL_NHAN_HIEN_THI" "l"
      WHERE "l"."MA" = :Ma_0
      FETCH FIRST 1 ROWS ONLY
info: Microsoft.EntityFrameworkCore.Database.Command[20101]
      Executed DbCommand (49ms) [Parameters=[:Ma_0='?' (Size = 2000)], CommandType='Text', CommandTimeout='0']
      SELECT "l"."GIA_TRI"
      FROM "QL_NHAN_HIEN_THI" "l"
      WHERE "l"."MA" = :Ma_0
      FETCH FIRST 1 ROWS ONLY
info: Microsoft.EntityFrameworkCore.Database.Command[20101]
      Executed DbCommand (23ms) [Parameters=[:Ma_0='?' (Size = 2000)], CommandType='Text', CommandTimeout='0']
      SELECT "l"."GIA_TRI"
      FROM "QL_NHAN_HIEN_THI" "l"
      WHERE "l"."MA" = :Ma_0
      FETCH FIRST 1 ROWS ONLY
info: Microsoft.EntityFrameworkCore.Database.Command[20101]
      Executed DbCommand (64ms) [Parameters=[:Ma_0='?' (Size = 2000)], CommandType='Text', CommandTimeout='0']
      SELECT "l"."GIA_TRI"
      FROM "QL_NHAN_HIEN_THI" "l"
      WHERE "l"."MA" = :Ma_0
      FETCH FIRST 1 ROWS ONLY
info: Microsoft.EntityFrameworkCore.Database.Command[20101]
      Executed DbCommand (59ms) [Parameters=[:nguoiDung_ID_0='?' (DbType = Decimal)], CommandType='Text', CommandTimeout='0']
      SELECT "c"."VAI_TRO_ID"
      FROM "QL_VAI_TRO_NGUOI_DUNG" "c"
      WHERE "c"."NGUOI_DUNG_ID" = :nguoiDung_ID_0
info: Microsoft.EntityFrameworkCore.Database.Command[20101]
      Executed DbCommand (23ms) [Parameters=[:Ma_0='?' (Size = 2000)], CommandType='Text', CommandTimeout='0']
      SELECT "l"."GIA_TRI"
      FROM "QL_NHAN_HIEN_THI" "l"
      WHERE "l"."MA" = :Ma_0
      FETCH FIRST 1 ROWS ONLY
info: Microsoft.EntityFrameworkCore.Database.Command[20101]
      Executed DbCommand (27ms) [Parameters=[:Ma_0='?' (Size = 2000)], CommandType='Text', CommandTimeout='0']
      SELECT "l"."GIA_TRI"
      FROM "QL_NHAN_HIEN_THI" "l"
      WHERE "l"."MA" = :Ma_0
      FETCH FIRST 1 ROWS ONLY
info: Microsoft.EntityFrameworkCore.Database.Command[20101]
      Executed DbCommand (27ms) [Parameters=[:Ma_0='?' (Size = 2000)], CommandType='Text', CommandTimeout='0']
      SELECT "l"."GIA_TRI"
      FROM "QL_NHAN_HIEN_THI" "l"
      WHERE "l"."MA" = :Ma_0
      FETCH FIRST 1 ROWS ONLY
info: Microsoft.EntityFrameworkCore.Database.Command[20101]
      Executed DbCommand (44ms) [Parameters=[:nguoiDung_ID_0='?' (DbType = Decimal)], CommandType='Text', CommandTimeout='0']
      SELECT "c"."VAI_TRO_ID"
      FROM "QL_VAI_TRO_NGUOI_DUNG" "c"
      WHERE "c"."NGUOI_DUNG_ID" = :nguoiDung_ID_0
info: Microsoft.EntityFrameworkCore.Database.Command[20101]
      Executed DbCommand (67ms) [Parameters=[:Ma_0='?' (Size = 2000)], CommandType='Text', CommandTimeout='0']
      SELECT "l"."GIA_TRI"
      FROM "QL_NHAN_HIEN_THI" "l"
      WHERE "l"."MA" = :Ma_0
      FETCH FIRST 1 ROWS ONLY
info: Microsoft.EntityFrameworkCore.Database.Command[20101]
      Executed DbCommand (42ms) [Parameters=[:Ma_0='?' (Size = 2000)], CommandType='Text', CommandTimeout='0']
      SELECT "l"."GIA_TRI"
      FROM "QL_NHAN_HIEN_THI" "l"
      WHERE "l"."MA" = :Ma_0
      FETCH FIRST 1 ROWS ONLY
info: Microsoft.EntityFrameworkCore.Database.Command[20101]
      Executed DbCommand (24ms) [Parameters=[:Ma_0='?' (Size = 2000)], CommandType='Text', CommandTimeout='0']
      SELECT "l"."GIA_TRI"
      FROM "QL_NHAN_HIEN_THI" "l"
      WHERE "l"."MA" = :Ma_0
      FETCH FIRST 1 ROWS ONLY
info: Microsoft.EntityFrameworkCore.Database.Command[20101]
      Executed DbCommand (17ms) [Parameters=[:nguoiDung_ID_0='?' (DbType = Decimal)], CommandType='Text', CommandTimeout='0']
      SELECT "c"."VAI_TRO_ID"
      FROM "QL_VAI_TRO_NGUOI_DUNG" "c"
      WHERE "c"."NGUOI_DUNG_ID" = :nguoiDung_ID_0
info: Microsoft.EntityFrameworkCore.Database.Command[20101]
      Executed DbCommand (31ms) [Parameters=[:Ma_0='?' (Size = 2000)], CommandType='Text', CommandTimeout='0']
      SELECT "l"."GIA_TRI"
      FROM "QL_NHAN_HIEN_THI" "l"
      WHERE "l"."MA" = :Ma_0
      FETCH FIRST 1 ROWS ONLY
info: Microsoft.EntityFrameworkCore.Database.Command[20101]
      Executed DbCommand (22ms) [Parameters=[:Ma_0='?' (Size = 2000)], CommandType='Text', CommandTimeout='0']
      SELECT "l"."GIA_TRI"
      FROM "QL_NHAN_HIEN_THI" "l"
      WHERE "l"."MA" = :Ma_0
      FETCH FIRST 1 ROWS ONLY
info: Microsoft.EntityFrameworkCore.Database.Command[20101]
      Executed DbCommand (23ms) [Parameters=[:nguoiDung_ID_0='?' (DbType = Decimal)], CommandType='Text', CommandTimeout='0']
      SELECT "c"."VAI_TRO_ID"
      FROM "QL_VAI_TRO_NGUOI_DUNG" "c"
      WHERE "c"."NGUOI_DUNG_ID" = :nguoiDung_ID_0
info: Microsoft.EntityFrameworkCore.Database.Command[20101]
      Executed DbCommand (24ms) [Parameters=[:Ma_0='?' (Size = 2000)], CommandType='Text', CommandTimeout='0']
      SELECT "l"."GIA_TRI"
      FROM "QL_NHAN_HIEN_THI" "l"
      WHERE "l"."MA" = :Ma_0
      FETCH FIRST 1 ROWS ONLY
info: Microsoft.EntityFrameworkCore.Database.Command[20101]
      Executed DbCommand (36ms) [Parameters=[:nguoiDung_ID_0='?' (DbType = Decimal)], CommandType='Text', CommandTimeout='0']
      SELECT "c"."VAI_TRO_ID"
      FROM "QL_VAI_TRO_NGUOI_DUNG" "c"
      WHERE "c"."NGUOI_DUNG_ID" = :nguoiDung_ID_0
info: Microsoft.EntityFrameworkCore.Database.Command[20101]
      Executed DbCommand (43ms) [Parameters=[:Ma_0='?' (Size = 2000)], CommandType='Text', CommandTimeout='0']
      SELECT "l"."GIA_TRI"
      FROM "QL_NHAN_HIEN_THI" "l"
      WHERE "l"."MA" = :Ma_0
      FETCH FIRST 1 ROWS ONLY
info: Microsoft.EntityFrameworkCore.Database.Command[20101]
      Executed DbCommand (33ms) [Parameters=[:nguoiDung_ID_0='?' (DbType = Decimal)], CommandType='Text', CommandTimeout='0']
      SELECT "c"."VAI_TRO_ID"
      FROM "QL_VAI_TRO_NGUOI_DUNG" "c"
      WHERE "c"."NGUOI_DUNG_ID" = :nguoiDung_ID_0
info: Microsoft.EntityFrameworkCore.Database.Command[20101]
      Executed DbCommand (26ms) [Parameters=[:Ma_0='?' (Size = 2000)], CommandType='Text', CommandTimeout='0']
      SELECT "l"."GIA_TRI"
      FROM "QL_NHAN_HIEN_THI" "l"
      WHERE "l"."MA" = :Ma_0
      FETCH FIRST 1 ROWS ONLY
info: Microsoft.EntityFrameworkCore.Database.Command[20101]
      Executed DbCommand (25ms) [Parameters=[:nguoiDung_ID_0='?' (DbType = Decimal)], CommandType='Text', CommandTimeout='0']
      SELECT "c"."VAI_TRO_ID"
      FROM "QL_VAI_TRO_NGUOI_DUNG" "c"
      WHERE "c"."NGUOI_DUNG_ID" = :nguoiDung_ID_0
info: Microsoft.EntityFrameworkCore.Database.Command[20101]
      Executed DbCommand (37ms) [Parameters=[:Ma_0='?' (Size = 2000)], CommandType='Text', CommandTimeout='0']
      SELECT "l"."GIA_TRI"
      FROM "QL_NHAN_HIEN_THI" "l"
      WHERE "l"."MA" = :Ma_0
      FETCH FIRST 1 ROWS ONLY
info: Microsoft.EntityFrameworkCore.Database.Command[20101]
      Executed DbCommand (408ms) [Parameters=[:nguoiDung_ID_0='?' (DbType = Decimal)], CommandType='Text', CommandTimeout='0']
      SELECT "c"."VAI_TRO_ID"
      FROM "QL_VAI_TRO_NGUOI_DUNG" "c"
      WHERE "c"."NGUOI_DUNG_ID" = :nguoiDung_ID_0
info: Microsoft.EntityFrameworkCore.Database.Command[20101]
      Executed DbCommand (28ms) [Parameters=[:Ma_0='?' (Size = 2000)], CommandType='Text', CommandTimeout='0']
      SELECT "l"."GIA_TRI"
      FROM "QL_NHAN_HIEN_THI" "l"
      WHERE "l"."MA" = :Ma_0
      FETCH FIRST 1 ROWS ONLY
info: Microsoft.EntityFrameworkCore.Database.Command[20101]
      Executed DbCommand (33ms) [Parameters=[:nguoiDung_ID_0='?' (DbType = Decimal)], CommandType='Text', CommandTimeout='0']
      SELECT "c"."VAI_TRO_ID"
      FROM "QL_VAI_TRO_NGUOI_DUNG" "c"
      WHERE "c"."NGUOI_DUNG_ID" = :nguoiDung_ID_0
info: Microsoft.EntityFrameworkCore.Database.Command[20101]
      Executed DbCommand (66ms) [Parameters=[:Ma_0='?' (Size = 2000)], CommandType='Text', CommandTimeout='0']
      SELECT "l"."GIA_TRI"
      FROM "QL_NHAN_HIEN_THI" "l"
      WHERE "l"."MA" = :Ma_0
      FETCH FIRST 1 ROWS ONLY
info: Microsoft.EntityFrameworkCore.Database.Command[20101]
      Executed DbCommand (43ms) [Parameters=[:Ma_0='?' (Size = 2000)], CommandType='Text', CommandTimeout='0']
      SELECT "l"."GIA_TRI"
      FROM "QL_NHAN_HIEN_THI" "l"
      WHERE "l"."MA" = :Ma_0
      FETCH FIRST 1 ROWS ONLY
info: Microsoft.EntityFrameworkCore.Database.Command[20101]
      Executed DbCommand (32ms) [Parameters=[:Ma_0='?' (Size = 2000)], CommandType='Text', CommandTimeout='0']
      SELECT "l"."GIA_TRI"
      FROM "QL_NHAN_HIEN_THI" "l"
      WHERE "l"."MA" = :Ma_0
      FETCH FIRST 1 ROWS ONLY
info: Microsoft.EntityFrameworkCore.Database.Command[20101]
      Executed DbCommand (37ms) [Parameters=[:Ma_0='?' (Size = 2000)], CommandType='Text', CommandTimeout='0']
      SELECT "l"."GIA_TRI"
      FROM "QL_NHAN_HIEN_THI" "l"
      WHERE "l"."MA" = :Ma_0
      FETCH FIRST 1 ROWS ONLY
info: Microsoft.EntityFrameworkCore.Database.Command[20101]
      Executed DbCommand (592ms) [Parameters=[:nguoiDung_ID_0='?' (DbType = Decimal)], CommandType='Text', CommandTimeout='0']
      SELECT "c"."VAI_TRO_ID"
      FROM "QL_VAI_TRO_NGUOI_DUNG" "c"
      WHERE "c"."NGUOI_DUNG_ID" = :nguoiDung_ID_0
info: Microsoft.EntityFrameworkCore.Database.Command[20101]
      Executed DbCommand (1,306ms) [Parameters=[:Ma_0='?' (Size = 2000)], CommandType='Text', CommandTimeout='0']
      SELECT "l"."GIA_TRI"
      FROM "QL_NHAN_HIEN_THI" "l"
      WHERE "l"."MA" = :Ma_0
      FETCH FIRST 1 ROWS ONLY
info: Microsoft.EntityFrameworkCore.Database.Command[20101]
      Executed DbCommand (36ms) [Parameters=[:nguoiDung_ID_0='?' (DbType = Decimal)], CommandType='Text', CommandTimeout='0']
      SELECT "c"."VAI_TRO_ID"
      FROM "QL_VAI_TRO_NGUOI_DUNG" "c"
      WHERE "c"."NGUOI_DUNG_ID" = :nguoiDung_ID_0
info: Microsoft.EntityFrameworkCore.Database.Command[20101]
      Executed DbCommand (155ms) [Parameters=[:Ma_0='?' (Size = 2000)], CommandType='Text', CommandTimeout='0']
      SELECT "l"."GIA_TRI"
      FROM "QL_NHAN_HIEN_THI" "l"
      WHERE "l"."MA" = :Ma_0
      FETCH FIRST 1 ROWS ONLY
info: Microsoft.EntityFrameworkCore.Database.Command[20101]
      Executed DbCommand (48ms) [Parameters=[:nguoiDung_ID_0='?' (DbType = Decimal)], CommandType='Text', CommandTimeout='0']
      SELECT "c"."VAI_TRO_ID"
      FROM "QL_VAI_TRO_NGUOI_DUNG" "c"
      WHERE "c"."NGUOI_DUNG_ID" = :nguoiDung_ID_0
info: Microsoft.EntityFrameworkCore.Database.Command[20101]
      Executed DbCommand (40ms) [Parameters=[:Ma_0='?' (Size = 2000)], CommandType='Text', CommandTimeout='0']
      SELECT "l"."GIA_TRI"
      FROM "QL_NHAN_HIEN_THI" "l"
      WHERE "l"."MA" = :Ma_0
      FETCH FIRST 1 ROWS ONLY
info: Microsoft.EntityFrameworkCore.Database.Command[20101]
      Executed DbCommand (24ms) [Parameters=[:nguoiDung_ID_0='?' (DbType = Decimal)], CommandType='Text', CommandTimeout='0']
      SELECT "c"."VAI_TRO_ID"
      FROM "QL_VAI_TRO_NGUOI_DUNG" "c"
      WHERE "c"."NGUOI_DUNG_ID" = :nguoiDung_ID_0
info: Microsoft.EntityFrameworkCore.Database.Command[20101]
      Executed DbCommand (26ms) [Parameters=[:Ma_0='?' (Size = 2000)], CommandType='Text', CommandTimeout='0']
      SELECT "l"."GIA_TRI"
      FROM "QL_NHAN_HIEN_THI" "l"
      WHERE "l"."MA" = :Ma_0
      FETCH FIRST 1 ROWS ONLY
info: Microsoft.EntityFrameworkCore.Database.Command[20101]
      Executed DbCommand (28ms) [Parameters=[:nguoiDung_ID_0='?' (DbType = Decimal)], CommandType='Text', CommandTimeout='0']
      SELECT "c"."VAI_TRO_ID"
      FROM "QL_VAI_TRO_NGUOI_DUNG" "c"
      WHERE "c"."NGUOI_DUNG_ID" = :nguoiDung_ID_0
info: Microsoft.EntityFrameworkCore.Database.Command[20101]
      Executed DbCommand (269ms) [Parameters=[:Ma_0='?' (Size = 2000)], CommandType='Text', CommandTimeout='0']
      SELECT "l"."GIA_TRI"
      FROM "QL_NHAN_HIEN_THI" "l"
      WHERE "l"."MA" = :Ma_0
      FETCH FIRST 1 ROWS ONLY
info: Microsoft.EntityFrameworkCore.Database.Command[20101]
      Executed DbCommand (24ms) [Parameters=[:nguoiDung_ID_0='?' (DbType = Decimal)], CommandType='Text', CommandTimeout='0']
      SELECT "c"."VAI_TRO_ID"
      FROM "QL_VAI_TRO_NGUOI_DUNG" "c"
      WHERE "c"."NGUOI_DUNG_ID" = :nguoiDung_ID_0
info: Microsoft.EntityFrameworkCore.Database.Command[20101]
      Executed DbCommand (23ms) [Parameters=[:Ma_0='?' (Size = 2000)], CommandType='Text', CommandTimeout='0']
      SELECT "l"."GIA_TRI"
      FROM "QL_NHAN_HIEN_THI" "l"
      WHERE "l"."MA" = :Ma_0
      FETCH FIRST 1 ROWS ONLY
info: Microsoft.EntityFrameworkCore.Database.Command[20101]
      Executed DbCommand (37ms) [Parameters=[:nguoiDung_ID_0='?' (DbType = Decimal)], CommandType='Text', CommandTimeout='0']
      SELECT "c"."VAI_TRO_ID"
      FROM "QL_VAI_TRO_NGUOI_DUNG" "c"
      WHERE "c"."NGUOI_DUNG_ID" = :nguoiDung_ID_0
info: Microsoft.EntityFrameworkCore.Database.Command[20101]
      Executed DbCommand (25ms) [Parameters=[:Ma_0='?' (Size = 2000)], CommandType='Text', CommandTimeout='0']
      SELECT "l"."GIA_TRI"
      FROM "QL_NHAN_HIEN_THI" "l"
      WHERE "l"."MA" = :Ma_0
      FETCH FIRST 1 ROWS ONLY
info: Microsoft.EntityFrameworkCore.Database.Command[20101]
      Executed DbCommand (16ms) [Parameters=[:nguoiDung_ID_0='?' (DbType = Decimal)], CommandType='Text', CommandTimeout='0']
      SELECT "c"."VAI_TRO_ID"
      FROM "QL_VAI_TRO_NGUOI_DUNG" "c"
      WHERE "c"."NGUOI_DUNG_ID" = :nguoiDung_ID_0
info: Microsoft.EntityFrameworkCore.Database.Command[20101]
      Executed DbCommand (95ms) [Parameters=[:Ma_0='?' (Size = 2000)], CommandType='Text', CommandTimeout='0']
      SELECT "l"."GIA_TRI"
      FROM "QL_NHAN_HIEN_THI" "l"
      WHERE "l"."MA" = :Ma_0
      FETCH FIRST 1 ROWS ONLY
info: Microsoft.EntityFrameworkCore.Database.Command[20101]
      Executed DbCommand (25ms) [Parameters=[:nguoiDung_ID_0='?' (DbType = Decimal)], CommandType='Text', CommandTimeout='0']
      SELECT "c"."VAI_TRO_ID"
      FROM "QL_VAI_TRO_NGUOI_DUNG" "c"
      WHERE "c"."NGUOI_DUNG_ID" = :nguoiDung_ID_0
info: Microsoft.EntityFrameworkCore.Database.Command[20101]
      Executed DbCommand (61ms) [Parameters=[:Ma_0='?' (Size = 2000)], CommandType='Text', CommandTimeout='0']
      SELECT "l"."GIA_TRI"
      FROM "QL_NHAN_HIEN_THI" "l"
      WHERE "l"."MA" = :Ma_0
      FETCH FIRST 1 ROWS ONLY
info: Microsoft.EntityFrameworkCore.Database.Command[20101]
      Executed DbCommand (318ms) [Parameters=[:nguoiDung_ID_0='?' (DbType = Decimal)], CommandType='Text', CommandTimeout='0']
      SELECT "c"."VAI_TRO_ID"
      FROM "QL_VAI_TRO_NGUOI_DUNG" "c"
      WHERE "c"."NGUOI_DUNG_ID" = :nguoiDung_ID_0
info: Microsoft.EntityFrameworkCore.Database.Command[20101]
      Executed DbCommand (85ms) [Parameters=[:Ma_0='?' (Size = 2000)], CommandType='Text', CommandTimeout='0']
      SELECT "l"."GIA_TRI"
      FROM "QL_NHAN_HIEN_THI" "l"
      WHERE "l"."MA" = :Ma_0
      FETCH FIRST 1 ROWS ONLY
info: Microsoft.EntityFrameworkCore.Database.Command[20101]
      Executed DbCommand (175ms) [Parameters=[:nguoiDung_ID_0='?' (DbType = Decimal)], CommandType='Text', CommandTimeout='0']
      SELECT "c"."VAI_TRO_ID"
      FROM "QL_VAI_TRO_NGUOI_DUNG" "c"
      WHERE "c"."NGUOI_DUNG_ID" = :nguoiDung_ID_0
info: Microsoft.EntityFrameworkCore.Database.Command[20101]
      Executed DbCommand (58ms) [Parameters=[:Ma_0='?' (Size = 2000)], CommandType='Text', CommandTimeout='0']
      SELECT "l"."GIA_TRI"
      FROM "QL_NHAN_HIEN_THI" "l"
      WHERE "l"."MA" = :Ma_0
      FETCH FIRST 1 ROWS ONLY
info: Microsoft.EntityFrameworkCore.Database.Command[20101]
      Executed DbCommand (31ms) [Parameters=[:nguoiDung_ID_0='?' (DbType = Decimal)], CommandType='Text', CommandTimeout='0']
      SELECT "c"."VAI_TRO_ID"
      FROM "QL_VAI_TRO_NGUOI_DUNG" "c"
      WHERE "c"."NGUOI_DUNG_ID" = :nguoiDung_ID_0
info: Microsoft.EntityFrameworkCore.Database.Command[20101]
      Executed DbCommand (57ms) [Parameters=[:Ma_0='?' (Size = 2000)], CommandType='Text', CommandTimeout='0']
      SELECT "l"."GIA_TRI"
      FROM "QL_NHAN_HIEN_THI" "l"
      WHERE "l"."MA" = :Ma_0
      FETCH FIRST 1 ROWS ONLY
info: Microsoft.EntityFrameworkCore.Database.Command[20101]
      Executed DbCommand (43ms) [Parameters=[:nguoiDung_ID_0='?' (DbType = Decimal)], CommandType='Text', CommandTimeout='0']
      SELECT "c"."VAI_TRO_ID"
      FROM "QL_VAI_TRO_NGUOI_DUNG" "c"
      WHERE "c"."NGUOI_DUNG_ID" = :nguoiDung_ID_0
info: Microsoft.EntityFrameworkCore.Database.Command[20101]
      Executed DbCommand (33ms) [Parameters=[:Ma_0='?' (Size = 2000)], CommandType='Text', CommandTimeout='0']
      SELECT "l"."GIA_TRI"
      FROM "QL_NHAN_HIEN_THI" "l"
      WHERE "l"."MA" = :Ma_0
      FETCH FIRST 1 ROWS ONLY
info: Microsoft.EntityFrameworkCore.Database.Command[20101]
      Executed DbCommand (37ms) [Parameters=[:nguoiDung_ID_0='?' (DbType = Decimal)], CommandType='Text', CommandTimeout='0']
      SELECT "c"."VAI_TRO_ID"
      FROM "QL_VAI_TRO_NGUOI_DUNG" "c"
      WHERE "c"."NGUOI_DUNG_ID" = :nguoiDung_ID_0
info: Microsoft.EntityFrameworkCore.Database.Command[20101]
      Executed DbCommand (124ms) [Parameters=[:Ma_0='?' (Size = 2000)], CommandType='Text', CommandTimeout='0']
      SELECT "l"."GIA_TRI"
      FROM "QL_NHAN_HIEN_THI" "l"
      WHERE "l"."MA" = :Ma_0
      FETCH FIRST 1 ROWS ONLY
info: Microsoft.EntityFrameworkCore.Database.Command[20101]
      Executed DbCommand (40ms) [Parameters=[:nguoiDung_ID_0='?' (DbType = Decimal)], CommandType='Text', CommandTimeout='0']
      SELECT "c"."VAI_TRO_ID"
      FROM "QL_VAI_TRO_NGUOI_DUNG" "c"
      WHERE "c"."NGUOI_DUNG_ID" = :nguoiDung_ID_0
info: Microsoft.EntityFrameworkCore.Database.Command[20101]
      Executed DbCommand (58ms) [Parameters=[:Ma_0='?' (Size = 2000)], CommandType='Text', CommandTimeout='0']
      SELECT "l"."GIA_TRI"
      FROM "QL_NHAN_HIEN_THI" "l"
      WHERE "l"."MA" = :Ma_0
      FETCH FIRST 1 ROWS ONLY
info: Microsoft.EntityFrameworkCore.Database.Command[20101]
      Executed DbCommand (296ms) [Parameters=[:Ma_0='?' (Size = 2000)], CommandType='Text', CommandTimeout='0']
      SELECT "l"."GIA_TRI"
      FROM "QL_NHAN_HIEN_THI" "l"
      WHERE "l"."MA" = :Ma_0
      FETCH FIRST 1 ROWS ONLY
info: Microsoft.EntityFrameworkCore.Database.Command[20101]
      Executed DbCommand (27ms) [Parameters=[:Ma_0='?' (Size = 2000)], CommandType='Text', CommandTimeout='0']
      SELECT "l"."GIA_TRI"
      FROM "QL_NHAN_HIEN_THI" "l"
      WHERE "l"."MA" = :Ma_0
      FETCH FIRST 1 ROWS ONLY
info: Microsoft.EntityFrameworkCore.Database.Command[20101]
      Executed DbCommand (393ms) [Parameters=[:Ma_0='?' (Size = 2000)], CommandType='Text', CommandTimeout='0']
      SELECT "l"."GIA_TRI"
      FROM "QL_NHAN_HIEN_THI" "l"
      WHERE "l"."MA" = :Ma_0
      FETCH FIRST 1 ROWS ONLY
info: Microsoft.EntityFrameworkCore.Database.Command[20101]
      Executed DbCommand (30ms) [Parameters=[:Ma_0='?' (Size = 2000)], CommandType='Text', CommandTimeout='0']
      SELECT "l"."GIA_TRI"
      FROM "QL_NHAN_HIEN_THI" "l"
      WHERE "l"."MA" = :Ma_0
      FETCH FIRST 1 ROWS ONLY
info: Microsoft.EntityFrameworkCore.Database.Command[20101]
      Executed DbCommand (524ms) [Parameters=[:Ma_0='?' (Size = 2000)], CommandType='Text', CommandTimeout='0']
      SELECT "l"."GIA_TRI"
      FROM "QL_NHAN_HIEN_THI" "l"
      WHERE "l"."MA" = :Ma_0
      FETCH FIRST 1 ROWS ONLY
info: Microsoft.EntityFrameworkCore.Database.Command[20101]
      Executed DbCommand (24ms) [Parameters=[:nguoiDung_ID_0='?' (DbType = Decimal)], CommandType='Text', CommandTimeout='0']
      SELECT "c"."VAI_TRO_ID"
      FROM "QL_VAI_TRO_NGUOI_DUNG" "c"
      WHERE "c"."NGUOI_DUNG_ID" = :nguoiDung_ID_0
info: Microsoft.EntityFrameworkCore.Database.Command[20101]
      Executed DbCommand (57ms) [Parameters=[:Ma_0='?' (Size = 2000)], CommandType='Text', CommandTimeout='0']
      SELECT "l"."GIA_TRI"
      FROM "QL_NHAN_HIEN_THI" "l"
      WHERE "l"."MA" = :Ma_0
      FETCH FIRST 1 ROWS ONLY
info: Microsoft.EntityFrameworkCore.Database.Command[20101]
      Executed DbCommand (24ms) [Parameters=[:nguoiDung_ID_0='?' (DbType = Decimal)], CommandType='Text', CommandTimeout='0']
      SELECT "c"."VAI_TRO_ID"
      FROM "QL_VAI_TRO_NGUOI_DUNG" "c"
      WHERE "c"."NGUOI_DUNG_ID" = :nguoiDung_ID_0
info: Microsoft.EntityFrameworkCore.Database.Command[20101]
      Executed DbCommand (39ms) [Parameters=[:nguoiDung_ID_0='?' (DbType = Decimal)], CommandType='Text', CommandTimeout='0']
      SELECT "c"."VAI_TRO_ID"
      FROM "QL_VAI_TRO_NGUOI_DUNG" "c"
      WHERE "c"."NGUOI_DUNG_ID" = :nguoiDung_ID_0
info: Microsoft.EntityFrameworkCore.Database.Command[20101]
      Executed DbCommand (147ms) [Parameters=[:Ma_0='?' (Size = 2000)], CommandType='Text', CommandTimeout='0']
      SELECT "l"."GIA_TRI"
      FROM "QL_NHAN_HIEN_THI" "l"
      WHERE "l"."MA" = :Ma_0
      FETCH FIRST 1 ROWS ONLY
info: Microsoft.EntityFrameworkCore.Database.Command[20101]
      Executed DbCommand (20ms) [Parameters=[:nguoiDung_ID_0='?' (DbType = Decimal)], CommandType='Text', CommandTimeout='0']
      SELECT "c"."VAI_TRO_ID"
      FROM "QL_VAI_TRO_NGUOI_DUNG" "c"
      WHERE "c"."NGUOI_DUNG_ID" = :nguoiDung_ID_0
info: Microsoft.EntityFrameworkCore.Database.Command[20101]
      Executed DbCommand (22ms) [Parameters=[:Ma_0='?' (Size = 2000)], CommandType='Text', CommandTimeout='0']
      SELECT "l"."GIA_TRI"
      FROM "QL_NHAN_HIEN_THI" "l"
      WHERE "l"."MA" = :Ma_0
      FETCH FIRST 1 ROWS ONLY
info: Microsoft.EntityFrameworkCore.Database.Command[20101]
      Executed DbCommand (16ms) [Parameters=[:nguoiDung_ID_0='?' (DbType = Decimal)], CommandType='Text', CommandTimeout='0']
      SELECT "c"."VAI_TRO_ID"
      FROM "QL_VAI_TRO_NGUOI_DUNG" "c"
      WHERE "c"."NGUOI_DUNG_ID" = :nguoiDung_ID_0
info: Microsoft.EntityFrameworkCore.Database.Command[20101]
      Executed DbCommand (60ms) [Parameters=[:nguoiDung_ID_0='?' (DbType = Decimal)], CommandType='Text', CommandTimeout='0']
      SELECT "c"."VAI_TRO_ID"
      FROM "QL_VAI_TRO_NGUOI_DUNG" "c"
      WHERE "c"."NGUOI_DUNG_ID" = :nguoiDung_ID_0
info: Microsoft.EntityFrameworkCore.Database.Command[20101]
      Executed DbCommand (66ms) [Parameters=[:Ma_0='?' (Size = 2000)], CommandType='Text', CommandTimeout='0']
      SELECT "l"."GIA_TRI"
      FROM "QL_NHAN_HIEN_THI" "l"
      WHERE "l"."MA" = :Ma_0
      FETCH FIRST 1 ROWS ONLY
info: Microsoft.EntityFrameworkCore.Database.Command[20101]
      Executed DbCommand (43ms) [Parameters=[:nguoiDung_ID_0='?' (DbType = Decimal)], CommandType='Text', CommandTimeout='0']
      SELECT "c"."VAI_TRO_ID"
      FROM "QL_VAI_TRO_NGUOI_DUNG" "c"
      WHERE "c"."NGUOI_DUNG_ID" = :nguoiDung_ID_0
info: Microsoft.EntityFrameworkCore.Database.Command[20101]
      Executed DbCommand (311ms) [Parameters=[:Ma_0='?' (Size = 2000)], CommandType='Text', CommandTimeout='0']
      SELECT "l"."GIA_TRI"
      FROM "QL_NHAN_HIEN_THI" "l"
      WHERE "l"."MA" = :Ma_0
      FETCH FIRST 1 ROWS ONLY
info: Microsoft.EntityFrameworkCore.Database.Command[20101]
      Executed DbCommand (618ms) [Parameters=[:nguoiDung_ID_0='?' (DbType = Decimal)], CommandType='Text', CommandTimeout='0']
      SELECT "c"."VAI_TRO_ID"
      FROM "QL_VAI_TRO_NGUOI_DUNG" "c"
      WHERE "c"."NGUOI_DUNG_ID" = :nguoiDung_ID_0
info: Microsoft.EntityFrameworkCore.Database.Command[20101]
      Executed DbCommand (98ms) [Parameters=[:Ma_0='?' (Size = 2000)], CommandType='Text', CommandTimeout='0']
      SELECT "l"."GIA_TRI"
      FROM "QL_NHAN_HIEN_THI" "l"
      WHERE "l"."MA" = :Ma_0
      FETCH FIRST 1 ROWS ONLY
info: Microsoft.EntityFrameworkCore.Database.Command[20101]
      Executed DbCommand (50ms) [Parameters=[:nguoiDung_ID_0='?' (DbType = Decimal)], CommandType='Text', CommandTimeout='0']
      SELECT "c"."VAI_TRO_ID"
      FROM "QL_VAI_TRO_NGUOI_DUNG" "c"
      WHERE "c"."NGUOI_DUNG_ID" = :nguoiDung_ID_0
info: Microsoft.EntityFrameworkCore.Database.Command[20101]
      Executed DbCommand (41ms) [Parameters=[:Ma_0='?' (Size = 2000)], CommandType='Text', CommandTimeout='0']
      SELECT "l"."GIA_TRI"
      FROM "QL_NHAN_HIEN_THI" "l"
      WHERE "l"."MA" = :Ma_0
      FETCH FIRST 1 ROWS ONLY
info: Microsoft.EntityFrameworkCore.Database.Command[20101]
      Executed DbCommand (54ms) [Parameters=[:nguoiDung_ID_0='?' (DbType = Decimal)], CommandType='Text', CommandTimeout='0']
      SELECT "c"."VAI_TRO_ID"
      FROM "QL_VAI_TRO_NGUOI_DUNG" "c"
      WHERE "c"."NGUOI_DUNG_ID" = :nguoiDung_ID_0
info: Microsoft.EntityFrameworkCore.Database.Command[20101]
      Executed DbCommand (40ms) [Parameters=[:Ma_0='?' (Size = 2000)], CommandType='Text', CommandTimeout='0']
      SELECT "l"."GIA_TRI"
      FROM "QL_NHAN_HIEN_THI" "l"
      WHERE "l"."MA" = :Ma_0
      FETCH FIRST 1 ROWS ONLY
info: Microsoft.EntityFrameworkCore.Database.Command[20101]
      Executed DbCommand (130ms) [Parameters=[:nguoiDung_ID_0='?' (DbType = Decimal)], CommandType='Text', CommandTimeout='0']
      SELECT "c"."VAI_TRO_ID"
      FROM "QL_VAI_TRO_NGUOI_DUNG" "c"
      WHERE "c"."NGUOI_DUNG_ID" = :nguoiDung_ID_0
info: Microsoft.EntityFrameworkCore.Database.Command[20101]
      Executed DbCommand (50ms) [Parameters=[:Ma_0='?' (Size = 2000)], CommandType='Text', CommandTimeout='0']
      SELECT "l"."GIA_TRI"
      FROM "QL_NHAN_HIEN_THI" "l"
      WHERE "l"."MA" = :Ma_0
      FETCH FIRST 1 ROWS ONLY
info: Microsoft.EntityFrameworkCore.Database.Command[20101]
      Executed DbCommand (32ms) [Parameters=[:nguoiDung_ID_0='?' (DbType = Decimal)], CommandType='Text', CommandTimeout='0']
      SELECT "c"."VAI_TRO_ID"
      FROM "QL_VAI_TRO_NGUOI_DUNG" "c"
      WHERE "c"."NGUOI_DUNG_ID" = :nguoiDung_ID_0
info: Microsoft.EntityFrameworkCore.Database.Command[20101]
      Executed DbCommand (319ms) [Parameters=[:Ma_0='?' (Size = 2000)], CommandType='Text', CommandTimeout='0']
      SELECT "l"."GIA_TRI"
      FROM "QL_NHAN_HIEN_THI" "l"
      WHERE "l"."MA" = :Ma_0
      FETCH FIRST 1 ROWS ONLY
info: Microsoft.EntityFrameworkCore.Database.Command[20101]
      Executed DbCommand (55ms) [Parameters=[:nguoiDung_ID_0='?' (DbType = Decimal)], CommandType='Text', CommandTimeout='0']
      SELECT "c"."VAI_TRO_ID"
      FROM "QL_VAI_TRO_NGUOI_DUNG" "c"
      WHERE "c"."NGUOI_DUNG_ID" = :nguoiDung_ID_0
info: Microsoft.EntityFrameworkCore.Database.Command[20101]
      Executed DbCommand (66ms) [Parameters=[:Ma_0='?' (Size = 2000)], CommandType='Text', CommandTimeout='0']
      SELECT "l"."GIA_TRI"
      FROM "QL_NHAN_HIEN_THI" "l"
      WHERE "l"."MA" = :Ma_0
      FETCH FIRST 1 ROWS ONLY
info: Microsoft.EntityFrameworkCore.Database.Command[20101]
      Executed DbCommand (18ms) [Parameters=[:nguoiDung_ID_0='?' (DbType = Decimal)], CommandType='Text', CommandTimeout='0']
      SELECT "c"."VAI_TRO_ID"
      FROM "QL_VAI_TRO_NGUOI_DUNG" "c"
      WHERE "c"."NGUOI_DUNG_ID" = :nguoiDung_ID_0
info: Microsoft.EntityFrameworkCore.Database.Command[20101]
      Executed DbCommand (34ms) [Parameters=[:Ma_0='?' (Size = 2000)], CommandType='Text', CommandTimeout='0']
      SELECT "l"."GIA_TRI"
      FROM "QL_NHAN_HIEN_THI" "l"
      WHERE "l"."MA" = :Ma_0
      FETCH FIRST 1 ROWS ONLY
info: Microsoft.EntityFrameworkCore.Database.Command[20101]
      Executed DbCommand (30ms) [Parameters=[:nguoiDung_ID_0='?' (DbType = Decimal)], CommandType='Text', CommandTimeout='0']
      SELECT "c"."VAI_TRO_ID"
      FROM "QL_VAI_TRO_NGUOI_DUNG" "c"
      WHERE "c"."NGUOI_DUNG_ID" = :nguoiDung_ID_0
info: Microsoft.EntityFrameworkCore.Database.Command[20101]
      Executed DbCommand (27ms) [Parameters=[:Ma_0='?' (Size = 2000)], CommandType='Text', CommandTimeout='0']
      SELECT "l"."GIA_TRI"
      FROM "QL_NHAN_HIEN_THI" "l"
      WHERE "l"."MA" = :Ma_0
      FETCH FIRST 1 ROWS ONLY
info: Microsoft.EntityFrameworkCore.Database.Command[20101]
      Executed DbCommand (49ms) [Parameters=[:nguoiDung_ID_0='?' (DbType = Decimal)], CommandType='Text', CommandTimeout='0']
      SELECT "c"."VAI_TRO_ID"
      FROM "QL_VAI_TRO_NGUOI_DUNG" "c"
      WHERE "c"."NGUOI_DUNG_ID" = :nguoiDung_ID_0
info: Microsoft.EntityFrameworkCore.Database.Command[20101]
      Executed DbCommand (64ms) [Parameters=[:Ma_0='?' (Size = 2000)], CommandType='Text', CommandTimeout='0']
      SELECT "l"."GIA_TRI"
      FROM "QL_NHAN_HIEN_THI" "l"
      WHERE "l"."MA" = :Ma_0
      FETCH FIRST 1 ROWS ONLY
info: Microsoft.EntityFrameworkCore.Database.Command[20101]
      Executed DbCommand (39ms) [Parameters=[:nguoiDung_ID_0='?' (DbType = Decimal)], CommandType='Text', CommandTimeout='0']
      SELECT "c"."VAI_TRO_ID"
      FROM "QL_VAI_TRO_NGUOI_DUNG" "c"
      WHERE "c"."NGUOI_DUNG_ID" = :nguoiDung_ID_0
info: Microsoft.EntityFrameworkCore.Database.Command[20101]
      Executed DbCommand (29ms) [Parameters=[:Ma_0='?' (Size = 2000)], CommandType='Text', CommandTimeout='0']
      SELECT "l"."GIA_TRI"
      FROM "QL_NHAN_HIEN_THI" "l"
      WHERE "l"."MA" = :Ma_0
      FETCH FIRST 1 ROWS ONLY
info: Microsoft.EntityFrameworkCore.Database.Command[20101]
      Executed DbCommand (34ms) [Parameters=[:nguoiDung_ID_0='?' (DbType = Decimal)], CommandType='Text', CommandTimeout='0']
      SELECT "c"."VAI_TRO_ID"
      FROM "QL_VAI_TRO_NGUOI_DUNG" "c"
      WHERE "c"."NGUOI_DUNG_ID" = :nguoiDung_ID_0
info: Microsoft.EntityFrameworkCore.Database.Command[20101]
      Executed DbCommand (306ms) [Parameters=[:Ma_0='?' (Size = 2000)], CommandType='Text', CommandTimeout='0']
      SELECT "l"."GIA_TRI"
      FROM "QL_NHAN_HIEN_THI" "l"
      WHERE "l"."MA" = :Ma_0
      FETCH FIRST 1 ROWS ONLY
info: Microsoft.EntityFrameworkCore.Database.Command[20101]
      Executed DbCommand (29ms) [Parameters=[:nguoiDung_ID_0='?' (DbType = Decimal)], CommandType='Text', CommandTimeout='0']
      SELECT "c"."VAI_TRO_ID"
      FROM "QL_VAI_TRO_NGUOI_DUNG" "c"
      WHERE "c"."NGUOI_DUNG_ID" = :nguoiDung_ID_0
info: Microsoft.EntityFrameworkCore.Database.Command[20101]
      Executed DbCommand (39ms) [Parameters=[:Ma_0='?' (Size = 2000)], CommandType='Text', CommandTimeout='0']
      SELECT "l"."GIA_TRI"
      FROM "QL_NHAN_HIEN_THI" "l"
      WHERE "l"."MA" = :Ma_0
      FETCH FIRST 1 ROWS ONLY
info: Microsoft.EntityFrameworkCore.Database.Command[20101]
      Executed DbCommand (22ms) [Parameters=[:nguoiDung_ID_0='?' (DbType = Decimal)], CommandType='Text', CommandTimeout='0']
      SELECT "c"."VAI_TRO_ID"
      FROM "QL_VAI_TRO_NGUOI_DUNG" "c"
      WHERE "c"."NGUOI_DUNG_ID" = :nguoiDung_ID_0
info: Microsoft.EntityFrameworkCore.Database.Command[20101]
      Executed DbCommand (20ms) [Parameters=[:Ma_0='?' (Size = 2000)], CommandType='Text', CommandTimeout='0']
      SELECT "l"."GIA_TRI"
      FROM "QL_NHAN_HIEN_THI" "l"
      WHERE "l"."MA" = :Ma_0
      FETCH FIRST 1 ROWS ONLY
info: Microsoft.EntityFrameworkCore.Database.Command[20101]
      Executed DbCommand (16ms) [Parameters=[:nguoiDung_ID_0='?' (DbType = Decimal)], CommandType='Text', CommandTimeout='0']
      SELECT "c"."VAI_TRO_ID"
      FROM "QL_VAI_TRO_NGUOI_DUNG" "c"
      WHERE "c"."NGUOI_DUNG_ID" = :nguoiDung_ID_0
info: Microsoft.EntityFrameworkCore.Database.Command[20101]
      Executed DbCommand (74ms) [Parameters=[:donViId_0='?' (DbType = Decimal)], CommandType='Text', CommandTimeout='0']
      SELECT COUNT(*)
      FROM "DM_DON_VI" "p"
      WHERE ((("p"."PARENT_ID" = :donViId_0) AND ("p"."LA_BAN_QL_DU_AN" = 1)) OR (("p"."ID" = :donViId_0) AND ("p"."LOAI_DON_VI_ID" = 15.0))) OR (("p"."ID" = :donViId_0) AND ("p"."LA_BAN_QL_DU_AN" = 1))
info: Microsoft.EntityFrameworkCore.Database.Command[20101]
      Executed DbCommand (23ms) [Parameters=[:Ma_0='?' (Size = 2000)], CommandType='Text', CommandTimeout='0']
      SELECT "l"."GIA_TRI"
      FROM "QL_NHAN_HIEN_THI" "l"
      WHERE "l"."MA" = :Ma_0
      FETCH FIRST 1 ROWS ONLY
info: Microsoft.EntityFrameworkCore.Database.Command[20101]
      Executed DbCommand (28ms) [Parameters=[:nguoiDung_ID_0='?' (DbType = Decimal)], CommandType='Text', CommandTimeout='0']
      SELECT "c"."VAI_TRO_ID"
      FROM "QL_VAI_TRO_NGUOI_DUNG" "c"
      WHERE "c"."NGUOI_DUNG_ID" = :nguoiDung_ID_0
info: Microsoft.EntityFrameworkCore.Database.Command[20101]
      Executed DbCommand (30ms) [Parameters=[:Ma_0='?' (Size = 2000)], CommandType='Text', CommandTimeout='0']
      SELECT "l"."GIA_TRI"
      FROM "QL_NHAN_HIEN_THI" "l"
      WHERE "l"."MA" = :Ma_0
      FETCH FIRST 1 ROWS ONLY
info: Microsoft.EntityFrameworkCore.Database.Command[20101]
      Executed DbCommand (52ms) [Parameters=[:nguoiDung_ID_0='?' (DbType = Decimal)], CommandType='Text', CommandTimeout='0']
      SELECT "c"."VAI_TRO_ID"
      FROM "QL_VAI_TRO_NGUOI_DUNG" "c"
      WHERE "c"."NGUOI_DUNG_ID" = :nguoiDung_ID_0
info: Microsoft.EntityFrameworkCore.Database.Command[20101]
      Executed DbCommand (24ms) [Parameters=[:Ma_0='?' (Size = 2000)], CommandType='Text', CommandTimeout='0']
      SELECT "l"."GIA_TRI"
      FROM "QL_NHAN_HIEN_THI" "l"
      WHERE "l"."MA" = :Ma_0
      FETCH FIRST 1 ROWS ONLY
info: Microsoft.EntityFrameworkCore.Database.Command[20101]
      Executed DbCommand (27ms) [Parameters=[:nguoiDung_ID_0='?' (DbType = Decimal)], CommandType='Text', CommandTimeout='0']
      SELECT "c"."VAI_TRO_ID"
      FROM "QL_VAI_TRO_NGUOI_DUNG" "c"
      WHERE "c"."NGUOI_DUNG_ID" = :nguoiDung_ID_0
info: Microsoft.EntityFrameworkCore.Database.Command[20101]
      Executed DbCommand (38ms) [Parameters=[:Ma_0='?' (Size = 2000)], CommandType='Text', CommandTimeout='0']
      SELECT "l"."GIA_TRI"
      FROM "QL_NHAN_HIEN_THI" "l"
      WHERE "l"."MA" = :Ma_0
      FETCH FIRST 1 ROWS ONLY
info: Microsoft.EntityFrameworkCore.Database.Command[20101]
      Executed DbCommand (23ms) [Parameters=[:nguoiDung_ID_0='?' (DbType = Decimal)], CommandType='Text', CommandTimeout='0']
      SELECT "c"."VAI_TRO_ID"
      FROM "QL_VAI_TRO_NGUOI_DUNG" "c"
      WHERE "c"."NGUOI_DUNG_ID" = :nguoiDung_ID_0
info: Microsoft.EntityFrameworkCore.Database.Command[20101]
      Executed DbCommand (72ms) [Parameters=[:Ma_0='?' (Size = 2000)], CommandType='Text', CommandTimeout='0']
      SELECT "l"."GIA_TRI"
      FROM "QL_NHAN_HIEN_THI" "l"
      WHERE "l"."MA" = :Ma_0
      FETCH FIRST 1 ROWS ONLY
info: Microsoft.EntityFrameworkCore.Database.Command[20101]
      Executed DbCommand (62ms) [Parameters=[:nguoiDung_ID_0='?' (DbType = Decimal)], CommandType='Text', CommandTimeout='0']
      SELECT "c"."VAI_TRO_ID"
      FROM "QL_VAI_TRO_NGUOI_DUNG" "c"
      WHERE "c"."NGUOI_DUNG_ID" = :nguoiDung_ID_0
info: Microsoft.EntityFrameworkCore.Database.Command[20101]
      Executed DbCommand (58ms) [Parameters=[:Ma_0='?' (Size = 2000)], CommandType='Text', CommandTimeout='0']
      SELECT "l"."GIA_TRI"
      FROM "QL_NHAN_HIEN_THI" "l"
      WHERE "l"."MA" = :Ma_0
      FETCH FIRST 1 ROWS ONLY
info: Microsoft.EntityFrameworkCore.Database.Command[20101]
      Executed DbCommand (38ms) [Parameters=[:nguoiDung_ID_0='?' (DbType = Decimal)], CommandType='Text', CommandTimeout='0']
      SELECT "c"."VAI_TRO_ID"
      FROM "QL_VAI_TRO_NGUOI_DUNG" "c"
      WHERE "c"."NGUOI_DUNG_ID" = :nguoiDung_ID_0
info: Microsoft.EntityFrameworkCore.Database.Command[20101]
      Executed DbCommand (41ms) [Parameters=[:Ma_0='?' (Size = 2000)], CommandType='Text', CommandTimeout='0']
      SELECT "l"."GIA_TRI"
      FROM "QL_NHAN_HIEN_THI" "l"
      WHERE "l"."MA" = :Ma_0
      FETCH FIRST 1 ROWS ONLY
info: Microsoft.EntityFrameworkCore.Database.Command[20101]
      Executed DbCommand (305ms) [Parameters=[:nguoiDung_ID_0='?' (DbType = Decimal)], CommandType='Text', CommandTimeout='0']
      SELECT "c"."VAI_TRO_ID"
      FROM "QL_VAI_TRO_NGUOI_DUNG" "c"
      WHERE "c"."NGUOI_DUNG_ID" = :nguoiDung_ID_0
info: Microsoft.EntityFrameworkCore.Database.Command[20101]
      Executed DbCommand (46ms) [Parameters=[:Ma_0='?' (Size = 2000)], CommandType='Text', CommandTimeout='0']
      SELECT "l"."GIA_TRI"
      FROM "QL_NHAN_HIEN_THI" "l"
      WHERE "l"."MA" = :Ma_0
      FETCH FIRST 1 ROWS ONLY
info: Microsoft.EntityFrameworkCore.Database.Command[20101]
      Executed DbCommand (282ms) [Parameters=[:nguoiDung_ID_0='?' (DbType = Decimal)], CommandType='Text', CommandTimeout='0']
      SELECT "c"."VAI_TRO_ID"
      FROM "QL_VAI_TRO_NGUOI_DUNG" "c"
      WHERE "c"."NGUOI_DUNG_ID" = :nguoiDung_ID_0
info: Microsoft.EntityFrameworkCore.Database.Command[20101]
      Executed DbCommand (24ms) [Parameters=[:Ma_0='?' (Size = 2000)], CommandType='Text', CommandTimeout='0']
      SELECT "l"."GIA_TRI"
      FROM "QL_NHAN_HIEN_THI" "l"
      WHERE "l"."MA" = :Ma_0
      FETCH FIRST 1 ROWS ONLY
info: Microsoft.EntityFrameworkCore.Database.Command[20101]
      Executed DbCommand (412ms) [Parameters=[:nguoiDung_ID_0='?' (DbType = Decimal)], CommandType='Text', CommandTimeout='0']
      SELECT "c"."VAI_TRO_ID"
      FROM "QL_VAI_TRO_NGUOI_DUNG" "c"
      WHERE "c"."NGUOI_DUNG_ID" = :nguoiDung_ID_0
info: Microsoft.EntityFrameworkCore.Database.Command[20101]
      Executed DbCommand (44ms) [Parameters=[:guid_0='?' (DbType = Binary)], CommandType='Text', CommandTimeout='0']
      SELECT "c"."ID", "c"."CURRENT_DON_VI_ID", "c"."DB_ID", "c"."EMAIL", "c"."GHI_CHU", "c"."GUID", "c"."IP_TRUY_CAP", "c"."IS_QUAN_TRI", "c"."MAT_KHAU", "c"."MAT_KHAU_KEY", "c"."MA_CAN_BO", "c"."MOBILE", "c"."NGAY_TAO", "c"."NGAY_TRUY_CAP", "c"."NGUOI_TAO", "c"."NGUON_ID", "c"."PASSWORD_HASH", "c"."TEN_DANG_NHAP", "c"."TEN_DAY_DU", "c"."TMP_MAT_KHAU", "c"."TRANG_THAI_ID", "c"."UNG_DUNG"
      FROM "QL_NGUOI_DUNG" "c"
      WHERE "c"."GUID" = :guid_0
      FETCH FIRST 1 ROWS ONLY
info: Microsoft.EntityFrameworkCore.Database.Command[20101]
      Executed DbCommand (38ms) [Parameters=[:nguoiDung_ID_0='?' (DbType = Int32)], CommandType='Text', CommandTimeout='0']
      SELECT "p"."ID", "p"."DATA_JSON", "p"."DB_QUEUE_PROCESS_ID", "p"."DON_VI_ID", "p"."FILE_TYPE", "p"."GUID", "p"."GUID_FILE", "p"."MA_BAO_CAO", "p"."MODEL_DATA_TYPE", "p"."NGAY_TAO", "p"."NGUOI_TAO_ID", "p"."REPORT_CLASS", "p"."RESPONSE", "p"."SEARCH_MODEL_CLASS", "p"."SEARCH_MODEL_JSON", "p"."STATEMENT", "p"."TIME_END_GET_DATA", "p"."TIME_START_GET_DATA", "p"."TRANG_THAI_ID", "p"."TYPE_QUEUE_PROCESS_ID"
      FROM "BC_QUEUE_PROCESS" "p"
      WHERE "p"."NGUOI_TAO_ID" = :nguoiDung_ID_0
      ORDER BY "p"."ID" DESC
      FETCH FIRST 1 ROWS ONLY
info: Microsoft.EntityFrameworkCore.Database.Command[20101]
      Executed DbCommand (43ms) [Parameters=[:Ma_0='?' (Size = 2000)], CommandType='Text', CommandTimeout='0']
      SELECT "l"."GIA_TRI"
      FROM "QL_NHAN_HIEN_THI" "l"
      WHERE "l"."MA" = :Ma_0
      FETCH FIRST 1 ROWS ONLY
info: Microsoft.EntityFrameworkCore.Database.Command[20101]
      Executed DbCommand (28ms) [Parameters=[:Ma_0='?' (Size = 2000)], CommandType='Text', CommandTimeout='0']
      SELECT "l"."GIA_TRI"
      FROM "QL_NHAN_HIEN_THI" "l"
      WHERE "l"."MA" = :Ma_0
      FETCH FIRST 1 ROWS ONLY
info: Microsoft.EntityFrameworkCore.Database.Command[20101]
      Executed DbCommand (292ms) [Parameters=[:Ma_0='?' (Size = 2000)], CommandType='Text', CommandTimeout='0']
      SELECT "l"."GIA_TRI"
      FROM "QL_NHAN_HIEN_THI" "l"
      WHERE "l"."MA" = :Ma_0
      FETCH FIRST 1 ROWS ONLY
info: Microsoft.EntityFrameworkCore.Database.Command[20101]
      Executed DbCommand (34ms) [Parameters=[:Ma_0='?' (Size = 2000)], CommandType='Text', CommandTimeout='0']
      SELECT "l"."GIA_TRI"
      FROM "QL_NHAN_HIEN_THI" "l"
      WHERE "l"."MA" = :Ma_0
      FETCH FIRST 1 ROWS ONLY
info: Microsoft.AspNetCore.Mvc.ViewFeatures.ViewResultExecutor[4]
      Executed ViewResult - view Index executed in 36680.8609ms.
info: Microsoft.AspNetCore.Mvc.Internal.ControllerActionInvoker[2]
      Executed action GS.Web.Controllers.AppWorkController.Index (GS.Web) in 36698.9223ms
info: Microsoft.AspNetCore.Hosting.Internal.WebHost[2]
      Request finished in 36735.3599ms 200 text/html; charset=utf-8
info: Microsoft.AspNetCore.Hosting.Internal.WebHost[1]
      Request starting HTTP/1.1 GET http://localhost:62432/Widget/GiaTriSoLuongTaiSanTheoLoaiHinhVaDonVi  
info: Microsoft.AspNetCore.Mvc.Internal.ControllerActionInvoker[1]
      Route matched with {action = "GiaTriSoLuongTaiSanTheoLoaiHinhVaDonVi", controller = "Widget"}. Executing action GS.Web.Controllers.WidgetController.GiaTriSoLuongTaiSanTheoLoaiHinhVaDonVi (GS.Web)
info: Microsoft.AspNetCore.Mvc.Internal.ControllerActionInvoker[1]
      Executing action method GS.Web.Controllers.WidgetController.GiaTriSoLuongTaiSanTheoLoaiHinhVaDonVi (GS.Web) - Validation state: Valid
info: Microsoft.EntityFrameworkCore.Infrastructure[10403]
      Entity Framework Core 2.2.6-servicing-10079 initialized 'GSObjectContext' using provider 'Oracle.EntityFrameworkCore' with options: using lazy-loading proxies 
info: Microsoft.AspNetCore.Hosting.Internal.WebHost[1]
      Request starting HTTP/1.1 GET http://localhost:62432/Home/GetTLHD  
info: Microsoft.AspNetCore.Hosting.Internal.WebHost[1]
      Request starting HTTP/1.1 GET http://localhost:62432/TaiSan/CanhBaoDuLieuTaiSan  
info: Microsoft.AspNetCore.Mvc.Internal.ControllerActionInvoker[1]
      Route matched with {action = "GetTLHD", controller = "Home"}. Executing action GS.Web.Controllers.HomeController.GetTLHD (GS.Web)
info: Microsoft.AspNetCore.Mvc.Internal.ControllerActionInvoker[1]
      Executing action method GS.Web.Controllers.HomeController.GetTLHD (GS.Web) - Validation state: Valid
info: Microsoft.EntityFrameworkCore.Database.Command[20101]
      Executed DbCommand (43ms) [Parameters=[:get_Item_0='?' (DbType = Decimal)], CommandType='Text', CommandTimeout='0']
      SELECT "e"."ID", "e"."CURRENT_DON_VI_ID", "e"."DB_ID", "e"."EMAIL", "e"."GHI_CHU", "e"."GUID", "e"."IP_TRUY_CAP", "e"."IS_QUAN_TRI", "e"."MAT_KHAU", "e"."MAT_KHAU_KEY", "e"."MA_CAN_BO", "e"."MOBILE", "e"."NGAY_TAO", "e"."NGAY_TRUY_CAP", "e"."NGUOI_TAO", "e"."NGUON_ID", "e"."PASSWORD_HASH", "e"."TEN_DANG_NHAP", "e"."TEN_DAY_DU", "e"."TMP_MAT_KHAU", "e"."TRANG_THAI_ID", "e"."UNG_DUNG"
      FROM "QL_NGUOI_DUNG" "e"
      WHERE "e"."ID" = :get_Item_0
      FETCH FIRST 1 ROWS ONLY
info: Microsoft.EntityFrameworkCore.Infrastructure[10403]
      Entity Framework Core 2.2.6-servicing-10079 initialized 'GSObjectContext' using provider 'Oracle.EntityFrameworkCore' with options: using lazy-loading proxies 
info: Microsoft.AspNetCore.Mvc.Internal.ControllerActionInvoker[1]
      Route matched with {action = "CanhBaoDuLieuTaiSan", controller = "TaiSan"}. Executing action GS.Web.Controllers.TaiSanController.CanhBaoDuLieuTaiSan (GS.Web)
info: Microsoft.EntityFrameworkCore.Database.Command[20101]
      Executed DbCommand (45ms) [Parameters=[:get_Item_0='?' (DbType = Decimal)], CommandType='Text', CommandTimeout='0']
      SELECT "e"."ID", "e"."DON_VI_ID", "e"."GIA_TRI", "e"."TEN"
      FROM "QL_CAU_HINH" "e"
      WHERE "e"."ID" = :get_Item_0
      FETCH FIRST 1 ROWS ONLY
info: Microsoft.AspNetCore.Mvc.Internal.ControllerActionInvoker[2]
      Executed action method GS.Web.Controllers.HomeController.GetTLHD (GS.Web), returned result Microsoft.AspNetCore.Mvc.JsonResult in 267.7692ms.
info: Microsoft.AspNetCore.Mvc.Formatters.Json.Internal.JsonResultExecutor[1]
      Executing JsonResult, writing value of type 'System.String'.
info: Microsoft.AspNetCore.Mvc.Internal.ControllerActionInvoker[2]
      Executed action GS.Web.Controllers.HomeController.GetTLHD (GS.Web) in 334.4206ms
info: Microsoft.AspNetCore.Hosting.Internal.WebHost[2]
      Request finished in 360.5773ms 200 application/json; charset=utf-8
info: Microsoft.EntityFrameworkCore.Database.Command[20101]
      Executed DbCommand (32ms) [Parameters=[:get_Item_0='?' (DbType = Decimal)], CommandType='Text', CommandTimeout='0']
      SELECT "e"."VAI_TRO_ID", "e"."NGUOI_DUNG_ID"
      FROM "QL_VAI_TRO_NGUOI_DUNG" "e"
      WHERE "e"."NGUOI_DUNG_ID" = :get_Item_0
info: Microsoft.AspNetCore.Mvc.Internal.ControllerActionInvoker[1]
      Executing action method GS.Web.Controllers.TaiSanController.CanhBaoDuLieuTaiSan (GS.Web) - Validation state: Valid
info: Microsoft.EntityFrameworkCore.Infrastructure[10403]
      Entity Framework Core 2.2.6-servicing-10079 initialized 'GSObjectContext' using provider 'Oracle.EntityFrameworkCore' with options: using lazy-loading proxies 
info: Microsoft.EntityFrameworkCore.Database.Command[20101]
      Executed DbCommand (40ms) [Parameters=[:get_Item_0='?' (DbType = Decimal)], CommandType='Text', CommandTimeout='0']
      SELECT "e"."ID", "e"."MA", "e"."NGAY_TAO", "e"."TEN"
      FROM "QL_VAI_TRO" "e"
      WHERE "e"."ID" = :get_Item_0
info: Microsoft.EntityFrameworkCore.Database.Command[20101]
      Executed DbCommand (320ms) [Parameters=[:get_Item_0='?' (DbType = Decimal)], CommandType='Text', CommandTimeout='0']
      SELECT "e"."ID", "e"."MA", "e"."NGAY_TAO", "e"."TEN"
      FROM "QL_VAI_TRO" "e"
      WHERE "e"."ID" = :get_Item_0
info: Microsoft.EntityFrameworkCore.Database.Command[20101]
      Executed DbCommand (37ms) [Parameters=[:get_Item_0='?' (DbType = Decimal)], CommandType='Text', CommandTimeout='0']
      SELECT "e"."ID", "e"."MA", "e"."NGAY_TAO", "e"."TEN"
      FROM "QL_VAI_TRO" "e"
      WHERE "e"."ID" = :get_Item_0
info: Microsoft.EntityFrameworkCore.Database.Command[20101]
      Executed DbCommand (174ms) [Parameters=[:partialViewName_0='?' (Size = 2000)], CommandType='Text', CommandTimeout='0']
      SELECT "c"."ID", "c"."CAU_HINH", "c"."MO_TA", "c"."PARTIAL_VIEW_NAME", "c"."TEN"
      FROM "QL_WIDGET" "c"
      WHERE "c"."PARTIAL_VIEW_NAME" = :partialViewName_0
      FETCH FIRST 1 ROWS ONLY
info: Microsoft.EntityFrameworkCore.Database.Command[20101]
      Executed DbCommand (45ms) [Parameters=[:widget_ID_0='?' (DbType = Decimal)], CommandType='Text', CommandTimeout='0']
      SELECT "c"."VAI_TRO_ID"
      FROM "QL_VAI_TRO_WIDGET" "c"
      WHERE "c"."WIDGET_ID" = :widget_ID_0
info: Microsoft.EntityFrameworkCore.Database.Command[20101]
      Executed DbCommand (48ms) [Parameters=[], CommandType='Text', CommandTimeout='0']
      SELECT "c"."ID"
      FROM "DM_DON_VI" "c"
      WHERE (CAST(LENGTH("c"."MA") AS NUMBER(10)) = 3) AND (COALESCE("c"."TRANG_THAI_ID", 0) = 1)
warn: Microsoft.EntityFrameworkCore.Query[20500]
      The LINQ expression 'Sum()' could not be translated and will be evaluated locally.
info: Microsoft.EntityFrameworkCore.Database.Command[20101]
      Executed DbCommand (142ms) [Parameters=[donvi='?' (DbType = Decimal), TBL_OUT='?' (Direction = Output) (DbType = Object)], CommandType='Text', CommandTimeout='0']
      BEGIN PK_DASHBOARD.SP_GIA_TRI_SO_LUONG_TAISAN_THEO_LOAI_HINH_VA_DON_VI( :donvi, :TBL_OUT); END;
info: Microsoft.EntityFrameworkCore.Database.Command[20101]
      Executed DbCommand (25ms) [Parameters=[:nguoiDungID_0='?' (DbType = Decimal)], CommandType='Text', CommandTimeout='0']
      SELECT DISTINCT "c"."DON_VI_ID"
      FROM "QL_NGUOI_DUNG_DON_VI" "c"
      WHERE "c"."NGUOI_DUNG_ID" = :nguoiDungID_0
warn: Microsoft.EntityFrameworkCore.Query[20500]
      The LINQ expression 'Sum()' could not be translated and will be evaluated locally.
info: Microsoft.EntityFrameworkCore.Database.Command[20101]
      Executed DbCommand (48ms) [Parameters=[donvi='?' (DbType = Decimal), TBL_OUT='?' (Direction = Output) (DbType = Object)], CommandType='Text', CommandTimeout='0']
      BEGIN PK_DASHBOARD.SP_GIA_TRI_SO_LUONG_TAISAN_THEO_LOAI_HINH_VA_DON_VI( :donvi, :TBL_OUT); END;
info: Microsoft.EntityFrameworkCore.Database.Command[20101]
      Executed DbCommand (383ms) [Parameters=[:get_Item_0='?' (DbType = Decimal)], CommandType='Text', CommandTimeout='0']
      SELECT "e"."ID", "e"."CAP_DON_VI_ID", "e"."CHE_DO_HACH_TOAN_ID", "e"."CO_TAI_SAN", "e"."CQTC_MA", "e"."DA_CO_QUYET_DINH_GIAO_VON", "e"."DB_ID", "e"."DIA_BAN_ID", "e"."DIA_CHI", "e"."DIEN_THOAI", "e"."DON_VI_HIEN_THI", "e"."FAX", "e"."HUYEN_ID", "e"."IS_TSQUAN_LY_CHU_KY_SO", "e"."IS_TSQUAN_LY_NHU_TSCD", "e"."IS_XAC_NHAN_DU_LIEU", "e"."KHONG_CHUYEN_MA", "e"."LA_BAN_QL_DU_AN", "e"."LA_DON_VI_NHAP_LIEU", "e"."LA_DON_VI_TU_CHU_TAI_CHINH", "e"."LIST_FILE_XAC_NHAN", "e"."LOAI_CAP_DON_VI_ID", "e"."LOAI_DON_VI_ID", "e"."MA", "e"."MA_BO", "e"."MA_CHUONG", "e"."MA_DIA_BAN", "e"."MA_DVQHNS", "e"."MA_HUYEN", "e"."MA_TINH", "e"."NGAY_CAP_NHAT", "e"."NGAY_QUYET_DINH", "e"."NGAY_QUYET_DINH_GIAO_VON", "e"."NGAY_TAO", "e"."NGAY_XAC_NHAN", "e"."NGUOI_CAP_NHAT_ID", "e"."NGUOI_TAO_ID", "e"."NHOM_DON_VI_ID", "e"."OLD_CAP_DON_VI_ID", "e"."PARENT_ID", "e"."SO_QUYET_DINH", "e"."SO_QUYET_DINH_GIAO_VON", "e"."TEN", "e"."TINH_ID", "e"."TRANG_THAI_DONG_BO_ID", "e"."TRANG_THAI_ID", "e"."TRANG_THAI_THAY_DOI_ID", "e"."TREE_LEVEL", "e"."TREE_NODE", "e"."XA_ID"
      FROM "DM_DON_VI" "e"
      WHERE "e"."ID" = :get_Item_0
      FETCH FIRST 1 ROWS ONLY
info: Microsoft.EntityFrameworkCore.Database.Command[20101]
      Executed DbCommand (39ms) [Parameters=[donvi='?' (DbType = Decimal), TBL_OUT='?' (Direction = Output) (DbType = Object)], CommandType='Text', CommandTimeout='0']
      BEGIN PK_DASHBOARD.SP_GIA_TRI_SO_LUONG_TAISAN_THEO_LOAI_HINH_VA_DON_VI( :donvi, :TBL_OUT); END;
info: Microsoft.EntityFrameworkCore.Database.Command[20101]
      Executed DbCommand (26ms) [Parameters=[:Ma_0='?' (Size = 2000)], CommandType='Text', CommandTimeout='0']
      SELECT "l"."GIA_TRI"
      FROM "QL_NHAN_HIEN_THI" "l"
      WHERE "l"."MA" = :Ma_0
      FETCH FIRST 1 ROWS ONLY
info: Microsoft.EntityFrameworkCore.Database.Command[20101]
      Executed DbCommand (289ms) [Parameters=[:maChuong_0='?' (Size = 2000)], CommandType='Text', CommandTimeout='0']
      SELECT COUNT(*)
      FROM "DMDC_DON_VI_NGAN_SACH" "c"
      LEFT JOIN (
          SELECT "c0".*
          FROM "DM_DON_VI" "c0"
          WHERE "c0"."MA_CHUONG" = :maChuong_0
      ) "t" ON "c"."MA" = "t"."MA_DVQHNS"
      WHERE ("c"."CHUONG" = :maChuong_0) AND "t"."ID" IS NULL
info: Microsoft.AspNetCore.Mvc.Internal.ControllerActionInvoker[2]
      Executed action method GS.Web.Controllers.TaiSanController.CanhBaoDuLieuTaiSan (GS.Web), returned result Microsoft.AspNetCore.Mvc.ViewResult in 2141.114ms.
info: Microsoft.EntityFrameworkCore.Database.Command[20101]
      Executed DbCommand (297ms) [Parameters=[:Ma_0='?' (Size = 2000)], CommandType='Text', CommandTimeout='0']
      SELECT "l"."GIA_TRI"
      FROM "QL_NHAN_HIEN_THI" "l"
      WHERE "l"."MA" = :Ma_0
      FETCH FIRST 1 ROWS ONLY
info: Microsoft.EntityFrameworkCore.Database.Command[20101]
      Executed DbCommand (103ms) [Parameters=[:Ma_0='?' (Size = 2000)], CommandType='Text', CommandTimeout='0']
      SELECT "l"."GIA_TRI"
      FROM "QL_NHAN_HIEN_THI" "l"
      WHERE "l"."MA" = :Ma_0
      FETCH FIRST 1 ROWS ONLY
info: Microsoft.EntityFrameworkCore.Database.Command[20101]
      Executed DbCommand (292ms) [Parameters=[:Ma_0='?' (Size = 2000)], CommandType='Text', CommandTimeout='0']
      SELECT "l"."GIA_TRI"
      FROM "QL_NHAN_HIEN_THI" "l"
      WHERE "l"."MA" = :Ma_0
      FETCH FIRST 1 ROWS ONLY
info: Microsoft.EntityFrameworkCore.Database.Command[20101]
      Executed DbCommand (58ms) [Parameters=[:Ma_0='?' (Size = 2000)], CommandType='Text', CommandTimeout='0']
      SELECT "l"."GIA_TRI"
      FROM "QL_NHAN_HIEN_THI" "l"
      WHERE "l"."MA" = :Ma_0
      FETCH FIRST 1 ROWS ONLY
info: Microsoft.EntityFrameworkCore.Database.Command[20101]
      Executed DbCommand (48ms) [Parameters=[:Ma_0='?' (Size = 2000)], CommandType='Text', CommandTimeout='0']
      SELECT "l"."GIA_TRI"
      FROM "QL_NHAN_HIEN_THI" "l"
      WHERE "l"."MA" = :Ma_0
      FETCH FIRST 1 ROWS ONLY
info: Microsoft.EntityFrameworkCore.Database.Command[20101]
      Executed DbCommand (40ms) [Parameters=[:Ma_0='?' (Size = 2000)], CommandType='Text', CommandTimeout='0']
      SELECT "l"."GIA_TRI"
      FROM "QL_NHAN_HIEN_THI" "l"
      WHERE "l"."MA" = :Ma_0
      FETCH FIRST 1 ROWS ONLY
info: Microsoft.AspNetCore.Mvc.ViewFeatures.ViewResultExecutor[1]
      Executing ViewResult, running view CanhBaoDuLieuTaiSan.
info: Microsoft.EntityFrameworkCore.Database.Command[20101]
      Executed DbCommand (29ms) [Parameters=[:Ma_0='?' (Size = 2000)], CommandType='Text', CommandTimeout='0']
      SELECT "l"."GIA_TRI"
      FROM "QL_NHAN_HIEN_THI" "l"
      WHERE "l"."MA" = :Ma_0
      FETCH FIRST 1 ROWS ONLY
info: Microsoft.AspNetCore.Mvc.ViewFeatures.ViewResultExecutor[4]
      Executed ViewResult - view CanhBaoDuLieuTaiSan executed in 673.1567ms.
info: Microsoft.AspNetCore.Mvc.Internal.ControllerActionInvoker[2]
      Executed action GS.Web.Controllers.TaiSanController.CanhBaoDuLieuTaiSan (GS.Web) in 3172.2667ms
info: Microsoft.AspNetCore.Hosting.Internal.WebHost[2]
      Request finished in 3307.8085ms 200 text/html; charset=utf-8
info: Microsoft.EntityFrameworkCore.Database.Command[20101]
      Executed DbCommand (206ms) [Parameters=[:Ma_0='?' (Size = 2000)], CommandType='Text', CommandTimeout='0']
      SELECT "l"."GIA_TRI"
      FROM "QL_NHAN_HIEN_THI" "l"
      WHERE "l"."MA" = :Ma_0
      FETCH FIRST 1 ROWS ONLY
info: Microsoft.EntityFrameworkCore.Database.Command[20101]
      Executed DbCommand (45ms) [Parameters=[:Ma_0='?' (Size = 2000)], CommandType='Text', CommandTimeout='0']
      SELECT "l"."GIA_TRI"
      FROM "QL_NHAN_HIEN_THI" "l"
      WHERE "l"."MA" = :Ma_0
      FETCH FIRST 1 ROWS ONLY
info: Microsoft.AspNetCore.Mvc.Internal.ControllerActionInvoker[2]
      Executed action method GS.Web.Controllers.WidgetController.GiaTriSoLuongTaiSanTheoLoaiHinhVaDonVi (GS.Web), returned result Microsoft.AspNetCore.Mvc.JsonResult in 3645.8147ms.
info: Microsoft.AspNetCore.Mvc.Formatters.Json.Internal.JsonResultExecutor[1]
      Executing JsonResult, writing value of type 'GS.Core.Domain.Common.MessageReturn'.
info: Microsoft.AspNetCore.Mvc.Internal.ControllerActionInvoker[2]
      Executed action GS.Web.Controllers.WidgetController.GiaTriSoLuongTaiSanTheoLoaiHinhVaDonVi (GS.Web) in 3720.8326ms
info: Microsoft.AspNetCore.Hosting.Internal.WebHost[2]
      Request finished in 3743.6336ms 200 application/json; charset=utf-8
info: Microsoft.AspNetCore.Hosting.Internal.WebHost[1]
      Request starting HTTP/1.1 GET http://localhost:62432/TaiSan  
info: Microsoft.AspNetCore.Mvc.Internal.ControllerActionInvoker[1]
      Route matched with {action = "NhapLieu", controller = "TaiSan"}. Executing action GS.Web.Controllers.TaiSanController.NhapLieu (GS.Web)
info: Microsoft.AspNetCore.Mvc.Internal.ControllerActionInvoker[1]
      Executing action method GS.Web.Controllers.TaiSanController.NhapLieu (GS.Web) - Validation state: Valid
info: Microsoft.AspNetCore.Mvc.Internal.ControllerActionInvoker[2]
      Executed action method GS.Web.Controllers.TaiSanController.NhapLieu (GS.Web), returned result Microsoft.AspNetCore.Mvc.ViewResult in 1.7496ms.
info: Microsoft.AspNetCore.Mvc.ViewFeatures.ViewResultExecutor[1]
      Executing ViewResult, running view NhapLieu.
info: Microsoft.EntityFrameworkCore.Infrastructure[10403]
      Entity Framework Core 2.2.6-servicing-10079 initialized 'GSObjectContext' using provider 'Oracle.EntityFrameworkCore' with options: using lazy-loading proxies 
info: Microsoft.EntityFrameworkCore.Database.Command[20101]
      Executed DbCommand (90ms) [Parameters=[:Ma_0='?' (Size = 2000)], CommandType='Text', CommandTimeout='0']
      SELECT "l"."GIA_TRI"
      FROM "QL_NHAN_HIEN_THI" "l"
      WHERE "l"."MA" = :Ma_0
      FETCH FIRST 1 ROWS ONLY
info: Microsoft.EntityFrameworkCore.Database.Command[20101]
      Executed DbCommand (16ms) [Parameters=[:nguoiDung_ID_0='?' (DbType = Decimal)], CommandType='Text', CommandTimeout='0']
      SELECT "c"."VAI_TRO_ID"
      FROM "QL_VAI_TRO_NGUOI_DUNG" "c"
      WHERE "c"."NGUOI_DUNG_ID" = :nguoiDung_ID_0
info: Microsoft.EntityFrameworkCore.Database.Command[20101]
      Executed DbCommand (54ms) [Parameters=[:Ma_0='?' (Size = 2000)], CommandType='Text', CommandTimeout='0']
      SELECT "l"."GIA_TRI"
      FROM "QL_NHAN_HIEN_THI" "l"
      WHERE "l"."MA" = :Ma_0
      FETCH FIRST 1 ROWS ONLY
info: Microsoft.EntityFrameworkCore.Database.Command[20101]
      Executed DbCommand (28ms) [Parameters=[:nguoiDung_ID_0='?' (DbType = Decimal)], CommandType='Text', CommandTimeout='0']
      SELECT "c"."VAI_TRO_ID"
      FROM "QL_VAI_TRO_NGUOI_DUNG" "c"
      WHERE "c"."NGUOI_DUNG_ID" = :nguoiDung_ID_0
info: Microsoft.EntityFrameworkCore.Database.Command[20101]
      Executed DbCommand (60ms) [Parameters=[:Ma_0='?' (Size = 2000)], CommandType='Text', CommandTimeout='0']
      SELECT "l"."GIA_TRI"
      FROM "QL_NHAN_HIEN_THI" "l"
      WHERE "l"."MA" = :Ma_0
      FETCH FIRST 1 ROWS ONLY
info: Microsoft.EntityFrameworkCore.Database.Command[20101]
      Executed DbCommand (31ms) [Parameters=[:nguoiDung_ID_0='?' (DbType = Decimal)], CommandType='Text', CommandTimeout='0']
      SELECT "c"."VAI_TRO_ID"
      FROM "QL_VAI_TRO_NGUOI_DUNG" "c"
      WHERE "c"."NGUOI_DUNG_ID" = :nguoiDung_ID_0
info: Microsoft.EntityFrameworkCore.Database.Command[20101]
      Executed DbCommand (21ms) [Parameters=[:Ma_0='?' (Size = 2000)], CommandType='Text', CommandTimeout='0']
      SELECT "l"."GIA_TRI"
      FROM "QL_NHAN_HIEN_THI" "l"
      WHERE "l"."MA" = :Ma_0
      FETCH FIRST 1 ROWS ONLY
info: Microsoft.EntityFrameworkCore.Database.Command[20101]
      Executed DbCommand (30ms) [Parameters=[:nguoiDung_ID_0='?' (DbType = Decimal)], CommandType='Text', CommandTimeout='0']
      SELECT "c"."VAI_TRO_ID"
      FROM "QL_VAI_TRO_NGUOI_DUNG" "c"
      WHERE "c"."NGUOI_DUNG_ID" = :nguoiDung_ID_0
info: Microsoft.EntityFrameworkCore.Database.Command[20101]
      Executed DbCommand (42ms) [Parameters=[:Ma_0='?' (Size = 2000)], CommandType='Text', CommandTimeout='0']
      SELECT "l"."GIA_TRI"
      FROM "QL_NHAN_HIEN_THI" "l"
      WHERE "l"."MA" = :Ma_0
      FETCH FIRST 1 ROWS ONLY
info: Microsoft.EntityFrameworkCore.Database.Command[20101]
      Executed DbCommand (112ms) [Parameters=[:nguoiDung_ID_0='?' (DbType = Decimal)], CommandType='Text', CommandTimeout='0']
      SELECT "c"."VAI_TRO_ID"
      FROM "QL_VAI_TRO_NGUOI_DUNG" "c"
      WHERE "c"."NGUOI_DUNG_ID" = :nguoiDung_ID_0
info: Microsoft.EntityFrameworkCore.Database.Command[20101]
      Executed DbCommand (54ms) [Parameters=[:Ma_0='?' (Size = 2000)], CommandType='Text', CommandTimeout='0']
      SELECT "l"."GIA_TRI"
      FROM "QL_NHAN_HIEN_THI" "l"
      WHERE "l"."MA" = :Ma_0
      FETCH FIRST 1 ROWS ONLY
info: Microsoft.EntityFrameworkCore.Database.Command[20101]
      Executed DbCommand (54ms) [Parameters=[:nguoiDung_ID_0='?' (DbType = Decimal)], CommandType='Text', CommandTimeout='0']
      SELECT "c"."VAI_TRO_ID"
      FROM "QL_VAI_TRO_NGUOI_DUNG" "c"
      WHERE "c"."NGUOI_DUNG_ID" = :nguoiDung_ID_0
info: Microsoft.EntityFrameworkCore.Database.Command[20101]
      Executed DbCommand (64ms) [Parameters=[:Ma_0='?' (Size = 2000)], CommandType='Text', CommandTimeout='0']
      SELECT "l"."GIA_TRI"
      FROM "QL_NHAN_HIEN_THI" "l"
      WHERE "l"."MA" = :Ma_0
      FETCH FIRST 1 ROWS ONLY
info: Microsoft.EntityFrameworkCore.Database.Command[20101]
      Executed DbCommand (92ms) [Parameters=[:nguoiDung_ID_0='?' (DbType = Decimal)], CommandType='Text', CommandTimeout='0']
      SELECT "c"."VAI_TRO_ID"
      FROM "QL_VAI_TRO_NGUOI_DUNG" "c"
      WHERE "c"."NGUOI_DUNG_ID" = :nguoiDung_ID_0
info: Microsoft.EntityFrameworkCore.Database.Command[20101]
      Executed DbCommand (55ms) [Parameters=[:Ma_0='?' (Size = 2000)], CommandType='Text', CommandTimeout='0']
      SELECT "l"."GIA_TRI"
      FROM "QL_NHAN_HIEN_THI" "l"
      WHERE "l"."MA" = :Ma_0
      FETCH FIRST 1 ROWS ONLY
info: Microsoft.EntityFrameworkCore.Database.Command[20101]
      Executed DbCommand (66ms) [Parameters=[:nguoiDung_ID_0='?' (DbType = Decimal)], CommandType='Text', CommandTimeout='0']
      SELECT "c"."VAI_TRO_ID"
      FROM "QL_VAI_TRO_NGUOI_DUNG" "c"
      WHERE "c"."NGUOI_DUNG_ID" = :nguoiDung_ID_0
info: Microsoft.EntityFrameworkCore.Database.Command[20101]
      Executed DbCommand (65ms) [Parameters=[:Ma_0='?' (Size = 2000)], CommandType='Text', CommandTimeout='0']
      SELECT "l"."GIA_TRI"
      FROM "QL_NHAN_HIEN_THI" "l"
      WHERE "l"."MA" = :Ma_0
      FETCH FIRST 1 ROWS ONLY
info: Microsoft.EntityFrameworkCore.Database.Command[20101]
      Executed DbCommand (41ms) [Parameters=[:nguoiDung_ID_0='?' (DbType = Decimal)], CommandType='Text', CommandTimeout='0']
      SELECT "c"."VAI_TRO_ID"
      FROM "QL_VAI_TRO_NGUOI_DUNG" "c"
      WHERE "c"."NGUOI_DUNG_ID" = :nguoiDung_ID_0
info: Microsoft.EntityFrameworkCore.Database.Command[20101]
      Executed DbCommand (26ms) [Parameters=[:Ma_0='?' (Size = 2000)], CommandType='Text', CommandTimeout='0']
      SELECT "l"."GIA_TRI"
      FROM "QL_NHAN_HIEN_THI" "l"
      WHERE "l"."MA" = :Ma_0
      FETCH FIRST 1 ROWS ONLY
info: Microsoft.EntityFrameworkCore.Database.Command[20101]
      Executed DbCommand (100ms) [Parameters=[:nguoiDung_ID_0='?' (DbType = Decimal)], CommandType='Text', CommandTimeout='0']
      SELECT "c"."VAI_TRO_ID"
      FROM "QL_VAI_TRO_NGUOI_DUNG" "c"
      WHERE "c"."NGUOI_DUNG_ID" = :nguoiDung_ID_0
info: Microsoft.EntityFrameworkCore.Database.Command[20101]
      Executed DbCommand (56ms) [Parameters=[:Ma_0='?' (Size = 2000)], CommandType='Text', CommandTimeout='0']
      SELECT "l"."GIA_TRI"
      FROM "QL_NHAN_HIEN_THI" "l"
      WHERE "l"."MA" = :Ma_0
      FETCH FIRST 1 ROWS ONLY
info: Microsoft.EntityFrameworkCore.Database.Command[20101]
      Executed DbCommand (40ms) [Parameters=[:nguoiDung_ID_0='?' (DbType = Decimal)], CommandType='Text', CommandTimeout='0']
      SELECT "c"."VAI_TRO_ID"
      FROM "QL_VAI_TRO_NGUOI_DUNG" "c"
      WHERE "c"."NGUOI_DUNG_ID" = :nguoiDung_ID_0
info: Microsoft.EntityFrameworkCore.Database.Command[20101]
      Executed DbCommand (21ms) [Parameters=[:Ma_0='?' (Size = 2000)], CommandType='Text', CommandTimeout='0']
      SELECT "l"."GIA_TRI"
      FROM "QL_NHAN_HIEN_THI" "l"
      WHERE "l"."MA" = :Ma_0
      FETCH FIRST 1 ROWS ONLY
info: Microsoft.EntityFrameworkCore.Database.Command[20101]
      Executed DbCommand (45ms) [Parameters=[:nguoiDung_ID_0='?' (DbType = Decimal)], CommandType='Text', CommandTimeout='0']
      SELECT "c"."VAI_TRO_ID"
      FROM "QL_VAI_TRO_NGUOI_DUNG" "c"
      WHERE "c"."NGUOI_DUNG_ID" = :nguoiDung_ID_0
info: Microsoft.EntityFrameworkCore.Database.Command[20101]
      Executed DbCommand (28ms) [Parameters=[:nguoiDung_ID_0='?' (DbType = Decimal)], CommandType='Text', CommandTimeout='0']
      SELECT "c"."VAI_TRO_ID"
      FROM "QL_VAI_TRO_NGUOI_DUNG" "c"
      WHERE "c"."NGUOI_DUNG_ID" = :nguoiDung_ID_0
info: Microsoft.EntityFrameworkCore.Database.Command[20101]
      Executed DbCommand (39ms) [Parameters=[:Ma_0='?' (Size = 2000)], CommandType='Text', CommandTimeout='0']
      SELECT "l"."GIA_TRI"
      FROM "QL_NHAN_HIEN_THI" "l"
      WHERE "l"."MA" = :Ma_0
      FETCH FIRST 1 ROWS ONLY
info: Microsoft.EntityFrameworkCore.Database.Command[20101]
      Executed DbCommand (38ms) [Parameters=[:nguoiDung_ID_0='?' (DbType = Decimal)], CommandType='Text', CommandTimeout='0']
      SELECT "c"."VAI_TRO_ID"
      FROM "QL_VAI_TRO_NGUOI_DUNG" "c"
      WHERE "c"."NGUOI_DUNG_ID" = :nguoiDung_ID_0
info: Microsoft.EntityFrameworkCore.Database.Command[20101]
      Executed DbCommand (18ms) [Parameters=[:Ma_0='?' (Size = 2000)], CommandType='Text', CommandTimeout='0']
      SELECT "l"."GIA_TRI"
      FROM "QL_NHAN_HIEN_THI" "l"
      WHERE "l"."MA" = :Ma_0
      FETCH FIRST 1 ROWS ONLY
info: Microsoft.EntityFrameworkCore.Database.Command[20101]
      Executed DbCommand (64ms) [Parameters=[:nguoiDung_ID_0='?' (DbType = Decimal)], CommandType='Text', CommandTimeout='0']
      SELECT "c"."VAI_TRO_ID"
      FROM "QL_VAI_TRO_NGUOI_DUNG" "c"
      WHERE "c"."NGUOI_DUNG_ID" = :nguoiDung_ID_0
info: Microsoft.EntityFrameworkCore.Database.Command[20101]
      Executed DbCommand (56ms) [Parameters=[:Ma_0='?' (Size = 2000)], CommandType='Text', CommandTimeout='0']
      SELECT "l"."GIA_TRI"
      FROM "QL_NHAN_HIEN_THI" "l"
      WHERE "l"."MA" = :Ma_0
      FETCH FIRST 1 ROWS ONLY
info: Microsoft.EntityFrameworkCore.Database.Command[20101]
      Executed DbCommand (31ms) [Parameters=[:nguoiDung_ID_0='?' (DbType = Decimal)], CommandType='Text', CommandTimeout='0']
      SELECT "c"."VAI_TRO_ID"
      FROM "QL_VAI_TRO_NGUOI_DUNG" "c"
      WHERE "c"."NGUOI_DUNG_ID" = :nguoiDung_ID_0
info: Microsoft.EntityFrameworkCore.Database.Command[20101]
      Executed DbCommand (187ms) [Parameters=[:Ma_0='?' (Size = 2000)], CommandType='Text', CommandTimeout='0']
      SELECT "l"."GIA_TRI"
      FROM "QL_NHAN_HIEN_THI" "l"
      WHERE "l"."MA" = :Ma_0
      FETCH FIRST 1 ROWS ONLY
info: Microsoft.EntityFrameworkCore.Database.Command[20101]
      Executed DbCommand (44ms) [Parameters=[:nguoiDung_ID_0='?' (DbType = Decimal)], CommandType='Text', CommandTimeout='0']
      SELECT "c"."VAI_TRO_ID"
      FROM "QL_VAI_TRO_NGUOI_DUNG" "c"
      WHERE "c"."NGUOI_DUNG_ID" = :nguoiDung_ID_0
info: Microsoft.EntityFrameworkCore.Database.Command[20101]
      Executed DbCommand (34ms) [Parameters=[:Ma_0='?' (Size = 2000)], CommandType='Text', CommandTimeout='0']
      SELECT "l"."GIA_TRI"
      FROM "QL_NHAN_HIEN_THI" "l"
      WHERE "l"."MA" = :Ma_0
      FETCH FIRST 1 ROWS ONLY
info: Microsoft.EntityFrameworkCore.Database.Command[20101]
      Executed DbCommand (303ms) [Parameters=[:nguoiDung_ID_0='?' (DbType = Decimal)], CommandType='Text', CommandTimeout='0']
      SELECT "c"."VAI_TRO_ID"
      FROM "QL_VAI_TRO_NGUOI_DUNG" "c"
      WHERE "c"."NGUOI_DUNG_ID" = :nguoiDung_ID_0
info: Microsoft.EntityFrameworkCore.Database.Command[20101]
      Executed DbCommand (176ms) [Parameters=[:Ma_0='?' (Size = 2000)], CommandType='Text', CommandTimeout='0']
      SELECT "l"."GIA_TRI"
      FROM "QL_NHAN_HIEN_THI" "l"
      WHERE "l"."MA" = :Ma_0
      FETCH FIRST 1 ROWS ONLY
info: Microsoft.EntityFrameworkCore.Database.Command[20101]
      Executed DbCommand (91ms) [Parameters=[:nguoiDung_ID_0='?' (DbType = Decimal)], CommandType='Text', CommandTimeout='0']
      SELECT "c"."VAI_TRO_ID"
      FROM "QL_VAI_TRO_NGUOI_DUNG" "c"
      WHERE "c"."NGUOI_DUNG_ID" = :nguoiDung_ID_0
info: Microsoft.EntityFrameworkCore.Database.Command[20101]
      Executed DbCommand (43ms) [Parameters=[:Ma_0='?' (Size = 2000)], CommandType='Text', CommandTimeout='0']
      SELECT "l"."GIA_TRI"
      FROM "QL_NHAN_HIEN_THI" "l"
      WHERE "l"."MA" = :Ma_0
      FETCH FIRST 1 ROWS ONLY
info: Microsoft.EntityFrameworkCore.Database.Command[20101]
      Executed DbCommand (134ms) [Parameters=[:nguoiDung_ID_0='?' (DbType = Decimal)], CommandType='Text', CommandTimeout='0']
      SELECT "c"."VAI_TRO_ID"
      FROM "QL_VAI_TRO_NGUOI_DUNG" "c"
      WHERE "c"."NGUOI_DUNG_ID" = :nguoiDung_ID_0
info: Microsoft.EntityFrameworkCore.Database.Command[20101]
      Executed DbCommand (47ms) [Parameters=[:Ma_0='?' (Size = 2000)], CommandType='Text', CommandTimeout='0']
      SELECT "l"."GIA_TRI"
      FROM "QL_NHAN_HIEN_THI" "l"
      WHERE "l"."MA" = :Ma_0
      FETCH FIRST 1 ROWS ONLY
info: Microsoft.EntityFrameworkCore.Database.Command[20101]
      Executed DbCommand (51ms) [Parameters=[:nguoiDung_ID_0='?' (DbType = Decimal)], CommandType='Text', CommandTimeout='0']
      SELECT "c"."VAI_TRO_ID"
      FROM "QL_VAI_TRO_NGUOI_DUNG" "c"
      WHERE "c"."NGUOI_DUNG_ID" = :nguoiDung_ID_0
info: Microsoft.EntityFrameworkCore.Database.Command[20101]
      Executed DbCommand (33ms) [Parameters=[:Ma_0='?' (Size = 2000)], CommandType='Text', CommandTimeout='0']
      SELECT "l"."GIA_TRI"
      FROM "QL_NHAN_HIEN_THI" "l"
      WHERE "l"."MA" = :Ma_0
      FETCH FIRST 1 ROWS ONLY
info: Microsoft.EntityFrameworkCore.Database.Command[20101]
      Executed DbCommand (36ms) [Parameters=[:nguoiDung_ID_0='?' (DbType = Decimal)], CommandType='Text', CommandTimeout='0']
      SELECT "c"."VAI_TRO_ID"
      FROM "QL_VAI_TRO_NGUOI_DUNG" "c"
      WHERE "c"."NGUOI_DUNG_ID" = :nguoiDung_ID_0
info: Microsoft.EntityFrameworkCore.Database.Command[20101]
      Executed DbCommand (52ms) [Parameters=[:Ma_0='?' (Size = 2000)], CommandType='Text', CommandTimeout='0']
      SELECT "l"."GIA_TRI"
      FROM "QL_NHAN_HIEN_THI" "l"
      WHERE "l"."MA" = :Ma_0
      FETCH FIRST 1 ROWS ONLY
info: Microsoft.EntityFrameworkCore.Database.Command[20101]
      Executed DbCommand (33ms) [Parameters=[:nguoiDung_ID_0='?' (DbType = Decimal)], CommandType='Text', CommandTimeout='0']
      SELECT "c"."VAI_TRO_ID"
      FROM "QL_VAI_TRO_NGUOI_DUNG" "c"
      WHERE "c"."NGUOI_DUNG_ID" = :nguoiDung_ID_0
info: Microsoft.EntityFrameworkCore.Database.Command[20101]
      Executed DbCommand (31ms) [Parameters=[:Ma_0='?' (Size = 2000)], CommandType='Text', CommandTimeout='0']
      SELECT "l"."GIA_TRI"
      FROM "QL_NHAN_HIEN_THI" "l"
      WHERE "l"."MA" = :Ma_0
      FETCH FIRST 1 ROWS ONLY
info: Microsoft.EntityFrameworkCore.Database.Command[20101]
      Executed DbCommand (23ms) [Parameters=[:nguoiDung_ID_0='?' (DbType = Decimal)], CommandType='Text', CommandTimeout='0']
      SELECT "c"."VAI_TRO_ID"
      FROM "QL_VAI_TRO_NGUOI_DUNG" "c"
      WHERE "c"."NGUOI_DUNG_ID" = :nguoiDung_ID_0
info: Microsoft.EntityFrameworkCore.Database.Command[20101]
      Executed DbCommand (30ms) [Parameters=[:Ma_0='?' (Size = 2000)], CommandType='Text', CommandTimeout='0']
      SELECT "l"."GIA_TRI"
      FROM "QL_NHAN_HIEN_THI" "l"
      WHERE "l"."MA" = :Ma_0
      FETCH FIRST 1 ROWS ONLY
info: Microsoft.EntityFrameworkCore.Database.Command[20101]
      Executed DbCommand (30ms) [Parameters=[:nguoiDung_ID_0='?' (DbType = Decimal)], CommandType='Text', CommandTimeout='0']
      SELECT "c"."VAI_TRO_ID"
      FROM "QL_VAI_TRO_NGUOI_DUNG" "c"
      WHERE "c"."NGUOI_DUNG_ID" = :nguoiDung_ID_0
info: Microsoft.EntityFrameworkCore.Database.Command[20101]
      Executed DbCommand (41ms) [Parameters=[:Ma_0='?' (Size = 2000)], CommandType='Text', CommandTimeout='0']
      SELECT "l"."GIA_TRI"
      FROM "QL_NHAN_HIEN_THI" "l"
      WHERE "l"."MA" = :Ma_0
      FETCH FIRST 1 ROWS ONLY
info: Microsoft.EntityFrameworkCore.Database.Command[20101]
      Executed DbCommand (42ms) [Parameters=[:nguoiDung_ID_0='?' (DbType = Decimal)], CommandType='Text', CommandTimeout='0']
      SELECT "c"."VAI_TRO_ID"
      FROM "QL_VAI_TRO_NGUOI_DUNG" "c"
      WHERE "c"."NGUOI_DUNG_ID" = :nguoiDung_ID_0
info: Microsoft.EntityFrameworkCore.Database.Command[20101]
      Executed DbCommand (32ms) [Parameters=[:Ma_0='?' (Size = 2000)], CommandType='Text', CommandTimeout='0']
      SELECT "l"."GIA_TRI"
      FROM "QL_NHAN_HIEN_THI" "l"
      WHERE "l"."MA" = :Ma_0
      FETCH FIRST 1 ROWS ONLY
info: Microsoft.EntityFrameworkCore.Database.Command[20101]
      Executed DbCommand (38ms) [Parameters=[:nguoiDung_ID_0='?' (DbType = Decimal)], CommandType='Text', CommandTimeout='0']
      SELECT "c"."VAI_TRO_ID"
      FROM "QL_VAI_TRO_NGUOI_DUNG" "c"
      WHERE "c"."NGUOI_DUNG_ID" = :nguoiDung_ID_0
info: Microsoft.EntityFrameworkCore.Database.Command[20101]
      Executed DbCommand (56ms) [Parameters=[:Ma_0='?' (Size = 2000)], CommandType='Text', CommandTimeout='0']
      SELECT "l"."GIA_TRI"
      FROM "QL_NHAN_HIEN_THI" "l"
      WHERE "l"."MA" = :Ma_0
      FETCH FIRST 1 ROWS ONLY
info: Microsoft.EntityFrameworkCore.Database.Command[20101]
      Executed DbCommand (45ms) [Parameters=[:nguoiDung_ID_0='?' (DbType = Decimal)], CommandType='Text', CommandTimeout='0']
      SELECT "c"."VAI_TRO_ID"
      FROM "QL_VAI_TRO_NGUOI_DUNG" "c"
      WHERE "c"."NGUOI_DUNG_ID" = :nguoiDung_ID_0
info: Microsoft.EntityFrameworkCore.Database.Command[20101]
      Executed DbCommand (24ms) [Parameters=[:Ma_0='?' (Size = 2000)], CommandType='Text', CommandTimeout='0']
      SELECT "l"."GIA_TRI"
      FROM "QL_NHAN_HIEN_THI" "l"
      WHERE "l"."MA" = :Ma_0
      FETCH FIRST 1 ROWS ONLY
info: Microsoft.EntityFrameworkCore.Database.Command[20101]
      Executed DbCommand (61ms) [Parameters=[:nguoiDung_ID_0='?' (DbType = Decimal)], CommandType='Text', CommandTimeout='0']
      SELECT "c"."VAI_TRO_ID"
      FROM "QL_VAI_TRO_NGUOI_DUNG" "c"
      WHERE "c"."NGUOI_DUNG_ID" = :nguoiDung_ID_0
info: Microsoft.EntityFrameworkCore.Database.Command[20101]
      Executed DbCommand (170ms) [Parameters=[:Ma_0='?' (Size = 2000)], CommandType='Text', CommandTimeout='0']
      SELECT "l"."GIA_TRI"
      FROM "QL_NHAN_HIEN_THI" "l"
      WHERE "l"."MA" = :Ma_0
      FETCH FIRST 1 ROWS ONLY
info: Microsoft.EntityFrameworkCore.Database.Command[20101]
      Executed DbCommand (73ms) [Parameters=[:nguoiDung_ID_0='?' (DbType = Decimal)], CommandType='Text', CommandTimeout='0']
      SELECT "c"."VAI_TRO_ID"
      FROM "QL_VAI_TRO_NGUOI_DUNG" "c"
      WHERE "c"."NGUOI_DUNG_ID" = :nguoiDung_ID_0
info: Microsoft.EntityFrameworkCore.Database.Command[20101]
      Executed DbCommand (89ms) [Parameters=[:Ma_0='?' (Size = 2000)], CommandType='Text', CommandTimeout='0']
      SELECT "l"."GIA_TRI"
      FROM "QL_NHAN_HIEN_THI" "l"
      WHERE "l"."MA" = :Ma_0
      FETCH FIRST 1 ROWS ONLY
info: Microsoft.EntityFrameworkCore.Database.Command[20101]
      Executed DbCommand (38ms) [Parameters=[:nguoiDung_ID_0='?' (DbType = Decimal)], CommandType='Text', CommandTimeout='0']
      SELECT "c"."VAI_TRO_ID"
      FROM "QL_VAI_TRO_NGUOI_DUNG" "c"
      WHERE "c"."NGUOI_DUNG_ID" = :nguoiDung_ID_0
info: Microsoft.EntityFrameworkCore.Database.Command[20101]
      Executed DbCommand (38ms) [Parameters=[:Ma_0='?' (Size = 2000)], CommandType='Text', CommandTimeout='0']
      SELECT "l"."GIA_TRI"
      FROM "QL_NHAN_HIEN_THI" "l"
      WHERE "l"."MA" = :Ma_0
      FETCH FIRST 1 ROWS ONLY
info: Microsoft.EntityFrameworkCore.Database.Command[20101]
      Executed DbCommand (172ms) [Parameters=[:nguoiDung_ID_0='?' (DbType = Decimal)], CommandType='Text', CommandTimeout='0']
      SELECT "c"."VAI_TRO_ID"
      FROM "QL_VAI_TRO_NGUOI_DUNG" "c"
      WHERE "c"."NGUOI_DUNG_ID" = :nguoiDung_ID_0
info: Microsoft.EntityFrameworkCore.Database.Command[20101]
      Executed DbCommand (37ms) [Parameters=[:Ma_0='?' (Size = 2000)], CommandType='Text', CommandTimeout='0']
      SELECT "l"."GIA_TRI"
      FROM "QL_NHAN_HIEN_THI" "l"
      WHERE "l"."MA" = :Ma_0
      FETCH FIRST 1 ROWS ONLY
info: Microsoft.EntityFrameworkCore.Database.Command[20101]
      Executed DbCommand (218ms) [Parameters=[:nguoiDung_ID_0='?' (DbType = Decimal)], CommandType='Text', CommandTimeout='0']
      SELECT "c"."VAI_TRO_ID"
      FROM "QL_VAI_TRO_NGUOI_DUNG" "c"
      WHERE "c"."NGUOI_DUNG_ID" = :nguoiDung_ID_0
info: Microsoft.EntityFrameworkCore.Database.Command[20101]
      Executed DbCommand (149ms) [Parameters=[:Ma_0='?' (Size = 2000)], CommandType='Text', CommandTimeout='0']
      SELECT "l"."GIA_TRI"
      FROM "QL_NHAN_HIEN_THI" "l"
      WHERE "l"."MA" = :Ma_0
      FETCH FIRST 1 ROWS ONLY
info: Microsoft.EntityFrameworkCore.Database.Command[20101]
      Executed DbCommand (42ms) [Parameters=[:nguoiDung_ID_0='?' (DbType = Decimal)], CommandType='Text', CommandTimeout='0']
      SELECT "c"."VAI_TRO_ID"
      FROM "QL_VAI_TRO_NGUOI_DUNG" "c"
      WHERE "c"."NGUOI_DUNG_ID" = :nguoiDung_ID_0
info: Microsoft.EntityFrameworkCore.Database.Command[20101]
      Executed DbCommand (96ms) [Parameters=[:Ma_0='?' (Size = 2000)], CommandType='Text', CommandTimeout='0']
      SELECT "l"."GIA_TRI"
      FROM "QL_NHAN_HIEN_THI" "l"
      WHERE "l"."MA" = :Ma_0
      FETCH FIRST 1 ROWS ONLY
info: Microsoft.EntityFrameworkCore.Database.Command[20101]
      Executed DbCommand (36ms) [Parameters=[:nguoiDung_ID_0='?' (DbType = Decimal)], CommandType='Text', CommandTimeout='0']
      SELECT "c"."VAI_TRO_ID"
      FROM "QL_VAI_TRO_NGUOI_DUNG" "c"
      WHERE "c"."NGUOI_DUNG_ID" = :nguoiDung_ID_0
info: Microsoft.EntityFrameworkCore.Database.Command[20101]
      Executed DbCommand (53ms) [Parameters=[:Ma_0='?' (Size = 2000)], CommandType='Text', CommandTimeout='0']
      SELECT "l"."GIA_TRI"
      FROM "QL_NHAN_HIEN_THI" "l"
      WHERE "l"."MA" = :Ma_0
      FETCH FIRST 1 ROWS ONLY
info: Microsoft.EntityFrameworkCore.Database.Command[20101]
      Executed DbCommand (336ms) [Parameters=[:nguoiDung_ID_0='?' (DbType = Decimal)], CommandType='Text', CommandTimeout='0']
      SELECT "c"."VAI_TRO_ID"
      FROM "QL_VAI_TRO_NGUOI_DUNG" "c"
      WHERE "c"."NGUOI_DUNG_ID" = :nguoiDung_ID_0
info: Microsoft.EntityFrameworkCore.Database.Command[20101]
      Executed DbCommand (17ms) [Parameters=[:Ma_0='?' (Size = 2000)], CommandType='Text', CommandTimeout='0']
      SELECT "l"."GIA_TRI"
      FROM "QL_NHAN_HIEN_THI" "l"
      WHERE "l"."MA" = :Ma_0
      FETCH FIRST 1 ROWS ONLY
info: Microsoft.EntityFrameworkCore.Database.Command[20101]
      Executed DbCommand (93ms) [Parameters=[:nguoiDung_ID_0='?' (DbType = Decimal)], CommandType='Text', CommandTimeout='0']
      SELECT "c"."VAI_TRO_ID"
      FROM "QL_VAI_TRO_NGUOI_DUNG" "c"
      WHERE "c"."NGUOI_DUNG_ID" = :nguoiDung_ID_0
info: Microsoft.EntityFrameworkCore.Database.Command[20101]
      Executed DbCommand (18ms) [Parameters=[:Ma_0='?' (Size = 2000)], CommandType='Text', CommandTimeout='0']
      SELECT "l"."GIA_TRI"
      FROM "QL_NHAN_HIEN_THI" "l"
      WHERE "l"."MA" = :Ma_0
      FETCH FIRST 1 ROWS ONLY
info: Microsoft.EntityFrameworkCore.Database.Command[20101]
      Executed DbCommand (63ms) [Parameters=[:nguoiDung_ID_0='?' (DbType = Decimal)], CommandType='Text', CommandTimeout='0']
      SELECT "c"."VAI_TRO_ID"
      FROM "QL_VAI_TRO_NGUOI_DUNG" "c"
      WHERE "c"."NGUOI_DUNG_ID" = :nguoiDung_ID_0
info: Microsoft.EntityFrameworkCore.Database.Command[20101]
      Executed DbCommand (53ms) [Parameters=[:Ma_0='?' (Size = 2000)], CommandType='Text', CommandTimeout='0']
      SELECT "l"."GIA_TRI"
      FROM "QL_NHAN_HIEN_THI" "l"
      WHERE "l"."MA" = :Ma_0
      FETCH FIRST 1 ROWS ONLY
info: Microsoft.EntityFrameworkCore.Database.Command[20101]
      Executed DbCommand (20ms) [Parameters=[:nguoiDung_ID_0='?' (DbType = Decimal)], CommandType='Text', CommandTimeout='0']
      SELECT "c"."VAI_TRO_ID"
      FROM "QL_VAI_TRO_NGUOI_DUNG" "c"
      WHERE "c"."NGUOI_DUNG_ID" = :nguoiDung_ID_0
info: Microsoft.EntityFrameworkCore.Database.Command[20101]
      Executed DbCommand (50ms) [Parameters=[:Ma_0='?' (Size = 2000)], CommandType='Text', CommandTimeout='0']
      SELECT "l"."GIA_TRI"
      FROM "QL_NHAN_HIEN_THI" "l"
      WHERE "l"."MA" = :Ma_0
      FETCH FIRST 1 ROWS ONLY
info: Microsoft.EntityFrameworkCore.Database.Command[20101]
      Executed DbCommand (75ms) [Parameters=[:nguoiDung_ID_0='?' (DbType = Decimal)], CommandType='Text', CommandTimeout='0']
      SELECT "c"."VAI_TRO_ID"
      FROM "QL_VAI_TRO_NGUOI_DUNG" "c"
      WHERE "c"."NGUOI_DUNG_ID" = :nguoiDung_ID_0
info: Microsoft.EntityFrameworkCore.Database.Command[20101]
      Executed DbCommand (42ms) [Parameters=[:Ma_0='?' (Size = 2000)], CommandType='Text', CommandTimeout='0']
      SELECT "l"."GIA_TRI"
      FROM "QL_NHAN_HIEN_THI" "l"
      WHERE "l"."MA" = :Ma_0
      FETCH FIRST 1 ROWS ONLY
info: Microsoft.EntityFrameworkCore.Database.Command[20101]
      Executed DbCommand (55ms) [Parameters=[:nguoiDung_ID_0='?' (DbType = Decimal)], CommandType='Text', CommandTimeout='0']
      SELECT "c"."VAI_TRO_ID"
      FROM "QL_VAI_TRO_NGUOI_DUNG" "c"
      WHERE "c"."NGUOI_DUNG_ID" = :nguoiDung_ID_0
info: Microsoft.EntityFrameworkCore.Database.Command[20101]
      Executed DbCommand (25ms) [Parameters=[:Ma_0='?' (Size = 2000)], CommandType='Text', CommandTimeout='0']
      SELECT "l"."GIA_TRI"
      FROM "QL_NHAN_HIEN_THI" "l"
      WHERE "l"."MA" = :Ma_0
      FETCH FIRST 1 ROWS ONLY
info: Microsoft.EntityFrameworkCore.Database.Command[20101]
      Executed DbCommand (50ms) [Parameters=[:nguoiDung_ID_0='?' (DbType = Decimal)], CommandType='Text', CommandTimeout='0']
      SELECT "c"."VAI_TRO_ID"
      FROM "QL_VAI_TRO_NGUOI_DUNG" "c"
      WHERE "c"."NGUOI_DUNG_ID" = :nguoiDung_ID_0
info: Microsoft.EntityFrameworkCore.Database.Command[20101]
      Executed DbCommand (54ms) [Parameters=[:Ma_0='?' (Size = 2000)], CommandType='Text', CommandTimeout='0']
      SELECT "l"."GIA_TRI"
      FROM "QL_NHAN_HIEN_THI" "l"
      WHERE "l"."MA" = :Ma_0
      FETCH FIRST 1 ROWS ONLY
info: Microsoft.EntityFrameworkCore.Database.Command[20101]
      Executed DbCommand (45ms) [Parameters=[:nguoiDung_ID_0='?' (DbType = Decimal)], CommandType='Text', CommandTimeout='0']
      SELECT "c"."VAI_TRO_ID"
      FROM "QL_VAI_TRO_NGUOI_DUNG" "c"
      WHERE "c"."NGUOI_DUNG_ID" = :nguoiDung_ID_0
info: Microsoft.EntityFrameworkCore.Database.Command[20101]
      Executed DbCommand (27ms) [Parameters=[:Ma_0='?' (Size = 2000)], CommandType='Text', CommandTimeout='0']
      SELECT "l"."GIA_TRI"
      FROM "QL_NHAN_HIEN_THI" "l"
      WHERE "l"."MA" = :Ma_0
      FETCH FIRST 1 ROWS ONLY
info: Microsoft.EntityFrameworkCore.Database.Command[20101]
      Executed DbCommand (44ms) [Parameters=[:nguoiDung_ID_0='?' (DbType = Decimal)], CommandType='Text', CommandTimeout='0']
      SELECT "c"."VAI_TRO_ID"
      FROM "QL_VAI_TRO_NGUOI_DUNG" "c"
      WHERE "c"."NGUOI_DUNG_ID" = :nguoiDung_ID_0
info: Microsoft.EntityFrameworkCore.Database.Command[20101]
      Executed DbCommand (69ms) [Parameters=[:Ma_0='?' (Size = 2000)], CommandType='Text', CommandTimeout='0']
      SELECT "l"."GIA_TRI"
      FROM "QL_NHAN_HIEN_THI" "l"
      WHERE "l"."MA" = :Ma_0
      FETCH FIRST 1 ROWS ONLY
info: Microsoft.EntityFrameworkCore.Database.Command[20101]
      Executed DbCommand (137ms) [Parameters=[:nguoiDung_ID_0='?' (DbType = Decimal)], CommandType='Text', CommandTimeout='0']
      SELECT "c"."VAI_TRO_ID"
      FROM "QL_VAI_TRO_NGUOI_DUNG" "c"
      WHERE "c"."NGUOI_DUNG_ID" = :nguoiDung_ID_0
info: Microsoft.EntityFrameworkCore.Database.Command[20101]
      Executed DbCommand (64ms) [Parameters=[:Ma_0='?' (Size = 2000)], CommandType='Text', CommandTimeout='0']
      SELECT "l"."GIA_TRI"
      FROM "QL_NHAN_HIEN_THI" "l"
      WHERE "l"."MA" = :Ma_0
      FETCH FIRST 1 ROWS ONLY
info: Microsoft.EntityFrameworkCore.Database.Command[20101]
      Executed DbCommand (37ms) [Parameters=[:nguoiDung_ID_0='?' (DbType = Decimal)], CommandType='Text', CommandTimeout='0']
      SELECT "c"."VAI_TRO_ID"
      FROM "QL_VAI_TRO_NGUOI_DUNG" "c"
      WHERE "c"."NGUOI_DUNG_ID" = :nguoiDung_ID_0
info: Microsoft.EntityFrameworkCore.Database.Command[20101]
      Executed DbCommand (142ms) [Parameters=[:Ma_0='?' (Size = 2000)], CommandType='Text', CommandTimeout='0']
      SELECT "l"."GIA_TRI"
      FROM "QL_NHAN_HIEN_THI" "l"
      WHERE "l"."MA" = :Ma_0
      FETCH FIRST 1 ROWS ONLY
info: Microsoft.EntityFrameworkCore.Database.Command[20101]
      Executed DbCommand (51ms) [Parameters=[:nguoiDung_ID_0='?' (DbType = Decimal)], CommandType='Text', CommandTimeout='0']
      SELECT "c"."VAI_TRO_ID"
      FROM "QL_VAI_TRO_NGUOI_DUNG" "c"
      WHERE "c"."NGUOI_DUNG_ID" = :nguoiDung_ID_0
info: Microsoft.EntityFrameworkCore.Database.Command[20101]
      Executed DbCommand (27ms) [Parameters=[:Ma_0='?' (Size = 2000)], CommandType='Text', CommandTimeout='0']
      SELECT "l"."GIA_TRI"
      FROM "QL_NHAN_HIEN_THI" "l"
      WHERE "l"."MA" = :Ma_0
      FETCH FIRST 1 ROWS ONLY
info: Microsoft.EntityFrameworkCore.Database.Command[20101]
      Executed DbCommand (25ms) [Parameters=[:nguoiDung_ID_0='?' (DbType = Decimal)], CommandType='Text', CommandTimeout='0']
      SELECT "c"."VAI_TRO_ID"
      FROM "QL_VAI_TRO_NGUOI_DUNG" "c"
      WHERE "c"."NGUOI_DUNG_ID" = :nguoiDung_ID_0
info: Microsoft.EntityFrameworkCore.Database.Command[20101]
      Executed DbCommand (34ms) [Parameters=[:Ma_0='?' (Size = 2000)], CommandType='Text', CommandTimeout='0']
      SELECT "l"."GIA_TRI"
      FROM "QL_NHAN_HIEN_THI" "l"
      WHERE "l"."MA" = :Ma_0
      FETCH FIRST 1 ROWS ONLY
info: Microsoft.EntityFrameworkCore.Database.Command[20101]
      Executed DbCommand (373ms) [Parameters=[:nguoiDung_ID_0='?' (DbType = Decimal)], CommandType='Text', CommandTimeout='0']
      SELECT "c"."VAI_TRO_ID"
      FROM "QL_VAI_TRO_NGUOI_DUNG" "c"
      WHERE "c"."NGUOI_DUNG_ID" = :nguoiDung_ID_0
info: Microsoft.EntityFrameworkCore.Database.Command[20101]
      Executed DbCommand (37ms) [Parameters=[:Ma_0='?' (Size = 2000)], CommandType='Text', CommandTimeout='0']
      SELECT "l"."GIA_TRI"
      FROM "QL_NHAN_HIEN_THI" "l"
      WHERE "l"."MA" = :Ma_0
      FETCH FIRST 1 ROWS ONLY
info: Microsoft.EntityFrameworkCore.Database.Command[20101]
      Executed DbCommand (57ms) [Parameters=[:nguoiDung_ID_0='?' (DbType = Decimal)], CommandType='Text', CommandTimeout='0']
      SELECT "c"."VAI_TRO_ID"
      FROM "QL_VAI_TRO_NGUOI_DUNG" "c"
      WHERE "c"."NGUOI_DUNG_ID" = :nguoiDung_ID_0
info: Microsoft.EntityFrameworkCore.Database.Command[20101]
      Executed DbCommand (19ms) [Parameters=[:Ma_0='?' (Size = 2000)], CommandType='Text', CommandTimeout='0']
      SELECT "l"."GIA_TRI"
      FROM "QL_NHAN_HIEN_THI" "l"
      WHERE "l"."MA" = :Ma_0
      FETCH FIRST 1 ROWS ONLY
info: Microsoft.EntityFrameworkCore.Database.Command[20101]
      Executed DbCommand (86ms) [Parameters=[:nguoiDung_ID_0='?' (DbType = Decimal)], CommandType='Text', CommandTimeout='0']
      SELECT "c"."VAI_TRO_ID"
      FROM "QL_VAI_TRO_NGUOI_DUNG" "c"
      WHERE "c"."NGUOI_DUNG_ID" = :nguoiDung_ID_0
info: Microsoft.EntityFrameworkCore.Database.Command[20101]
      Executed DbCommand (43ms) [Parameters=[:Ma_0='?' (Size = 2000)], CommandType='Text', CommandTimeout='0']
      SELECT "l"."GIA_TRI"
      FROM "QL_NHAN_HIEN_THI" "l"
      WHERE "l"."MA" = :Ma_0
      FETCH FIRST 1 ROWS ONLY
info: Microsoft.EntityFrameworkCore.Database.Command[20101]
      Executed DbCommand (50ms) [Parameters=[:nguoiDung_ID_0='?' (DbType = Decimal)], CommandType='Text', CommandTimeout='0']
      SELECT "c"."VAI_TRO_ID"
      FROM "QL_VAI_TRO_NGUOI_DUNG" "c"
      WHERE "c"."NGUOI_DUNG_ID" = :nguoiDung_ID_0
info: Microsoft.EntityFrameworkCore.Database.Command[20101]
      Executed DbCommand (39ms) [Parameters=[:Ma_0='?' (Size = 2000)], CommandType='Text', CommandTimeout='0']
      SELECT "l"."GIA_TRI"
      FROM "QL_NHAN_HIEN_THI" "l"
      WHERE "l"."MA" = :Ma_0
      FETCH FIRST 1 ROWS ONLY
info: Microsoft.EntityFrameworkCore.Database.Command[20101]
      Executed DbCommand (43ms) [Parameters=[:nguoiDung_ID_0='?' (DbType = Decimal)], CommandType='Text', CommandTimeout='0']
      SELECT "c"."VAI_TRO_ID"
      FROM "QL_VAI_TRO_NGUOI_DUNG" "c"
      WHERE "c"."NGUOI_DUNG_ID" = :nguoiDung_ID_0
info: Microsoft.EntityFrameworkCore.Database.Command[20101]
      Executed DbCommand (343ms) [Parameters=[:Ma_0='?' (Size = 2000)], CommandType='Text', CommandTimeout='0']
      SELECT "l"."GIA_TRI"
      FROM "QL_NHAN_HIEN_THI" "l"
      WHERE "l"."MA" = :Ma_0
      FETCH FIRST 1 ROWS ONLY
info: Microsoft.EntityFrameworkCore.Database.Command[20101]
      Executed DbCommand (29ms) [Parameters=[:nguoiDung_ID_0='?' (DbType = Decimal)], CommandType='Text', CommandTimeout='0']
      SELECT "c"."VAI_TRO_ID"
      FROM "QL_VAI_TRO_NGUOI_DUNG" "c"
      WHERE "c"."NGUOI_DUNG_ID" = :nguoiDung_ID_0
info: Microsoft.EntityFrameworkCore.Database.Command[20101]
      Executed DbCommand (56ms) [Parameters=[:Ma_0='?' (Size = 2000)], CommandType='Text', CommandTimeout='0']
      SELECT "l"."GIA_TRI"
      FROM "QL_NHAN_HIEN_THI" "l"
      WHERE "l"."MA" = :Ma_0
      FETCH FIRST 1 ROWS ONLY
info: Microsoft.EntityFrameworkCore.Database.Command[20101]
      Executed DbCommand (52ms) [Parameters=[:nguoiDung_ID_0='?' (DbType = Decimal)], CommandType='Text', CommandTimeout='0']
      SELECT "c"."VAI_TRO_ID"
      FROM "QL_VAI_TRO_NGUOI_DUNG" "c"
      WHERE "c"."NGUOI_DUNG_ID" = :nguoiDung_ID_0
info: Microsoft.EntityFrameworkCore.Database.Command[20101]
      Executed DbCommand (39ms) [Parameters=[:Ma_0='?' (Size = 2000)], CommandType='Text', CommandTimeout='0']
      SELECT "l"."GIA_TRI"
      FROM "QL_NHAN_HIEN_THI" "l"
      WHERE "l"."MA" = :Ma_0
      FETCH FIRST 1 ROWS ONLY
info: Microsoft.EntityFrameworkCore.Database.Command[20101]
      Executed DbCommand (72ms) [Parameters=[:nguoiDung_ID_0='?' (DbType = Decimal)], CommandType='Text', CommandTimeout='0']
      SELECT "c"."VAI_TRO_ID"
      FROM "QL_VAI_TRO_NGUOI_DUNG" "c"
      WHERE "c"."NGUOI_DUNG_ID" = :nguoiDung_ID_0
info: Microsoft.EntityFrameworkCore.Database.Command[20101]
      Executed DbCommand (76ms) [Parameters=[:Ma_0='?' (Size = 2000)], CommandType='Text', CommandTimeout='0']
      SELECT "l"."GIA_TRI"
      FROM "QL_NHAN_HIEN_THI" "l"
      WHERE "l"."MA" = :Ma_0
      FETCH FIRST 1 ROWS ONLY
info: Microsoft.EntityFrameworkCore.Database.Command[20101]
      Executed DbCommand (41ms) [Parameters=[:nguoiDung_ID_0='?' (DbType = Decimal)], CommandType='Text', CommandTimeout='0']
      SELECT "c"."VAI_TRO_ID"
      FROM "QL_VAI_TRO_NGUOI_DUNG" "c"
      WHERE "c"."NGUOI_DUNG_ID" = :nguoiDung_ID_0
info: Microsoft.EntityFrameworkCore.Database.Command[20101]
      Executed DbCommand (36ms) [Parameters=[:Ma_0='?' (Size = 2000)], CommandType='Text', CommandTimeout='0']
      SELECT "l"."GIA_TRI"
      FROM "QL_NHAN_HIEN_THI" "l"
      WHERE "l"."MA" = :Ma_0
      FETCH FIRST 1 ROWS ONLY
info: Microsoft.EntityFrameworkCore.Database.Command[20101]
      Executed DbCommand (328ms) [Parameters=[:nguoiDung_ID_0='?' (DbType = Decimal)], CommandType='Text', CommandTimeout='0']
      SELECT "c"."VAI_TRO_ID"
      FROM "QL_VAI_TRO_NGUOI_DUNG" "c"
      WHERE "c"."NGUOI_DUNG_ID" = :nguoiDung_ID_0
info: Microsoft.EntityFrameworkCore.Database.Command[20101]
      Executed DbCommand (38ms) [Parameters=[:Ma_0='?' (Size = 2000)], CommandType='Text', CommandTimeout='0']
      SELECT "l"."GIA_TRI"
      FROM "QL_NHAN_HIEN_THI" "l"
      WHERE "l"."MA" = :Ma_0
      FETCH FIRST 1 ROWS ONLY
info: Microsoft.EntityFrameworkCore.Database.Command[20101]
      Executed DbCommand (65ms) [Parameters=[:nguoiDung_ID_0='?' (DbType = Decimal)], CommandType='Text', CommandTimeout='0']
      SELECT "c"."VAI_TRO_ID"
      FROM "QL_VAI_TRO_NGUOI_DUNG" "c"
      WHERE "c"."NGUOI_DUNG_ID" = :nguoiDung_ID_0
info: Microsoft.EntityFrameworkCore.Database.Command[20101]
      Executed DbCommand (24ms) [Parameters=[:Ma_0='?' (Size = 2000)], CommandType='Text', CommandTimeout='0']
      SELECT "l"."GIA_TRI"
      FROM "QL_NHAN_HIEN_THI" "l"
      WHERE "l"."MA" = :Ma_0
      FETCH FIRST 1 ROWS ONLY
info: Microsoft.EntityFrameworkCore.Database.Command[20101]
      Executed DbCommand (25ms) [Parameters=[:nguoiDung_ID_0='?' (DbType = Decimal)], CommandType='Text', CommandTimeout='0']
      SELECT "c"."VAI_TRO_ID"
      FROM "QL_VAI_TRO_NGUOI_DUNG" "c"
      WHERE "c"."NGUOI_DUNG_ID" = :nguoiDung_ID_0
info: Microsoft.EntityFrameworkCore.Database.Command[20101]
      Executed DbCommand (46ms) [Parameters=[:Ma_0='?' (Size = 2000)], CommandType='Text', CommandTimeout='0']
      SELECT "l"."GIA_TRI"
      FROM "QL_NHAN_HIEN_THI" "l"
      WHERE "l"."MA" = :Ma_0
      FETCH FIRST 1 ROWS ONLY
info: Microsoft.EntityFrameworkCore.Database.Command[20101]
      Executed DbCommand (139ms) [Parameters=[:nguoiDung_ID_0='?' (DbType = Decimal)], CommandType='Text', CommandTimeout='0']
      SELECT "c"."VAI_TRO_ID"
      FROM "QL_VAI_TRO_NGUOI_DUNG" "c"
      WHERE "c"."NGUOI_DUNG_ID" = :nguoiDung_ID_0
info: Microsoft.EntityFrameworkCore.Database.Command[20101]
      Executed DbCommand (42ms) [Parameters=[:Ma_0='?' (Size = 2000)], CommandType='Text', CommandTimeout='0']
      SELECT "l"."GIA_TRI"
      FROM "QL_NHAN_HIEN_THI" "l"
      WHERE "l"."MA" = :Ma_0
      FETCH FIRST 1 ROWS ONLY
info: Microsoft.EntityFrameworkCore.Database.Command[20101]
      Executed DbCommand (21ms) [Parameters=[:nguoiDung_ID_0='?' (DbType = Decimal)], CommandType='Text', CommandTimeout='0']
      SELECT "c"."VAI_TRO_ID"
      FROM "QL_VAI_TRO_NGUOI_DUNG" "c"
      WHERE "c"."NGUOI_DUNG_ID" = :nguoiDung_ID_0
info: Microsoft.EntityFrameworkCore.Database.Command[20101]
      Executed DbCommand (79ms) [Parameters=[:donViId_0='?' (DbType = Decimal)], CommandType='Text', CommandTimeout='0']
      SELECT COUNT(*)
      FROM "DM_DON_VI" "p"
      WHERE ((("p"."PARENT_ID" = :donViId_0) AND ("p"."LA_BAN_QL_DU_AN" = 1)) OR (("p"."ID" = :donViId_0) AND ("p"."LOAI_DON_VI_ID" = 15.0))) OR (("p"."ID" = :donViId_0) AND ("p"."LA_BAN_QL_DU_AN" = 1))
info: Microsoft.EntityFrameworkCore.Database.Command[20101]
      Executed DbCommand (21ms) [Parameters=[:Ma_0='?' (Size = 2000)], CommandType='Text', CommandTimeout='0']
      SELECT "l"."GIA_TRI"
      FROM "QL_NHAN_HIEN_THI" "l"
      WHERE "l"."MA" = :Ma_0
      FETCH FIRST 1 ROWS ONLY
info: Microsoft.EntityFrameworkCore.Database.Command[20101]
      Executed DbCommand (81ms) [Parameters=[:nguoiDung_ID_0='?' (DbType = Decimal)], CommandType='Text', CommandTimeout='0']
      SELECT "c"."VAI_TRO_ID"
      FROM "QL_VAI_TRO_NGUOI_DUNG" "c"
      WHERE "c"."NGUOI_DUNG_ID" = :nguoiDung_ID_0
info: Microsoft.EntityFrameworkCore.Database.Command[20101]
      Executed DbCommand (31ms) [Parameters=[:Ma_0='?' (Size = 2000)], CommandType='Text', CommandTimeout='0']
      SELECT "l"."GIA_TRI"
      FROM "QL_NHAN_HIEN_THI" "l"
      WHERE "l"."MA" = :Ma_0
      FETCH FIRST 1 ROWS ONLY
info: Microsoft.EntityFrameworkCore.Database.Command[20101]
      Executed DbCommand (31ms) [Parameters=[:nguoiDung_ID_0='?' (DbType = Decimal)], CommandType='Text', CommandTimeout='0']
      SELECT "c"."VAI_TRO_ID"
      FROM "QL_VAI_TRO_NGUOI_DUNG" "c"
      WHERE "c"."NGUOI_DUNG_ID" = :nguoiDung_ID_0
info: Microsoft.EntityFrameworkCore.Database.Command[20101]
      Executed DbCommand (26ms) [Parameters=[:Ma_0='?' (Size = 2000)], CommandType='Text', CommandTimeout='0']
      SELECT "l"."GIA_TRI"
      FROM "QL_NHAN_HIEN_THI" "l"
      WHERE "l"."MA" = :Ma_0
      FETCH FIRST 1 ROWS ONLY
info: Microsoft.EntityFrameworkCore.Database.Command[20101]
      Executed DbCommand (50ms) [Parameters=[:nguoiDung_ID_0='?' (DbType = Decimal)], CommandType='Text', CommandTimeout='0']
      SELECT "c"."VAI_TRO_ID"
      FROM "QL_VAI_TRO_NGUOI_DUNG" "c"
      WHERE "c"."NGUOI_DUNG_ID" = :nguoiDung_ID_0
info: Microsoft.EntityFrameworkCore.Database.Command[20101]
      Executed DbCommand (122ms) [Parameters=[:Ma_0='?' (Size = 2000)], CommandType='Text', CommandTimeout='0']
      SELECT "l"."GIA_TRI"
      FROM "QL_NHAN_HIEN_THI" "l"
      WHERE "l"."MA" = :Ma_0
      FETCH FIRST 1 ROWS ONLY
info: Microsoft.EntityFrameworkCore.Database.Command[20101]
      Executed DbCommand (20ms) [Parameters=[:nguoiDung_ID_0='?' (DbType = Decimal)], CommandType='Text', CommandTimeout='0']
      SELECT "c"."VAI_TRO_ID"
      FROM "QL_VAI_TRO_NGUOI_DUNG" "c"
      WHERE "c"."NGUOI_DUNG_ID" = :nguoiDung_ID_0
info: Microsoft.EntityFrameworkCore.Database.Command[20101]
      Executed DbCommand (51ms) [Parameters=[:Ma_0='?' (Size = 2000)], CommandType='Text', CommandTimeout='0']
      SELECT "l"."GIA_TRI"
      FROM "QL_NHAN_HIEN_THI" "l"
      WHERE "l"."MA" = :Ma_0
      FETCH FIRST 1 ROWS ONLY
info: Microsoft.EntityFrameworkCore.Database.Command[20101]
      Executed DbCommand (20ms) [Parameters=[:nguoiDung_ID_0='?' (DbType = Decimal)], CommandType='Text', CommandTimeout='0']
      SELECT "c"."VAI_TRO_ID"
      FROM "QL_VAI_TRO_NGUOI_DUNG" "c"
      WHERE "c"."NGUOI_DUNG_ID" = :nguoiDung_ID_0
info: Microsoft.EntityFrameworkCore.Database.Command[20101]
      Executed DbCommand (36ms) [Parameters=[:Ma_0='?' (Size = 2000)], CommandType='Text', CommandTimeout='0']
      SELECT "l"."GIA_TRI"
      FROM "QL_NHAN_HIEN_THI" "l"
      WHERE "l"."MA" = :Ma_0
      FETCH FIRST 1 ROWS ONLY
info: Microsoft.EntityFrameworkCore.Database.Command[20101]
      Executed DbCommand (36ms) [Parameters=[:nguoiDung_ID_0='?' (DbType = Decimal)], CommandType='Text', CommandTimeout='0']
      SELECT "c"."VAI_TRO_ID"
      FROM "QL_VAI_TRO_NGUOI_DUNG" "c"
      WHERE "c"."NGUOI_DUNG_ID" = :nguoiDung_ID_0
info: Microsoft.EntityFrameworkCore.Database.Command[20101]
      Executed DbCommand (34ms) [Parameters=[:Ma_0='?' (Size = 2000)], CommandType='Text', CommandTimeout='0']
      SELECT "l"."GIA_TRI"
      FROM "QL_NHAN_HIEN_THI" "l"
      WHERE "l"."MA" = :Ma_0
      FETCH FIRST 1 ROWS ONLY
info: Microsoft.EntityFrameworkCore.Database.Command[20101]
      Executed DbCommand (32ms) [Parameters=[:nguoiDung_ID_0='?' (DbType = Decimal)], CommandType='Text', CommandTimeout='0']
      SELECT "c"."VAI_TRO_ID"
      FROM "QL_VAI_TRO_NGUOI_DUNG" "c"
      WHERE "c"."NGUOI_DUNG_ID" = :nguoiDung_ID_0
info: Microsoft.EntityFrameworkCore.Database.Command[20101]
      Executed DbCommand (126ms) [Parameters=[:Ma_0='?' (Size = 2000)], CommandType='Text', CommandTimeout='0']
      SELECT "l"."GIA_TRI"
      FROM "QL_NHAN_HIEN_THI" "l"
      WHERE "l"."MA" = :Ma_0
      FETCH FIRST 1 ROWS ONLY
info: Microsoft.EntityFrameworkCore.Database.Command[20101]
      Executed DbCommand (75ms) [Parameters=[:nguoiDung_ID_0='?' (DbType = Decimal)], CommandType='Text', CommandTimeout='0']
      SELECT "c"."VAI_TRO_ID"
      FROM "QL_VAI_TRO_NGUOI_DUNG" "c"
      WHERE "c"."NGUOI_DUNG_ID" = :nguoiDung_ID_0
info: Microsoft.EntityFrameworkCore.Database.Command[20101]
      Executed DbCommand (45ms) [Parameters=[:Ma_0='?' (Size = 2000)], CommandType='Text', CommandTimeout='0']
      SELECT "l"."GIA_TRI"
      FROM "QL_NHAN_HIEN_THI" "l"
      WHERE "l"."MA" = :Ma_0
      FETCH FIRST 1 ROWS ONLY
info: Microsoft.EntityFrameworkCore.Database.Command[20101]
      Executed DbCommand (31ms) [Parameters=[:nguoiDung_ID_0='?' (DbType = Decimal)], CommandType='Text', CommandTimeout='0']
      SELECT "c"."VAI_TRO_ID"
      FROM "QL_VAI_TRO_NGUOI_DUNG" "c"
      WHERE "c"."NGUOI_DUNG_ID" = :nguoiDung_ID_0
info: Microsoft.EntityFrameworkCore.Database.Command[20101]
      Executed DbCommand (29ms) [Parameters=[:Ma_0='?' (Size = 2000)], CommandType='Text', CommandTimeout='0']
      SELECT "l"."GIA_TRI"
      FROM "QL_NHAN_HIEN_THI" "l"
      WHERE "l"."MA" = :Ma_0
      FETCH FIRST 1 ROWS ONLY
info: Microsoft.EntityFrameworkCore.Database.Command[20101]
      Executed DbCommand (46ms) [Parameters=[:nguoiDung_ID_0='?' (DbType = Decimal)], CommandType='Text', CommandTimeout='0']
      SELECT "c"."VAI_TRO_ID"
      FROM "QL_VAI_TRO_NGUOI_DUNG" "c"
      WHERE "c"."NGUOI_DUNG_ID" = :nguoiDung_ID_0
info: Microsoft.EntityFrameworkCore.Database.Command[20101]
      Executed DbCommand (45ms) [Parameters=[:Ma_0='?' (Size = 2000)], CommandType='Text', CommandTimeout='0']
      SELECT "l"."GIA_TRI"
      FROM "QL_NHAN_HIEN_THI" "l"
      WHERE "l"."MA" = :Ma_0
      FETCH FIRST 1 ROWS ONLY
info: Microsoft.EntityFrameworkCore.Database.Command[20101]
      Executed DbCommand (40ms) [Parameters=[:nguoiDung_ID_0='?' (DbType = Decimal)], CommandType='Text', CommandTimeout='0']
      SELECT "c"."VAI_TRO_ID"
      FROM "QL_VAI_TRO_NGUOI_DUNG" "c"
      WHERE "c"."NGUOI_DUNG_ID" = :nguoiDung_ID_0
info: Microsoft.EntityFrameworkCore.Database.Command[20101]
      Executed DbCommand (41ms) [Parameters=[:Ma_0='?' (Size = 2000)], CommandType='Text', CommandTimeout='0']
      SELECT "l"."GIA_TRI"
      FROM "QL_NHAN_HIEN_THI" "l"
      WHERE "l"."MA" = :Ma_0
      FETCH FIRST 1 ROWS ONLY
info: Microsoft.EntityFrameworkCore.Database.Command[20101]
      Executed DbCommand (69ms) [Parameters=[:nguoiDung_ID_0='?' (DbType = Decimal)], CommandType='Text', CommandTimeout='0']
      SELECT "c"."VAI_TRO_ID"
      FROM "QL_VAI_TRO_NGUOI_DUNG" "c"
      WHERE "c"."NGUOI_DUNG_ID" = :nguoiDung_ID_0
info: Microsoft.EntityFrameworkCore.Database.Command[20101]
      Executed DbCommand (93ms) [Parameters=[:Ma_0='?' (Size = 2000)], CommandType='Text', CommandTimeout='0']
      SELECT "l"."GIA_TRI"
      FROM "QL_NHAN_HIEN_THI" "l"
      WHERE "l"."MA" = :Ma_0
      FETCH FIRST 1 ROWS ONLY
info: Microsoft.EntityFrameworkCore.Database.Command[20101]
      Executed DbCommand (238ms) [Parameters=[:nguoiDung_ID_0='?' (DbType = Decimal)], CommandType='Text', CommandTimeout='0']
      SELECT "c"."VAI_TRO_ID"
      FROM "QL_VAI_TRO_NGUOI_DUNG" "c"
      WHERE "c"."NGUOI_DUNG_ID" = :nguoiDung_ID_0
info: Microsoft.EntityFrameworkCore.Database.Command[20101]
      Executed DbCommand (29ms) [Parameters=[:Ma_0='?' (Size = 2000)], CommandType='Text', CommandTimeout='0']
      SELECT "l"."GIA_TRI"
      FROM "QL_NHAN_HIEN_THI" "l"
      WHERE "l"."MA" = :Ma_0
      FETCH FIRST 1 ROWS ONLY
info: Microsoft.EntityFrameworkCore.Database.Command[20101]
      Executed DbCommand (27ms) [Parameters=[:nguoiDung_ID_0='?' (DbType = Decimal)], CommandType='Text', CommandTimeout='0']
      SELECT "c"."VAI_TRO_ID"
      FROM "QL_VAI_TRO_NGUOI_DUNG" "c"
      WHERE "c"."NGUOI_DUNG_ID" = :nguoiDung_ID_0
info: Microsoft.EntityFrameworkCore.Database.Command[20101]
      Executed DbCommand (29ms) [Parameters=[:Ma_0='?' (Size = 2000)], CommandType='Text', CommandTimeout='0']
      SELECT "l"."GIA_TRI"
      FROM "QL_NHAN_HIEN_THI" "l"
      WHERE "l"."MA" = :Ma_0
      FETCH FIRST 1 ROWS ONLY
info: Microsoft.EntityFrameworkCore.Database.Command[20101]
      Executed DbCommand (50ms) [Parameters=[:nguoiDung_ID_0='?' (DbType = Decimal)], CommandType='Text', CommandTimeout='0']
      SELECT "c"."VAI_TRO_ID"
      FROM "QL_VAI_TRO_NGUOI_DUNG" "c"
      WHERE "c"."NGUOI_DUNG_ID" = :nguoiDung_ID_0
info: Microsoft.EntityFrameworkCore.Database.Command[20101]
      Executed DbCommand (64ms) [Parameters=[:Ma_0='?' (Size = 2000)], CommandType='Text', CommandTimeout='0']
      SELECT "l"."GIA_TRI"
      FROM "QL_NHAN_HIEN_THI" "l"
      WHERE "l"."MA" = :Ma_0
      FETCH FIRST 1 ROWS ONLY
info: Microsoft.EntityFrameworkCore.Database.Command[20101]
      Executed DbCommand (38ms) [Parameters=[:nguoiDung_ID_0='?' (DbType = Decimal)], CommandType='Text', CommandTimeout='0']
      SELECT "c"."VAI_TRO_ID"
      FROM "QL_VAI_TRO_NGUOI_DUNG" "c"
      WHERE "c"."NGUOI_DUNG_ID" = :nguoiDung_ID_0
info: Microsoft.EntityFrameworkCore.Database.Command[20101]
      Executed DbCommand (46ms) [Parameters=[:Ma_0='?' (Size = 2000)], CommandType='Text', CommandTimeout='0']
      SELECT "l"."GIA_TRI"
      FROM "QL_NHAN_HIEN_THI" "l"
      WHERE "l"."MA" = :Ma_0
      FETCH FIRST 1 ROWS ONLY
info: Microsoft.EntityFrameworkCore.Database.Command[20101]
      Executed DbCommand (38ms) [Parameters=[:nguoiDung_ID_0='?' (DbType = Decimal)], CommandType='Text', CommandTimeout='0']
      SELECT "c"."VAI_TRO_ID"
      FROM "QL_VAI_TRO_NGUOI_DUNG" "c"
      WHERE "c"."NGUOI_DUNG_ID" = :nguoiDung_ID_0
info: Microsoft.EntityFrameworkCore.Database.Command[20101]
      Executed DbCommand (27ms) [Parameters=[:Ma_0='?' (Size = 2000)], CommandType='Text', CommandTimeout='0']
      SELECT "l"."GIA_TRI"
      FROM "QL_NHAN_HIEN_THI" "l"
      WHERE "l"."MA" = :Ma_0
      FETCH FIRST 1 ROWS ONLY
info: Microsoft.EntityFrameworkCore.Database.Command[20101]
      Executed DbCommand (36ms) [Parameters=[:nguoiDung_ID_0='?' (DbType = Decimal)], CommandType='Text', CommandTimeout='0']
      SELECT "c"."VAI_TRO_ID"
      FROM "QL_VAI_TRO_NGUOI_DUNG" "c"
      WHERE "c"."NGUOI_DUNG_ID" = :nguoiDung_ID_0
info: Microsoft.EntityFrameworkCore.Database.Command[20101]
      Executed DbCommand (131ms) [Parameters=[:Ma_0='?' (Size = 2000)], CommandType='Text', CommandTimeout='0']
      SELECT "l"."GIA_TRI"
      FROM "QL_NHAN_HIEN_THI" "l"
      WHERE "l"."MA" = :Ma_0
      FETCH FIRST 1 ROWS ONLY
info: Microsoft.EntityFrameworkCore.Database.Command[20101]
      Executed DbCommand (125ms) [Parameters=[:nguoiDung_ID_0='?' (DbType = Decimal)], CommandType='Text', CommandTimeout='0']
      SELECT "c"."VAI_TRO_ID"
      FROM "QL_VAI_TRO_NGUOI_DUNG" "c"
      WHERE "c"."NGUOI_DUNG_ID" = :nguoiDung_ID_0
info: Microsoft.EntityFrameworkCore.Database.Command[20101]
      Executed DbCommand (39ms) [Parameters=[:Ma_0='?' (Size = 2000)], CommandType='Text', CommandTimeout='0']
      SELECT "l"."GIA_TRI"
      FROM "QL_NHAN_HIEN_THI" "l"
      WHERE "l"."MA" = :Ma_0
      FETCH FIRST 1 ROWS ONLY
info: Microsoft.EntityFrameworkCore.Database.Command[20101]
      Executed DbCommand (149ms) [Parameters=[:nguoiDung_ID_0='?' (DbType = Decimal)], CommandType='Text', CommandTimeout='0']
      SELECT "c"."VAI_TRO_ID"
      FROM "QL_VAI_TRO_NGUOI_DUNG" "c"
      WHERE "c"."NGUOI_DUNG_ID" = :nguoiDung_ID_0
info: Microsoft.EntityFrameworkCore.Database.Command[20101]
      Executed DbCommand (53ms) [Parameters=[:Ma_0='?' (Size = 2000)], CommandType='Text', CommandTimeout='0']
      SELECT "l"."GIA_TRI"
      FROM "QL_NHAN_HIEN_THI" "l"
      WHERE "l"."MA" = :Ma_0
      FETCH FIRST 1 ROWS ONLY
info: Microsoft.EntityFrameworkCore.Database.Command[20101]
      Executed DbCommand (31ms) [Parameters=[:nguoiDung_ID_0='?' (DbType = Decimal)], CommandType='Text', CommandTimeout='0']
      SELECT "c"."VAI_TRO_ID"
      FROM "QL_VAI_TRO_NGUOI_DUNG" "c"
      WHERE "c"."NGUOI_DUNG_ID" = :nguoiDung_ID_0
info: Microsoft.EntityFrameworkCore.Database.Command[20101]
      Executed DbCommand (42ms) [Parameters=[:Ma_0='?' (Size = 2000)], CommandType='Text', CommandTimeout='0']
      SELECT "l"."GIA_TRI"
      FROM "QL_NHAN_HIEN_THI" "l"
      WHERE "l"."MA" = :Ma_0
      FETCH FIRST 1 ROWS ONLY
info: Microsoft.EntityFrameworkCore.Database.Command[20101]
      Executed DbCommand (92ms) [Parameters=[:nguoiDung_ID_0='?' (DbType = Decimal)], CommandType='Text', CommandTimeout='0']
      SELECT "c"."VAI_TRO_ID"
      FROM "QL_VAI_TRO_NGUOI_DUNG" "c"
      WHERE "c"."NGUOI_DUNG_ID" = :nguoiDung_ID_0
info: Microsoft.EntityFrameworkCore.Database.Command[20101]
      Executed DbCommand (51ms) [Parameters=[:Ma_0='?' (Size = 2000)], CommandType='Text', CommandTimeout='0']
      SELECT "l"."GIA_TRI"
      FROM "QL_NHAN_HIEN_THI" "l"
      WHERE "l"."MA" = :Ma_0
      FETCH FIRST 1 ROWS ONLY
info: Microsoft.EntityFrameworkCore.Database.Command[20101]
      Executed DbCommand (27ms) [Parameters=[:nguoiDung_ID_0='?' (DbType = Decimal)], CommandType='Text', CommandTimeout='0']
      SELECT "c"."VAI_TRO_ID"
      FROM "QL_VAI_TRO_NGUOI_DUNG" "c"
      WHERE "c"."NGUOI_DUNG_ID" = :nguoiDung_ID_0
info: Microsoft.EntityFrameworkCore.Database.Command[20101]
      Executed DbCommand (29ms) [Parameters=[:Ma_0='?' (Size = 2000)], CommandType='Text', CommandTimeout='0']
      SELECT "l"."GIA_TRI"
      FROM "QL_NHAN_HIEN_THI" "l"
      WHERE "l"."MA" = :Ma_0
      FETCH FIRST 1 ROWS ONLY
info: Microsoft.EntityFrameworkCore.Database.Command[20101]
      Executed DbCommand (45ms) [Parameters=[:nguoiDung_ID_0='?' (DbType = Decimal)], CommandType='Text', CommandTimeout='0']
      SELECT "c"."VAI_TRO_ID"
      FROM "QL_VAI_TRO_NGUOI_DUNG" "c"
      WHERE "c"."NGUOI_DUNG_ID" = :nguoiDung_ID_0
info: Microsoft.EntityFrameworkCore.Database.Command[20101]
      Executed DbCommand (47ms) [Parameters=[:Ma_0='?' (Size = 2000)], CommandType='Text', CommandTimeout='0']
      SELECT "l"."GIA_TRI"
      FROM "QL_NHAN_HIEN_THI" "l"
      WHERE "l"."MA" = :Ma_0
      FETCH FIRST 1 ROWS ONLY
info: Microsoft.EntityFrameworkCore.Database.Command[20101]
      Executed DbCommand (34ms) [Parameters=[:nguoiDung_ID_0='?' (DbType = Decimal)], CommandType='Text', CommandTimeout='0']
      SELECT "c"."VAI_TRO_ID"
      FROM "QL_VAI_TRO_NGUOI_DUNG" "c"
      WHERE "c"."NGUOI_DUNG_ID" = :nguoiDung_ID_0
info: Microsoft.EntityFrameworkCore.Database.Command[20101]
      Executed DbCommand (38ms) [Parameters=[:Ma_0='?' (Size = 2000)], CommandType='Text', CommandTimeout='0']
      SELECT "l"."GIA_TRI"
      FROM "QL_NHAN_HIEN_THI" "l"
      WHERE "l"."MA" = :Ma_0
      FETCH FIRST 1 ROWS ONLY
info: Microsoft.EntityFrameworkCore.Database.Command[20101]
      Executed DbCommand (44ms) [Parameters=[:nguoiDung_ID_0='?' (DbType = Decimal)], CommandType='Text', CommandTimeout='0']
      SELECT "c"."VAI_TRO_ID"
      FROM "QL_VAI_TRO_NGUOI_DUNG" "c"
      WHERE "c"."NGUOI_DUNG_ID" = :nguoiDung_ID_0
info: Microsoft.EntityFrameworkCore.Database.Command[20101]
      Executed DbCommand (332ms) [Parameters=[:Ma_0='?' (Size = 2000)], CommandType='Text', CommandTimeout='0']
      SELECT "l"."GIA_TRI"
      FROM "QL_NHAN_HIEN_THI" "l"
      WHERE "l"."MA" = :Ma_0
      FETCH FIRST 1 ROWS ONLY
info: Microsoft.EntityFrameworkCore.Database.Command[20101]
      Executed DbCommand (41ms) [Parameters=[:nguoiDung_ID_0='?' (DbType = Decimal)], CommandType='Text', CommandTimeout='0']
      SELECT "c"."VAI_TRO_ID"
      FROM "QL_VAI_TRO_NGUOI_DUNG" "c"
      WHERE "c"."NGUOI_DUNG_ID" = :nguoiDung_ID_0
info: Microsoft.EntityFrameworkCore.Database.Command[20101]
      Executed DbCommand (318ms) [Parameters=[:Ma_0='?' (Size = 2000)], CommandType='Text', CommandTimeout='0']
      SELECT "l"."GIA_TRI"
      FROM "QL_NHAN_HIEN_THI" "l"
      WHERE "l"."MA" = :Ma_0
      FETCH FIRST 1 ROWS ONLY
info: Microsoft.EntityFrameworkCore.Database.Command[20101]
      Executed DbCommand (45ms) [Parameters=[:nguoiDung_ID_0='?' (DbType = Decimal)], CommandType='Text', CommandTimeout='0']
      SELECT "c"."VAI_TRO_ID"
      FROM "QL_VAI_TRO_NGUOI_DUNG" "c"
      WHERE "c"."NGUOI_DUNG_ID" = :nguoiDung_ID_0
info: Microsoft.EntityFrameworkCore.Database.Command[20101]
      Executed DbCommand (44ms) [Parameters=[:Ma_0='?' (Size = 2000)], CommandType='Text', CommandTimeout='0']
      SELECT "l"."GIA_TRI"
      FROM "QL_NHAN_HIEN_THI" "l"
      WHERE "l"."MA" = :Ma_0
      FETCH FIRST 1 ROWS ONLY
info: Microsoft.EntityFrameworkCore.Database.Command[20101]
      Executed DbCommand (61ms) [Parameters=[:nguoiDung_ID_0='?' (DbType = Decimal)], CommandType='Text', CommandTimeout='0']
      SELECT "c"."VAI_TRO_ID"
      FROM "QL_VAI_TRO_NGUOI_DUNG" "c"
      WHERE "c"."NGUOI_DUNG_ID" = :nguoiDung_ID_0
info: Microsoft.EntityFrameworkCore.Database.Command[20101]
      Executed DbCommand (141ms) [Parameters=[:donViId_0='?' (DbType = Decimal)], CommandType='Text', CommandTimeout='0']
      SELECT COUNT(*)
      FROM "DM_DON_VI" "p"
      WHERE ((("p"."PARENT_ID" = :donViId_0) AND ("p"."LA_BAN_QL_DU_AN" = 1)) OR (("p"."ID" = :donViId_0) AND ("p"."LOAI_DON_VI_ID" = 15.0))) OR (("p"."ID" = :donViId_0) AND ("p"."LA_BAN_QL_DU_AN" = 1))
info: Microsoft.EntityFrameworkCore.Database.Command[20101]
      Executed DbCommand (55ms) [Parameters=[:Ma_0='?' (Size = 2000)], CommandType='Text', CommandTimeout='0']
      SELECT "l"."GIA_TRI"
      FROM "QL_NHAN_HIEN_THI" "l"
      WHERE "l"."MA" = :Ma_0
      FETCH FIRST 1 ROWS ONLY
info: Microsoft.EntityFrameworkCore.Database.Command[20101]
      Executed DbCommand (49ms) [Parameters=[:nguoiDung_ID_0='?' (DbType = Decimal)], CommandType='Text', CommandTimeout='0']
      SELECT "c"."VAI_TRO_ID"
      FROM "QL_VAI_TRO_NGUOI_DUNG" "c"
      WHERE "c"."NGUOI_DUNG_ID" = :nguoiDung_ID_0
info: Microsoft.EntityFrameworkCore.Database.Command[20101]
      Executed DbCommand (88ms) [Parameters=[:donViId_0='?' (DbType = Decimal)], CommandType='Text', CommandTimeout='0']
      SELECT COUNT(*)
      FROM "DM_DON_VI" "p"
      WHERE ((("p"."PARENT_ID" = :donViId_0) AND ("p"."LA_BAN_QL_DU_AN" = 1)) OR (("p"."ID" = :donViId_0) AND ("p"."LOAI_DON_VI_ID" = 15.0))) OR (("p"."ID" = :donViId_0) AND ("p"."LA_BAN_QL_DU_AN" = 1))
info: Microsoft.EntityFrameworkCore.Database.Command[20101]
      Executed DbCommand (22ms) [Parameters=[:Ma_0='?' (Size = 2000)], CommandType='Text', CommandTimeout='0']
      SELECT "l"."GIA_TRI"
      FROM "QL_NHAN_HIEN_THI" "l"
      WHERE "l"."MA" = :Ma_0
      FETCH FIRST 1 ROWS ONLY
info: Microsoft.EntityFrameworkCore.Database.Command[20101]
      Executed DbCommand (104ms) [Parameters=[:nguoiDung_ID_0='?' (DbType = Decimal)], CommandType='Text', CommandTimeout='0']
      SELECT "c"."VAI_TRO_ID"
      FROM "QL_VAI_TRO_NGUOI_DUNG" "c"
      WHERE "c"."NGUOI_DUNG_ID" = :nguoiDung_ID_0
info: Microsoft.EntityFrameworkCore.Database.Command[20101]
      Executed DbCommand (69ms) [Parameters=[:donViId_0='?' (DbType = Decimal)], CommandType='Text', CommandTimeout='0']
      SELECT COUNT(*)
      FROM "DM_DON_VI" "p"
      WHERE ((("p"."PARENT_ID" = :donViId_0) AND ("p"."LA_BAN_QL_DU_AN" = 1)) OR (("p"."ID" = :donViId_0) AND ("p"."LOAI_DON_VI_ID" = 15.0))) OR (("p"."ID" = :donViId_0) AND ("p"."LA_BAN_QL_DU_AN" = 1))
info: Microsoft.EntityFrameworkCore.Database.Command[20101]
      Executed DbCommand (23ms) [Parameters=[:nguoiDung_ID_0='?' (DbType = Decimal)], CommandType='Text', CommandTimeout='0']
      SELECT "c"."VAI_TRO_ID"
      FROM "QL_VAI_TRO_NGUOI_DUNG" "c"
      WHERE "c"."NGUOI_DUNG_ID" = :nguoiDung_ID_0
info: Microsoft.EntityFrameworkCore.Database.Command[20101]
      Executed DbCommand (95ms) [Parameters=[:donViId_0='?' (DbType = Decimal)], CommandType='Text', CommandTimeout='0']
      SELECT COUNT(*)
      FROM "DM_DON_VI" "p"
      WHERE ((("p"."PARENT_ID" = :donViId_0) AND ("p"."LA_BAN_QL_DU_AN" = 1)) OR (("p"."ID" = :donViId_0) AND ("p"."LOAI_DON_VI_ID" = 15.0))) OR (("p"."ID" = :donViId_0) AND ("p"."LA_BAN_QL_DU_AN" = 1))
info: Microsoft.EntityFrameworkCore.Database.Command[20101]
      Executed DbCommand (22ms) [Parameters=[:nguoiDung_ID_0='?' (DbType = Decimal)], CommandType='Text', CommandTimeout='0']
      SELECT "c"."VAI_TRO_ID"
      FROM "QL_VAI_TRO_NGUOI_DUNG" "c"
      WHERE "c"."NGUOI_DUNG_ID" = :nguoiDung_ID_0
info: Microsoft.EntityFrameworkCore.Database.Command[20101]
      Executed DbCommand (76ms) [Parameters=[:donViId_0='?' (DbType = Decimal)], CommandType='Text', CommandTimeout='0']
      SELECT COUNT(*)
      FROM "DM_DON_VI" "p"
      WHERE ((("p"."PARENT_ID" = :donViId_0) AND ("p"."LA_BAN_QL_DU_AN" = 1)) OR (("p"."ID" = :donViId_0) AND ("p"."LOAI_DON_VI_ID" = 15.0))) OR (("p"."ID" = :donViId_0) AND ("p"."LA_BAN_QL_DU_AN" = 1))
info: Microsoft.EntityFrameworkCore.Database.Command[20101]
      Executed DbCommand (34ms) [Parameters=[:nguoiDung_ID_0='?' (DbType = Decimal)], CommandType='Text', CommandTimeout='0']
      SELECT "c"."VAI_TRO_ID"
      FROM "QL_VAI_TRO_NGUOI_DUNG" "c"
      WHERE "c"."NGUOI_DUNG_ID" = :nguoiDung_ID_0
info: Microsoft.EntityFrameworkCore.Database.Command[20101]
      Executed DbCommand (77ms) [Parameters=[:donViId_0='?' (DbType = Decimal)], CommandType='Text', CommandTimeout='0']
      SELECT COUNT(*)
      FROM "DM_DON_VI" "p"
      WHERE ((("p"."PARENT_ID" = :donViId_0) AND ("p"."LA_BAN_QL_DU_AN" = 1)) OR (("p"."ID" = :donViId_0) AND ("p"."LOAI_DON_VI_ID" = 15.0))) OR (("p"."ID" = :donViId_0) AND ("p"."LA_BAN_QL_DU_AN" = 1))
info: Microsoft.EntityFrameworkCore.Database.Command[20101]
      Executed DbCommand (42ms) [Parameters=[:nguoiDung_ID_0='?' (DbType = Decimal)], CommandType='Text', CommandTimeout='0']
      SELECT "c"."VAI_TRO_ID"
      FROM "QL_VAI_TRO_NGUOI_DUNG" "c"
      WHERE "c"."NGUOI_DUNG_ID" = :nguoiDung_ID_0
info: Microsoft.EntityFrameworkCore.Database.Command[20101]
      Executed DbCommand (72ms) [Parameters=[:donViId_0='?' (DbType = Decimal)], CommandType='Text', CommandTimeout='0']
      SELECT COUNT(*)
      FROM "DM_DON_VI" "p"
      WHERE ((("p"."PARENT_ID" = :donViId_0) AND ("p"."LA_BAN_QL_DU_AN" = 1)) OR (("p"."ID" = :donViId_0) AND ("p"."LOAI_DON_VI_ID" = 15.0))) OR (("p"."ID" = :donViId_0) AND ("p"."LA_BAN_QL_DU_AN" = 1))
info: Microsoft.EntityFrameworkCore.Database.Command[20101]
      Executed DbCommand (34ms) [Parameters=[:Ma_0='?' (Size = 2000)], CommandType='Text', CommandTimeout='0']
      SELECT "l"."GIA_TRI"
      FROM "QL_NHAN_HIEN_THI" "l"
      WHERE "l"."MA" = :Ma_0
      FETCH FIRST 1 ROWS ONLY
info: Microsoft.EntityFrameworkCore.Database.Command[20101]
      Executed DbCommand (31ms) [Parameters=[:nguoiDung_ID_0='?' (DbType = Decimal)], CommandType='Text', CommandTimeout='0']
      SELECT "c"."VAI_TRO_ID"
      FROM "QL_VAI_TRO_NGUOI_DUNG" "c"
      WHERE "c"."NGUOI_DUNG_ID" = :nguoiDung_ID_0
info: Microsoft.EntityFrameworkCore.Database.Command[20101]
      Executed DbCommand (36ms) [Parameters=[:Ma_0='?' (Size = 2000)], CommandType='Text', CommandTimeout='0']
      SELECT "l"."GIA_TRI"
      FROM "QL_NHAN_HIEN_THI" "l"
      WHERE "l"."MA" = :Ma_0
      FETCH FIRST 1 ROWS ONLY
info: Microsoft.EntityFrameworkCore.Database.Command[20101]
      Executed DbCommand (33ms) [Parameters=[:nguoiDung_ID_0='?' (DbType = Decimal)], CommandType='Text', CommandTimeout='0']
      SELECT "c"."VAI_TRO_ID"
      FROM "QL_VAI_TRO_NGUOI_DUNG" "c"
      WHERE "c"."NGUOI_DUNG_ID" = :nguoiDung_ID_0
info: Microsoft.EntityFrameworkCore.Database.Command[20101]
      Executed DbCommand (49ms) [Parameters=[:Ma_0='?' (Size = 2000)], CommandType='Text', CommandTimeout='0']
      SELECT "l"."GIA_TRI"
      FROM "QL_NHAN_HIEN_THI" "l"
      WHERE "l"."MA" = :Ma_0
      FETCH FIRST 1 ROWS ONLY
info: Microsoft.EntityFrameworkCore.Database.Command[20101]
      Executed DbCommand (20ms) [Parameters=[:nguoiDung_ID_0='?' (DbType = Decimal)], CommandType='Text', CommandTimeout='0']
      SELECT "c"."VAI_TRO_ID"
      FROM "QL_VAI_TRO_NGUOI_DUNG" "c"
      WHERE "c"."NGUOI_DUNG_ID" = :nguoiDung_ID_0
info: Microsoft.EntityFrameworkCore.Database.Command[20101]
      Executed DbCommand (25ms) [Parameters=[:Ma_0='?' (Size = 2000)], CommandType='Text', CommandTimeout='0']
      SELECT "l"."GIA_TRI"
      FROM "QL_NHAN_HIEN_THI" "l"
      WHERE "l"."MA" = :Ma_0
      FETCH FIRST 1 ROWS ONLY
info: Microsoft.EntityFrameworkCore.Database.Command[20101]
      Executed DbCommand (33ms) [Parameters=[:nguoiDung_ID_0='?' (DbType = Decimal)], CommandType='Text', CommandTimeout='0']
      SELECT "c"."VAI_TRO_ID"
      FROM "QL_VAI_TRO_NGUOI_DUNG" "c"
      WHERE "c"."NGUOI_DUNG_ID" = :nguoiDung_ID_0
info: Microsoft.EntityFrameworkCore.Database.Command[20101]
      Executed DbCommand (26ms) [Parameters=[:Ma_0='?' (Size = 2000)], CommandType='Text', CommandTimeout='0']
      SELECT "l"."GIA_TRI"
      FROM "QL_NHAN_HIEN_THI" "l"
      WHERE "l"."MA" = :Ma_0
      FETCH FIRST 1 ROWS ONLY
info: Microsoft.EntityFrameworkCore.Database.Command[20101]
      Executed DbCommand (24ms) [Parameters=[:nguoiDung_ID_0='?' (DbType = Decimal)], CommandType='Text', CommandTimeout='0']
      SELECT "c"."VAI_TRO_ID"
      FROM "QL_VAI_TRO_NGUOI_DUNG" "c"
      WHERE "c"."NGUOI_DUNG_ID" = :nguoiDung_ID_0
info: Microsoft.EntityFrameworkCore.Database.Command[20101]
      Executed DbCommand (33ms) [Parameters=[:Ma_0='?' (Size = 2000)], CommandType='Text', CommandTimeout='0']
      SELECT "l"."GIA_TRI"
      FROM "QL_NHAN_HIEN_THI" "l"
      WHERE "l"."MA" = :Ma_0
      FETCH FIRST 1 ROWS ONLY
info: Microsoft.EntityFrameworkCore.Database.Command[20101]
      Executed DbCommand (30ms) [Parameters=[:nguoiDung_ID_0='?' (DbType = Decimal)], CommandType='Text', CommandTimeout='0']
      SELECT "c"."VAI_TRO_ID"
      FROM "QL_VAI_TRO_NGUOI_DUNG" "c"
      WHERE "c"."NGUOI_DUNG_ID" = :nguoiDung_ID_0
info: Microsoft.EntityFrameworkCore.Database.Command[20101]
      Executed DbCommand (74ms) [Parameters=[:Ma_0='?' (Size = 2000)], CommandType='Text', CommandTimeout='0']
      SELECT "l"."GIA_TRI"
      FROM "QL_NHAN_HIEN_THI" "l"
      WHERE "l"."MA" = :Ma_0
      FETCH FIRST 1 ROWS ONLY
info: Microsoft.EntityFrameworkCore.Database.Command[20101]
      Executed DbCommand (118ms) [Parameters=[:nguoiDung_ID_0='?' (DbType = Decimal)], CommandType='Text', CommandTimeout='0']
      SELECT "c"."VAI_TRO_ID"
      FROM "QL_VAI_TRO_NGUOI_DUNG" "c"
      WHERE "c"."NGUOI_DUNG_ID" = :nguoiDung_ID_0
info: Microsoft.EntityFrameworkCore.Database.Command[20101]
      Executed DbCommand (75ms) [Parameters=[:Ma_0='?' (Size = 2000)], CommandType='Text', CommandTimeout='0']
      SELECT "l"."GIA_TRI"
      FROM "QL_NHAN_HIEN_THI" "l"
      WHERE "l"."MA" = :Ma_0
      FETCH FIRST 1 ROWS ONLY
info: Microsoft.EntityFrameworkCore.Database.Command[20101]
      Executed DbCommand (13ms) [Parameters=[:nguoiDung_ID_0='?' (DbType = Decimal)], CommandType='Text', CommandTimeout='0']
      SELECT "c"."VAI_TRO_ID"
      FROM "QL_VAI_TRO_NGUOI_DUNG" "c"
      WHERE "c"."NGUOI_DUNG_ID" = :nguoiDung_ID_0
info: Microsoft.EntityFrameworkCore.Database.Command[20101]
      Executed DbCommand (25ms) [Parameters=[:Ma_0='?' (Size = 2000)], CommandType='Text', CommandTimeout='0']
      SELECT "l"."GIA_TRI"
      FROM "QL_NHAN_HIEN_THI" "l"
      WHERE "l"."MA" = :Ma_0
      FETCH FIRST 1 ROWS ONLY
info: Microsoft.EntityFrameworkCore.Database.Command[20101]
      Executed DbCommand (20ms) [Parameters=[:nguoiDung_ID_0='?' (DbType = Decimal)], CommandType='Text', CommandTimeout='0']
      SELECT "c"."VAI_TRO_ID"
      FROM "QL_VAI_TRO_NGUOI_DUNG" "c"
      WHERE "c"."NGUOI_DUNG_ID" = :nguoiDung_ID_0
info: Microsoft.EntityFrameworkCore.Database.Command[20101]
      Executed DbCommand (33ms) [Parameters=[:Ma_0='?' (Size = 2000)], CommandType='Text', CommandTimeout='0']
      SELECT "l"."GIA_TRI"
      FROM "QL_NHAN_HIEN_THI" "l"
      WHERE "l"."MA" = :Ma_0
      FETCH FIRST 1 ROWS ONLY
info: Microsoft.EntityFrameworkCore.Database.Command[20101]
      Executed DbCommand (32ms) [Parameters=[:nguoiDung_ID_0='?' (DbType = Decimal)], CommandType='Text', CommandTimeout='0']
      SELECT "c"."VAI_TRO_ID"
      FROM "QL_VAI_TRO_NGUOI_DUNG" "c"
      WHERE "c"."NGUOI_DUNG_ID" = :nguoiDung_ID_0
info: Microsoft.EntityFrameworkCore.Database.Command[20101]
      Executed DbCommand (64ms) [Parameters=[:Ma_0='?' (Size = 2000)], CommandType='Text', CommandTimeout='0']
      SELECT "l"."GIA_TRI"
      FROM "QL_NHAN_HIEN_THI" "l"
      WHERE "l"."MA" = :Ma_0
      FETCH FIRST 1 ROWS ONLY
info: Microsoft.EntityFrameworkCore.Database.Command[20101]
      Executed DbCommand (18ms) [Parameters=[:nguoiDung_ID_0='?' (DbType = Decimal)], CommandType='Text', CommandTimeout='0']
      SELECT "c"."VAI_TRO_ID"
      FROM "QL_VAI_TRO_NGUOI_DUNG" "c"
      WHERE "c"."NGUOI_DUNG_ID" = :nguoiDung_ID_0
info: Microsoft.EntityFrameworkCore.Database.Command[20101]
      Executed DbCommand (35ms) [Parameters=[:Ma_0='?' (Size = 2000)], CommandType='Text', CommandTimeout='0']
      SELECT "l"."GIA_TRI"
      FROM "QL_NHAN_HIEN_THI" "l"
      WHERE "l"."MA" = :Ma_0
      FETCH FIRST 1 ROWS ONLY
info: Microsoft.EntityFrameworkCore.Database.Command[20101]
      Executed DbCommand (23ms) [Parameters=[:nguoiDung_ID_0='?' (DbType = Decimal)], CommandType='Text', CommandTimeout='0']
      SELECT "c"."VAI_TRO_ID"
      FROM "QL_VAI_TRO_NGUOI_DUNG" "c"
      WHERE "c"."NGUOI_DUNG_ID" = :nguoiDung_ID_0
info: Microsoft.EntityFrameworkCore.Database.Command[20101]
      Executed DbCommand (37ms) [Parameters=[:Ma_0='?' (Size = 2000)], CommandType='Text', CommandTimeout='0']
      SELECT "l"."GIA_TRI"
      FROM "QL_NHAN_HIEN_THI" "l"
      WHERE "l"."MA" = :Ma_0
      FETCH FIRST 1 ROWS ONLY
info: Microsoft.EntityFrameworkCore.Database.Command[20101]
      Executed DbCommand (55ms) [Parameters=[:nguoiDung_ID_0='?' (DbType = Decimal)], CommandType='Text', CommandTimeout='0']
      SELECT "c"."VAI_TRO_ID"
      FROM "QL_VAI_TRO_NGUOI_DUNG" "c"
      WHERE "c"."NGUOI_DUNG_ID" = :nguoiDung_ID_0
info: Microsoft.EntityFrameworkCore.Database.Command[20101]
      Executed DbCommand (19ms) [Parameters=[:Ma_0='?' (Size = 2000)], CommandType='Text', CommandTimeout='0']
      SELECT "l"."GIA_TRI"
      FROM "QL_NHAN_HIEN_THI" "l"
      WHERE "l"."MA" = :Ma_0
      FETCH FIRST 1 ROWS ONLY
info: Microsoft.EntityFrameworkCore.Database.Command[20101]
      Executed DbCommand (41ms) [Parameters=[:nguoiDung_ID_0='?' (DbType = Decimal)], CommandType='Text', CommandTimeout='0']
      SELECT "c"."VAI_TRO_ID"
      FROM "QL_VAI_TRO_NGUOI_DUNG" "c"
      WHERE "c"."NGUOI_DUNG_ID" = :nguoiDung_ID_0
info: Microsoft.EntityFrameworkCore.Database.Command[20101]
      Executed DbCommand (64ms) [Parameters=[:Ma_0='?' (Size = 2000)], CommandType='Text', CommandTimeout='0']
      SELECT "l"."GIA_TRI"
      FROM "QL_NHAN_HIEN_THI" "l"
      WHERE "l"."MA" = :Ma_0
      FETCH FIRST 1 ROWS ONLY
info: Microsoft.EntityFrameworkCore.Database.Command[20101]
      Executed DbCommand (42ms) [Parameters=[:nguoiDung_ID_0='?' (DbType = Decimal)], CommandType='Text', CommandTimeout='0']
      SELECT "c"."VAI_TRO_ID"
      FROM "QL_VAI_TRO_NGUOI_DUNG" "c"
      WHERE "c"."NGUOI_DUNG_ID" = :nguoiDung_ID_0
info: Microsoft.EntityFrameworkCore.Database.Command[20101]
      Executed DbCommand (37ms) [Parameters=[:Ma_0='?' (Size = 2000)], CommandType='Text', CommandTimeout='0']
      SELECT "l"."GIA_TRI"
      FROM "QL_NHAN_HIEN_THI" "l"
      WHERE "l"."MA" = :Ma_0
      FETCH FIRST 1 ROWS ONLY
info: Microsoft.EntityFrameworkCore.Database.Command[20101]
      Executed DbCommand (28ms) [Parameters=[:nguoiDung_ID_0='?' (DbType = Decimal)], CommandType='Text', CommandTimeout='0']
      SELECT "c"."VAI_TRO_ID"
      FROM "QL_VAI_TRO_NGUOI_DUNG" "c"
      WHERE "c"."NGUOI_DUNG_ID" = :nguoiDung_ID_0
info: Microsoft.EntityFrameworkCore.Database.Command[20101]
      Executed DbCommand (38ms) [Parameters=[:Ma_0='?' (Size = 2000)], CommandType='Text', CommandTimeout='0']
      SELECT "l"."GIA_TRI"
      FROM "QL_NHAN_HIEN_THI" "l"
      WHERE "l"."MA" = :Ma_0
      FETCH FIRST 1 ROWS ONLY
info: Microsoft.EntityFrameworkCore.Database.Command[20101]
      Executed DbCommand (94ms) [Parameters=[:nguoiDung_ID_0='?' (DbType = Decimal)], CommandType='Text', CommandTimeout='0']
      SELECT "c"."VAI_TRO_ID"
      FROM "QL_VAI_TRO_NGUOI_DUNG" "c"
      WHERE "c"."NGUOI_DUNG_ID" = :nguoiDung_ID_0
info: Microsoft.EntityFrameworkCore.Database.Command[20101]
      Executed DbCommand (22ms) [Parameters=[:Ma_0='?' (Size = 2000)], CommandType='Text', CommandTimeout='0']
      SELECT "l"."GIA_TRI"
      FROM "QL_NHAN_HIEN_THI" "l"
      WHERE "l"."MA" = :Ma_0
      FETCH FIRST 1 ROWS ONLY
info: Microsoft.EntityFrameworkCore.Database.Command[20101]
      Executed DbCommand (34ms) [Parameters=[:nguoiDung_ID_0='?' (DbType = Decimal)], CommandType='Text', CommandTimeout='0']
      SELECT "c"."VAI_TRO_ID"
      FROM "QL_VAI_TRO_NGUOI_DUNG" "c"
      WHERE "c"."NGUOI_DUNG_ID" = :nguoiDung_ID_0
info: Microsoft.EntityFrameworkCore.Database.Command[20101]
      Executed DbCommand (35ms) [Parameters=[:Ma_0='?' (Size = 2000)], CommandType='Text', CommandTimeout='0']
      SELECT "l"."GIA_TRI"
      FROM "QL_NHAN_HIEN_THI" "l"
      WHERE "l"."MA" = :Ma_0
      FETCH FIRST 1 ROWS ONLY
info: Microsoft.EntityFrameworkCore.Database.Command[20101]
      Executed DbCommand (37ms) [Parameters=[:Ma_0='?' (Size = 2000)], CommandType='Text', CommandTimeout='0']
      SELECT "l"."GIA_TRI"
      FROM "QL_NHAN_HIEN_THI" "l"
      WHERE "l"."MA" = :Ma_0
      FETCH FIRST 1 ROWS ONLY
info: Microsoft.EntityFrameworkCore.Database.Command[20101]
      Executed DbCommand (25ms) [Parameters=[:Ma_0='?' (Size = 2000)], CommandType='Text', CommandTimeout='0']
      SELECT "l"."GIA_TRI"
      FROM "QL_NHAN_HIEN_THI" "l"
      WHERE "l"."MA" = :Ma_0
      FETCH FIRST 1 ROWS ONLY
info: Microsoft.EntityFrameworkCore.Database.Command[20101]
      Executed DbCommand (37ms) [Parameters=[:Ma_0='?' (Size = 2000)], CommandType='Text', CommandTimeout='0']
      SELECT "l"."GIA_TRI"
      FROM "QL_NHAN_HIEN_THI" "l"
      WHERE "l"."MA" = :Ma_0
      FETCH FIRST 1 ROWS ONLY
info: Microsoft.EntityFrameworkCore.Database.Command[20101]
      Executed DbCommand (22ms) [Parameters=[:Ma_0='?' (Size = 2000)], CommandType='Text', CommandTimeout='0']
      SELECT "l"."GIA_TRI"
      FROM "QL_NHAN_HIEN_THI" "l"
      WHERE "l"."MA" = :Ma_0
      FETCH FIRST 1 ROWS ONLY
info: Microsoft.EntityFrameworkCore.Database.Command[20101]
      Executed DbCommand (66ms) [Parameters=[:nguoiDung_ID_0='?' (DbType = Decimal)], CommandType='Text', CommandTimeout='0']
      SELECT "c"."VAI_TRO_ID"
      FROM "QL_VAI_TRO_NGUOI_DUNG" "c"
      WHERE "c"."NGUOI_DUNG_ID" = :nguoiDung_ID_0
info: Microsoft.EntityFrameworkCore.Database.Command[20101]
      Executed DbCommand (30ms) [Parameters=[:Ma_0='?' (Size = 2000)], CommandType='Text', CommandTimeout='0']
      SELECT "l"."GIA_TRI"
      FROM "QL_NHAN_HIEN_THI" "l"
      WHERE "l"."MA" = :Ma_0
      FETCH FIRST 1 ROWS ONLY
info: Microsoft.EntityFrameworkCore.Database.Command[20101]
      Executed DbCommand (27ms) [Parameters=[:Ma_0='?' (Size = 2000)], CommandType='Text', CommandTimeout='0']
      SELECT "l"."GIA_TRI"
      FROM "QL_NHAN_HIEN_THI" "l"
      WHERE "l"."MA" = :Ma_0
      FETCH FIRST 1 ROWS ONLY
info: Microsoft.EntityFrameworkCore.Database.Command[20101]
      Executed DbCommand (30ms) [Parameters=[:Ma_0='?' (Size = 2000)], CommandType='Text', CommandTimeout='0']
      SELECT "l"."GIA_TRI"
      FROM "QL_NHAN_HIEN_THI" "l"
      WHERE "l"."MA" = :Ma_0
      FETCH FIRST 1 ROWS ONLY
info: Microsoft.EntityFrameworkCore.Database.Command[20101]
      Executed DbCommand (164ms) [Parameters=[:nguoiDung_ID_0='?' (DbType = Decimal)], CommandType='Text', CommandTimeout='0']
      SELECT "c"."VAI_TRO_ID"
      FROM "QL_VAI_TRO_NGUOI_DUNG" "c"
      WHERE "c"."NGUOI_DUNG_ID" = :nguoiDung_ID_0
info: Microsoft.EntityFrameworkCore.Database.Command[20101]
      Executed DbCommand (46ms) [Parameters=[:Ma_0='?' (Size = 2000)], CommandType='Text', CommandTimeout='0']
      SELECT "l"."GIA_TRI"
      FROM "QL_NHAN_HIEN_THI" "l"
      WHERE "l"."MA" = :Ma_0
      FETCH FIRST 1 ROWS ONLY
info: Microsoft.EntityFrameworkCore.Database.Command[20101]
      Executed DbCommand (37ms) [Parameters=[:Ma_0='?' (Size = 2000)], CommandType='Text', CommandTimeout='0']
      SELECT "l"."GIA_TRI"
      FROM "QL_NHAN_HIEN_THI" "l"
      WHERE "l"."MA" = :Ma_0
      FETCH FIRST 1 ROWS ONLY
info: Microsoft.EntityFrameworkCore.Database.Command[20101]
      Executed DbCommand (45ms) [Parameters=[:Ma_0='?' (Size = 2000)], CommandType='Text', CommandTimeout='0']
      SELECT "l"."GIA_TRI"
      FROM "QL_NHAN_HIEN_THI" "l"
      WHERE "l"."MA" = :Ma_0
      FETCH FIRST 1 ROWS ONLY
info: Microsoft.EntityFrameworkCore.Database.Command[20101]
      Executed DbCommand (49ms) [Parameters=[:nguoiDung_ID_0='?' (DbType = Decimal)], CommandType='Text', CommandTimeout='0']
      SELECT "c"."VAI_TRO_ID"
      FROM "QL_VAI_TRO_NGUOI_DUNG" "c"
      WHERE "c"."NGUOI_DUNG_ID" = :nguoiDung_ID_0
info: Microsoft.EntityFrameworkCore.Database.Command[20101]
      Executed DbCommand (175ms) [Parameters=[:Ma_0='?' (Size = 2000)], CommandType='Text', CommandTimeout='0']
      SELECT "l"."GIA_TRI"
      FROM "QL_NHAN_HIEN_THI" "l"
      WHERE "l"."MA" = :Ma_0
      FETCH FIRST 1 ROWS ONLY
info: Microsoft.EntityFrameworkCore.Database.Command[20101]
      Executed DbCommand (47ms) [Parameters=[:Ma_0='?' (Size = 2000)], CommandType='Text', CommandTimeout='0']
      SELECT "l"."GIA_TRI"
      FROM "QL_NHAN_HIEN_THI" "l"
      WHERE "l"."MA" = :Ma_0
      FETCH FIRST 1 ROWS ONLY
info: Microsoft.EntityFrameworkCore.Database.Command[20101]
      Executed DbCommand (52ms) [Parameters=[:nguoiDung_ID_0='?' (DbType = Decimal)], CommandType='Text', CommandTimeout='0']
      SELECT "c"."VAI_TRO_ID"
      FROM "QL_VAI_TRO_NGUOI_DUNG" "c"
      WHERE "c"."NGUOI_DUNG_ID" = :nguoiDung_ID_0
info: Microsoft.EntityFrameworkCore.Database.Command[20101]
      Executed DbCommand (43ms) [Parameters=[:Ma_0='?' (Size = 2000)], CommandType='Text', CommandTimeout='0']
      SELECT "l"."GIA_TRI"
      FROM "QL_NHAN_HIEN_THI" "l"
      WHERE "l"."MA" = :Ma_0
      FETCH FIRST 1 ROWS ONLY
info: Microsoft.EntityFrameworkCore.Database.Command[20101]
      Executed DbCommand (28ms) [Parameters=[:nguoiDung_ID_0='?' (DbType = Decimal)], CommandType='Text', CommandTimeout='0']
      SELECT "c"."VAI_TRO_ID"
      FROM "QL_VAI_TRO_NGUOI_DUNG" "c"
      WHERE "c"."NGUOI_DUNG_ID" = :nguoiDung_ID_0
info: Microsoft.EntityFrameworkCore.Database.Command[20101]
      Executed DbCommand (50ms) [Parameters=[:Ma_0='?' (Size = 2000)], CommandType='Text', CommandTimeout='0']
      SELECT "l"."GIA_TRI"
      FROM "QL_NHAN_HIEN_THI" "l"
      WHERE "l"."MA" = :Ma_0
      FETCH FIRST 1 ROWS ONLY
info: Microsoft.EntityFrameworkCore.Database.Command[20101]
      Executed DbCommand (67ms) [Parameters=[:nguoiDung_ID_0='?' (DbType = Decimal)], CommandType='Text', CommandTimeout='0']
      SELECT "c"."VAI_TRO_ID"
      FROM "QL_VAI_TRO_NGUOI_DUNG" "c"
      WHERE "c"."NGUOI_DUNG_ID" = :nguoiDung_ID_0
info: Microsoft.EntityFrameworkCore.Database.Command[20101]
      Executed DbCommand (57ms) [Parameters=[:Ma_0='?' (Size = 2000)], CommandType='Text', CommandTimeout='0']
      SELECT "l"."GIA_TRI"
      FROM "QL_NHAN_HIEN_THI" "l"
      WHERE "l"."MA" = :Ma_0
      FETCH FIRST 1 ROWS ONLY
info: Microsoft.EntityFrameworkCore.Database.Command[20101]
      Executed DbCommand (32ms) [Parameters=[:nguoiDung_ID_0='?' (DbType = Decimal)], CommandType='Text', CommandTimeout='0']
      SELECT "c"."VAI_TRO_ID"
      FROM "QL_VAI_TRO_NGUOI_DUNG" "c"
      WHERE "c"."NGUOI_DUNG_ID" = :nguoiDung_ID_0
info: Microsoft.EntityFrameworkCore.Database.Command[20101]
      Executed DbCommand (25ms) [Parameters=[:Ma_0='?' (Size = 2000)], CommandType='Text', CommandTimeout='0']
      SELECT "l"."GIA_TRI"
      FROM "QL_NHAN_HIEN_THI" "l"
      WHERE "l"."MA" = :Ma_0
      FETCH FIRST 1 ROWS ONLY
info: Microsoft.EntityFrameworkCore.Database.Command[20101]
      Executed DbCommand (25ms) [Parameters=[:nguoiDung_ID_0='?' (DbType = Decimal)], CommandType='Text', CommandTimeout='0']
      SELECT "c"."VAI_TRO_ID"
      FROM "QL_VAI_TRO_NGUOI_DUNG" "c"
      WHERE "c"."NGUOI_DUNG_ID" = :nguoiDung_ID_0
info: Microsoft.EntityFrameworkCore.Database.Command[20101]
      Executed DbCommand (33ms) [Parameters=[:Ma_0='?' (Size = 2000)], CommandType='Text', CommandTimeout='0']
      SELECT "l"."GIA_TRI"
      FROM "QL_NHAN_HIEN_THI" "l"
      WHERE "l"."MA" = :Ma_0
      FETCH FIRST 1 ROWS ONLY
info: Microsoft.EntityFrameworkCore.Database.Command[20101]
      Executed DbCommand (31ms) [Parameters=[:nguoiDung_ID_0='?' (DbType = Decimal)], CommandType='Text', CommandTimeout='0']
      SELECT "c"."VAI_TRO_ID"
      FROM "QL_VAI_TRO_NGUOI_DUNG" "c"
      WHERE "c"."NGUOI_DUNG_ID" = :nguoiDung_ID_0
info: Microsoft.EntityFrameworkCore.Database.Command[20101]
      Executed DbCommand (23ms) [Parameters=[:Ma_0='?' (Size = 2000)], CommandType='Text', CommandTimeout='0']
      SELECT "l"."GIA_TRI"
      FROM "QL_NHAN_HIEN_THI" "l"
      WHERE "l"."MA" = :Ma_0
      FETCH FIRST 1 ROWS ONLY
info: Microsoft.EntityFrameworkCore.Database.Command[20101]
      Executed DbCommand (35ms) [Parameters=[:Ma_0='?' (Size = 2000)], CommandType='Text', CommandTimeout='0']
      SELECT "l"."GIA_TRI"
      FROM "QL_NHAN_HIEN_THI" "l"
      WHERE "l"."MA" = :Ma_0
      FETCH FIRST 1 ROWS ONLY
info: Microsoft.EntityFrameworkCore.Database.Command[20101]
      Executed DbCommand (37ms) [Parameters=[:Ma_0='?' (Size = 2000)], CommandType='Text', CommandTimeout='0']
      SELECT "l"."GIA_TRI"
      FROM "QL_NHAN_HIEN_THI" "l"
      WHERE "l"."MA" = :Ma_0
      FETCH FIRST 1 ROWS ONLY
info: Microsoft.EntityFrameworkCore.Database.Command[20101]
      Executed DbCommand (26ms) [Parameters=[:Ma_0='?' (Size = 2000)], CommandType='Text', CommandTimeout='0']
      SELECT "l"."GIA_TRI"
      FROM "QL_NHAN_HIEN_THI" "l"
      WHERE "l"."MA" = :Ma_0
      FETCH FIRST 1 ROWS ONLY
info: Microsoft.EntityFrameworkCore.Database.Command[20101]
      Executed DbCommand (26ms) [Parameters=[:nguoiDung_ID_0='?' (DbType = Decimal)], CommandType='Text', CommandTimeout='0']
      SELECT "c"."VAI_TRO_ID"
      FROM "QL_VAI_TRO_NGUOI_DUNG" "c"
      WHERE "c"."NGUOI_DUNG_ID" = :nguoiDung_ID_0
info: Microsoft.EntityFrameworkCore.Database.Command[20101]
      Executed DbCommand (43ms) [Parameters=[:Ma_0='?' (Size = 2000)], CommandType='Text', CommandTimeout='0']
      SELECT "l"."GIA_TRI"
      FROM "QL_NHAN_HIEN_THI" "l"
      WHERE "l"."MA" = :Ma_0
      FETCH FIRST 1 ROWS ONLY
info: Microsoft.EntityFrameworkCore.Database.Command[20101]
      Executed DbCommand (18ms) [Parameters=[:nguoiDung_ID_0='?' (DbType = Decimal)], CommandType='Text', CommandTimeout='0']
      SELECT "c"."VAI_TRO_ID"
      FROM "QL_VAI_TRO_NGUOI_DUNG" "c"
      WHERE "c"."NGUOI_DUNG_ID" = :nguoiDung_ID_0
info: Microsoft.EntityFrameworkCore.Database.Command[20101]
      Executed DbCommand (33ms) [Parameters=[:Ma_0='?' (Size = 2000)], CommandType='Text', CommandTimeout='0']
      SELECT "l"."GIA_TRI"
      FROM "QL_NHAN_HIEN_THI" "l"
      WHERE "l"."MA" = :Ma_0
      FETCH FIRST 1 ROWS ONLY
info: Microsoft.EntityFrameworkCore.Database.Command[20101]
      Executed DbCommand (75ms) [Parameters=[:nguoiDung_ID_0='?' (DbType = Decimal)], CommandType='Text', CommandTimeout='0']
      SELECT "c"."VAI_TRO_ID"
      FROM "QL_VAI_TRO_NGUOI_DUNG" "c"
      WHERE "c"."NGUOI_DUNG_ID" = :nguoiDung_ID_0
info: Microsoft.EntityFrameworkCore.Database.Command[20101]
      Executed DbCommand (49ms) [Parameters=[:Ma_0='?' (Size = 2000)], CommandType='Text', CommandTimeout='0']
      SELECT "l"."GIA_TRI"
      FROM "QL_NHAN_HIEN_THI" "l"
      WHERE "l"."MA" = :Ma_0
      FETCH FIRST 1 ROWS ONLY
info: Microsoft.EntityFrameworkCore.Database.Command[20101]
      Executed DbCommand (27ms) [Parameters=[:nguoiDung_ID_0='?' (DbType = Decimal)], CommandType='Text', CommandTimeout='0']
      SELECT "c"."VAI_TRO_ID"
      FROM "QL_VAI_TRO_NGUOI_DUNG" "c"
      WHERE "c"."NGUOI_DUNG_ID" = :nguoiDung_ID_0
info: Microsoft.EntityFrameworkCore.Database.Command[20101]
      Executed DbCommand (75ms) [Parameters=[:Ma_0='?' (Size = 2000)], CommandType='Text', CommandTimeout='0']
      SELECT "l"."GIA_TRI"
      FROM "QL_NHAN_HIEN_THI" "l"
      WHERE "l"."MA" = :Ma_0
      FETCH FIRST 1 ROWS ONLY
info: Microsoft.EntityFrameworkCore.Database.Command[20101]
      Executed DbCommand (141ms) [Parameters=[:nguoiDung_ID_0='?' (DbType = Decimal)], CommandType='Text', CommandTimeout='0']
      SELECT "c"."VAI_TRO_ID"
      FROM "QL_VAI_TRO_NGUOI_DUNG" "c"
      WHERE "c"."NGUOI_DUNG_ID" = :nguoiDung_ID_0
info: Microsoft.EntityFrameworkCore.Database.Command[20101]
      Executed DbCommand (31ms) [Parameters=[:Ma_0='?' (Size = 2000)], CommandType='Text', CommandTimeout='0']
      SELECT "l"."GIA_TRI"
      FROM "QL_NHAN_HIEN_THI" "l"
      WHERE "l"."MA" = :Ma_0
      FETCH FIRST 1 ROWS ONLY
info: Microsoft.EntityFrameworkCore.Database.Command[20101]
      Executed DbCommand (30ms) [Parameters=[:nguoiDung_ID_0='?' (DbType = Decimal)], CommandType='Text', CommandTimeout='0']
      SELECT "c"."VAI_TRO_ID"
      FROM "QL_VAI_TRO_NGUOI_DUNG" "c"
      WHERE "c"."NGUOI_DUNG_ID" = :nguoiDung_ID_0
info: Microsoft.EntityFrameworkCore.Database.Command[20101]
      Executed DbCommand (30ms) [Parameters=[:Ma_0='?' (Size = 2000)], CommandType='Text', CommandTimeout='0']
      SELECT "l"."GIA_TRI"
      FROM "QL_NHAN_HIEN_THI" "l"
      WHERE "l"."MA" = :Ma_0
      FETCH FIRST 1 ROWS ONLY
info: Microsoft.EntityFrameworkCore.Database.Command[20101]
      Executed DbCommand (26ms) [Parameters=[:nguoiDung_ID_0='?' (DbType = Decimal)], CommandType='Text', CommandTimeout='0']
      SELECT "c"."VAI_TRO_ID"
      FROM "QL_VAI_TRO_NGUOI_DUNG" "c"
      WHERE "c"."NGUOI_DUNG_ID" = :nguoiDung_ID_0
info: Microsoft.EntityFrameworkCore.Database.Command[20101]
      Executed DbCommand (27ms) [Parameters=[:Ma_0='?' (Size = 2000)], CommandType='Text', CommandTimeout='0']
      SELECT "l"."GIA_TRI"
      FROM "QL_NHAN_HIEN_THI" "l"
      WHERE "l"."MA" = :Ma_0
      FETCH FIRST 1 ROWS ONLY
info: Microsoft.EntityFrameworkCore.Database.Command[20101]
      Executed DbCommand (52ms) [Parameters=[:nguoiDung_ID_0='?' (DbType = Decimal)], CommandType='Text', CommandTimeout='0']
      SELECT "c"."VAI_TRO_ID"
      FROM "QL_VAI_TRO_NGUOI_DUNG" "c"
      WHERE "c"."NGUOI_DUNG_ID" = :nguoiDung_ID_0
info: Microsoft.EntityFrameworkCore.Database.Command[20101]
      Executed DbCommand (39ms) [Parameters=[:Ma_0='?' (Size = 2000)], CommandType='Text', CommandTimeout='0']
      SELECT "l"."GIA_TRI"
      FROM "QL_NHAN_HIEN_THI" "l"
      WHERE "l"."MA" = :Ma_0
      FETCH FIRST 1 ROWS ONLY
info: Microsoft.EntityFrameworkCore.Database.Command[20101]
      Executed DbCommand (362ms) [Parameters=[:nguoiDung_ID_0='?' (DbType = Decimal)], CommandType='Text', CommandTimeout='0']
      SELECT "c"."VAI_TRO_ID"
      FROM "QL_VAI_TRO_NGUOI_DUNG" "c"
      WHERE "c"."NGUOI_DUNG_ID" = :nguoiDung_ID_0
info: Microsoft.EntityFrameworkCore.Database.Command[20101]
      Executed DbCommand (55ms) [Parameters=[:Ma_0='?' (Size = 2000)], CommandType='Text', CommandTimeout='0']
      SELECT "l"."GIA_TRI"
      FROM "QL_NHAN_HIEN_THI" "l"
      WHERE "l"."MA" = :Ma_0
      FETCH FIRST 1 ROWS ONLY
info: Microsoft.EntityFrameworkCore.Database.Command[20101]
      Executed DbCommand (76ms) [Parameters=[:nguoiDung_ID_0='?' (DbType = Decimal)], CommandType='Text', CommandTimeout='0']
      SELECT "c"."VAI_TRO_ID"
      FROM "QL_VAI_TRO_NGUOI_DUNG" "c"
      WHERE "c"."NGUOI_DUNG_ID" = :nguoiDung_ID_0
info: Microsoft.EntityFrameworkCore.Database.Command[20101]
      Executed DbCommand (388ms) [Parameters=[:Ma_0='?' (Size = 2000)], CommandType='Text', CommandTimeout='0']
      SELECT "l"."GIA_TRI"
      FROM "QL_NHAN_HIEN_THI" "l"
      WHERE "l"."MA" = :Ma_0
      FETCH FIRST 1 ROWS ONLY
info: Microsoft.EntityFrameworkCore.Database.Command[20101]
      Executed DbCommand (30ms) [Parameters=[:nguoiDung_ID_0='?' (DbType = Decimal)], CommandType='Text', CommandTimeout='0']
      SELECT "c"."VAI_TRO_ID"
      FROM "QL_VAI_TRO_NGUOI_DUNG" "c"
      WHERE "c"."NGUOI_DUNG_ID" = :nguoiDung_ID_0
info: Microsoft.EntityFrameworkCore.Database.Command[20101]
      Executed DbCommand (76ms) [Parameters=[:Ma_0='?' (Size = 2000)], CommandType='Text', CommandTimeout='0']
      SELECT "l"."GIA_TRI"
      FROM "QL_NHAN_HIEN_THI" "l"
      WHERE "l"."MA" = :Ma_0
      FETCH FIRST 1 ROWS ONLY
info: Microsoft.EntityFrameworkCore.Database.Command[20101]
      Executed DbCommand (28ms) [Parameters=[:nguoiDung_ID_0='?' (DbType = Decimal)], CommandType='Text', CommandTimeout='0']
      SELECT "c"."VAI_TRO_ID"
      FROM "QL_VAI_TRO_NGUOI_DUNG" "c"
      WHERE "c"."NGUOI_DUNG_ID" = :nguoiDung_ID_0
info: Microsoft.EntityFrameworkCore.Database.Command[20101]
      Executed DbCommand (45ms) [Parameters=[:Ma_0='?' (Size = 2000)], CommandType='Text', CommandTimeout='0']
      SELECT "l"."GIA_TRI"
      FROM "QL_NHAN_HIEN_THI" "l"
      WHERE "l"."MA" = :Ma_0
      FETCH FIRST 1 ROWS ONLY
info: Microsoft.EntityFrameworkCore.Database.Command[20101]
      Executed DbCommand (49ms) [Parameters=[:nguoiDung_ID_0='?' (DbType = Decimal)], CommandType='Text', CommandTimeout='0']
      SELECT "c"."VAI_TRO_ID"
      FROM "QL_VAI_TRO_NGUOI_DUNG" "c"
      WHERE "c"."NGUOI_DUNG_ID" = :nguoiDung_ID_0
info: Microsoft.EntityFrameworkCore.Database.Command[20101]
      Executed DbCommand (83ms) [Parameters=[:Ma_0='?' (Size = 2000)], CommandType='Text', CommandTimeout='0']
      SELECT "l"."GIA_TRI"
      FROM "QL_NHAN_HIEN_THI" "l"
      WHERE "l"."MA" = :Ma_0
      FETCH FIRST 1 ROWS ONLY
info: Microsoft.EntityFrameworkCore.Database.Command[20101]
      Executed DbCommand (38ms) [Parameters=[:nguoiDung_ID_0='?' (DbType = Decimal)], CommandType='Text', CommandTimeout='0']
      SELECT "c"."VAI_TRO_ID"
      FROM "QL_VAI_TRO_NGUOI_DUNG" "c"
      WHERE "c"."NGUOI_DUNG_ID" = :nguoiDung_ID_0
info: Microsoft.EntityFrameworkCore.Database.Command[20101]
      Executed DbCommand (46ms) [Parameters=[:Ma_0='?' (Size = 2000)], CommandType='Text', CommandTimeout='0']
      SELECT "l"."GIA_TRI"
      FROM "QL_NHAN_HIEN_THI" "l"
      WHERE "l"."MA" = :Ma_0
      FETCH FIRST 1 ROWS ONLY
info: Microsoft.EntityFrameworkCore.Database.Command[20101]
      Executed DbCommand (110ms) [Parameters=[:nguoiDung_ID_0='?' (DbType = Decimal)], CommandType='Text', CommandTimeout='0']
      SELECT "c"."VAI_TRO_ID"
      FROM "QL_VAI_TRO_NGUOI_DUNG" "c"
      WHERE "c"."NGUOI_DUNG_ID" = :nguoiDung_ID_0
info: Microsoft.EntityFrameworkCore.Database.Command[20101]
      Executed DbCommand (72ms) [Parameters=[:Ma_0='?' (Size = 2000)], CommandType='Text', CommandTimeout='0']
      SELECT "l"."GIA_TRI"
      FROM "QL_NHAN_HIEN_THI" "l"
      WHERE "l"."MA" = :Ma_0
      FETCH FIRST 1 ROWS ONLY
info: Microsoft.EntityFrameworkCore.Database.Command[20101]
      Executed DbCommand (174ms) [Parameters=[:Ma_0='?' (Size = 2000)], CommandType='Text', CommandTimeout='0']
      SELECT "l"."GIA_TRI"
      FROM "QL_NHAN_HIEN_THI" "l"
      WHERE "l"."MA" = :Ma_0
      FETCH FIRST 1 ROWS ONLY
info: Microsoft.EntityFrameworkCore.Database.Command[20101]
      Executed DbCommand (60ms) [Parameters=[:Ma_0='?' (Size = 2000)], CommandType='Text', CommandTimeout='0']
      SELECT "l"."GIA_TRI"
      FROM "QL_NHAN_HIEN_THI" "l"
      WHERE "l"."MA" = :Ma_0
      FETCH FIRST 1 ROWS ONLY
info: Microsoft.EntityFrameworkCore.Database.Command[20101]
      Executed DbCommand (34ms) [Parameters=[:Ma_0='?' (Size = 2000)], CommandType='Text', CommandTimeout='0']
      SELECT "l"."GIA_TRI"
      FROM "QL_NHAN_HIEN_THI" "l"
      WHERE "l"."MA" = :Ma_0
      FETCH FIRST 1 ROWS ONLY
info: Microsoft.EntityFrameworkCore.Database.Command[20101]
      Executed DbCommand (26ms) [Parameters=[:Ma_0='?' (Size = 2000)], CommandType='Text', CommandTimeout='0']
      SELECT "l"."GIA_TRI"
      FROM "QL_NHAN_HIEN_THI" "l"
      WHERE "l"."MA" = :Ma_0
      FETCH FIRST 1 ROWS ONLY
info: Microsoft.EntityFrameworkCore.Database.Command[20101]
      Executed DbCommand (21ms) [Parameters=[:Ma_0='?' (Size = 2000)], CommandType='Text', CommandTimeout='0']
      SELECT "l"."GIA_TRI"
      FROM "QL_NHAN_HIEN_THI" "l"
      WHERE "l"."MA" = :Ma_0
      FETCH FIRST 1 ROWS ONLY
info: Microsoft.EntityFrameworkCore.Database.Command[20101]
      Executed DbCommand (23ms) [Parameters=[:nguoiDung_ID_0='?' (DbType = Decimal)], CommandType='Text', CommandTimeout='0']
      SELECT "c"."VAI_TRO_ID"
      FROM "QL_VAI_TRO_NGUOI_DUNG" "c"
      WHERE "c"."NGUOI_DUNG_ID" = :nguoiDung_ID_0
info: Microsoft.EntityFrameworkCore.Database.Command[20101]
      Executed DbCommand (39ms) [Parameters=[:Ma_0='?' (Size = 2000)], CommandType='Text', CommandTimeout='0']
      SELECT "l"."GIA_TRI"
      FROM "QL_NHAN_HIEN_THI" "l"
      WHERE "l"."MA" = :Ma_0
      FETCH FIRST 1 ROWS ONLY
info: Microsoft.EntityFrameworkCore.Database.Command[20101]
      Executed DbCommand (30ms) [Parameters=[:nguoiDung_ID_0='?' (DbType = Decimal)], CommandType='Text', CommandTimeout='0']
      SELECT "c"."VAI_TRO_ID"
      FROM "QL_VAI_TRO_NGUOI_DUNG" "c"
      WHERE "c"."NGUOI_DUNG_ID" = :nguoiDung_ID_0
info: Microsoft.EntityFrameworkCore.Database.Command[20101]
      Executed DbCommand (25ms) [Parameters=[:nguoiDung_ID_0='?' (DbType = Decimal)], CommandType='Text', CommandTimeout='0']
      SELECT "c"."VAI_TRO_ID"
      FROM "QL_VAI_TRO_NGUOI_DUNG" "c"
      WHERE "c"."NGUOI_DUNG_ID" = :nguoiDung_ID_0
info: Microsoft.EntityFrameworkCore.Database.Command[20101]
      Executed DbCommand (25ms) [Parameters=[:Ma_0='?' (Size = 2000)], CommandType='Text', CommandTimeout='0']
      SELECT "l"."GIA_TRI"
      FROM "QL_NHAN_HIEN_THI" "l"
      WHERE "l"."MA" = :Ma_0
      FETCH FIRST 1 ROWS ONLY
info: Microsoft.EntityFrameworkCore.Database.Command[20101]
      Executed DbCommand (37ms) [Parameters=[:nguoiDung_ID_0='?' (DbType = Decimal)], CommandType='Text', CommandTimeout='0']
      SELECT "c"."VAI_TRO_ID"
      FROM "QL_VAI_TRO_NGUOI_DUNG" "c"
      WHERE "c"."NGUOI_DUNG_ID" = :nguoiDung_ID_0
info: Microsoft.EntityFrameworkCore.Database.Command[20101]
      Executed DbCommand (34ms) [Parameters=[:Ma_0='?' (Size = 2000)], CommandType='Text', CommandTimeout='0']
      SELECT "l"."GIA_TRI"
      FROM "QL_NHAN_HIEN_THI" "l"
      WHERE "l"."MA" = :Ma_0
      FETCH FIRST 1 ROWS ONLY
info: Microsoft.EntityFrameworkCore.Database.Command[20101]
      Executed DbCommand (41ms) [Parameters=[:nguoiDung_ID_0='?' (DbType = Decimal)], CommandType='Text', CommandTimeout='0']
      SELECT "c"."VAI_TRO_ID"
      FROM "QL_VAI_TRO_NGUOI_DUNG" "c"
      WHERE "c"."NGUOI_DUNG_ID" = :nguoiDung_ID_0
info: Microsoft.EntityFrameworkCore.Database.Command[20101]
      Executed DbCommand (38ms) [Parameters=[:nguoiDung_ID_0='?' (DbType = Decimal)], CommandType='Text', CommandTimeout='0']
      SELECT "c"."VAI_TRO_ID"
      FROM "QL_VAI_TRO_NGUOI_DUNG" "c"
      WHERE "c"."NGUOI_DUNG_ID" = :nguoiDung_ID_0
info: Microsoft.EntityFrameworkCore.Database.Command[20101]
      Executed DbCommand (50ms) [Parameters=[:Ma_0='?' (Size = 2000)], CommandType='Text', CommandTimeout='0']
      SELECT "l"."GIA_TRI"
      FROM "QL_NHAN_HIEN_THI" "l"
      WHERE "l"."MA" = :Ma_0
      FETCH FIRST 1 ROWS ONLY
info: Microsoft.EntityFrameworkCore.Database.Command[20101]
      Executed DbCommand (113ms) [Parameters=[:nguoiDung_ID_0='?' (DbType = Decimal)], CommandType='Text', CommandTimeout='0']
      SELECT "c"."VAI_TRO_ID"
      FROM "QL_VAI_TRO_NGUOI_DUNG" "c"
      WHERE "c"."NGUOI_DUNG_ID" = :nguoiDung_ID_0
info: Microsoft.EntityFrameworkCore.Database.Command[20101]
      Executed DbCommand (122ms) [Parameters=[:Ma_0='?' (Size = 2000)], CommandType='Text', CommandTimeout='0']
      SELECT "l"."GIA_TRI"
      FROM "QL_NHAN_HIEN_THI" "l"
      WHERE "l"."MA" = :Ma_0
      FETCH FIRST 1 ROWS ONLY
info: Microsoft.EntityFrameworkCore.Database.Command[20101]
      Executed DbCommand (57ms) [Parameters=[:nguoiDung_ID_0='?' (DbType = Decimal)], CommandType='Text', CommandTimeout='0']
      SELECT "c"."VAI_TRO_ID"
      FROM "QL_VAI_TRO_NGUOI_DUNG" "c"
      WHERE "c"."NGUOI_DUNG_ID" = :nguoiDung_ID_0
info: Microsoft.EntityFrameworkCore.Database.Command[20101]
      Executed DbCommand (48ms) [Parameters=[:Ma_0='?' (Size = 2000)], CommandType='Text', CommandTimeout='0']
      SELECT "l"."GIA_TRI"
      FROM "QL_NHAN_HIEN_THI" "l"
      WHERE "l"."MA" = :Ma_0
      FETCH FIRST 1 ROWS ONLY
info: Microsoft.EntityFrameworkCore.Database.Command[20101]
      Executed DbCommand (44ms) [Parameters=[:nguoiDung_ID_0='?' (DbType = Decimal)], CommandType='Text', CommandTimeout='0']
      SELECT "c"."VAI_TRO_ID"
      FROM "QL_VAI_TRO_NGUOI_DUNG" "c"
      WHERE "c"."NGUOI_DUNG_ID" = :nguoiDung_ID_0
info: Microsoft.EntityFrameworkCore.Database.Command[20101]
      Executed DbCommand (45ms) [Parameters=[:Ma_0='?' (Size = 2000)], CommandType='Text', CommandTimeout='0']
      SELECT "l"."GIA_TRI"
      FROM "QL_NHAN_HIEN_THI" "l"
      WHERE "l"."MA" = :Ma_0
      FETCH FIRST 1 ROWS ONLY
info: Microsoft.EntityFrameworkCore.Database.Command[20101]
      Executed DbCommand (93ms) [Parameters=[:nguoiDung_ID_0='?' (DbType = Decimal)], CommandType='Text', CommandTimeout='0']
      SELECT "c"."VAI_TRO_ID"
      FROM "QL_VAI_TRO_NGUOI_DUNG" "c"
      WHERE "c"."NGUOI_DUNG_ID" = :nguoiDung_ID_0
info: Microsoft.EntityFrameworkCore.Database.Command[20101]
      Executed DbCommand (19ms) [Parameters=[:Ma_0='?' (Size = 2000)], CommandType='Text', CommandTimeout='0']
      SELECT "l"."GIA_TRI"
      FROM "QL_NHAN_HIEN_THI" "l"
      WHERE "l"."MA" = :Ma_0
      FETCH FIRST 1 ROWS ONLY
info: Microsoft.EntityFrameworkCore.Database.Command[20101]
      Executed DbCommand (28ms) [Parameters=[:nguoiDung_ID_0='?' (DbType = Decimal)], CommandType='Text', CommandTimeout='0']
      SELECT "c"."VAI_TRO_ID"
      FROM "QL_VAI_TRO_NGUOI_DUNG" "c"
      WHERE "c"."NGUOI_DUNG_ID" = :nguoiDung_ID_0
info: Microsoft.EntityFrameworkCore.Database.Command[20101]
      Executed DbCommand (49ms) [Parameters=[:Ma_0='?' (Size = 2000)], CommandType='Text', CommandTimeout='0']
      SELECT "l"."GIA_TRI"
      FROM "QL_NHAN_HIEN_THI" "l"
      WHERE "l"."MA" = :Ma_0
      FETCH FIRST 1 ROWS ONLY
info: Microsoft.EntityFrameworkCore.Database.Command[20101]
      Executed DbCommand (15ms) [Parameters=[:nguoiDung_ID_0='?' (DbType = Decimal)], CommandType='Text', CommandTimeout='0']
      SELECT "c"."VAI_TRO_ID"
      FROM "QL_VAI_TRO_NGUOI_DUNG" "c"
      WHERE "c"."NGUOI_DUNG_ID" = :nguoiDung_ID_0
info: Microsoft.EntityFrameworkCore.Database.Command[20101]
      Executed DbCommand (21ms) [Parameters=[:Ma_0='?' (Size = 2000)], CommandType='Text', CommandTimeout='0']
      SELECT "l"."GIA_TRI"
      FROM "QL_NHAN_HIEN_THI" "l"
      WHERE "l"."MA" = :Ma_0
      FETCH FIRST 1 ROWS ONLY
info: Microsoft.EntityFrameworkCore.Database.Command[20101]
      Executed DbCommand (23ms) [Parameters=[:nguoiDung_ID_0='?' (DbType = Decimal)], CommandType='Text', CommandTimeout='0']
      SELECT "c"."VAI_TRO_ID"
      FROM "QL_VAI_TRO_NGUOI_DUNG" "c"
      WHERE "c"."NGUOI_DUNG_ID" = :nguoiDung_ID_0
info: Microsoft.EntityFrameworkCore.Database.Command[20101]
      Executed DbCommand (36ms) [Parameters=[:Ma_0='?' (Size = 2000)], CommandType='Text', CommandTimeout='0']
      SELECT "l"."GIA_TRI"
      FROM "QL_NHAN_HIEN_THI" "l"
      WHERE "l"."MA" = :Ma_0
      FETCH FIRST 1 ROWS ONLY
info: Microsoft.EntityFrameworkCore.Database.Command[20101]
      Executed DbCommand (30ms) [Parameters=[:nguoiDung_ID_0='?' (DbType = Decimal)], CommandType='Text', CommandTimeout='0']
      SELECT "c"."VAI_TRO_ID"
      FROM "QL_VAI_TRO_NGUOI_DUNG" "c"
      WHERE "c"."NGUOI_DUNG_ID" = :nguoiDung_ID_0
info: Microsoft.EntityFrameworkCore.Database.Command[20101]
      Executed DbCommand (31ms) [Parameters=[:Ma_0='?' (Size = 2000)], CommandType='Text', CommandTimeout='0']
      SELECT "l"."GIA_TRI"
      FROM "QL_NHAN_HIEN_THI" "l"
      WHERE "l"."MA" = :Ma_0
      FETCH FIRST 1 ROWS ONLY
info: Microsoft.EntityFrameworkCore.Database.Command[20101]
      Executed DbCommand (30ms) [Parameters=[:nguoiDung_ID_0='?' (DbType = Decimal)], CommandType='Text', CommandTimeout='0']
      SELECT "c"."VAI_TRO_ID"
      FROM "QL_VAI_TRO_NGUOI_DUNG" "c"
      WHERE "c"."NGUOI_DUNG_ID" = :nguoiDung_ID_0
info: Microsoft.EntityFrameworkCore.Database.Command[20101]
      Executed DbCommand (42ms) [Parameters=[:Ma_0='?' (Size = 2000)], CommandType='Text', CommandTimeout='0']
      SELECT "l"."GIA_TRI"
      FROM "QL_NHAN_HIEN_THI" "l"
      WHERE "l"."MA" = :Ma_0
      FETCH FIRST 1 ROWS ONLY
info: Microsoft.EntityFrameworkCore.Database.Command[20101]
      Executed DbCommand (36ms) [Parameters=[:nguoiDung_ID_0='?' (DbType = Decimal)], CommandType='Text', CommandTimeout='0']
      SELECT "c"."VAI_TRO_ID"
      FROM "QL_VAI_TRO_NGUOI_DUNG" "c"
      WHERE "c"."NGUOI_DUNG_ID" = :nguoiDung_ID_0
info: Microsoft.EntityFrameworkCore.Database.Command[20101]
      Executed DbCommand (23ms) [Parameters=[:Ma_0='?' (Size = 2000)], CommandType='Text', CommandTimeout='0']
      SELECT "l"."GIA_TRI"
      FROM "QL_NHAN_HIEN_THI" "l"
      WHERE "l"."MA" = :Ma_0
      FETCH FIRST 1 ROWS ONLY
info: Microsoft.EntityFrameworkCore.Database.Command[20101]
      Executed DbCommand (27ms) [Parameters=[:nguoiDung_ID_0='?' (DbType = Decimal)], CommandType='Text', CommandTimeout='0']
      SELECT "c"."VAI_TRO_ID"
      FROM "QL_VAI_TRO_NGUOI_DUNG" "c"
      WHERE "c"."NGUOI_DUNG_ID" = :nguoiDung_ID_0
info: Microsoft.EntityFrameworkCore.Database.Command[20101]
      Executed DbCommand (17ms) [Parameters=[:Ma_0='?' (Size = 2000)], CommandType='Text', CommandTimeout='0']
      SELECT "l"."GIA_TRI"
      FROM "QL_NHAN_HIEN_THI" "l"
      WHERE "l"."MA" = :Ma_0
      FETCH FIRST 1 ROWS ONLY
info: Microsoft.EntityFrameworkCore.Database.Command[20101]
      Executed DbCommand (11ms) [Parameters=[:nguoiDung_ID_0='?' (DbType = Decimal)], CommandType='Text', CommandTimeout='0']
      SELECT "c"."VAI_TRO_ID"
      FROM "QL_VAI_TRO_NGUOI_DUNG" "c"
      WHERE "c"."NGUOI_DUNG_ID" = :nguoiDung_ID_0
info: Microsoft.EntityFrameworkCore.Database.Command[20101]
      Executed DbCommand (57ms) [Parameters=[:Ma_0='?' (Size = 2000)], CommandType='Text', CommandTimeout='0']
      SELECT "l"."GIA_TRI"
      FROM "QL_NHAN_HIEN_THI" "l"
      WHERE "l"."MA" = :Ma_0
      FETCH FIRST 1 ROWS ONLY
info: Microsoft.EntityFrameworkCore.Database.Command[20101]
      Executed DbCommand (50ms) [Parameters=[:nguoiDung_ID_0='?' (DbType = Decimal)], CommandType='Text', CommandTimeout='0']
      SELECT "c"."VAI_TRO_ID"
      FROM "QL_VAI_TRO_NGUOI_DUNG" "c"
      WHERE "c"."NGUOI_DUNG_ID" = :nguoiDung_ID_0
info: Microsoft.EntityFrameworkCore.Database.Command[20101]
      Executed DbCommand (14ms) [Parameters=[:Ma_0='?' (Size = 2000)], CommandType='Text', CommandTimeout='0']
      SELECT "l"."GIA_TRI"
      FROM "QL_NHAN_HIEN_THI" "l"
      WHERE "l"."MA" = :Ma_0
      FETCH FIRST 1 ROWS ONLY
info: Microsoft.EntityFrameworkCore.Database.Command[20101]
      Executed DbCommand (18ms) [Parameters=[:nguoiDung_ID_0='?' (DbType = Decimal)], CommandType='Text', CommandTimeout='0']
      SELECT "c"."VAI_TRO_ID"
      FROM "QL_VAI_TRO_NGUOI_DUNG" "c"
      WHERE "c"."NGUOI_DUNG_ID" = :nguoiDung_ID_0
info: Microsoft.EntityFrameworkCore.Database.Command[20101]
      Executed DbCommand (19ms) [Parameters=[:Ma_0='?' (Size = 2000)], CommandType='Text', CommandTimeout='0']
      SELECT "l"."GIA_TRI"
      FROM "QL_NHAN_HIEN_THI" "l"
      WHERE "l"."MA" = :Ma_0
      FETCH FIRST 1 ROWS ONLY
info: Microsoft.EntityFrameworkCore.Database.Command[20101]
      Executed DbCommand (18ms) [Parameters=[:nguoiDung_ID_0='?' (DbType = Decimal)], CommandType='Text', CommandTimeout='0']
      SELECT "c"."VAI_TRO_ID"
      FROM "QL_VAI_TRO_NGUOI_DUNG" "c"
      WHERE "c"."NGUOI_DUNG_ID" = :nguoiDung_ID_0
info: Microsoft.EntityFrameworkCore.Database.Command[20101]
      Executed DbCommand (72ms) [Parameters=[:donViId_0='?' (DbType = Decimal)], CommandType='Text', CommandTimeout='0']
      SELECT COUNT(*)
      FROM "DM_DON_VI" "p"
      WHERE ((("p"."PARENT_ID" = :donViId_0) AND ("p"."LA_BAN_QL_DU_AN" = 1)) OR (("p"."ID" = :donViId_0) AND ("p"."LOAI_DON_VI_ID" = 15.0))) OR (("p"."ID" = :donViId_0) AND ("p"."LA_BAN_QL_DU_AN" = 1))
info: Microsoft.EntityFrameworkCore.Database.Command[20101]
      Executed DbCommand (27ms) [Parameters=[:Ma_0='?' (Size = 2000)], CommandType='Text', CommandTimeout='0']
      SELECT "l"."GIA_TRI"
      FROM "QL_NHAN_HIEN_THI" "l"
      WHERE "l"."MA" = :Ma_0
      FETCH FIRST 1 ROWS ONLY
info: Microsoft.EntityFrameworkCore.Database.Command[20101]
      Executed DbCommand (26ms) [Parameters=[:nguoiDung_ID_0='?' (DbType = Decimal)], CommandType='Text', CommandTimeout='0']
      SELECT "c"."VAI_TRO_ID"
      FROM "QL_VAI_TRO_NGUOI_DUNG" "c"
      WHERE "c"."NGUOI_DUNG_ID" = :nguoiDung_ID_0
info: Microsoft.EntityFrameworkCore.Database.Command[20101]
      Executed DbCommand (32ms) [Parameters=[:Ma_0='?' (Size = 2000)], CommandType='Text', CommandTimeout='0']
      SELECT "l"."GIA_TRI"
      FROM "QL_NHAN_HIEN_THI" "l"
      WHERE "l"."MA" = :Ma_0
      FETCH FIRST 1 ROWS ONLY
info: Microsoft.EntityFrameworkCore.Database.Command[20101]
      Executed DbCommand (13ms) [Parameters=[:nguoiDung_ID_0='?' (DbType = Decimal)], CommandType='Text', CommandTimeout='0']
      SELECT "c"."VAI_TRO_ID"
      FROM "QL_VAI_TRO_NGUOI_DUNG" "c"
      WHERE "c"."NGUOI_DUNG_ID" = :nguoiDung_ID_0
info: Microsoft.EntityFrameworkCore.Database.Command[20101]
      Executed DbCommand (13ms) [Parameters=[:Ma_0='?' (Size = 2000)], CommandType='Text', CommandTimeout='0']
      SELECT "l"."GIA_TRI"
      FROM "QL_NHAN_HIEN_THI" "l"
      WHERE "l"."MA" = :Ma_0
      FETCH FIRST 1 ROWS ONLY
info: Microsoft.EntityFrameworkCore.Database.Command[20101]
      Executed DbCommand (20ms) [Parameters=[:nguoiDung_ID_0='?' (DbType = Decimal)], CommandType='Text', CommandTimeout='0']
      SELECT "c"."VAI_TRO_ID"
      FROM "QL_VAI_TRO_NGUOI_DUNG" "c"
      WHERE "c"."NGUOI_DUNG_ID" = :nguoiDung_ID_0
info: Microsoft.EntityFrameworkCore.Database.Command[20101]
      Executed DbCommand (21ms) [Parameters=[:Ma_0='?' (Size = 2000)], CommandType='Text', CommandTimeout='0']
      SELECT "l"."GIA_TRI"
      FROM "QL_NHAN_HIEN_THI" "l"
      WHERE "l"."MA" = :Ma_0
      FETCH FIRST 1 ROWS ONLY
info: Microsoft.EntityFrameworkCore.Database.Command[20101]
      Executed DbCommand (33ms) [Parameters=[:nguoiDung_ID_0='?' (DbType = Decimal)], CommandType='Text', CommandTimeout='0']
      SELECT "c"."VAI_TRO_ID"
      FROM "QL_VAI_TRO_NGUOI_DUNG" "c"
      WHERE "c"."NGUOI_DUNG_ID" = :nguoiDung_ID_0
info: Microsoft.EntityFrameworkCore.Database.Command[20101]
      Executed DbCommand (37ms) [Parameters=[:Ma_0='?' (Size = 2000)], CommandType='Text', CommandTimeout='0']
      SELECT "l"."GIA_TRI"
      FROM "QL_NHAN_HIEN_THI" "l"
      WHERE "l"."MA" = :Ma_0
      FETCH FIRST 1 ROWS ONLY
info: Microsoft.EntityFrameworkCore.Database.Command[20101]
      Executed DbCommand (39ms) [Parameters=[:nguoiDung_ID_0='?' (DbType = Decimal)], CommandType='Text', CommandTimeout='0']
      SELECT "c"."VAI_TRO_ID"
      FROM "QL_VAI_TRO_NGUOI_DUNG" "c"
      WHERE "c"."NGUOI_DUNG_ID" = :nguoiDung_ID_0
info: Microsoft.EntityFrameworkCore.Database.Command[20101]
      Executed DbCommand (44ms) [Parameters=[:Ma_0='?' (Size = 2000)], CommandType='Text', CommandTimeout='0']
      SELECT "l"."GIA_TRI"
      FROM "QL_NHAN_HIEN_THI" "l"
      WHERE "l"."MA" = :Ma_0
      FETCH FIRST 1 ROWS ONLY
info: Microsoft.EntityFrameworkCore.Database.Command[20101]
      Executed DbCommand (32ms) [Parameters=[:nguoiDung_ID_0='?' (DbType = Decimal)], CommandType='Text', CommandTimeout='0']
      SELECT "c"."VAI_TRO_ID"
      FROM "QL_VAI_TRO_NGUOI_DUNG" "c"
      WHERE "c"."NGUOI_DUNG_ID" = :nguoiDung_ID_0
info: Microsoft.EntityFrameworkCore.Database.Command[20101]
      Executed DbCommand (36ms) [Parameters=[:Ma_0='?' (Size = 2000)], CommandType='Text', CommandTimeout='0']
      SELECT "l"."GIA_TRI"
      FROM "QL_NHAN_HIEN_THI" "l"
      WHERE "l"."MA" = :Ma_0
      FETCH FIRST 1 ROWS ONLY
info: Microsoft.EntityFrameworkCore.Database.Command[20101]
      Executed DbCommand (38ms) [Parameters=[:nguoiDung_ID_0='?' (DbType = Decimal)], CommandType='Text', CommandTimeout='0']
      SELECT "c"."VAI_TRO_ID"
      FROM "QL_VAI_TRO_NGUOI_DUNG" "c"
      WHERE "c"."NGUOI_DUNG_ID" = :nguoiDung_ID_0
info: Microsoft.EntityFrameworkCore.Database.Command[20101]
      Executed DbCommand (290ms) [Parameters=[:Ma_0='?' (Size = 2000)], CommandType='Text', CommandTimeout='0']
      SELECT "l"."GIA_TRI"
      FROM "QL_NHAN_HIEN_THI" "l"
      WHERE "l"."MA" = :Ma_0
      FETCH FIRST 1 ROWS ONLY
info: Microsoft.EntityFrameworkCore.Database.Command[20101]
      Executed DbCommand (33ms) [Parameters=[:nguoiDung_ID_0='?' (DbType = Decimal)], CommandType='Text', CommandTimeout='0']
      SELECT "c"."VAI_TRO_ID"
      FROM "QL_VAI_TRO_NGUOI_DUNG" "c"
      WHERE "c"."NGUOI_DUNG_ID" = :nguoiDung_ID_0
info: Microsoft.EntityFrameworkCore.Database.Command[20101]
      Executed DbCommand (20ms) [Parameters=[:Ma_0='?' (Size = 2000)], CommandType='Text', CommandTimeout='0']
      SELECT "l"."GIA_TRI"
      FROM "QL_NHAN_HIEN_THI" "l"
      WHERE "l"."MA" = :Ma_0
      FETCH FIRST 1 ROWS ONLY
info: Microsoft.EntityFrameworkCore.Database.Command[20101]
      Executed DbCommand (17ms) [Parameters=[:nguoiDung_ID_0='?' (DbType = Decimal)], CommandType='Text', CommandTimeout='0']
      SELECT "c"."VAI_TRO_ID"
      FROM "QL_VAI_TRO_NGUOI_DUNG" "c"
      WHERE "c"."NGUOI_DUNG_ID" = :nguoiDung_ID_0
info: Microsoft.EntityFrameworkCore.Database.Command[20101]
      Executed DbCommand (18ms) [Parameters=[:guid_0='?' (DbType = Binary)], CommandType='Text', CommandTimeout='0']
      SELECT "c"."ID", "c"."CURRENT_DON_VI_ID", "c"."DB_ID", "c"."EMAIL", "c"."GHI_CHU", "c"."GUID", "c"."IP_TRUY_CAP", "c"."IS_QUAN_TRI", "c"."MAT_KHAU", "c"."MAT_KHAU_KEY", "c"."MA_CAN_BO", "c"."MOBILE", "c"."NGAY_TAO", "c"."NGAY_TRUY_CAP", "c"."NGUOI_TAO", "c"."NGUON_ID", "c"."PASSWORD_HASH", "c"."TEN_DANG_NHAP", "c"."TEN_DAY_DU", "c"."TMP_MAT_KHAU", "c"."TRANG_THAI_ID", "c"."UNG_DUNG"
      FROM "QL_NGUOI_DUNG" "c"
      WHERE "c"."GUID" = :guid_0
      FETCH FIRST 1 ROWS ONLY
info: Microsoft.EntityFrameworkCore.Database.Command[20101]
      Executed DbCommand (32ms) [Parameters=[:nguoiDung_ID_0='?' (DbType = Int32)], CommandType='Text', CommandTimeout='0']
      SELECT "p"."ID", "p"."DATA_JSON", "p"."DB_QUEUE_PROCESS_ID", "p"."DON_VI_ID", "p"."FILE_TYPE", "p"."GUID", "p"."GUID_FILE", "p"."MA_BAO_CAO", "p"."MODEL_DATA_TYPE", "p"."NGAY_TAO", "p"."NGUOI_TAO_ID", "p"."REPORT_CLASS", "p"."RESPONSE", "p"."SEARCH_MODEL_CLASS", "p"."SEARCH_MODEL_JSON", "p"."STATEMENT", "p"."TIME_END_GET_DATA", "p"."TIME_START_GET_DATA", "p"."TRANG_THAI_ID", "p"."TYPE_QUEUE_PROCESS_ID"
      FROM "BC_QUEUE_PROCESS" "p"
      WHERE "p"."NGUOI_TAO_ID" = :nguoiDung_ID_0
      ORDER BY "p"."ID" DESC
      FETCH FIRST 1 ROWS ONLY
info: Microsoft.EntityFrameworkCore.Database.Command[20101]
      Executed DbCommand (24ms) [Parameters=[:Ma_0='?' (Size = 2000)], CommandType='Text', CommandTimeout='0']
      SELECT "l"."GIA_TRI"
      FROM "QL_NHAN_HIEN_THI" "l"
      WHERE "l"."MA" = :Ma_0
      FETCH FIRST 1 ROWS ONLY
info: Microsoft.EntityFrameworkCore.Database.Command[20101]
      Executed DbCommand (24ms) [Parameters=[:Ma_0='?' (Size = 2000)], CommandType='Text', CommandTimeout='0']
      SELECT "l"."GIA_TRI"
      FROM "QL_NHAN_HIEN_THI" "l"
      WHERE "l"."MA" = :Ma_0
      FETCH FIRST 1 ROWS ONLY
info: Microsoft.EntityFrameworkCore.Database.Command[20101]
      Executed DbCommand (35ms) [Parameters=[:Ma_0='?' (Size = 2000)], CommandType='Text', CommandTimeout='0']
      SELECT "l"."GIA_TRI"
      FROM "QL_NHAN_HIEN_THI" "l"
      WHERE "l"."MA" = :Ma_0
      FETCH FIRST 1 ROWS ONLY
info: Microsoft.EntityFrameworkCore.Database.Command[20101]
      Executed DbCommand (37ms) [Parameters=[:Ma_0='?' (Size = 2000)], CommandType='Text', CommandTimeout='0']
      SELECT "l"."GIA_TRI"
      FROM "QL_NHAN_HIEN_THI" "l"
      WHERE "l"."MA" = :Ma_0
      FETCH FIRST 1 ROWS ONLY
info: Microsoft.AspNetCore.Mvc.ViewFeatures.ViewResultExecutor[4]
      Executed ViewResult - view NhapLieu executed in 25993.2202ms.
info: Microsoft.AspNetCore.Mvc.Internal.ControllerActionInvoker[2]
      Executed action GS.Web.Controllers.TaiSanController.NhapLieu (GS.Web) in 26005.6584ms
info: Microsoft.AspNetCore.Hosting.Internal.WebHost[2]
      Request finished in 26046.1245ms 200 text/html; charset=utf-8
info: Microsoft.AspNetCore.Hosting.Internal.WebHost[1]
      Request starting HTTP/1.1 GET http://localhost:62432/Home/GetTLHD  
info: Microsoft.AspNetCore.Mvc.Internal.ControllerActionInvoker[1]
      Route matched with {action = "GetTLHD", controller = "Home"}. Executing action GS.Web.Controllers.HomeController.GetTLHD (GS.Web)
info: Microsoft.AspNetCore.Mvc.Internal.ControllerActionInvoker[1]
      Executing action method GS.Web.Controllers.HomeController.GetTLHD (GS.Web) - Validation state: Valid
info: Microsoft.EntityFrameworkCore.Infrastructure[10403]
      Entity Framework Core 2.2.6-servicing-10079 initialized 'GSObjectContext' using provider 'Oracle.EntityFrameworkCore' with options: using lazy-loading proxies 
info: Microsoft.EntityFrameworkCore.Database.Command[20101]
      Executed DbCommand (31ms) [Parameters=[:get_Item_0='?' (DbType = Decimal)], CommandType='Text', CommandTimeout='0']
      SELECT "e"."ID", "e"."DON_VI_ID", "e"."GIA_TRI", "e"."TEN"
      FROM "QL_CAU_HINH" "e"
      WHERE "e"."ID" = :get_Item_0
      FETCH FIRST 1 ROWS ONLY
info: Microsoft.AspNetCore.Mvc.Internal.ControllerActionInvoker[2]
      Executed action method GS.Web.Controllers.HomeController.GetTLHD (GS.Web), returned result Microsoft.AspNetCore.Mvc.JsonResult in 70.3878ms.
info: Microsoft.AspNetCore.Mvc.Formatters.Json.Internal.JsonResultExecutor[1]
      Executing JsonResult, writing value of type 'System.String'.
info: Microsoft.AspNetCore.Mvc.Internal.ControllerActionInvoker[2]
      Executed action GS.Web.Controllers.HomeController.GetTLHD (GS.Web) in 84.2966ms
info: Microsoft.AspNetCore.Hosting.Internal.WebHost[2]
      Request finished in 109.2491ms 200 application/json; charset=utf-8
info: Microsoft.AspNetCore.Hosting.Internal.WebHost[1]
      Request starting HTTP/1.1 GET http://localhost:62432/TaiSan/ChonLoaiTaiSan?isTangMoi=false  
info: Microsoft.AspNetCore.Mvc.Internal.ControllerActionInvoker[1]
      Route matched with {action = "ChonLoaiTaiSan", controller = "TaiSan"}. Executing action GS.Web.Controllers.TaiSanController.ChonLoaiTaiSan (GS.Web)
info: Microsoft.AspNetCore.Mvc.Internal.ControllerActionInvoker[1]
      Executing action method GS.Web.Controllers.TaiSanController.ChonLoaiTaiSan (GS.Web) with arguments (False, False) - Validation state: Valid
info: Microsoft.EntityFrameworkCore.Infrastructure[10403]
      Entity Framework Core 2.2.6-servicing-10079 initialized 'GSObjectContext' using provider 'Oracle.EntityFrameworkCore' with options: using lazy-loading proxies 
info: Microsoft.EntityFrameworkCore.Database.Command[20101]
      Executed DbCommand (14ms) [Parameters=[:Ma_0='?' (Size = 2000)], CommandType='Text', CommandTimeout='0']
      SELECT "l"."GIA_TRI"
      FROM "QL_NHAN_HIEN_THI" "l"
      WHERE "l"."MA" = :Ma_0
      FETCH FIRST 1 ROWS ONLY
info: Microsoft.EntityFrameworkCore.Database.Command[20101]
      Executed DbCommand (20ms) [Parameters=[:Ma_0='?' (Size = 2000)], CommandType='Text', CommandTimeout='0']
      SELECT "l"."GIA_TRI"
      FROM "QL_NHAN_HIEN_THI" "l"
      WHERE "l"."MA" = :Ma_0
      FETCH FIRST 1 ROWS ONLY
info: Microsoft.EntityFrameworkCore.Database.Command[20101]
      Executed DbCommand (15ms) [Parameters=[:Ma_0='?' (Size = 2000)], CommandType='Text', CommandTimeout='0']
      SELECT "l"."GIA_TRI"
      FROM "QL_NHAN_HIEN_THI" "l"
      WHERE "l"."MA" = :Ma_0
      FETCH FIRST 1 ROWS ONLY
info: Microsoft.EntityFrameworkCore.Database.Command[20101]
      Executed DbCommand (33ms) [Parameters=[:Ma_0='?' (Size = 2000)], CommandType='Text', CommandTimeout='0']
      SELECT "l"."GIA_TRI"
      FROM "QL_NHAN_HIEN_THI" "l"
      WHERE "l"."MA" = :Ma_0
      FETCH FIRST 1 ROWS ONLY
info: Microsoft.EntityFrameworkCore.Database.Command[20101]
      Executed DbCommand (16ms) [Parameters=[:Ma_0='?' (Size = 2000)], CommandType='Text', CommandTimeout='0']
      SELECT "l"."GIA_TRI"
      FROM "QL_NHAN_HIEN_THI" "l"
      WHERE "l"."MA" = :Ma_0
      FETCH FIRST 1 ROWS ONLY
info: Microsoft.EntityFrameworkCore.Database.Command[20101]
      Executed DbCommand (11ms) [Parameters=[:Ma_0='?' (Size = 2000)], CommandType='Text', CommandTimeout='0']
      SELECT "l"."GIA_TRI"
      FROM "QL_NHAN_HIEN_THI" "l"
      WHERE "l"."MA" = :Ma_0
      FETCH FIRST 1 ROWS ONLY
info: Microsoft.EntityFrameworkCore.Database.Command[20101]
      Executed DbCommand (13ms) [Parameters=[:Ma_0='?' (Size = 2000)], CommandType='Text', CommandTimeout='0']
      SELECT "l"."GIA_TRI"
      FROM "QL_NHAN_HIEN_THI" "l"
      WHERE "l"."MA" = :Ma_0
      FETCH FIRST 1 ROWS ONLY
info: Microsoft.EntityFrameworkCore.Database.Command[20101]
      Executed DbCommand (13ms) [Parameters=[:Ma_0='?' (Size = 2000)], CommandType='Text', CommandTimeout='0']
      SELECT "l"."GIA_TRI"
      FROM "QL_NHAN_HIEN_THI" "l"
      WHERE "l"."MA" = :Ma_0
      FETCH FIRST 1 ROWS ONLY
info: Microsoft.EntityFrameworkCore.Database.Command[20101]
      Executed DbCommand (20ms) [Parameters=[:Ma_0='?' (Size = 2000)], CommandType='Text', CommandTimeout='0']
      SELECT "l"."GIA_TRI"
      FROM "QL_NHAN_HIEN_THI" "l"
      WHERE "l"."MA" = :Ma_0
      FETCH FIRST 1 ROWS ONLY
info: Microsoft.EntityFrameworkCore.Database.Command[20101]
      Executed DbCommand (13ms) [Parameters=[:Ma_0='?' (Size = 2000)], CommandType='Text', CommandTimeout='0']
      SELECT "l"."GIA_TRI"
      FROM "QL_NHAN_HIEN_THI" "l"
      WHERE "l"."MA" = :Ma_0
      FETCH FIRST 1 ROWS ONLY
info: Microsoft.EntityFrameworkCore.Database.Command[20101]
      Executed DbCommand (24ms) [Parameters=[:Ma_0='?' (Size = 2000)], CommandType='Text', CommandTimeout='0']
      SELECT "l"."GIA_TRI"
      FROM "QL_NHAN_HIEN_THI" "l"
      WHERE "l"."MA" = :Ma_0
      FETCH FIRST 1 ROWS ONLY
info: Microsoft.EntityFrameworkCore.Database.Command[20101]
      Executed DbCommand (12ms) [Parameters=[:Ma_0='?' (Size = 2000)], CommandType='Text', CommandTimeout='0']
      SELECT "l"."GIA_TRI"
      FROM "QL_NHAN_HIEN_THI" "l"
      WHERE "l"."MA" = :Ma_0
      FETCH FIRST 1 ROWS ONLY
info: Microsoft.EntityFrameworkCore.Database.Command[20101]
      Executed DbCommand (14ms) [Parameters=[:get_Item_0='?' (DbType = Decimal)], CommandType='Text', CommandTimeout='0']
      SELECT "e"."ID", "e"."CAP_DON_VI_ID", "e"."CHE_DO_HACH_TOAN_ID", "e"."CO_TAI_SAN", "e"."CQTC_MA", "e"."DA_CO_QUYET_DINH_GIAO_VON", "e"."DB_ID", "e"."DIA_BAN_ID", "e"."DIA_CHI", "e"."DIEN_THOAI", "e"."DON_VI_HIEN_THI", "e"."FAX", "e"."HUYEN_ID", "e"."IS_TSQUAN_LY_CHU_KY_SO", "e"."IS_TSQUAN_LY_NHU_TSCD", "e"."IS_XAC_NHAN_DU_LIEU", "e"."KHONG_CHUYEN_MA", "e"."LA_BAN_QL_DU_AN", "e"."LA_DON_VI_NHAP_LIEU", "e"."LA_DON_VI_TU_CHU_TAI_CHINH", "e"."LIST_FILE_XAC_NHAN", "e"."LOAI_CAP_DON_VI_ID", "e"."LOAI_DON_VI_ID", "e"."MA", "e"."MA_BO", "e"."MA_CHUONG", "e"."MA_DIA_BAN", "e"."MA_DVQHNS", "e"."MA_HUYEN", "e"."MA_TINH", "e"."NGAY_CAP_NHAT", "e"."NGAY_QUYET_DINH", "e"."NGAY_QUYET_DINH_GIAO_VON", "e"."NGAY_TAO", "e"."NGAY_XAC_NHAN", "e"."NGUOI_CAP_NHAT_ID", "e"."NGUOI_TAO_ID", "e"."NHOM_DON_VI_ID", "e"."OLD_CAP_DON_VI_ID", "e"."PARENT_ID", "e"."SO_QUYET_DINH", "e"."SO_QUYET_DINH_GIAO_VON", "e"."TEN", "e"."TINH_ID", "e"."TRANG_THAI_DONG_BO_ID", "e"."TRANG_THAI_ID", "e"."TRANG_THAI_THAY_DOI_ID", "e"."TREE_LEVEL", "e"."TREE_NODE", "e"."XA_ID"
      FROM "DM_DON_VI" "e"
      WHERE "e"."ID" = :get_Item_0
      FETCH FIRST 1 ROWS ONLY
info: Microsoft.EntityFrameworkCore.Database.Command[20101]
      Executed DbCommand (47ms) [Parameters=[:TREE_NODE_LON_NHAT_0='?' (Size = 2000)], CommandType='Text', CommandTimeout='0']
      SELECT "p"."ID", "p"."CAP_DON_VI_ID", "p"."CHE_DO_HACH_TOAN_ID", "p"."CO_TAI_SAN", "p"."CQTC_MA", "p"."DA_CO_QUYET_DINH_GIAO_VON", "p"."DB_ID", "p"."DIA_BAN_ID", "p"."DIA_CHI", "p"."DIEN_THOAI", "p"."DON_VI_HIEN_THI", "p"."FAX", "p"."HUYEN_ID", "p"."IS_TSQUAN_LY_CHU_KY_SO", "p"."IS_TSQUAN_LY_NHU_TSCD", "p"."IS_XAC_NHAN_DU_LIEU", "p"."KHONG_CHUYEN_MA", "p"."LA_BAN_QL_DU_AN", "p"."LA_DON_VI_NHAP_LIEU", "p"."LA_DON_VI_TU_CHU_TAI_CHINH", "p"."LIST_FILE_XAC_NHAN", "p"."LOAI_CAP_DON_VI_ID", "p"."LOAI_DON_VI_ID", "p"."MA", "p"."MA_BO", "p"."MA_CHUONG", "p"."MA_DIA_BAN", "p"."MA_DVQHNS", "p"."MA_HUYEN", "p"."MA_TINH", "p"."NGAY_CAP_NHAT", "p"."NGAY_QUYET_DINH", "p"."NGAY_QUYET_DINH_GIAO_VON", "p"."NGAY_TAO", "p"."NGAY_XAC_NHAN", "p"."NGUOI_CAP_NHAT_ID", "p"."NGUOI_TAO_ID", "p"."NHOM_DON_VI_ID", "p"."OLD_CAP_DON_VI_ID", "p"."PARENT_ID", "p"."SO_QUYET_DINH", "p"."SO_QUYET_DINH_GIAO_VON", "p"."TEN", "p"."TINH_ID", "p"."TRANG_THAI_DONG_BO_ID", "p"."TRANG_THAI_ID", "p"."TRANG_THAI_THAY_DOI_ID", "p"."TREE_LEVEL", "p"."TREE_NODE", "p"."XA_ID"
      FROM "DM_DON_VI" "p"
      WHERE ("p"."TREE_NODE" = :TREE_NODE_LON_NHAT_0) AND (("p"."TRANG_THAI_ID" <> 0) OR "p"."TRANG_THAI_ID" IS NULL)
      FETCH FIRST 1 ROWS ONLY
info: Microsoft.EntityFrameworkCore.Database.Command[20101]
      Executed DbCommand (111ms) [Parameters=[], CommandType='Text', CommandTimeout='0']
      SELECT "c"."ID"
      FROM "DM_DON_VI" "c"
      WHERE (CAST(LENGTH("c"."MA") AS NUMBER(10)) = 3) AND (COALESCE("c"."TRANG_THAI_ID", 0) = 1)
info: Microsoft.EntityFrameworkCore.Database.Command[20101]
      Executed DbCommand (14ms) [Parameters=[:donViCapTren_ID_0='?' (DbType = Decimal)], CommandType='Text', CommandTimeout='0']
      SELECT CASE
          WHEN EXISTS (
              SELECT 1
              FROM "DM_LOAI_TAI_SAN_DON_VI" "c"
              WHERE ("c"."LOAI_HINH_TAI_SAN_ID" = 10.0) AND ("c"."DON_VI_ID" = :donViCapTren_ID_0))
          THEN 1 ELSE 0
      END FROM DUAL
info: Microsoft.EntityFrameworkCore.Database.Command[20101]
      Executed DbCommand (48ms) [Parameters=[:TREE_NODE_LON_NHAT_0='?' (Size = 2000)], CommandType='Text', CommandTimeout='0']
      SELECT "p"."ID", "p"."CAP_DON_VI_ID", "p"."CHE_DO_HACH_TOAN_ID", "p"."CO_TAI_SAN", "p"."CQTC_MA", "p"."DA_CO_QUYET_DINH_GIAO_VON", "p"."DB_ID", "p"."DIA_BAN_ID", "p"."DIA_CHI", "p"."DIEN_THOAI", "p"."DON_VI_HIEN_THI", "p"."FAX", "p"."HUYEN_ID", "p"."IS_TSQUAN_LY_CHU_KY_SO", "p"."IS_TSQUAN_LY_NHU_TSCD", "p"."IS_XAC_NHAN_DU_LIEU", "p"."KHONG_CHUYEN_MA", "p"."LA_BAN_QL_DU_AN", "p"."LA_DON_VI_NHAP_LIEU", "p"."LA_DON_VI_TU_CHU_TAI_CHINH", "p"."LIST_FILE_XAC_NHAN", "p"."LOAI_CAP_DON_VI_ID", "p"."LOAI_DON_VI_ID", "p"."MA", "p"."MA_BO", "p"."MA_CHUONG", "p"."MA_DIA_BAN", "p"."MA_DVQHNS", "p"."MA_HUYEN", "p"."MA_TINH", "p"."NGAY_CAP_NHAT", "p"."NGAY_QUYET_DINH", "p"."NGAY_QUYET_DINH_GIAO_VON", "p"."NGAY_TAO", "p"."NGAY_XAC_NHAN", "p"."NGUOI_CAP_NHAT_ID", "p"."NGUOI_TAO_ID", "p"."NHOM_DON_VI_ID", "p"."OLD_CAP_DON_VI_ID", "p"."PARENT_ID", "p"."SO_QUYET_DINH", "p"."SO_QUYET_DINH_GIAO_VON", "p"."TEN", "p"."TINH_ID", "p"."TRANG_THAI_DONG_BO_ID", "p"."TRANG_THAI_ID", "p"."TRANG_THAI_THAY_DOI_ID", "p"."TREE_LEVEL", "p"."TREE_NODE", "p"."XA_ID"
      FROM "DM_DON_VI" "p"
      WHERE ("p"."TREE_NODE" = :TREE_NODE_LON_NHAT_0) AND (("p"."TRANG_THAI_ID" <> 0) OR "p"."TRANG_THAI_ID" IS NULL)
      FETCH FIRST 1 ROWS ONLY
info: Microsoft.EntityFrameworkCore.Database.Command[20101]
      Executed DbCommand (13ms) [Parameters=[:get_Item_0='?' (DbType = Decimal)], CommandType='Text', CommandTimeout='0']
      SELECT "e"."ID", "e"."CAP_DON_VI_ID", "e"."CHE_DO_HACH_TOAN_ID", "e"."CO_TAI_SAN", "e"."CQTC_MA", "e"."DA_CO_QUYET_DINH_GIAO_VON", "e"."DB_ID", "e"."DIA_BAN_ID", "e"."DIA_CHI", "e"."DIEN_THOAI", "e"."DON_VI_HIEN_THI", "e"."FAX", "e"."HUYEN_ID", "e"."IS_TSQUAN_LY_CHU_KY_SO", "e"."IS_TSQUAN_LY_NHU_TSCD", "e"."IS_XAC_NHAN_DU_LIEU", "e"."KHONG_CHUYEN_MA", "e"."LA_BAN_QL_DU_AN", "e"."LA_DON_VI_NHAP_LIEU", "e"."LA_DON_VI_TU_CHU_TAI_CHINH", "e"."LIST_FILE_XAC_NHAN", "e"."LOAI_CAP_DON_VI_ID", "e"."LOAI_DON_VI_ID", "e"."MA", "e"."MA_BO", "e"."MA_CHUONG", "e"."MA_DIA_BAN", "e"."MA_DVQHNS", "e"."MA_HUYEN", "e"."MA_TINH", "e"."NGAY_CAP_NHAT", "e"."NGAY_QUYET_DINH", "e"."NGAY_QUYET_DINH_GIAO_VON", "e"."NGAY_TAO", "e"."NGAY_XAC_NHAN", "e"."NGUOI_CAP_NHAT_ID", "e"."NGUOI_TAO_ID", "e"."NHOM_DON_VI_ID", "e"."OLD_CAP_DON_VI_ID", "e"."PARENT_ID", "e"."SO_QUYET_DINH", "e"."SO_QUYET_DINH_GIAO_VON", "e"."TEN", "e"."TINH_ID", "e"."TRANG_THAI_DONG_BO_ID", "e"."TRANG_THAI_ID", "e"."TRANG_THAI_THAY_DOI_ID", "e"."TREE_LEVEL", "e"."TREE_NODE", "e"."XA_ID"
      FROM "DM_DON_VI" "e"
      WHERE "e"."ID" = :get_Item_0
      FETCH FIRST 1 ROWS ONLY
info: Microsoft.AspNetCore.Mvc.Internal.ControllerActionInvoker[2]
      Executed action method GS.Web.Controllers.TaiSanController.ChonLoaiTaiSan (GS.Web), returned result Microsoft.AspNetCore.Mvc.ViewResult in 712.858ms.
info: Microsoft.AspNetCore.Mvc.ViewFeatures.ViewResultExecutor[1]
      Executing ViewResult, running view ChonLoaiTaiSan.
info: Microsoft.EntityFrameworkCore.Database.Command[20101]
      Executed DbCommand (15ms) [Parameters=[:Ma_0='?' (Size = 2000)], CommandType='Text', CommandTimeout='0']
      SELECT "l"."GIA_TRI"
      FROM "QL_NHAN_HIEN_THI" "l"
      WHERE "l"."MA" = :Ma_0
      FETCH FIRST 1 ROWS ONLY
info: Microsoft.EntityFrameworkCore.Database.Command[20101]
      Executed DbCommand (12ms) [Parameters=[:nguoiDung_ID_0='?' (DbType = Decimal)], CommandType='Text', CommandTimeout='0']
      SELECT "c"."VAI_TRO_ID"
      FROM "QL_VAI_TRO_NGUOI_DUNG" "c"
      WHERE "c"."NGUOI_DUNG_ID" = :nguoiDung_ID_0
info: Microsoft.EntityFrameworkCore.Database.Command[20101]
      Executed DbCommand (15ms) [Parameters=[:Ma_0='?' (Size = 2000)], CommandType='Text', CommandTimeout='0']
      SELECT "l"."GIA_TRI"
      FROM "QL_NHAN_HIEN_THI" "l"
      WHERE "l"."MA" = :Ma_0
      FETCH FIRST 1 ROWS ONLY
info: Microsoft.EntityFrameworkCore.Database.Command[20101]
      Executed DbCommand (14ms) [Parameters=[:nguoiDung_ID_0='?' (DbType = Decimal)], CommandType='Text', CommandTimeout='0']
      SELECT "c"."VAI_TRO_ID"
      FROM "QL_VAI_TRO_NGUOI_DUNG" "c"
      WHERE "c"."NGUOI_DUNG_ID" = :nguoiDung_ID_0
info: Microsoft.EntityFrameworkCore.Database.Command[20101]
      Executed DbCommand (162ms) [Parameters=[:Ma_0='?' (Size = 2000)], CommandType='Text', CommandTimeout='0']
      SELECT "l"."GIA_TRI"
      FROM "QL_NHAN_HIEN_THI" "l"
      WHERE "l"."MA" = :Ma_0
      FETCH FIRST 1 ROWS ONLY
info: Microsoft.EntityFrameworkCore.Database.Command[20101]
      Executed DbCommand (9ms) [Parameters=[:nguoiDung_ID_0='?' (DbType = Decimal)], CommandType='Text', CommandTimeout='0']
      SELECT "c"."VAI_TRO_ID"
      FROM "QL_VAI_TRO_NGUOI_DUNG" "c"
      WHERE "c"."NGUOI_DUNG_ID" = :nguoiDung_ID_0
info: Microsoft.EntityFrameworkCore.Database.Command[20101]
      Executed DbCommand (9ms) [Parameters=[:Ma_0='?' (Size = 2000)], CommandType='Text', CommandTimeout='0']
      SELECT "l"."GIA_TRI"
      FROM "QL_NHAN_HIEN_THI" "l"
      WHERE "l"."MA" = :Ma_0
      FETCH FIRST 1 ROWS ONLY
info: Microsoft.EntityFrameworkCore.Database.Command[20101]
      Executed DbCommand (12ms) [Parameters=[:nguoiDung_ID_0='?' (DbType = Decimal)], CommandType='Text', CommandTimeout='0']
      SELECT "c"."VAI_TRO_ID"
      FROM "QL_VAI_TRO_NGUOI_DUNG" "c"
      WHERE "c"."NGUOI_DUNG_ID" = :nguoiDung_ID_0
info: Microsoft.EntityFrameworkCore.Database.Command[20101]
      Executed DbCommand (29ms) [Parameters=[:Ma_0='?' (Size = 2000)], CommandType='Text', CommandTimeout='0']
      SELECT "l"."GIA_TRI"
      FROM "QL_NHAN_HIEN_THI" "l"
      WHERE "l"."MA" = :Ma_0
      FETCH FIRST 1 ROWS ONLY
info: Microsoft.EntityFrameworkCore.Database.Command[20101]
      Executed DbCommand (21ms) [Parameters=[:nguoiDung_ID_0='?' (DbType = Decimal)], CommandType='Text', CommandTimeout='0']
      SELECT "c"."VAI_TRO_ID"
      FROM "QL_VAI_TRO_NGUOI_DUNG" "c"
      WHERE "c"."NGUOI_DUNG_ID" = :nguoiDung_ID_0
info: Microsoft.EntityFrameworkCore.Database.Command[20101]
      Executed DbCommand (17ms) [Parameters=[:Ma_0='?' (Size = 2000)], CommandType='Text', CommandTimeout='0']
      SELECT "l"."GIA_TRI"
      FROM "QL_NHAN_HIEN_THI" "l"
      WHERE "l"."MA" = :Ma_0
      FETCH FIRST 1 ROWS ONLY
info: Microsoft.EntityFrameworkCore.Database.Command[20101]
      Executed DbCommand (11ms) [Parameters=[:nguoiDung_ID_0='?' (DbType = Decimal)], CommandType='Text', CommandTimeout='0']
      SELECT "c"."VAI_TRO_ID"
      FROM "QL_VAI_TRO_NGUOI_DUNG" "c"
      WHERE "c"."NGUOI_DUNG_ID" = :nguoiDung_ID_0
info: Microsoft.EntityFrameworkCore.Database.Command[20101]
      Executed DbCommand (15ms) [Parameters=[:Ma_0='?' (Size = 2000)], CommandType='Text', CommandTimeout='0']
      SELECT "l"."GIA_TRI"
      FROM "QL_NHAN_HIEN_THI" "l"
      WHERE "l"."MA" = :Ma_0
      FETCH FIRST 1 ROWS ONLY
info: Microsoft.EntityFrameworkCore.Database.Command[20101]
      Executed DbCommand (18ms) [Parameters=[:nguoiDung_ID_0='?' (DbType = Decimal)], CommandType='Text', CommandTimeout='0']
      SELECT "c"."VAI_TRO_ID"
      FROM "QL_VAI_TRO_NGUOI_DUNG" "c"
      WHERE "c"."NGUOI_DUNG_ID" = :nguoiDung_ID_0
info: Microsoft.EntityFrameworkCore.Database.Command[20101]
      Executed DbCommand (21ms) [Parameters=[:Ma_0='?' (Size = 2000)], CommandType='Text', CommandTimeout='0']
      SELECT "l"."GIA_TRI"
      FROM "QL_NHAN_HIEN_THI" "l"
      WHERE "l"."MA" = :Ma_0
      FETCH FIRST 1 ROWS ONLY
info: Microsoft.EntityFrameworkCore.Database.Command[20101]
      Executed DbCommand (15ms) [Parameters=[:nguoiDung_ID_0='?' (DbType = Decimal)], CommandType='Text', CommandTimeout='0']
      SELECT "c"."VAI_TRO_ID"
      FROM "QL_VAI_TRO_NGUOI_DUNG" "c"
      WHERE "c"."NGUOI_DUNG_ID" = :nguoiDung_ID_0
info: Microsoft.EntityFrameworkCore.Database.Command[20101]
      Executed DbCommand (12ms) [Parameters=[:Ma_0='?' (Size = 2000)], CommandType='Text', CommandTimeout='0']
      SELECT "l"."GIA_TRI"
      FROM "QL_NHAN_HIEN_THI" "l"
      WHERE "l"."MA" = :Ma_0
      FETCH FIRST 1 ROWS ONLY
info: Microsoft.EntityFrameworkCore.Database.Command[20101]
      Executed DbCommand (22ms) [Parameters=[:nguoiDung_ID_0='?' (DbType = Decimal)], CommandType='Text', CommandTimeout='0']
      SELECT "c"."VAI_TRO_ID"
      FROM "QL_VAI_TRO_NGUOI_DUNG" "c"
      WHERE "c"."NGUOI_DUNG_ID" = :nguoiDung_ID_0
info: Microsoft.EntityFrameworkCore.Database.Command[20101]
      Executed DbCommand (15ms) [Parameters=[:Ma_0='?' (Size = 2000)], CommandType='Text', CommandTimeout='0']
      SELECT "l"."GIA_TRI"
      FROM "QL_NHAN_HIEN_THI" "l"
      WHERE "l"."MA" = :Ma_0
      FETCH FIRST 1 ROWS ONLY
info: Microsoft.EntityFrameworkCore.Database.Command[20101]
      Executed DbCommand (12ms) [Parameters=[:nguoiDung_ID_0='?' (DbType = Decimal)], CommandType='Text', CommandTimeout='0']
      SELECT "c"."VAI_TRO_ID"
      FROM "QL_VAI_TRO_NGUOI_DUNG" "c"
      WHERE "c"."NGUOI_DUNG_ID" = :nguoiDung_ID_0
info: Microsoft.EntityFrameworkCore.Database.Command[20101]
      Executed DbCommand (14ms) [Parameters=[:Ma_0='?' (Size = 2000)], CommandType='Text', CommandTimeout='0']
      SELECT "l"."GIA_TRI"
      FROM "QL_NHAN_HIEN_THI" "l"
      WHERE "l"."MA" = :Ma_0
      FETCH FIRST 1 ROWS ONLY
info: Microsoft.EntityFrameworkCore.Database.Command[20101]
      Executed DbCommand (14ms) [Parameters=[:nguoiDung_ID_0='?' (DbType = Decimal)], CommandType='Text', CommandTimeout='0']
      SELECT "c"."VAI_TRO_ID"
      FROM "QL_VAI_TRO_NGUOI_DUNG" "c"
      WHERE "c"."NGUOI_DUNG_ID" = :nguoiDung_ID_0
info: Microsoft.EntityFrameworkCore.Database.Command[20101]
      Executed DbCommand (14ms) [Parameters=[:Ma_0='?' (Size = 2000)], CommandType='Text', CommandTimeout='0']
      SELECT "l"."GIA_TRI"
      FROM "QL_NHAN_HIEN_THI" "l"
      WHERE "l"."MA" = :Ma_0
      FETCH FIRST 1 ROWS ONLY
info: Microsoft.EntityFrameworkCore.Database.Command[20101]
      Executed DbCommand (14ms) [Parameters=[:nguoiDung_ID_0='?' (DbType = Decimal)], CommandType='Text', CommandTimeout='0']
      SELECT "c"."VAI_TRO_ID"
      FROM "QL_VAI_TRO_NGUOI_DUNG" "c"
      WHERE "c"."NGUOI_DUNG_ID" = :nguoiDung_ID_0
info: Microsoft.EntityFrameworkCore.Database.Command[20101]
      Executed DbCommand (11ms) [Parameters=[:nguoiDung_ID_0='?' (DbType = Decimal)], CommandType='Text', CommandTimeout='0']
      SELECT "c"."VAI_TRO_ID"
      FROM "QL_VAI_TRO_NGUOI_DUNG" "c"
      WHERE "c"."NGUOI_DUNG_ID" = :nguoiDung_ID_0
info: Microsoft.EntityFrameworkCore.Database.Command[20101]
      Executed DbCommand (11ms) [Parameters=[:Ma_0='?' (Size = 2000)], CommandType='Text', CommandTimeout='0']
      SELECT "l"."GIA_TRI"
      FROM "QL_NHAN_HIEN_THI" "l"
      WHERE "l"."MA" = :Ma_0
      FETCH FIRST 1 ROWS ONLY
info: Microsoft.EntityFrameworkCore.Database.Command[20101]
      Executed DbCommand (13ms) [Parameters=[:nguoiDung_ID_0='?' (DbType = Decimal)], CommandType='Text', CommandTimeout='0']
      SELECT "c"."VAI_TRO_ID"
      FROM "QL_VAI_TRO_NGUOI_DUNG" "c"
      WHERE "c"."NGUOI_DUNG_ID" = :nguoiDung_ID_0
info: Microsoft.EntityFrameworkCore.Database.Command[20101]
      Executed DbCommand (12ms) [Parameters=[:Ma_0='?' (Size = 2000)], CommandType='Text', CommandTimeout='0']
      SELECT "l"."GIA_TRI"
      FROM "QL_NHAN_HIEN_THI" "l"
      WHERE "l"."MA" = :Ma_0
      FETCH FIRST 1 ROWS ONLY
info: Microsoft.EntityFrameworkCore.Database.Command[20101]
      Executed DbCommand (17ms) [Parameters=[:nguoiDung_ID_0='?' (DbType = Decimal)], CommandType='Text', CommandTimeout='0']
      SELECT "c"."VAI_TRO_ID"
      FROM "QL_VAI_TRO_NGUOI_DUNG" "c"
      WHERE "c"."NGUOI_DUNG_ID" = :nguoiDung_ID_0
info: Microsoft.EntityFrameworkCore.Database.Command[20101]
      Executed DbCommand (13ms) [Parameters=[:Ma_0='?' (Size = 2000)], CommandType='Text', CommandTimeout='0']
      SELECT "l"."GIA_TRI"
      FROM "QL_NHAN_HIEN_THI" "l"
      WHERE "l"."MA" = :Ma_0
      FETCH FIRST 1 ROWS ONLY
info: Microsoft.EntityFrameworkCore.Database.Command[20101]
      Executed DbCommand (10ms) [Parameters=[:nguoiDung_ID_0='?' (DbType = Decimal)], CommandType='Text', CommandTimeout='0']
      SELECT "c"."VAI_TRO_ID"
      FROM "QL_VAI_TRO_NGUOI_DUNG" "c"
      WHERE "c"."NGUOI_DUNG_ID" = :nguoiDung_ID_0
info: Microsoft.EntityFrameworkCore.Database.Command[20101]
      Executed DbCommand (12ms) [Parameters=[:Ma_0='?' (Size = 2000)], CommandType='Text', CommandTimeout='0']
      SELECT "l"."GIA_TRI"
      FROM "QL_NHAN_HIEN_THI" "l"
      WHERE "l"."MA" = :Ma_0
      FETCH FIRST 1 ROWS ONLY
info: Microsoft.EntityFrameworkCore.Database.Command[20101]
      Executed DbCommand (13ms) [Parameters=[:nguoiDung_ID_0='?' (DbType = Decimal)], CommandType='Text', CommandTimeout='0']
      SELECT "c"."VAI_TRO_ID"
      FROM "QL_VAI_TRO_NGUOI_DUNG" "c"
      WHERE "c"."NGUOI_DUNG_ID" = :nguoiDung_ID_0
info: Microsoft.EntityFrameworkCore.Database.Command[20101]
      Executed DbCommand (14ms) [Parameters=[:Ma_0='?' (Size = 2000)], CommandType='Text', CommandTimeout='0']
      SELECT "l"."GIA_TRI"
      FROM "QL_NHAN_HIEN_THI" "l"
      WHERE "l"."MA" = :Ma_0
      FETCH FIRST 1 ROWS ONLY
info: Microsoft.EntityFrameworkCore.Database.Command[20101]
      Executed DbCommand (21ms) [Parameters=[:nguoiDung_ID_0='?' (DbType = Decimal)], CommandType='Text', CommandTimeout='0']
      SELECT "c"."VAI_TRO_ID"
      FROM "QL_VAI_TRO_NGUOI_DUNG" "c"
      WHERE "c"."NGUOI_DUNG_ID" = :nguoiDung_ID_0
info: Microsoft.EntityFrameworkCore.Database.Command[20101]
      Executed DbCommand (11ms) [Parameters=[:Ma_0='?' (Size = 2000)], CommandType='Text', CommandTimeout='0']
      SELECT "l"."GIA_TRI"
      FROM "QL_NHAN_HIEN_THI" "l"
      WHERE "l"."MA" = :Ma_0
      FETCH FIRST 1 ROWS ONLY
info: Microsoft.EntityFrameworkCore.Database.Command[20101]
      Executed DbCommand (14ms) [Parameters=[:nguoiDung_ID_0='?' (DbType = Decimal)], CommandType='Text', CommandTimeout='0']
      SELECT "c"."VAI_TRO_ID"
      FROM "QL_VAI_TRO_NGUOI_DUNG" "c"
      WHERE "c"."NGUOI_DUNG_ID" = :nguoiDung_ID_0
info: Microsoft.EntityFrameworkCore.Database.Command[20101]
      Executed DbCommand (14ms) [Parameters=[:Ma_0='?' (Size = 2000)], CommandType='Text', CommandTimeout='0']
      SELECT "l"."GIA_TRI"
      FROM "QL_NHAN_HIEN_THI" "l"
      WHERE "l"."MA" = :Ma_0
      FETCH FIRST 1 ROWS ONLY
info: Microsoft.EntityFrameworkCore.Database.Command[20101]
      Executed DbCommand (19ms) [Parameters=[:nguoiDung_ID_0='?' (DbType = Decimal)], CommandType='Text', CommandTimeout='0']
      SELECT "c"."VAI_TRO_ID"
      FROM "QL_VAI_TRO_NGUOI_DUNG" "c"
      WHERE "c"."NGUOI_DUNG_ID" = :nguoiDung_ID_0
info: Microsoft.EntityFrameworkCore.Database.Command[20101]
      Executed DbCommand (9ms) [Parameters=[:Ma_0='?' (Size = 2000)], CommandType='Text', CommandTimeout='0']
      SELECT "l"."GIA_TRI"
      FROM "QL_NHAN_HIEN_THI" "l"
      WHERE "l"."MA" = :Ma_0
      FETCH FIRST 1 ROWS ONLY
info: Microsoft.EntityFrameworkCore.Database.Command[20101]
      Executed DbCommand (16ms) [Parameters=[:nguoiDung_ID_0='?' (DbType = Decimal)], CommandType='Text', CommandTimeout='0']
      SELECT "c"."VAI_TRO_ID"
      FROM "QL_VAI_TRO_NGUOI_DUNG" "c"
      WHERE "c"."NGUOI_DUNG_ID" = :nguoiDung_ID_0
info: Microsoft.EntityFrameworkCore.Database.Command[20101]
      Executed DbCommand (15ms) [Parameters=[:Ma_0='?' (Size = 2000)], CommandType='Text', CommandTimeout='0']
      SELECT "l"."GIA_TRI"
      FROM "QL_NHAN_HIEN_THI" "l"
      WHERE "l"."MA" = :Ma_0
      FETCH FIRST 1 ROWS ONLY
info: Microsoft.EntityFrameworkCore.Database.Command[20101]
      Executed DbCommand (30ms) [Parameters=[:nguoiDung_ID_0='?' (DbType = Decimal)], CommandType='Text', CommandTimeout='0']
      SELECT "c"."VAI_TRO_ID"
      FROM "QL_VAI_TRO_NGUOI_DUNG" "c"
      WHERE "c"."NGUOI_DUNG_ID" = :nguoiDung_ID_0
info: Microsoft.EntityFrameworkCore.Database.Command[20101]
      Executed DbCommand (18ms) [Parameters=[:Ma_0='?' (Size = 2000)], CommandType='Text', CommandTimeout='0']
      SELECT "l"."GIA_TRI"
      FROM "QL_NHAN_HIEN_THI" "l"
      WHERE "l"."MA" = :Ma_0
      FETCH FIRST 1 ROWS ONLY
info: Microsoft.EntityFrameworkCore.Database.Command[20101]
      Executed DbCommand (13ms) [Parameters=[:nguoiDung_ID_0='?' (DbType = Decimal)], CommandType='Text', CommandTimeout='0']
      SELECT "c"."VAI_TRO_ID"
      FROM "QL_VAI_TRO_NGUOI_DUNG" "c"
      WHERE "c"."NGUOI_DUNG_ID" = :nguoiDung_ID_0
info: Microsoft.EntityFrameworkCore.Database.Command[20101]
      Executed DbCommand (23ms) [Parameters=[:Ma_0='?' (Size = 2000)], CommandType='Text', CommandTimeout='0']
      SELECT "l"."GIA_TRI"
      FROM "QL_NHAN_HIEN_THI" "l"
      WHERE "l"."MA" = :Ma_0
      FETCH FIRST 1 ROWS ONLY
info: Microsoft.EntityFrameworkCore.Database.Command[20101]
      Executed DbCommand (15ms) [Parameters=[:nguoiDung_ID_0='?' (DbType = Decimal)], CommandType='Text', CommandTimeout='0']
      SELECT "c"."VAI_TRO_ID"
      FROM "QL_VAI_TRO_NGUOI_DUNG" "c"
      WHERE "c"."NGUOI_DUNG_ID" = :nguoiDung_ID_0
info: Microsoft.EntityFrameworkCore.Database.Command[20101]
      Executed DbCommand (12ms) [Parameters=[:Ma_0='?' (Size = 2000)], CommandType='Text', CommandTimeout='0']
      SELECT "l"."GIA_TRI"
      FROM "QL_NHAN_HIEN_THI" "l"
      WHERE "l"."MA" = :Ma_0
      FETCH FIRST 1 ROWS ONLY
info: Microsoft.EntityFrameworkCore.Database.Command[20101]
      Executed DbCommand (14ms) [Parameters=[:nguoiDung_ID_0='?' (DbType = Decimal)], CommandType='Text', CommandTimeout='0']
      SELECT "c"."VAI_TRO_ID"
      FROM "QL_VAI_TRO_NGUOI_DUNG" "c"
      WHERE "c"."NGUOI_DUNG_ID" = :nguoiDung_ID_0
info: Microsoft.EntityFrameworkCore.Database.Command[20101]
      Executed DbCommand (13ms) [Parameters=[:Ma_0='?' (Size = 2000)], CommandType='Text', CommandTimeout='0']
      SELECT "l"."GIA_TRI"
      FROM "QL_NHAN_HIEN_THI" "l"
      WHERE "l"."MA" = :Ma_0
      FETCH FIRST 1 ROWS ONLY
info: Microsoft.EntityFrameworkCore.Database.Command[20101]
      Executed DbCommand (23ms) [Parameters=[:nguoiDung_ID_0='?' (DbType = Decimal)], CommandType='Text', CommandTimeout='0']
      SELECT "c"."VAI_TRO_ID"
      FROM "QL_VAI_TRO_NGUOI_DUNG" "c"
      WHERE "c"."NGUOI_DUNG_ID" = :nguoiDung_ID_0
info: Microsoft.EntityFrameworkCore.Database.Command[20101]
      Executed DbCommand (12ms) [Parameters=[:Ma_0='?' (Size = 2000)], CommandType='Text', CommandTimeout='0']
      SELECT "l"."GIA_TRI"
      FROM "QL_NHAN_HIEN_THI" "l"
      WHERE "l"."MA" = :Ma_0
      FETCH FIRST 1 ROWS ONLY
info: Microsoft.EntityFrameworkCore.Database.Command[20101]
      Executed DbCommand (12ms) [Parameters=[:nguoiDung_ID_0='?' (DbType = Decimal)], CommandType='Text', CommandTimeout='0']
      SELECT "c"."VAI_TRO_ID"
      FROM "QL_VAI_TRO_NGUOI_DUNG" "c"
      WHERE "c"."NGUOI_DUNG_ID" = :nguoiDung_ID_0
info: Microsoft.EntityFrameworkCore.Database.Command[20101]
      Executed DbCommand (18ms) [Parameters=[:Ma_0='?' (Size = 2000)], CommandType='Text', CommandTimeout='0']
      SELECT "l"."GIA_TRI"
      FROM "QL_NHAN_HIEN_THI" "l"
      WHERE "l"."MA" = :Ma_0
      FETCH FIRST 1 ROWS ONLY
info: Microsoft.EntityFrameworkCore.Database.Command[20101]
      Executed DbCommand (12ms) [Parameters=[:nguoiDung_ID_0='?' (DbType = Decimal)], CommandType='Text', CommandTimeout='0']
      SELECT "c"."VAI_TRO_ID"
      FROM "QL_VAI_TRO_NGUOI_DUNG" "c"
      WHERE "c"."NGUOI_DUNG_ID" = :nguoiDung_ID_0
info: Microsoft.EntityFrameworkCore.Database.Command[20101]
      Executed DbCommand (12ms) [Parameters=[:Ma_0='?' (Size = 2000)], CommandType='Text', CommandTimeout='0']
      SELECT "l"."GIA_TRI"
      FROM "QL_NHAN_HIEN_THI" "l"
      WHERE "l"."MA" = :Ma_0
      FETCH FIRST 1 ROWS ONLY
info: Microsoft.EntityFrameworkCore.Database.Command[20101]
      Executed DbCommand (14ms) [Parameters=[:nguoiDung_ID_0='?' (DbType = Decimal)], CommandType='Text', CommandTimeout='0']
      SELECT "c"."VAI_TRO_ID"
      FROM "QL_VAI_TRO_NGUOI_DUNG" "c"
      WHERE "c"."NGUOI_DUNG_ID" = :nguoiDung_ID_0
info: Microsoft.EntityFrameworkCore.Database.Command[20101]
      Executed DbCommand (18ms) [Parameters=[:Ma_0='?' (Size = 2000)], CommandType='Text', CommandTimeout='0']
      SELECT "l"."GIA_TRI"
      FROM "QL_NHAN_HIEN_THI" "l"
      WHERE "l"."MA" = :Ma_0
      FETCH FIRST 1 ROWS ONLY
info: Microsoft.EntityFrameworkCore.Database.Command[20101]
      Executed DbCommand (12ms) [Parameters=[:nguoiDung_ID_0='?' (DbType = Decimal)], CommandType='Text', CommandTimeout='0']
      SELECT "c"."VAI_TRO_ID"
      FROM "QL_VAI_TRO_NGUOI_DUNG" "c"
      WHERE "c"."NGUOI_DUNG_ID" = :nguoiDung_ID_0
info: Microsoft.EntityFrameworkCore.Database.Command[20101]
      Executed DbCommand (13ms) [Parameters=[:Ma_0='?' (Size = 2000)], CommandType='Text', CommandTimeout='0']
      SELECT "l"."GIA_TRI"
      FROM "QL_NHAN_HIEN_THI" "l"
      WHERE "l"."MA" = :Ma_0
      FETCH FIRST 1 ROWS ONLY
info: Microsoft.EntityFrameworkCore.Database.Command[20101]
      Executed DbCommand (20ms) [Parameters=[:nguoiDung_ID_0='?' (DbType = Decimal)], CommandType='Text', CommandTimeout='0']
      SELECT "c"."VAI_TRO_ID"
      FROM "QL_VAI_TRO_NGUOI_DUNG" "c"
      WHERE "c"."NGUOI_DUNG_ID" = :nguoiDung_ID_0
info: Microsoft.EntityFrameworkCore.Database.Command[20101]
      Executed DbCommand (12ms) [Parameters=[:Ma_0='?' (Size = 2000)], CommandType='Text', CommandTimeout='0']
      SELECT "l"."GIA_TRI"
      FROM "QL_NHAN_HIEN_THI" "l"
      WHERE "l"."MA" = :Ma_0
      FETCH FIRST 1 ROWS ONLY
info: Microsoft.EntityFrameworkCore.Database.Command[20101]
      Executed DbCommand (12ms) [Parameters=[:nguoiDung_ID_0='?' (DbType = Decimal)], CommandType='Text', CommandTimeout='0']
      SELECT "c"."VAI_TRO_ID"
      FROM "QL_VAI_TRO_NGUOI_DUNG" "c"
      WHERE "c"."NGUOI_DUNG_ID" = :nguoiDung_ID_0
info: Microsoft.EntityFrameworkCore.Database.Command[20101]
      Executed DbCommand (14ms) [Parameters=[:Ma_0='?' (Size = 2000)], CommandType='Text', CommandTimeout='0']
      SELECT "l"."GIA_TRI"
      FROM "QL_NHAN_HIEN_THI" "l"
      WHERE "l"."MA" = :Ma_0
      FETCH FIRST 1 ROWS ONLY
info: Microsoft.EntityFrameworkCore.Database.Command[20101]
      Executed DbCommand (11ms) [Parameters=[:nguoiDung_ID_0='?' (DbType = Decimal)], CommandType='Text', CommandTimeout='0']
      SELECT "c"."VAI_TRO_ID"
      FROM "QL_VAI_TRO_NGUOI_DUNG" "c"
      WHERE "c"."NGUOI_DUNG_ID" = :nguoiDung_ID_0
info: Microsoft.EntityFrameworkCore.Database.Command[20101]
      Executed DbCommand (13ms) [Parameters=[:Ma_0='?' (Size = 2000)], CommandType='Text', CommandTimeout='0']
      SELECT "l"."GIA_TRI"
      FROM "QL_NHAN_HIEN_THI" "l"
      WHERE "l"."MA" = :Ma_0
      FETCH FIRST 1 ROWS ONLY
info: Microsoft.EntityFrameworkCore.Database.Command[20101]
      Executed DbCommand (16ms) [Parameters=[:nguoiDung_ID_0='?' (DbType = Decimal)], CommandType='Text', CommandTimeout='0']
      SELECT "c"."VAI_TRO_ID"
      FROM "QL_VAI_TRO_NGUOI_DUNG" "c"
      WHERE "c"."NGUOI_DUNG_ID" = :nguoiDung_ID_0
info: Microsoft.EntityFrameworkCore.Database.Command[20101]
      Executed DbCommand (14ms) [Parameters=[:Ma_0='?' (Size = 2000)], CommandType='Text', CommandTimeout='0']
      SELECT "l"."GIA_TRI"
      FROM "QL_NHAN_HIEN_THI" "l"
      WHERE "l"."MA" = :Ma_0
      FETCH FIRST 1 ROWS ONLY
info: Microsoft.EntityFrameworkCore.Database.Command[20101]
      Executed DbCommand (12ms) [Parameters=[:nguoiDung_ID_0='?' (DbType = Decimal)], CommandType='Text', CommandTimeout='0']
      SELECT "c"."VAI_TRO_ID"
      FROM "QL_VAI_TRO_NGUOI_DUNG" "c"
      WHERE "c"."NGUOI_DUNG_ID" = :nguoiDung_ID_0
info: Microsoft.EntityFrameworkCore.Database.Command[20101]
      Executed DbCommand (21ms) [Parameters=[:Ma_0='?' (Size = 2000)], CommandType='Text', CommandTimeout='0']
      SELECT "l"."GIA_TRI"
      FROM "QL_NHAN_HIEN_THI" "l"
      WHERE "l"."MA" = :Ma_0
      FETCH FIRST 1 ROWS ONLY
info: Microsoft.EntityFrameworkCore.Database.Command[20101]
      Executed DbCommand (13ms) [Parameters=[:nguoiDung_ID_0='?' (DbType = Decimal)], CommandType='Text', CommandTimeout='0']
      SELECT "c"."VAI_TRO_ID"
      FROM "QL_VAI_TRO_NGUOI_DUNG" "c"
      WHERE "c"."NGUOI_DUNG_ID" = :nguoiDung_ID_0
info: Microsoft.EntityFrameworkCore.Database.Command[20101]
      Executed DbCommand (10ms) [Parameters=[:Ma_0='?' (Size = 2000)], CommandType='Text', CommandTimeout='0']
      SELECT "l"."GIA_TRI"
      FROM "QL_NHAN_HIEN_THI" "l"
      WHERE "l"."MA" = :Ma_0
      FETCH FIRST 1 ROWS ONLY
info: Microsoft.EntityFrameworkCore.Database.Command[20101]
      Executed DbCommand (26ms) [Parameters=[:nguoiDung_ID_0='?' (DbType = Decimal)], CommandType='Text', CommandTimeout='0']
      SELECT "c"."VAI_TRO_ID"
      FROM "QL_VAI_TRO_NGUOI_DUNG" "c"
      WHERE "c"."NGUOI_DUNG_ID" = :nguoiDung_ID_0
info: Microsoft.EntityFrameworkCore.Database.Command[20101]
      Executed DbCommand (45ms) [Parameters=[:Ma_0='?' (Size = 2000)], CommandType='Text', CommandTimeout='0']
      SELECT "l"."GIA_TRI"
      FROM "QL_NHAN_HIEN_THI" "l"
      WHERE "l"."MA" = :Ma_0
      FETCH FIRST 1 ROWS ONLY
info: Microsoft.EntityFrameworkCore.Database.Command[20101]
      Executed DbCommand (15ms) [Parameters=[:nguoiDung_ID_0='?' (DbType = Decimal)], CommandType='Text', CommandTimeout='0']
      SELECT "c"."VAI_TRO_ID"
      FROM "QL_VAI_TRO_NGUOI_DUNG" "c"
      WHERE "c"."NGUOI_DUNG_ID" = :nguoiDung_ID_0
info: Microsoft.EntityFrameworkCore.Database.Command[20101]
      Executed DbCommand (18ms) [Parameters=[:Ma_0='?' (Size = 2000)], CommandType='Text', CommandTimeout='0']
      SELECT "l"."GIA_TRI"
      FROM "QL_NHAN_HIEN_THI" "l"
      WHERE "l"."MA" = :Ma_0
      FETCH FIRST 1 ROWS ONLY
info: Microsoft.EntityFrameworkCore.Database.Command[20101]
      Executed DbCommand (15ms) [Parameters=[:nguoiDung_ID_0='?' (DbType = Decimal)], CommandType='Text', CommandTimeout='0']
      SELECT "c"."VAI_TRO_ID"
      FROM "QL_VAI_TRO_NGUOI_DUNG" "c"
      WHERE "c"."NGUOI_DUNG_ID" = :nguoiDung_ID_0
info: Microsoft.EntityFrameworkCore.Database.Command[20101]
      Executed DbCommand (21ms) [Parameters=[:Ma_0='?' (Size = 2000)], CommandType='Text', CommandTimeout='0']
      SELECT "l"."GIA_TRI"
      FROM "QL_NHAN_HIEN_THI" "l"
      WHERE "l"."MA" = :Ma_0
      FETCH FIRST 1 ROWS ONLY
info: Microsoft.EntityFrameworkCore.Database.Command[20101]
      Executed DbCommand (34ms) [Parameters=[:nguoiDung_ID_0='?' (DbType = Decimal)], CommandType='Text', CommandTimeout='0']
      SELECT "c"."VAI_TRO_ID"
      FROM "QL_VAI_TRO_NGUOI_DUNG" "c"
      WHERE "c"."NGUOI_DUNG_ID" = :nguoiDung_ID_0
info: Microsoft.EntityFrameworkCore.Database.Command[20101]
      Executed DbCommand (28ms) [Parameters=[:Ma_0='?' (Size = 2000)], CommandType='Text', CommandTimeout='0']
      SELECT "l"."GIA_TRI"
      FROM "QL_NHAN_HIEN_THI" "l"
      WHERE "l"."MA" = :Ma_0
      FETCH FIRST 1 ROWS ONLY
info: Microsoft.EntityFrameworkCore.Database.Command[20101]
      Executed DbCommand (24ms) [Parameters=[:nguoiDung_ID_0='?' (DbType = Decimal)], CommandType='Text', CommandTimeout='0']
      SELECT "c"."VAI_TRO_ID"
      FROM "QL_VAI_TRO_NGUOI_DUNG" "c"
      WHERE "c"."NGUOI_DUNG_ID" = :nguoiDung_ID_0
info: Microsoft.EntityFrameworkCore.Database.Command[20101]
      Executed DbCommand (77ms) [Parameters=[:Ma_0='?' (Size = 2000)], CommandType='Text', CommandTimeout='0']
      SELECT "l"."GIA_TRI"
      FROM "QL_NHAN_HIEN_THI" "l"
      WHERE "l"."MA" = :Ma_0
      FETCH FIRST 1 ROWS ONLY
info: Microsoft.EntityFrameworkCore.Database.Command[20101]
      Executed DbCommand (25ms) [Parameters=[:nguoiDung_ID_0='?' (DbType = Decimal)], CommandType='Text', CommandTimeout='0']
      SELECT "c"."VAI_TRO_ID"
      FROM "QL_VAI_TRO_NGUOI_DUNG" "c"
      WHERE "c"."NGUOI_DUNG_ID" = :nguoiDung_ID_0
info: Microsoft.EntityFrameworkCore.Database.Command[20101]
      Executed DbCommand (22ms) [Parameters=[:Ma_0='?' (Size = 2000)], CommandType='Text', CommandTimeout='0']
      SELECT "l"."GIA_TRI"
      FROM "QL_NHAN_HIEN_THI" "l"
      WHERE "l"."MA" = :Ma_0
      FETCH FIRST 1 ROWS ONLY
info: Microsoft.EntityFrameworkCore.Database.Command[20101]
      Executed DbCommand (27ms) [Parameters=[:nguoiDung_ID_0='?' (DbType = Decimal)], CommandType='Text', CommandTimeout='0']
      SELECT "c"."VAI_TRO_ID"
      FROM "QL_VAI_TRO_NGUOI_DUNG" "c"
      WHERE "c"."NGUOI_DUNG_ID" = :nguoiDung_ID_0
info: Microsoft.EntityFrameworkCore.Database.Command[20101]
      Executed DbCommand (38ms) [Parameters=[:Ma_0='?' (Size = 2000)], CommandType='Text', CommandTimeout='0']
      SELECT "l"."GIA_TRI"
      FROM "QL_NHAN_HIEN_THI" "l"
      WHERE "l"."MA" = :Ma_0
      FETCH FIRST 1 ROWS ONLY
info: Microsoft.EntityFrameworkCore.Database.Command[20101]
      Executed DbCommand (36ms) [Parameters=[:nguoiDung_ID_0='?' (DbType = Decimal)], CommandType='Text', CommandTimeout='0']
      SELECT "c"."VAI_TRO_ID"
      FROM "QL_VAI_TRO_NGUOI_DUNG" "c"
      WHERE "c"."NGUOI_DUNG_ID" = :nguoiDung_ID_0
info: Microsoft.EntityFrameworkCore.Database.Command[20101]
      Executed DbCommand (15ms) [Parameters=[:Ma_0='?' (Size = 2000)], CommandType='Text', CommandTimeout='0']
      SELECT "l"."GIA_TRI"
      FROM "QL_NHAN_HIEN_THI" "l"
      WHERE "l"."MA" = :Ma_0
      FETCH FIRST 1 ROWS ONLY
info: Microsoft.EntityFrameworkCore.Database.Command[20101]
      Executed DbCommand (54ms) [Parameters=[:nguoiDung_ID_0='?' (DbType = Decimal)], CommandType='Text', CommandTimeout='0']
      SELECT "c"."VAI_TRO_ID"
      FROM "QL_VAI_TRO_NGUOI_DUNG" "c"
      WHERE "c"."NGUOI_DUNG_ID" = :nguoiDung_ID_0
info: Microsoft.EntityFrameworkCore.Database.Command[20101]
      Executed DbCommand (19ms) [Parameters=[:Ma_0='?' (Size = 2000)], CommandType='Text', CommandTimeout='0']
      SELECT "l"."GIA_TRI"
      FROM "QL_NHAN_HIEN_THI" "l"
      WHERE "l"."MA" = :Ma_0
      FETCH FIRST 1 ROWS ONLY
info: Microsoft.EntityFrameworkCore.Database.Command[20101]
      Executed DbCommand (14ms) [Parameters=[:nguoiDung_ID_0='?' (DbType = Decimal)], CommandType='Text', CommandTimeout='0']
      SELECT "c"."VAI_TRO_ID"
      FROM "QL_VAI_TRO_NGUOI_DUNG" "c"
      WHERE "c"."NGUOI_DUNG_ID" = :nguoiDung_ID_0
info: Microsoft.EntityFrameworkCore.Database.Command[20101]
      Executed DbCommand (15ms) [Parameters=[:Ma_0='?' (Size = 2000)], CommandType='Text', CommandTimeout='0']
      SELECT "l"."GIA_TRI"
      FROM "QL_NHAN_HIEN_THI" "l"
      WHERE "l"."MA" = :Ma_0
      FETCH FIRST 1 ROWS ONLY
info: Microsoft.EntityFrameworkCore.Database.Command[20101]
      Executed DbCommand (21ms) [Parameters=[:nguoiDung_ID_0='?' (DbType = Decimal)], CommandType='Text', CommandTimeout='0']
      SELECT "c"."VAI_TRO_ID"
      FROM "QL_VAI_TRO_NGUOI_DUNG" "c"
      WHERE "c"."NGUOI_DUNG_ID" = :nguoiDung_ID_0
info: Microsoft.EntityFrameworkCore.Database.Command[20101]
      Executed DbCommand (21ms) [Parameters=[:Ma_0='?' (Size = 2000)], CommandType='Text', CommandTimeout='0']
      SELECT "l"."GIA_TRI"
      FROM "QL_NHAN_HIEN_THI" "l"
      WHERE "l"."MA" = :Ma_0
      FETCH FIRST 1 ROWS ONLY
info: Microsoft.EntityFrameworkCore.Database.Command[20101]
      Executed DbCommand (37ms) [Parameters=[:nguoiDung_ID_0='?' (DbType = Decimal)], CommandType='Text', CommandTimeout='0']
      SELECT "c"."VAI_TRO_ID"
      FROM "QL_VAI_TRO_NGUOI_DUNG" "c"
      WHERE "c"."NGUOI_DUNG_ID" = :nguoiDung_ID_0
info: Microsoft.EntityFrameworkCore.Database.Command[20101]
      Executed DbCommand (29ms) [Parameters=[:Ma_0='?' (Size = 2000)], CommandType='Text', CommandTimeout='0']
      SELECT "l"."GIA_TRI"
      FROM "QL_NHAN_HIEN_THI" "l"
      WHERE "l"."MA" = :Ma_0
      FETCH FIRST 1 ROWS ONLY
info: Microsoft.EntityFrameworkCore.Database.Command[20101]
      Executed DbCommand (48ms) [Parameters=[:nguoiDung_ID_0='?' (DbType = Decimal)], CommandType='Text', CommandTimeout='0']
      SELECT "c"."VAI_TRO_ID"
      FROM "QL_VAI_TRO_NGUOI_DUNG" "c"
      WHERE "c"."NGUOI_DUNG_ID" = :nguoiDung_ID_0
info: Microsoft.EntityFrameworkCore.Database.Command[20101]
      Executed DbCommand (38ms) [Parameters=[:Ma_0='?' (Size = 2000)], CommandType='Text', CommandTimeout='0']
      SELECT "l"."GIA_TRI"
      FROM "QL_NHAN_HIEN_THI" "l"
      WHERE "l"."MA" = :Ma_0
      FETCH FIRST 1 ROWS ONLY
info: Microsoft.EntityFrameworkCore.Database.Command[20101]
      Executed DbCommand (30ms) [Parameters=[:nguoiDung_ID_0='?' (DbType = Decimal)], CommandType='Text', CommandTimeout='0']
      SELECT "c"."VAI_TRO_ID"
      FROM "QL_VAI_TRO_NGUOI_DUNG" "c"
      WHERE "c"."NGUOI_DUNG_ID" = :nguoiDung_ID_0
info: Microsoft.EntityFrameworkCore.Database.Command[20101]
      Executed DbCommand (44ms) [Parameters=[:Ma_0='?' (Size = 2000)], CommandType='Text', CommandTimeout='0']
      SELECT "l"."GIA_TRI"
      FROM "QL_NHAN_HIEN_THI" "l"
      WHERE "l"."MA" = :Ma_0
      FETCH FIRST 1 ROWS ONLY
info: Microsoft.EntityFrameworkCore.Database.Command[20101]
      Executed DbCommand (35ms) [Parameters=[:nguoiDung_ID_0='?' (DbType = Decimal)], CommandType='Text', CommandTimeout='0']
      SELECT "c"."VAI_TRO_ID"
      FROM "QL_VAI_TRO_NGUOI_DUNG" "c"
      WHERE "c"."NGUOI_DUNG_ID" = :nguoiDung_ID_0
info: Microsoft.EntityFrameworkCore.Database.Command[20101]
      Executed DbCommand (30ms) [Parameters=[:Ma_0='?' (Size = 2000)], CommandType='Text', CommandTimeout='0']
      SELECT "l"."GIA_TRI"
      FROM "QL_NHAN_HIEN_THI" "l"
      WHERE "l"."MA" = :Ma_0
      FETCH FIRST 1 ROWS ONLY
info: Microsoft.EntityFrameworkCore.Database.Command[20101]
      Executed DbCommand (37ms) [Parameters=[:nguoiDung_ID_0='?' (DbType = Decimal)], CommandType='Text', CommandTimeout='0']
      SELECT "c"."VAI_TRO_ID"
      FROM "QL_VAI_TRO_NGUOI_DUNG" "c"
      WHERE "c"."NGUOI_DUNG_ID" = :nguoiDung_ID_0
info: Microsoft.EntityFrameworkCore.Database.Command[20101]
      Executed DbCommand (21ms) [Parameters=[:Ma_0='?' (Size = 2000)], CommandType='Text', CommandTimeout='0']
      SELECT "l"."GIA_TRI"
      FROM "QL_NHAN_HIEN_THI" "l"
      WHERE "l"."MA" = :Ma_0
      FETCH FIRST 1 ROWS ONLY
info: Microsoft.EntityFrameworkCore.Database.Command[20101]
      Executed DbCommand (23ms) [Parameters=[:nguoiDung_ID_0='?' (DbType = Decimal)], CommandType='Text', CommandTimeout='0']
      SELECT "c"."VAI_TRO_ID"
      FROM "QL_VAI_TRO_NGUOI_DUNG" "c"
      WHERE "c"."NGUOI_DUNG_ID" = :nguoiDung_ID_0
info: Microsoft.EntityFrameworkCore.Database.Command[20101]
      Executed DbCommand (42ms) [Parameters=[:Ma_0='?' (Size = 2000)], CommandType='Text', CommandTimeout='0']
      SELECT "l"."GIA_TRI"
      FROM "QL_NHAN_HIEN_THI" "l"
      WHERE "l"."MA" = :Ma_0
      FETCH FIRST 1 ROWS ONLY
info: Microsoft.EntityFrameworkCore.Database.Command[20101]
      Executed DbCommand (58ms) [Parameters=[:nguoiDung_ID_0='?' (DbType = Decimal)], CommandType='Text', CommandTimeout='0']
      SELECT "c"."VAI_TRO_ID"
      FROM "QL_VAI_TRO_NGUOI_DUNG" "c"
      WHERE "c"."NGUOI_DUNG_ID" = :nguoiDung_ID_0
info: Microsoft.EntityFrameworkCore.Database.Command[20101]
      Executed DbCommand (74ms) [Parameters=[:Ma_0='?' (Size = 2000)], CommandType='Text', CommandTimeout='0']
      SELECT "l"."GIA_TRI"
      FROM "QL_NHAN_HIEN_THI" "l"
      WHERE "l"."MA" = :Ma_0
      FETCH FIRST 1 ROWS ONLY
info: Microsoft.EntityFrameworkCore.Database.Command[20101]
      Executed DbCommand (44ms) [Parameters=[:nguoiDung_ID_0='?' (DbType = Decimal)], CommandType='Text', CommandTimeout='0']
      SELECT "c"."VAI_TRO_ID"
      FROM "QL_VAI_TRO_NGUOI_DUNG" "c"
      WHERE "c"."NGUOI_DUNG_ID" = :nguoiDung_ID_0
info: Microsoft.EntityFrameworkCore.Database.Command[20101]
      Executed DbCommand (64ms) [Parameters=[:Ma_0='?' (Size = 2000)], CommandType='Text', CommandTimeout='0']
      SELECT "l"."GIA_TRI"
      FROM "QL_NHAN_HIEN_THI" "l"
      WHERE "l"."MA" = :Ma_0
      FETCH FIRST 1 ROWS ONLY
info: Microsoft.EntityFrameworkCore.Database.Command[20101]
      Executed DbCommand (32ms) [Parameters=[:nguoiDung_ID_0='?' (DbType = Decimal)], CommandType='Text', CommandTimeout='0']
      SELECT "c"."VAI_TRO_ID"
      FROM "QL_VAI_TRO_NGUOI_DUNG" "c"
      WHERE "c"."NGUOI_DUNG_ID" = :nguoiDung_ID_0
info: Microsoft.EntityFrameworkCore.Database.Command[20101]
      Executed DbCommand (48ms) [Parameters=[:Ma_0='?' (Size = 2000)], CommandType='Text', CommandTimeout='0']
      SELECT "l"."GIA_TRI"
      FROM "QL_NHAN_HIEN_THI" "l"
      WHERE "l"."MA" = :Ma_0
      FETCH FIRST 1 ROWS ONLY
info: Microsoft.EntityFrameworkCore.Database.Command[20101]
      Executed DbCommand (16ms) [Parameters=[:nguoiDung_ID_0='?' (DbType = Decimal)], CommandType='Text', CommandTimeout='0']
      SELECT "c"."VAI_TRO_ID"
      FROM "QL_VAI_TRO_NGUOI_DUNG" "c"
      WHERE "c"."NGUOI_DUNG_ID" = :nguoiDung_ID_0
info: Microsoft.EntityFrameworkCore.Database.Command[20101]
      Executed DbCommand (13ms) [Parameters=[:Ma_0='?' (Size = 2000)], CommandType='Text', CommandTimeout='0']
      SELECT "l"."GIA_TRI"
      FROM "QL_NHAN_HIEN_THI" "l"
      WHERE "l"."MA" = :Ma_0
      FETCH FIRST 1 ROWS ONLY
info: Microsoft.EntityFrameworkCore.Database.Command[20101]
      Executed DbCommand (11ms) [Parameters=[:nguoiDung_ID_0='?' (DbType = Decimal)], CommandType='Text', CommandTimeout='0']
      SELECT "c"."VAI_TRO_ID"
      FROM "QL_VAI_TRO_NGUOI_DUNG" "c"
      WHERE "c"."NGUOI_DUNG_ID" = :nguoiDung_ID_0
info: Microsoft.EntityFrameworkCore.Database.Command[20101]
      Executed DbCommand (14ms) [Parameters=[:Ma_0='?' (Size = 2000)], CommandType='Text', CommandTimeout='0']
      SELECT "l"."GIA_TRI"
      FROM "QL_NHAN_HIEN_THI" "l"
      WHERE "l"."MA" = :Ma_0
      FETCH FIRST 1 ROWS ONLY
info: Microsoft.EntityFrameworkCore.Database.Command[20101]
      Executed DbCommand (15ms) [Parameters=[:nguoiDung_ID_0='?' (DbType = Decimal)], CommandType='Text', CommandTimeout='0']
      SELECT "c"."VAI_TRO_ID"
      FROM "QL_VAI_TRO_NGUOI_DUNG" "c"
      WHERE "c"."NGUOI_DUNG_ID" = :nguoiDung_ID_0
info: Microsoft.EntityFrameworkCore.Database.Command[20101]
      Executed DbCommand (13ms) [Parameters=[:Ma_0='?' (Size = 2000)], CommandType='Text', CommandTimeout='0']
      SELECT "l"."GIA_TRI"
      FROM "QL_NHAN_HIEN_THI" "l"
      WHERE "l"."MA" = :Ma_0
      FETCH FIRST 1 ROWS ONLY
info: Microsoft.EntityFrameworkCore.Database.Command[20101]
      Executed DbCommand (11ms) [Parameters=[:nguoiDung_ID_0='?' (DbType = Decimal)], CommandType='Text', CommandTimeout='0']
      SELECT "c"."VAI_TRO_ID"
      FROM "QL_VAI_TRO_NGUOI_DUNG" "c"
      WHERE "c"."NGUOI_DUNG_ID" = :nguoiDung_ID_0
info: Microsoft.EntityFrameworkCore.Database.Command[20101]
      Executed DbCommand (13ms) [Parameters=[:Ma_0='?' (Size = 2000)], CommandType='Text', CommandTimeout='0']
      SELECT "l"."GIA_TRI"
      FROM "QL_NHAN_HIEN_THI" "l"
      WHERE "l"."MA" = :Ma_0
      FETCH FIRST 1 ROWS ONLY
info: Microsoft.EntityFrameworkCore.Database.Command[20101]
      Executed DbCommand (14ms) [Parameters=[:nguoiDung_ID_0='?' (DbType = Decimal)], CommandType='Text', CommandTimeout='0']
      SELECT "c"."VAI_TRO_ID"
      FROM "QL_VAI_TRO_NGUOI_DUNG" "c"
      WHERE "c"."NGUOI_DUNG_ID" = :nguoiDung_ID_0
info: Microsoft.EntityFrameworkCore.Database.Command[20101]
      Executed DbCommand (16ms) [Parameters=[:Ma_0='?' (Size = 2000)], CommandType='Text', CommandTimeout='0']
      SELECT "l"."GIA_TRI"
      FROM "QL_NHAN_HIEN_THI" "l"
      WHERE "l"."MA" = :Ma_0
      FETCH FIRST 1 ROWS ONLY
info: Microsoft.EntityFrameworkCore.Database.Command[20101]
      Executed DbCommand (13ms) [Parameters=[:nguoiDung_ID_0='?' (DbType = Decimal)], CommandType='Text', CommandTimeout='0']
      SELECT "c"."VAI_TRO_ID"
      FROM "QL_VAI_TRO_NGUOI_DUNG" "c"
      WHERE "c"."NGUOI_DUNG_ID" = :nguoiDung_ID_0
info: Microsoft.EntityFrameworkCore.Database.Command[20101]
      Executed DbCommand (65ms) [Parameters=[:donViId_0='?' (DbType = Decimal)], CommandType='Text', CommandTimeout='0']
      SELECT COUNT(*)
      FROM "DM_DON_VI" "p"
      WHERE ((("p"."PARENT_ID" = :donViId_0) AND ("p"."LA_BAN_QL_DU_AN" = 1)) OR (("p"."ID" = :donViId_0) AND ("p"."LOAI_DON_VI_ID" = 15.0))) OR (("p"."ID" = :donViId_0) AND ("p"."LA_BAN_QL_DU_AN" = 1))
info: Microsoft.EntityFrameworkCore.Database.Command[20101]
      Executed DbCommand (8ms) [Parameters=[:Ma_0='?' (Size = 2000)], CommandType='Text', CommandTimeout='0']
      SELECT "l"."GIA_TRI"
      FROM "QL_NHAN_HIEN_THI" "l"
      WHERE "l"."MA" = :Ma_0
      FETCH FIRST 1 ROWS ONLY
info: Microsoft.EntityFrameworkCore.Database.Command[20101]
      Executed DbCommand (15ms) [Parameters=[:nguoiDung_ID_0='?' (DbType = Decimal)], CommandType='Text', CommandTimeout='0']
      SELECT "c"."VAI_TRO_ID"
      FROM "QL_VAI_TRO_NGUOI_DUNG" "c"
      WHERE "c"."NGUOI_DUNG_ID" = :nguoiDung_ID_0
info: Microsoft.EntityFrameworkCore.Database.Command[20101]
      Executed DbCommand (14ms) [Parameters=[:Ma_0='?' (Size = 2000)], CommandType='Text', CommandTimeout='0']
      SELECT "l"."GIA_TRI"
      FROM "QL_NHAN_HIEN_THI" "l"
      WHERE "l"."MA" = :Ma_0
      FETCH FIRST 1 ROWS ONLY
info: Microsoft.EntityFrameworkCore.Database.Command[20101]
      Executed DbCommand (12ms) [Parameters=[:nguoiDung_ID_0='?' (DbType = Decimal)], CommandType='Text', CommandTimeout='0']
      SELECT "c"."VAI_TRO_ID"
      FROM "QL_VAI_TRO_NGUOI_DUNG" "c"
      WHERE "c"."NGUOI_DUNG_ID" = :nguoiDung_ID_0
info: Microsoft.EntityFrameworkCore.Database.Command[20101]
      Executed DbCommand (11ms) [Parameters=[:Ma_0='?' (Size = 2000)], CommandType='Text', CommandTimeout='0']
      SELECT "l"."GIA_TRI"
      FROM "QL_NHAN_HIEN_THI" "l"
      WHERE "l"."MA" = :Ma_0
      FETCH FIRST 1 ROWS ONLY
info: Microsoft.EntityFrameworkCore.Database.Command[20101]
      Executed DbCommand (16ms) [Parameters=[:nguoiDung_ID_0='?' (DbType = Decimal)], CommandType='Text', CommandTimeout='0']
      SELECT "c"."VAI_TRO_ID"
      FROM "QL_VAI_TRO_NGUOI_DUNG" "c"
      WHERE "c"."NGUOI_DUNG_ID" = :nguoiDung_ID_0
info: Microsoft.EntityFrameworkCore.Database.Command[20101]
      Executed DbCommand (10ms) [Parameters=[:Ma_0='?' (Size = 2000)], CommandType='Text', CommandTimeout='0']
      SELECT "l"."GIA_TRI"
      FROM "QL_NHAN_HIEN_THI" "l"
      WHERE "l"."MA" = :Ma_0
      FETCH FIRST 1 ROWS ONLY
info: Microsoft.EntityFrameworkCore.Database.Command[20101]
      Executed DbCommand (15ms) [Parameters=[:nguoiDung_ID_0='?' (DbType = Decimal)], CommandType='Text', CommandTimeout='0']
      SELECT "c"."VAI_TRO_ID"
      FROM "QL_VAI_TRO_NGUOI_DUNG" "c"
      WHERE "c"."NGUOI_DUNG_ID" = :nguoiDung_ID_0
info: Microsoft.EntityFrameworkCore.Database.Command[20101]
      Executed DbCommand (14ms) [Parameters=[:Ma_0='?' (Size = 2000)], CommandType='Text', CommandTimeout='0']
      SELECT "l"."GIA_TRI"
      FROM "QL_NHAN_HIEN_THI" "l"
      WHERE "l"."MA" = :Ma_0
      FETCH FIRST 1 ROWS ONLY
info: Microsoft.EntityFrameworkCore.Database.Command[20101]
      Executed DbCommand (10ms) [Parameters=[:nguoiDung_ID_0='?' (DbType = Decimal)], CommandType='Text', CommandTimeout='0']
      SELECT "c"."VAI_TRO_ID"
      FROM "QL_VAI_TRO_NGUOI_DUNG" "c"
      WHERE "c"."NGUOI_DUNG_ID" = :nguoiDung_ID_0
info: Microsoft.EntityFrameworkCore.Database.Command[20101]
      Executed DbCommand (20ms) [Parameters=[:Ma_0='?' (Size = 2000)], CommandType='Text', CommandTimeout='0']
      SELECT "l"."GIA_TRI"
      FROM "QL_NHAN_HIEN_THI" "l"
      WHERE "l"."MA" = :Ma_0
      FETCH FIRST 1 ROWS ONLY
info: Microsoft.EntityFrameworkCore.Database.Command[20101]
      Executed DbCommand (14ms) [Parameters=[:nguoiDung_ID_0='?' (DbType = Decimal)], CommandType='Text', CommandTimeout='0']
      SELECT "c"."VAI_TRO_ID"
      FROM "QL_VAI_TRO_NGUOI_DUNG" "c"
      WHERE "c"."NGUOI_DUNG_ID" = :nguoiDung_ID_0
info: Microsoft.EntityFrameworkCore.Database.Command[20101]
      Executed DbCommand (30ms) [Parameters=[:Ma_0='?' (Size = 2000)], CommandType='Text', CommandTimeout='0']
      SELECT "l"."GIA_TRI"
      FROM "QL_NHAN_HIEN_THI" "l"
      WHERE "l"."MA" = :Ma_0
      FETCH FIRST 1 ROWS ONLY
info: Microsoft.EntityFrameworkCore.Database.Command[20101]
      Executed DbCommand (32ms) [Parameters=[:nguoiDung_ID_0='?' (DbType = Decimal)], CommandType='Text', CommandTimeout='0']
      SELECT "c"."VAI_TRO_ID"
      FROM "QL_VAI_TRO_NGUOI_DUNG" "c"
      WHERE "c"."NGUOI_DUNG_ID" = :nguoiDung_ID_0
info: Microsoft.EntityFrameworkCore.Database.Command[20101]
      Executed DbCommand (11ms) [Parameters=[:Ma_0='?' (Size = 2000)], CommandType='Text', CommandTimeout='0']
      SELECT "l"."GIA_TRI"
      FROM "QL_NHAN_HIEN_THI" "l"
      WHERE "l"."MA" = :Ma_0
      FETCH FIRST 1 ROWS ONLY
info: Microsoft.EntityFrameworkCore.Database.Command[20101]
      Executed DbCommand (29ms) [Parameters=[:nguoiDung_ID_0='?' (DbType = Decimal)], CommandType='Text', CommandTimeout='0']
      SELECT "c"."VAI_TRO_ID"
      FROM "QL_VAI_TRO_NGUOI_DUNG" "c"
      WHERE "c"."NGUOI_DUNG_ID" = :nguoiDung_ID_0
info: Microsoft.EntityFrameworkCore.Database.Command[20101]
      Executed DbCommand (9ms) [Parameters=[:Ma_0='?' (Size = 2000)], CommandType='Text', CommandTimeout='0']
      SELECT "l"."GIA_TRI"
      FROM "QL_NHAN_HIEN_THI" "l"
      WHERE "l"."MA" = :Ma_0
      FETCH FIRST 1 ROWS ONLY
info: Microsoft.EntityFrameworkCore.Database.Command[20101]
      Executed DbCommand (13ms) [Parameters=[:nguoiDung_ID_0='?' (DbType = Decimal)], CommandType='Text', CommandTimeout='0']
      SELECT "c"."VAI_TRO_ID"
      FROM "QL_VAI_TRO_NGUOI_DUNG" "c"
      WHERE "c"."NGUOI_DUNG_ID" = :nguoiDung_ID_0
info: Microsoft.EntityFrameworkCore.Database.Command[20101]
      Executed DbCommand (10ms) [Parameters=[:Ma_0='?' (Size = 2000)], CommandType='Text', CommandTimeout='0']
      SELECT "l"."GIA_TRI"
      FROM "QL_NHAN_HIEN_THI" "l"
      WHERE "l"."MA" = :Ma_0
      FETCH FIRST 1 ROWS ONLY
info: Microsoft.EntityFrameworkCore.Database.Command[20101]
      Executed DbCommand (7ms) [Parameters=[:nguoiDung_ID_0='?' (DbType = Decimal)], CommandType='Text', CommandTimeout='0']
      SELECT "c"."VAI_TRO_ID"
      FROM "QL_VAI_TRO_NGUOI_DUNG" "c"
      WHERE "c"."NGUOI_DUNG_ID" = :nguoiDung_ID_0
info: Microsoft.EntityFrameworkCore.Database.Command[20101]
      Executed DbCommand (12ms) [Parameters=[:Ma_0='?' (Size = 2000)], CommandType='Text', CommandTimeout='0']
      SELECT "l"."GIA_TRI"
      FROM "QL_NHAN_HIEN_THI" "l"
      WHERE "l"."MA" = :Ma_0
      FETCH FIRST 1 ROWS ONLY
info: Microsoft.EntityFrameworkCore.Database.Command[20101]
      Executed DbCommand (12ms) [Parameters=[:nguoiDung_ID_0='?' (DbType = Decimal)], CommandType='Text', CommandTimeout='0']
      SELECT "c"."VAI_TRO_ID"
      FROM "QL_VAI_TRO_NGUOI_DUNG" "c"
      WHERE "c"."NGUOI_DUNG_ID" = :nguoiDung_ID_0
info: Microsoft.EntityFrameworkCore.Database.Command[20101]
      Executed DbCommand (12ms) [Parameters=[:Ma_0='?' (Size = 2000)], CommandType='Text', CommandTimeout='0']
      SELECT "l"."GIA_TRI"
      FROM "QL_NHAN_HIEN_THI" "l"
      WHERE "l"."MA" = :Ma_0
      FETCH FIRST 1 ROWS ONLY
info: Microsoft.EntityFrameworkCore.Database.Command[20101]
      Executed DbCommand (14ms) [Parameters=[:nguoiDung_ID_0='?' (DbType = Decimal)], CommandType='Text', CommandTimeout='0']
      SELECT "c"."VAI_TRO_ID"
      FROM "QL_VAI_TRO_NGUOI_DUNG" "c"
      WHERE "c"."NGUOI_DUNG_ID" = :nguoiDung_ID_0
info: Microsoft.EntityFrameworkCore.Database.Command[20101]
      Executed DbCommand (12ms) [Parameters=[:Ma_0='?' (Size = 2000)], CommandType='Text', CommandTimeout='0']
      SELECT "l"."GIA_TRI"
      FROM "QL_NHAN_HIEN_THI" "l"
      WHERE "l"."MA" = :Ma_0
      FETCH FIRST 1 ROWS ONLY
info: Microsoft.EntityFrameworkCore.Database.Command[20101]
      Executed DbCommand (9ms) [Parameters=[:nguoiDung_ID_0='?' (DbType = Decimal)], CommandType='Text', CommandTimeout='0']
      SELECT "c"."VAI_TRO_ID"
      FROM "QL_VAI_TRO_NGUOI_DUNG" "c"
      WHERE "c"."NGUOI_DUNG_ID" = :nguoiDung_ID_0
info: Microsoft.EntityFrameworkCore.Database.Command[20101]
      Executed DbCommand (14ms) [Parameters=[:Ma_0='?' (Size = 2000)], CommandType='Text', CommandTimeout='0']
      SELECT "l"."GIA_TRI"
      FROM "QL_NHAN_HIEN_THI" "l"
      WHERE "l"."MA" = :Ma_0
      FETCH FIRST 1 ROWS ONLY
info: Microsoft.EntityFrameworkCore.Database.Command[20101]
      Executed DbCommand (14ms) [Parameters=[:nguoiDung_ID_0='?' (DbType = Decimal)], CommandType='Text', CommandTimeout='0']
      SELECT "c"."VAI_TRO_ID"
      FROM "QL_VAI_TRO_NGUOI_DUNG" "c"
      WHERE "c"."NGUOI_DUNG_ID" = :nguoiDung_ID_0
info: Microsoft.EntityFrameworkCore.Database.Command[20101]
      Executed DbCommand (16ms) [Parameters=[:Ma_0='?' (Size = 2000)], CommandType='Text', CommandTimeout='0']
      SELECT "l"."GIA_TRI"
      FROM "QL_NHAN_HIEN_THI" "l"
      WHERE "l"."MA" = :Ma_0
      FETCH FIRST 1 ROWS ONLY
info: Microsoft.EntityFrameworkCore.Database.Command[20101]
      Executed DbCommand (11ms) [Parameters=[:nguoiDung_ID_0='?' (DbType = Decimal)], CommandType='Text', CommandTimeout='0']
      SELECT "c"."VAI_TRO_ID"
      FROM "QL_VAI_TRO_NGUOI_DUNG" "c"
      WHERE "c"."NGUOI_DUNG_ID" = :nguoiDung_ID_0
info: Microsoft.EntityFrameworkCore.Database.Command[20101]
      Executed DbCommand (12ms) [Parameters=[:Ma_0='?' (Size = 2000)], CommandType='Text', CommandTimeout='0']
      SELECT "l"."GIA_TRI"
      FROM "QL_NHAN_HIEN_THI" "l"
      WHERE "l"."MA" = :Ma_0
      FETCH FIRST 1 ROWS ONLY
info: Microsoft.EntityFrameworkCore.Database.Command[20101]
      Executed DbCommand (8ms) [Parameters=[:nguoiDung_ID_0='?' (DbType = Decimal)], CommandType='Text', CommandTimeout='0']
      SELECT "c"."VAI_TRO_ID"
      FROM "QL_VAI_TRO_NGUOI_DUNG" "c"
      WHERE "c"."NGUOI_DUNG_ID" = :nguoiDung_ID_0
info: Microsoft.EntityFrameworkCore.Database.Command[20101]
      Executed DbCommand (14ms) [Parameters=[:Ma_0='?' (Size = 2000)], CommandType='Text', CommandTimeout='0']
      SELECT "l"."GIA_TRI"
      FROM "QL_NHAN_HIEN_THI" "l"
      WHERE "l"."MA" = :Ma_0
      FETCH FIRST 1 ROWS ONLY
info: Microsoft.EntityFrameworkCore.Database.Command[20101]
      Executed DbCommand (13ms) [Parameters=[:nguoiDung_ID_0='?' (DbType = Decimal)], CommandType='Text', CommandTimeout='0']
      SELECT "c"."VAI_TRO_ID"
      FROM "QL_VAI_TRO_NGUOI_DUNG" "c"
      WHERE "c"."NGUOI_DUNG_ID" = :nguoiDung_ID_0
info: Microsoft.EntityFrameworkCore.Database.Command[20101]
      Executed DbCommand (12ms) [Parameters=[:Ma_0='?' (Size = 2000)], CommandType='Text', CommandTimeout='0']
      SELECT "l"."GIA_TRI"
      FROM "QL_NHAN_HIEN_THI" "l"
      WHERE "l"."MA" = :Ma_0
      FETCH FIRST 1 ROWS ONLY
info: Microsoft.EntityFrameworkCore.Database.Command[20101]
      Executed DbCommand (19ms) [Parameters=[:nguoiDung_ID_0='?' (DbType = Decimal)], CommandType='Text', CommandTimeout='0']
      SELECT "c"."VAI_TRO_ID"
      FROM "QL_VAI_TRO_NGUOI_DUNG" "c"
      WHERE "c"."NGUOI_DUNG_ID" = :nguoiDung_ID_0
info: Microsoft.EntityFrameworkCore.Database.Command[20101]
      Executed DbCommand (11ms) [Parameters=[:Ma_0='?' (Size = 2000)], CommandType='Text', CommandTimeout='0']
      SELECT "l"."GIA_TRI"
      FROM "QL_NHAN_HIEN_THI" "l"
      WHERE "l"."MA" = :Ma_0
      FETCH FIRST 1 ROWS ONLY
info: Microsoft.EntityFrameworkCore.Database.Command[20101]
      Executed DbCommand (12ms) [Parameters=[:nguoiDung_ID_0='?' (DbType = Decimal)], CommandType='Text', CommandTimeout='0']
      SELECT "c"."VAI_TRO_ID"
      FROM "QL_VAI_TRO_NGUOI_DUNG" "c"
      WHERE "c"."NGUOI_DUNG_ID" = :nguoiDung_ID_0
info: Microsoft.EntityFrameworkCore.Database.Command[20101]
      Executed DbCommand (11ms) [Parameters=[:Ma_0='?' (Size = 2000)], CommandType='Text', CommandTimeout='0']
      SELECT "l"."GIA_TRI"
      FROM "QL_NHAN_HIEN_THI" "l"
      WHERE "l"."MA" = :Ma_0
      FETCH FIRST 1 ROWS ONLY
info: Microsoft.EntityFrameworkCore.Database.Command[20101]
      Executed DbCommand (13ms) [Parameters=[:nguoiDung_ID_0='?' (DbType = Decimal)], CommandType='Text', CommandTimeout='0']
      SELECT "c"."VAI_TRO_ID"
      FROM "QL_VAI_TRO_NGUOI_DUNG" "c"
      WHERE "c"."NGUOI_DUNG_ID" = :nguoiDung_ID_0
info: Microsoft.EntityFrameworkCore.Database.Command[20101]
      Executed DbCommand (13ms) [Parameters=[:Ma_0='?' (Size = 2000)], CommandType='Text', CommandTimeout='0']
      SELECT "l"."GIA_TRI"
      FROM "QL_NHAN_HIEN_THI" "l"
      WHERE "l"."MA" = :Ma_0
      FETCH FIRST 1 ROWS ONLY
info: Microsoft.EntityFrameworkCore.Database.Command[20101]
      Executed DbCommand (14ms) [Parameters=[:nguoiDung_ID_0='?' (DbType = Decimal)], CommandType='Text', CommandTimeout='0']
      SELECT "c"."VAI_TRO_ID"
      FROM "QL_VAI_TRO_NGUOI_DUNG" "c"
      WHERE "c"."NGUOI_DUNG_ID" = :nguoiDung_ID_0
info: Microsoft.EntityFrameworkCore.Database.Command[20101]
      Executed DbCommand (14ms) [Parameters=[:Ma_0='?' (Size = 2000)], CommandType='Text', CommandTimeout='0']
      SELECT "l"."GIA_TRI"
      FROM "QL_NHAN_HIEN_THI" "l"
      WHERE "l"."MA" = :Ma_0
      FETCH FIRST 1 ROWS ONLY
info: Microsoft.EntityFrameworkCore.Database.Command[20101]
      Executed DbCommand (11ms) [Parameters=[:nguoiDung_ID_0='?' (DbType = Decimal)], CommandType='Text', CommandTimeout='0']
      SELECT "c"."VAI_TRO_ID"
      FROM "QL_VAI_TRO_NGUOI_DUNG" "c"
      WHERE "c"."NGUOI_DUNG_ID" = :nguoiDung_ID_0
info: Microsoft.EntityFrameworkCore.Database.Command[20101]
      Executed DbCommand (13ms) [Parameters=[:Ma_0='?' (Size = 2000)], CommandType='Text', CommandTimeout='0']
      SELECT "l"."GIA_TRI"
      FROM "QL_NHAN_HIEN_THI" "l"
      WHERE "l"."MA" = :Ma_0
      FETCH FIRST 1 ROWS ONLY
info: Microsoft.EntityFrameworkCore.Database.Command[20101]
      Executed DbCommand (12ms) [Parameters=[:nguoiDung_ID_0='?' (DbType = Decimal)], CommandType='Text', CommandTimeout='0']
      SELECT "c"."VAI_TRO_ID"
      FROM "QL_VAI_TRO_NGUOI_DUNG" "c"
      WHERE "c"."NGUOI_DUNG_ID" = :nguoiDung_ID_0
info: Microsoft.EntityFrameworkCore.Database.Command[20101]
      Executed DbCommand (12ms) [Parameters=[:Ma_0='?' (Size = 2000)], CommandType='Text', CommandTimeout='0']
      SELECT "l"."GIA_TRI"
      FROM "QL_NHAN_HIEN_THI" "l"
      WHERE "l"."MA" = :Ma_0
      FETCH FIRST 1 ROWS ONLY
info: Microsoft.EntityFrameworkCore.Database.Command[20101]
      Executed DbCommand (14ms) [Parameters=[:nguoiDung_ID_0='?' (DbType = Decimal)], CommandType='Text', CommandTimeout='0']
      SELECT "c"."VAI_TRO_ID"
      FROM "QL_VAI_TRO_NGUOI_DUNG" "c"
      WHERE "c"."NGUOI_DUNG_ID" = :nguoiDung_ID_0
info: Microsoft.EntityFrameworkCore.Database.Command[20101]
      Executed DbCommand (13ms) [Parameters=[:Ma_0='?' (Size = 2000)], CommandType='Text', CommandTimeout='0']
      SELECT "l"."GIA_TRI"
      FROM "QL_NHAN_HIEN_THI" "l"
      WHERE "l"."MA" = :Ma_0
      FETCH FIRST 1 ROWS ONLY
info: Microsoft.EntityFrameworkCore.Database.Command[20101]
      Executed DbCommand (13ms) [Parameters=[:nguoiDung_ID_0='?' (DbType = Decimal)], CommandType='Text', CommandTimeout='0']
      SELECT "c"."VAI_TRO_ID"
      FROM "QL_VAI_TRO_NGUOI_DUNG" "c"
      WHERE "c"."NGUOI_DUNG_ID" = :nguoiDung_ID_0
info: Microsoft.EntityFrameworkCore.Database.Command[20101]
      Executed DbCommand (11ms) [Parameters=[:Ma_0='?' (Size = 2000)], CommandType='Text', CommandTimeout='0']
      SELECT "l"."GIA_TRI"
      FROM "QL_NHAN_HIEN_THI" "l"
      WHERE "l"."MA" = :Ma_0
      FETCH FIRST 1 ROWS ONLY
info: Microsoft.EntityFrameworkCore.Database.Command[20101]
      Executed DbCommand (12ms) [Parameters=[:nguoiDung_ID_0='?' (DbType = Decimal)], CommandType='Text', CommandTimeout='0']
      SELECT "c"."VAI_TRO_ID"
      FROM "QL_VAI_TRO_NGUOI_DUNG" "c"
      WHERE "c"."NGUOI_DUNG_ID" = :nguoiDung_ID_0
info: Microsoft.EntityFrameworkCore.Database.Command[20101]
      Executed DbCommand (20ms) [Parameters=[:Ma_0='?' (Size = 2000)], CommandType='Text', CommandTimeout='0']
      SELECT "l"."GIA_TRI"
      FROM "QL_NHAN_HIEN_THI" "l"
      WHERE "l"."MA" = :Ma_0
      FETCH FIRST 1 ROWS ONLY
info: Microsoft.EntityFrameworkCore.Database.Command[20101]
      Executed DbCommand (13ms) [Parameters=[:nguoiDung_ID_0='?' (DbType = Decimal)], CommandType='Text', CommandTimeout='0']
      SELECT "c"."VAI_TRO_ID"
      FROM "QL_VAI_TRO_NGUOI_DUNG" "c"
      WHERE "c"."NGUOI_DUNG_ID" = :nguoiDung_ID_0
info: Microsoft.EntityFrameworkCore.Database.Command[20101]
      Executed DbCommand (22ms) [Parameters=[:Ma_0='?' (Size = 2000)], CommandType='Text', CommandTimeout='0']
      SELECT "l"."GIA_TRI"
      FROM "QL_NHAN_HIEN_THI" "l"
      WHERE "l"."MA" = :Ma_0
      FETCH FIRST 1 ROWS ONLY
info: Microsoft.EntityFrameworkCore.Database.Command[20101]
      Executed DbCommand (12ms) [Parameters=[:nguoiDung_ID_0='?' (DbType = Decimal)], CommandType='Text', CommandTimeout='0']
      SELECT "c"."VAI_TRO_ID"
      FROM "QL_VAI_TRO_NGUOI_DUNG" "c"
      WHERE "c"."NGUOI_DUNG_ID" = :nguoiDung_ID_0
info: Microsoft.EntityFrameworkCore.Database.Command[20101]
      Executed DbCommand (13ms) [Parameters=[:Ma_0='?' (Size = 2000)], CommandType='Text', CommandTimeout='0']
      SELECT "l"."GIA_TRI"
      FROM "QL_NHAN_HIEN_THI" "l"
      WHERE "l"."MA" = :Ma_0
      FETCH FIRST 1 ROWS ONLY
info: Microsoft.EntityFrameworkCore.Database.Command[20101]
      Executed DbCommand (13ms) [Parameters=[:nguoiDung_ID_0='?' (DbType = Decimal)], CommandType='Text', CommandTimeout='0']
      SELECT "c"."VAI_TRO_ID"
      FROM "QL_VAI_TRO_NGUOI_DUNG" "c"
      WHERE "c"."NGUOI_DUNG_ID" = :nguoiDung_ID_0
info: Microsoft.EntityFrameworkCore.Database.Command[20101]
      Executed DbCommand (71ms) [Parameters=[:donViId_0='?' (DbType = Decimal)], CommandType='Text', CommandTimeout='0']
      SELECT COUNT(*)
      FROM "DM_DON_VI" "p"
      WHERE ((("p"."PARENT_ID" = :donViId_0) AND ("p"."LA_BAN_QL_DU_AN" = 1)) OR (("p"."ID" = :donViId_0) AND ("p"."LOAI_DON_VI_ID" = 15.0))) OR (("p"."ID" = :donViId_0) AND ("p"."LA_BAN_QL_DU_AN" = 1))
info: Microsoft.EntityFrameworkCore.Database.Command[20101]
      Executed DbCommand (15ms) [Parameters=[:Ma_0='?' (Size = 2000)], CommandType='Text', CommandTimeout='0']
      SELECT "l"."GIA_TRI"
      FROM "QL_NHAN_HIEN_THI" "l"
      WHERE "l"."MA" = :Ma_0
      FETCH FIRST 1 ROWS ONLY
info: Microsoft.EntityFrameworkCore.Database.Command[20101]
      Executed DbCommand (13ms) [Parameters=[:nguoiDung_ID_0='?' (DbType = Decimal)], CommandType='Text', CommandTimeout='0']
      SELECT "c"."VAI_TRO_ID"
      FROM "QL_VAI_TRO_NGUOI_DUNG" "c"
      WHERE "c"."NGUOI_DUNG_ID" = :nguoiDung_ID_0
info: Microsoft.EntityFrameworkCore.Database.Command[20101]
      Executed DbCommand (73ms) [Parameters=[:donViId_0='?' (DbType = Decimal)], CommandType='Text', CommandTimeout='0']
      SELECT COUNT(*)
      FROM "DM_DON_VI" "p"
      WHERE ((("p"."PARENT_ID" = :donViId_0) AND ("p"."LA_BAN_QL_DU_AN" = 1)) OR (("p"."ID" = :donViId_0) AND ("p"."LOAI_DON_VI_ID" = 15.0))) OR (("p"."ID" = :donViId_0) AND ("p"."LA_BAN_QL_DU_AN" = 1))
info: Microsoft.EntityFrameworkCore.Database.Command[20101]
      Executed DbCommand (12ms) [Parameters=[:Ma_0='?' (Size = 2000)], CommandType='Text', CommandTimeout='0']
      SELECT "l"."GIA_TRI"
      FROM "QL_NHAN_HIEN_THI" "l"
      WHERE "l"."MA" = :Ma_0
      FETCH FIRST 1 ROWS ONLY
info: Microsoft.EntityFrameworkCore.Database.Command[20101]
      Executed DbCommand (14ms) [Parameters=[:nguoiDung_ID_0='?' (DbType = Decimal)], CommandType='Text', CommandTimeout='0']
      SELECT "c"."VAI_TRO_ID"
      FROM "QL_VAI_TRO_NGUOI_DUNG" "c"
      WHERE "c"."NGUOI_DUNG_ID" = :nguoiDung_ID_0
info: Microsoft.EntityFrameworkCore.Database.Command[20101]
      Executed DbCommand (71ms) [Parameters=[:donViId_0='?' (DbType = Decimal)], CommandType='Text', CommandTimeout='0']
      SELECT COUNT(*)
      FROM "DM_DON_VI" "p"
      WHERE ((("p"."PARENT_ID" = :donViId_0) AND ("p"."LA_BAN_QL_DU_AN" = 1)) OR (("p"."ID" = :donViId_0) AND ("p"."LOAI_DON_VI_ID" = 15.0))) OR (("p"."ID" = :donViId_0) AND ("p"."LA_BAN_QL_DU_AN" = 1))
info: Microsoft.EntityFrameworkCore.Database.Command[20101]
      Executed DbCommand (13ms) [Parameters=[:nguoiDung_ID_0='?' (DbType = Decimal)], CommandType='Text', CommandTimeout='0']
      SELECT "c"."VAI_TRO_ID"
      FROM "QL_VAI_TRO_NGUOI_DUNG" "c"
      WHERE "c"."NGUOI_DUNG_ID" = :nguoiDung_ID_0
info: Microsoft.EntityFrameworkCore.Database.Command[20101]
      Executed DbCommand (79ms) [Parameters=[:donViId_0='?' (DbType = Decimal)], CommandType='Text', CommandTimeout='0']
      SELECT COUNT(*)
      FROM "DM_DON_VI" "p"
      WHERE ((("p"."PARENT_ID" = :donViId_0) AND ("p"."LA_BAN_QL_DU_AN" = 1)) OR (("p"."ID" = :donViId_0) AND ("p"."LOAI_DON_VI_ID" = 15.0))) OR (("p"."ID" = :donViId_0) AND ("p"."LA_BAN_QL_DU_AN" = 1))
info: Microsoft.EntityFrameworkCore.Database.Command[20101]
      Executed DbCommand (15ms) [Parameters=[:nguoiDung_ID_0='?' (DbType = Decimal)], CommandType='Text', CommandTimeout='0']
      SELECT "c"."VAI_TRO_ID"
      FROM "QL_VAI_TRO_NGUOI_DUNG" "c"
      WHERE "c"."NGUOI_DUNG_ID" = :nguoiDung_ID_0
info: Microsoft.EntityFrameworkCore.Database.Command[20101]
      Executed DbCommand (73ms) [Parameters=[:donViId_0='?' (DbType = Decimal)], CommandType='Text', CommandTimeout='0']
      SELECT COUNT(*)
      FROM "DM_DON_VI" "p"
      WHERE ((("p"."PARENT_ID" = :donViId_0) AND ("p"."LA_BAN_QL_DU_AN" = 1)) OR (("p"."ID" = :donViId_0) AND ("p"."LOAI_DON_VI_ID" = 15.0))) OR (("p"."ID" = :donViId_0) AND ("p"."LA_BAN_QL_DU_AN" = 1))
info: Microsoft.EntityFrameworkCore.Database.Command[20101]
      Executed DbCommand (30ms) [Parameters=[:nguoiDung_ID_0='?' (DbType = Decimal)], CommandType='Text', CommandTimeout='0']
      SELECT "c"."VAI_TRO_ID"
      FROM "QL_VAI_TRO_NGUOI_DUNG" "c"
      WHERE "c"."NGUOI_DUNG_ID" = :nguoiDung_ID_0
info: Microsoft.EntityFrameworkCore.Database.Command[20101]
      Executed DbCommand (75ms) [Parameters=[:donViId_0='?' (DbType = Decimal)], CommandType='Text', CommandTimeout='0']
      SELECT COUNT(*)
      FROM "DM_DON_VI" "p"
      WHERE ((("p"."PARENT_ID" = :donViId_0) AND ("p"."LA_BAN_QL_DU_AN" = 1)) OR (("p"."ID" = :donViId_0) AND ("p"."LOAI_DON_VI_ID" = 15.0))) OR (("p"."ID" = :donViId_0) AND ("p"."LA_BAN_QL_DU_AN" = 1))
info: Microsoft.EntityFrameworkCore.Database.Command[20101]
      Executed DbCommand (18ms) [Parameters=[:nguoiDung_ID_0='?' (DbType = Decimal)], CommandType='Text', CommandTimeout='0']
      SELECT "c"."VAI_TRO_ID"
      FROM "QL_VAI_TRO_NGUOI_DUNG" "c"
      WHERE "c"."NGUOI_DUNG_ID" = :nguoiDung_ID_0
info: Microsoft.EntityFrameworkCore.Database.Command[20101]
      Executed DbCommand (76ms) [Parameters=[:donViId_0='?' (DbType = Decimal)], CommandType='Text', CommandTimeout='0']
      SELECT COUNT(*)
      FROM "DM_DON_VI" "p"
      WHERE ((("p"."PARENT_ID" = :donViId_0) AND ("p"."LA_BAN_QL_DU_AN" = 1)) OR (("p"."ID" = :donViId_0) AND ("p"."LOAI_DON_VI_ID" = 15.0))) OR (("p"."ID" = :donViId_0) AND ("p"."LA_BAN_QL_DU_AN" = 1))
info: Microsoft.EntityFrameworkCore.Database.Command[20101]
      Executed DbCommand (12ms) [Parameters=[:Ma_0='?' (Size = 2000)], CommandType='Text', CommandTimeout='0']
      SELECT "l"."GIA_TRI"
      FROM "QL_NHAN_HIEN_THI" "l"
      WHERE "l"."MA" = :Ma_0
      FETCH FIRST 1 ROWS ONLY
info: Microsoft.EntityFrameworkCore.Database.Command[20101]
      Executed DbCommand (13ms) [Parameters=[:nguoiDung_ID_0='?' (DbType = Decimal)], CommandType='Text', CommandTimeout='0']
      SELECT "c"."VAI_TRO_ID"
      FROM "QL_VAI_TRO_NGUOI_DUNG" "c"
      WHERE "c"."NGUOI_DUNG_ID" = :nguoiDung_ID_0
info: Microsoft.EntityFrameworkCore.Database.Command[20101]
      Executed DbCommand (13ms) [Parameters=[:Ma_0='?' (Size = 2000)], CommandType='Text', CommandTimeout='0']
      SELECT "l"."GIA_TRI"
      FROM "QL_NHAN_HIEN_THI" "l"
      WHERE "l"."MA" = :Ma_0
      FETCH FIRST 1 ROWS ONLY
info: Microsoft.EntityFrameworkCore.Database.Command[20101]
      Executed DbCommand (13ms) [Parameters=[:nguoiDung_ID_0='?' (DbType = Decimal)], CommandType='Text', CommandTimeout='0']
      SELECT "c"."VAI_TRO_ID"
      FROM "QL_VAI_TRO_NGUOI_DUNG" "c"
      WHERE "c"."NGUOI_DUNG_ID" = :nguoiDung_ID_0
info: Microsoft.EntityFrameworkCore.Database.Command[20101]
      Executed DbCommand (14ms) [Parameters=[:Ma_0='?' (Size = 2000)], CommandType='Text', CommandTimeout='0']
      SELECT "l"."GIA_TRI"
      FROM "QL_NHAN_HIEN_THI" "l"
      WHERE "l"."MA" = :Ma_0
      FETCH FIRST 1 ROWS ONLY
info: Microsoft.EntityFrameworkCore.Database.Command[20101]
      Executed DbCommand (14ms) [Parameters=[:nguoiDung_ID_0='?' (DbType = Decimal)], CommandType='Text', CommandTimeout='0']
      SELECT "c"."VAI_TRO_ID"
      FROM "QL_VAI_TRO_NGUOI_DUNG" "c"
      WHERE "c"."NGUOI_DUNG_ID" = :nguoiDung_ID_0
info: Microsoft.EntityFrameworkCore.Database.Command[20101]
      Executed DbCommand (13ms) [Parameters=[:Ma_0='?' (Size = 2000)], CommandType='Text', CommandTimeout='0']
      SELECT "l"."GIA_TRI"
      FROM "QL_NHAN_HIEN_THI" "l"
      WHERE "l"."MA" = :Ma_0
      FETCH FIRST 1 ROWS ONLY
info: Microsoft.EntityFrameworkCore.Database.Command[20101]
      Executed DbCommand (25ms) [Parameters=[:nguoiDung_ID_0='?' (DbType = Decimal)], CommandType='Text', CommandTimeout='0']
      SELECT "c"."VAI_TRO_ID"
      FROM "QL_VAI_TRO_NGUOI_DUNG" "c"
      WHERE "c"."NGUOI_DUNG_ID" = :nguoiDung_ID_0
info: Microsoft.EntityFrameworkCore.Database.Command[20101]
      Executed DbCommand (17ms) [Parameters=[:Ma_0='?' (Size = 2000)], CommandType='Text', CommandTimeout='0']
      SELECT "l"."GIA_TRI"
      FROM "QL_NHAN_HIEN_THI" "l"
      WHERE "l"."MA" = :Ma_0
      FETCH FIRST 1 ROWS ONLY
info: Microsoft.EntityFrameworkCore.Database.Command[20101]
      Executed DbCommand (21ms) [Parameters=[:nguoiDung_ID_0='?' (DbType = Decimal)], CommandType='Text', CommandTimeout='0']
      SELECT "c"."VAI_TRO_ID"
      FROM "QL_VAI_TRO_NGUOI_DUNG" "c"
      WHERE "c"."NGUOI_DUNG_ID" = :nguoiDung_ID_0
info: Microsoft.EntityFrameworkCore.Database.Command[20101]
      Executed DbCommand (16ms) [Parameters=[:Ma_0='?' (Size = 2000)], CommandType='Text', CommandTimeout='0']
      SELECT "l"."GIA_TRI"
      FROM "QL_NHAN_HIEN_THI" "l"
      WHERE "l"."MA" = :Ma_0
      FETCH FIRST 1 ROWS ONLY
info: Microsoft.EntityFrameworkCore.Database.Command[20101]
      Executed DbCommand (12ms) [Parameters=[:nguoiDung_ID_0='?' (DbType = Decimal)], CommandType='Text', CommandTimeout='0']
      SELECT "c"."VAI_TRO_ID"
      FROM "QL_VAI_TRO_NGUOI_DUNG" "c"
      WHERE "c"."NGUOI_DUNG_ID" = :nguoiDung_ID_0
info: Microsoft.EntityFrameworkCore.Database.Command[20101]
      Executed DbCommand (15ms) [Parameters=[:Ma_0='?' (Size = 2000)], CommandType='Text', CommandTimeout='0']
      SELECT "l"."GIA_TRI"
      FROM "QL_NHAN_HIEN_THI" "l"
      WHERE "l"."MA" = :Ma_0
      FETCH FIRST 1 ROWS ONLY
info: Microsoft.EntityFrameworkCore.Database.Command[20101]
      Executed DbCommand (15ms) [Parameters=[:nguoiDung_ID_0='?' (DbType = Decimal)], CommandType='Text', CommandTimeout='0']
      SELECT "c"."VAI_TRO_ID"
      FROM "QL_VAI_TRO_NGUOI_DUNG" "c"
      WHERE "c"."NGUOI_DUNG_ID" = :nguoiDung_ID_0
info: Microsoft.EntityFrameworkCore.Database.Command[20101]
      Executed DbCommand (29ms) [Parameters=[:Ma_0='?' (Size = 2000)], CommandType='Text', CommandTimeout='0']
      SELECT "l"."GIA_TRI"
      FROM "QL_NHAN_HIEN_THI" "l"
      WHERE "l"."MA" = :Ma_0
      FETCH FIRST 1 ROWS ONLY
info: Microsoft.EntityFrameworkCore.Database.Command[20101]
      Executed DbCommand (12ms) [Parameters=[:nguoiDung_ID_0='?' (DbType = Decimal)], CommandType='Text', CommandTimeout='0']
      SELECT "c"."VAI_TRO_ID"
      FROM "QL_VAI_TRO_NGUOI_DUNG" "c"
      WHERE "c"."NGUOI_DUNG_ID" = :nguoiDung_ID_0
info: Microsoft.EntityFrameworkCore.Database.Command[20101]
      Executed DbCommand (14ms) [Parameters=[:Ma_0='?' (Size = 2000)], CommandType='Text', CommandTimeout='0']
      SELECT "l"."GIA_TRI"
      FROM "QL_NHAN_HIEN_THI" "l"
      WHERE "l"."MA" = :Ma_0
      FETCH FIRST 1 ROWS ONLY
info: Microsoft.EntityFrameworkCore.Database.Command[20101]
      Executed DbCommand (14ms) [Parameters=[:nguoiDung_ID_0='?' (DbType = Decimal)], CommandType='Text', CommandTimeout='0']
      SELECT "c"."VAI_TRO_ID"
      FROM "QL_VAI_TRO_NGUOI_DUNG" "c"
      WHERE "c"."NGUOI_DUNG_ID" = :nguoiDung_ID_0
info: Microsoft.EntityFrameworkCore.Database.Command[20101]
      Executed DbCommand (11ms) [Parameters=[:Ma_0='?' (Size = 2000)], CommandType='Text', CommandTimeout='0']
      SELECT "l"."GIA_TRI"
      FROM "QL_NHAN_HIEN_THI" "l"
      WHERE "l"."MA" = :Ma_0
      FETCH FIRST 1 ROWS ONLY
info: Microsoft.EntityFrameworkCore.Database.Command[20101]
      Executed DbCommand (14ms) [Parameters=[:nguoiDung_ID_0='?' (DbType = Decimal)], CommandType='Text', CommandTimeout='0']
      SELECT "c"."VAI_TRO_ID"
      FROM "QL_VAI_TRO_NGUOI_DUNG" "c"
      WHERE "c"."NGUOI_DUNG_ID" = :nguoiDung_ID_0
info: Microsoft.EntityFrameworkCore.Database.Command[20101]
      Executed DbCommand (14ms) [Parameters=[:Ma_0='?' (Size = 2000)], CommandType='Text', CommandTimeout='0']
      SELECT "l"."GIA_TRI"
      FROM "QL_NHAN_HIEN_THI" "l"
      WHERE "l"."MA" = :Ma_0
      FETCH FIRST 1 ROWS ONLY
info: Microsoft.EntityFrameworkCore.Database.Command[20101]
      Executed DbCommand (12ms) [Parameters=[:nguoiDung_ID_0='?' (DbType = Decimal)], CommandType='Text', CommandTimeout='0']
      SELECT "c"."VAI_TRO_ID"
      FROM "QL_VAI_TRO_NGUOI_DUNG" "c"
      WHERE "c"."NGUOI_DUNG_ID" = :nguoiDung_ID_0
info: Microsoft.EntityFrameworkCore.Database.Command[20101]
      Executed DbCommand (9ms) [Parameters=[:Ma_0='?' (Size = 2000)], CommandType='Text', CommandTimeout='0']
      SELECT "l"."GIA_TRI"
      FROM "QL_NHAN_HIEN_THI" "l"
      WHERE "l"."MA" = :Ma_0
      FETCH FIRST 1 ROWS ONLY
info: Microsoft.EntityFrameworkCore.Database.Command[20101]
      Executed DbCommand (11ms) [Parameters=[:nguoiDung_ID_0='?' (DbType = Decimal)], CommandType='Text', CommandTimeout='0']
      SELECT "c"."VAI_TRO_ID"
      FROM "QL_VAI_TRO_NGUOI_DUNG" "c"
      WHERE "c"."NGUOI_DUNG_ID" = :nguoiDung_ID_0
info: Microsoft.EntityFrameworkCore.Database.Command[20101]
      Executed DbCommand (14ms) [Parameters=[:Ma_0='?' (Size = 2000)], CommandType='Text', CommandTimeout='0']
      SELECT "l"."GIA_TRI"
      FROM "QL_NHAN_HIEN_THI" "l"
      WHERE "l"."MA" = :Ma_0
      FETCH FIRST 1 ROWS ONLY
info: Microsoft.EntityFrameworkCore.Database.Command[20101]
      Executed DbCommand (14ms) [Parameters=[:nguoiDung_ID_0='?' (DbType = Decimal)], CommandType='Text', CommandTimeout='0']
      SELECT "c"."VAI_TRO_ID"
      FROM "QL_VAI_TRO_NGUOI_DUNG" "c"
      WHERE "c"."NGUOI_DUNG_ID" = :nguoiDung_ID_0
info: Microsoft.EntityFrameworkCore.Database.Command[20101]
      Executed DbCommand (15ms) [Parameters=[:Ma_0='?' (Size = 2000)], CommandType='Text', CommandTimeout='0']
      SELECT "l"."GIA_TRI"
      FROM "QL_NHAN_HIEN_THI" "l"
      WHERE "l"."MA" = :Ma_0
      FETCH FIRST 1 ROWS ONLY
info: Microsoft.EntityFrameworkCore.Database.Command[20101]
      Executed DbCommand (13ms) [Parameters=[:nguoiDung_ID_0='?' (DbType = Decimal)], CommandType='Text', CommandTimeout='0']
      SELECT "c"."VAI_TRO_ID"
      FROM "QL_VAI_TRO_NGUOI_DUNG" "c"
      WHERE "c"."NGUOI_DUNG_ID" = :nguoiDung_ID_0
info: Microsoft.EntityFrameworkCore.Database.Command[20101]
      Executed DbCommand (27ms) [Parameters=[:Ma_0='?' (Size = 2000)], CommandType='Text', CommandTimeout='0']
      SELECT "l"."GIA_TRI"
      FROM "QL_NHAN_HIEN_THI" "l"
      WHERE "l"."MA" = :Ma_0
      FETCH FIRST 1 ROWS ONLY
info: Microsoft.EntityFrameworkCore.Database.Command[20101]
      Executed DbCommand (13ms) [Parameters=[:nguoiDung_ID_0='?' (DbType = Decimal)], CommandType='Text', CommandTimeout='0']
      SELECT "c"."VAI_TRO_ID"
      FROM "QL_VAI_TRO_NGUOI_DUNG" "c"
      WHERE "c"."NGUOI_DUNG_ID" = :nguoiDung_ID_0
info: Microsoft.EntityFrameworkCore.Database.Command[20101]
      Executed DbCommand (11ms) [Parameters=[:Ma_0='?' (Size = 2000)], CommandType='Text', CommandTimeout='0']
      SELECT "l"."GIA_TRI"
      FROM "QL_NHAN_HIEN_THI" "l"
      WHERE "l"."MA" = :Ma_0
      FETCH FIRST 1 ROWS ONLY
info: Microsoft.EntityFrameworkCore.Database.Command[20101]
      Executed DbCommand (16ms) [Parameters=[:nguoiDung_ID_0='?' (DbType = Decimal)], CommandType='Text', CommandTimeout='0']
      SELECT "c"."VAI_TRO_ID"
      FROM "QL_VAI_TRO_NGUOI_DUNG" "c"
      WHERE "c"."NGUOI_DUNG_ID" = :nguoiDung_ID_0
info: Microsoft.EntityFrameworkCore.Database.Command[20101]
      Executed DbCommand (11ms) [Parameters=[:Ma_0='?' (Size = 2000)], CommandType='Text', CommandTimeout='0']
      SELECT "l"."GIA_TRI"
      FROM "QL_NHAN_HIEN_THI" "l"
      WHERE "l"."MA" = :Ma_0
      FETCH FIRST 1 ROWS ONLY
info: Microsoft.EntityFrameworkCore.Database.Command[20101]
      Executed DbCommand (11ms) [Parameters=[:nguoiDung_ID_0='?' (DbType = Decimal)], CommandType='Text', CommandTimeout='0']
      SELECT "c"."VAI_TRO_ID"
      FROM "QL_VAI_TRO_NGUOI_DUNG" "c"
      WHERE "c"."NGUOI_DUNG_ID" = :nguoiDung_ID_0
info: Microsoft.EntityFrameworkCore.Database.Command[20101]
      Executed DbCommand (10ms) [Parameters=[:Ma_0='?' (Size = 2000)], CommandType='Text', CommandTimeout='0']
      SELECT "l"."GIA_TRI"
      FROM "QL_NHAN_HIEN_THI" "l"
      WHERE "l"."MA" = :Ma_0
      FETCH FIRST 1 ROWS ONLY
info: Microsoft.EntityFrameworkCore.Database.Command[20101]
      Executed DbCommand (16ms) [Parameters=[:nguoiDung_ID_0='?' (DbType = Decimal)], CommandType='Text', CommandTimeout='0']
      SELECT "c"."VAI_TRO_ID"
      FROM "QL_VAI_TRO_NGUOI_DUNG" "c"
      WHERE "c"."NGUOI_DUNG_ID" = :nguoiDung_ID_0
info: Microsoft.EntityFrameworkCore.Database.Command[20101]
      Executed DbCommand (20ms) [Parameters=[:Ma_0='?' (Size = 2000)], CommandType='Text', CommandTimeout='0']
      SELECT "l"."GIA_TRI"
      FROM "QL_NHAN_HIEN_THI" "l"
      WHERE "l"."MA" = :Ma_0
      FETCH FIRST 1 ROWS ONLY
info: Microsoft.EntityFrameworkCore.Database.Command[20101]
      Executed DbCommand (20ms) [Parameters=[:Ma_0='?' (Size = 2000)], CommandType='Text', CommandTimeout='0']
      SELECT "l"."GIA_TRI"
      FROM "QL_NHAN_HIEN_THI" "l"
      WHERE "l"."MA" = :Ma_0
      FETCH FIRST 1 ROWS ONLY
info: Microsoft.EntityFrameworkCore.Database.Command[20101]
      Executed DbCommand (28ms) [Parameters=[:Ma_0='?' (Size = 2000)], CommandType='Text', CommandTimeout='0']
      SELECT "l"."GIA_TRI"
      FROM "QL_NHAN_HIEN_THI" "l"
      WHERE "l"."MA" = :Ma_0
      FETCH FIRST 1 ROWS ONLY
info: Microsoft.EntityFrameworkCore.Database.Command[20101]
      Executed DbCommand (12ms) [Parameters=[:Ma_0='?' (Size = 2000)], CommandType='Text', CommandTimeout='0']
      SELECT "l"."GIA_TRI"
      FROM "QL_NHAN_HIEN_THI" "l"
      WHERE "l"."MA" = :Ma_0
      FETCH FIRST 1 ROWS ONLY
info: Microsoft.EntityFrameworkCore.Database.Command[20101]
      Executed DbCommand (21ms) [Parameters=[:Ma_0='?' (Size = 2000)], CommandType='Text', CommandTimeout='0']
      SELECT "l"."GIA_TRI"
      FROM "QL_NHAN_HIEN_THI" "l"
      WHERE "l"."MA" = :Ma_0
      FETCH FIRST 1 ROWS ONLY
info: Microsoft.EntityFrameworkCore.Database.Command[20101]
      Executed DbCommand (13ms) [Parameters=[:nguoiDung_ID_0='?' (DbType = Decimal)], CommandType='Text', CommandTimeout='0']
      SELECT "c"."VAI_TRO_ID"
      FROM "QL_VAI_TRO_NGUOI_DUNG" "c"
      WHERE "c"."NGUOI_DUNG_ID" = :nguoiDung_ID_0
info: Microsoft.EntityFrameworkCore.Database.Command[20101]
      Executed DbCommand (12ms) [Parameters=[:Ma_0='?' (Size = 2000)], CommandType='Text', CommandTimeout='0']
      SELECT "l"."GIA_TRI"
      FROM "QL_NHAN_HIEN_THI" "l"
      WHERE "l"."MA" = :Ma_0
      FETCH FIRST 1 ROWS ONLY
info: Microsoft.EntityFrameworkCore.Database.Command[20101]
      Executed DbCommand (13ms) [Parameters=[:Ma_0='?' (Size = 2000)], CommandType='Text', CommandTimeout='0']
      SELECT "l"."GIA_TRI"
      FROM "QL_NHAN_HIEN_THI" "l"
      WHERE "l"."MA" = :Ma_0
      FETCH FIRST 1 ROWS ONLY
info: Microsoft.EntityFrameworkCore.Database.Command[20101]
      Executed DbCommand (11ms) [Parameters=[:Ma_0='?' (Size = 2000)], CommandType='Text', CommandTimeout='0']
      SELECT "l"."GIA_TRI"
      FROM "QL_NHAN_HIEN_THI" "l"
      WHERE "l"."MA" = :Ma_0
      FETCH FIRST 1 ROWS ONLY
info: Microsoft.EntityFrameworkCore.Database.Command[20101]
      Executed DbCommand (21ms) [Parameters=[:nguoiDung_ID_0='?' (DbType = Decimal)], CommandType='Text', CommandTimeout='0']
      SELECT "c"."VAI_TRO_ID"
      FROM "QL_VAI_TRO_NGUOI_DUNG" "c"
      WHERE "c"."NGUOI_DUNG_ID" = :nguoiDung_ID_0
info: Microsoft.EntityFrameworkCore.Database.Command[20101]
      Executed DbCommand (14ms) [Parameters=[:Ma_0='?' (Size = 2000)], CommandType='Text', CommandTimeout='0']
      SELECT "l"."GIA_TRI"
      FROM "QL_NHAN_HIEN_THI" "l"
      WHERE "l"."MA" = :Ma_0
      FETCH FIRST 1 ROWS ONLY
info: Microsoft.EntityFrameworkCore.Database.Command[20101]
      Executed DbCommand (12ms) [Parameters=[:Ma_0='?' (Size = 2000)], CommandType='Text', CommandTimeout='0']
      SELECT "l"."GIA_TRI"
      FROM "QL_NHAN_HIEN_THI" "l"
      WHERE "l"."MA" = :Ma_0
      FETCH FIRST 1 ROWS ONLY
info: Microsoft.EntityFrameworkCore.Database.Command[20101]
      Executed DbCommand (10ms) [Parameters=[:Ma_0='?' (Size = 2000)], CommandType='Text', CommandTimeout='0']
      SELECT "l"."GIA_TRI"
      FROM "QL_NHAN_HIEN_THI" "l"
      WHERE "l"."MA" = :Ma_0
      FETCH FIRST 1 ROWS ONLY
info: Microsoft.EntityFrameworkCore.Database.Command[20101]
      Executed DbCommand (12ms) [Parameters=[:nguoiDung_ID_0='?' (DbType = Decimal)], CommandType='Text', CommandTimeout='0']
      SELECT "c"."VAI_TRO_ID"
      FROM "QL_VAI_TRO_NGUOI_DUNG" "c"
      WHERE "c"."NGUOI_DUNG_ID" = :nguoiDung_ID_0
info: Microsoft.EntityFrameworkCore.Database.Command[20101]
      Executed DbCommand (17ms) [Parameters=[:Ma_0='?' (Size = 2000)], CommandType='Text', CommandTimeout='0']
      SELECT "l"."GIA_TRI"
      FROM "QL_NHAN_HIEN_THI" "l"
      WHERE "l"."MA" = :Ma_0
      FETCH FIRST 1 ROWS ONLY
info: Microsoft.EntityFrameworkCore.Database.Command[20101]
      Executed DbCommand (17ms) [Parameters=[:Ma_0='?' (Size = 2000)], CommandType='Text', CommandTimeout='0']
      SELECT "l"."GIA_TRI"
      FROM "QL_NHAN_HIEN_THI" "l"
      WHERE "l"."MA" = :Ma_0
      FETCH FIRST 1 ROWS ONLY
info: Microsoft.EntityFrameworkCore.Database.Command[20101]
      Executed DbCommand (14ms) [Parameters=[:nguoiDung_ID_0='?' (DbType = Decimal)], CommandType='Text', CommandTimeout='0']
      SELECT "c"."VAI_TRO_ID"
      FROM "QL_VAI_TRO_NGUOI_DUNG" "c"
      WHERE "c"."NGUOI_DUNG_ID" = :nguoiDung_ID_0
info: Microsoft.EntityFrameworkCore.Database.Command[20101]
      Executed DbCommand (12ms) [Parameters=[:Ma_0='?' (Size = 2000)], CommandType='Text', CommandTimeout='0']
      SELECT "l"."GIA_TRI"
      FROM "QL_NHAN_HIEN_THI" "l"
      WHERE "l"."MA" = :Ma_0
      FETCH FIRST 1 ROWS ONLY
info: Microsoft.EntityFrameworkCore.Database.Command[20101]
      Executed DbCommand (12ms) [Parameters=[:nguoiDung_ID_0='?' (DbType = Decimal)], CommandType='Text', CommandTimeout='0']
      SELECT "c"."VAI_TRO_ID"
      FROM "QL_VAI_TRO_NGUOI_DUNG" "c"
      WHERE "c"."NGUOI_DUNG_ID" = :nguoiDung_ID_0
info: Microsoft.EntityFrameworkCore.Database.Command[20101]
      Executed DbCommand (13ms) [Parameters=[:Ma_0='?' (Size = 2000)], CommandType='Text', CommandTimeout='0']
      SELECT "l"."GIA_TRI"
      FROM "QL_NHAN_HIEN_THI" "l"
      WHERE "l"."MA" = :Ma_0
      FETCH FIRST 1 ROWS ONLY
info: Microsoft.EntityFrameworkCore.Database.Command[20101]
      Executed DbCommand (11ms) [Parameters=[:nguoiDung_ID_0='?' (DbType = Decimal)], CommandType='Text', CommandTimeout='0']
      SELECT "c"."VAI_TRO_ID"
      FROM "QL_VAI_TRO_NGUOI_DUNG" "c"
      WHERE "c"."NGUOI_DUNG_ID" = :nguoiDung_ID_0
info: Microsoft.EntityFrameworkCore.Database.Command[20101]
      Executed DbCommand (14ms) [Parameters=[:Ma_0='?' (Size = 2000)], CommandType='Text', CommandTimeout='0']
      SELECT "l"."GIA_TRI"
      FROM "QL_NHAN_HIEN_THI" "l"
      WHERE "l"."MA" = :Ma_0
      FETCH FIRST 1 ROWS ONLY
info: Microsoft.EntityFrameworkCore.Database.Command[20101]
      Executed DbCommand (12ms) [Parameters=[:nguoiDung_ID_0='?' (DbType = Decimal)], CommandType='Text', CommandTimeout='0']
      SELECT "c"."VAI_TRO_ID"
      FROM "QL_VAI_TRO_NGUOI_DUNG" "c"
      WHERE "c"."NGUOI_DUNG_ID" = :nguoiDung_ID_0
info: Microsoft.EntityFrameworkCore.Database.Command[20101]
      Executed DbCommand (9ms) [Parameters=[:Ma_0='?' (Size = 2000)], CommandType='Text', CommandTimeout='0']
      SELECT "l"."GIA_TRI"
      FROM "QL_NHAN_HIEN_THI" "l"
      WHERE "l"."MA" = :Ma_0
      FETCH FIRST 1 ROWS ONLY
info: Microsoft.EntityFrameworkCore.Database.Command[20101]
      Executed DbCommand (27ms) [Parameters=[:nguoiDung_ID_0='?' (DbType = Decimal)], CommandType='Text', CommandTimeout='0']
      SELECT "c"."VAI_TRO_ID"
      FROM "QL_VAI_TRO_NGUOI_DUNG" "c"
      WHERE "c"."NGUOI_DUNG_ID" = :nguoiDung_ID_0
info: Microsoft.EntityFrameworkCore.Database.Command[20101]
      Executed DbCommand (13ms) [Parameters=[:Ma_0='?' (Size = 2000)], CommandType='Text', CommandTimeout='0']
      SELECT "l"."GIA_TRI"
      FROM "QL_NHAN_HIEN_THI" "l"
      WHERE "l"."MA" = :Ma_0
      FETCH FIRST 1 ROWS ONLY
info: Microsoft.EntityFrameworkCore.Database.Command[20101]
      Executed DbCommand (26ms) [Parameters=[:nguoiDung_ID_0='?' (DbType = Decimal)], CommandType='Text', CommandTimeout='0']
      SELECT "c"."VAI_TRO_ID"
      FROM "QL_VAI_TRO_NGUOI_DUNG" "c"
      WHERE "c"."NGUOI_DUNG_ID" = :nguoiDung_ID_0
info: Microsoft.EntityFrameworkCore.Database.Command[20101]
      Executed DbCommand (28ms) [Parameters=[:Ma_0='?' (Size = 2000)], CommandType='Text', CommandTimeout='0']
      SELECT "l"."GIA_TRI"
      FROM "QL_NHAN_HIEN_THI" "l"
      WHERE "l"."MA" = :Ma_0
      FETCH FIRST 1 ROWS ONLY
info: Microsoft.EntityFrameworkCore.Database.Command[20101]
      Executed DbCommand (18ms) [Parameters=[:Ma_0='?' (Size = 2000)], CommandType='Text', CommandTimeout='0']
      SELECT "l"."GIA_TRI"
      FROM "QL_NHAN_HIEN_THI" "l"
      WHERE "l"."MA" = :Ma_0
      FETCH FIRST 1 ROWS ONLY
info: Microsoft.EntityFrameworkCore.Database.Command[20101]
      Executed DbCommand (14ms) [Parameters=[:Ma_0='?' (Size = 2000)], CommandType='Text', CommandTimeout='0']
      SELECT "l"."GIA_TRI"
      FROM "QL_NHAN_HIEN_THI" "l"
      WHERE "l"."MA" = :Ma_0
      FETCH FIRST 1 ROWS ONLY
info: Microsoft.EntityFrameworkCore.Database.Command[20101]
      Executed DbCommand (17ms) [Parameters=[:Ma_0='?' (Size = 2000)], CommandType='Text', CommandTimeout='0']
      SELECT "l"."GIA_TRI"
      FROM "QL_NHAN_HIEN_THI" "l"
      WHERE "l"."MA" = :Ma_0
      FETCH FIRST 1 ROWS ONLY
info: Microsoft.EntityFrameworkCore.Database.Command[20101]
      Executed DbCommand (14ms) [Parameters=[:nguoiDung_ID_0='?' (DbType = Decimal)], CommandType='Text', CommandTimeout='0']
      SELECT "c"."VAI_TRO_ID"
      FROM "QL_VAI_TRO_NGUOI_DUNG" "c"
      WHERE "c"."NGUOI_DUNG_ID" = :nguoiDung_ID_0
info: Microsoft.EntityFrameworkCore.Database.Command[20101]
      Executed DbCommand (12ms) [Parameters=[:Ma_0='?' (Size = 2000)], CommandType='Text', CommandTimeout='0']
      SELECT "l"."GIA_TRI"
      FROM "QL_NHAN_HIEN_THI" "l"
      WHERE "l"."MA" = :Ma_0
      FETCH FIRST 1 ROWS ONLY
info: Microsoft.EntityFrameworkCore.Database.Command[20101]
      Executed DbCommand (14ms) [Parameters=[:nguoiDung_ID_0='?' (DbType = Decimal)], CommandType='Text', CommandTimeout='0']
      SELECT "c"."VAI_TRO_ID"
      FROM "QL_VAI_TRO_NGUOI_DUNG" "c"
      WHERE "c"."NGUOI_DUNG_ID" = :nguoiDung_ID_0
info: Microsoft.EntityFrameworkCore.Database.Command[20101]
      Executed DbCommand (13ms) [Parameters=[:Ma_0='?' (Size = 2000)], CommandType='Text', CommandTimeout='0']
      SELECT "l"."GIA_TRI"
      FROM "QL_NHAN_HIEN_THI" "l"
      WHERE "l"."MA" = :Ma_0
      FETCH FIRST 1 ROWS ONLY
info: Microsoft.EntityFrameworkCore.Database.Command[20101]
      Executed DbCommand (15ms) [Parameters=[:nguoiDung_ID_0='?' (DbType = Decimal)], CommandType='Text', CommandTimeout='0']
      SELECT "c"."VAI_TRO_ID"
      FROM "QL_VAI_TRO_NGUOI_DUNG" "c"
      WHERE "c"."NGUOI_DUNG_ID" = :nguoiDung_ID_0
info: Microsoft.EntityFrameworkCore.Database.Command[20101]
      Executed DbCommand (14ms) [Parameters=[:Ma_0='?' (Size = 2000)], CommandType='Text', CommandTimeout='0']
      SELECT "l"."GIA_TRI"
      FROM "QL_NHAN_HIEN_THI" "l"
      WHERE "l"."MA" = :Ma_0
      FETCH FIRST 1 ROWS ONLY
info: Microsoft.EntityFrameworkCore.Database.Command[20101]
      Executed DbCommand (12ms) [Parameters=[:nguoiDung_ID_0='?' (DbType = Decimal)], CommandType='Text', CommandTimeout='0']
      SELECT "c"."VAI_TRO_ID"
      FROM "QL_VAI_TRO_NGUOI_DUNG" "c"
      WHERE "c"."NGUOI_DUNG_ID" = :nguoiDung_ID_0
info: Microsoft.EntityFrameworkCore.Database.Command[20101]
      Executed DbCommand (12ms) [Parameters=[:Ma_0='?' (Size = 2000)], CommandType='Text', CommandTimeout='0']
      SELECT "l"."GIA_TRI"
      FROM "QL_NHAN_HIEN_THI" "l"
      WHERE "l"."MA" = :Ma_0
      FETCH FIRST 1 ROWS ONLY
info: Microsoft.EntityFrameworkCore.Database.Command[20101]
      Executed DbCommand (17ms) [Parameters=[:nguoiDung_ID_0='?' (DbType = Decimal)], CommandType='Text', CommandTimeout='0']
      SELECT "c"."VAI_TRO_ID"
      FROM "QL_VAI_TRO_NGUOI_DUNG" "c"
      WHERE "c"."NGUOI_DUNG_ID" = :nguoiDung_ID_0
info: Microsoft.EntityFrameworkCore.Database.Command[20101]
      Executed DbCommand (13ms) [Parameters=[:Ma_0='?' (Size = 2000)], CommandType='Text', CommandTimeout='0']
      SELECT "l"."GIA_TRI"
      FROM "QL_NHAN_HIEN_THI" "l"
      WHERE "l"."MA" = :Ma_0
      FETCH FIRST 1 ROWS ONLY
info: Microsoft.EntityFrameworkCore.Database.Command[20101]
      Executed DbCommand (12ms) [Parameters=[:nguoiDung_ID_0='?' (DbType = Decimal)], CommandType='Text', CommandTimeout='0']
      SELECT "c"."VAI_TRO_ID"
      FROM "QL_VAI_TRO_NGUOI_DUNG" "c"
      WHERE "c"."NGUOI_DUNG_ID" = :nguoiDung_ID_0
info: Microsoft.EntityFrameworkCore.Database.Command[20101]
      Executed DbCommand (16ms) [Parameters=[:Ma_0='?' (Size = 2000)], CommandType='Text', CommandTimeout='0']
      SELECT "l"."GIA_TRI"
      FROM "QL_NHAN_HIEN_THI" "l"
      WHERE "l"."MA" = :Ma_0
      FETCH FIRST 1 ROWS ONLY
info: Microsoft.EntityFrameworkCore.Database.Command[20101]
      Executed DbCommand (12ms) [Parameters=[:nguoiDung_ID_0='?' (DbType = Decimal)], CommandType='Text', CommandTimeout='0']
      SELECT "c"."VAI_TRO_ID"
      FROM "QL_VAI_TRO_NGUOI_DUNG" "c"
      WHERE "c"."NGUOI_DUNG_ID" = :nguoiDung_ID_0
info: Microsoft.EntityFrameworkCore.Database.Command[20101]
      Executed DbCommand (17ms) [Parameters=[:Ma_0='?' (Size = 2000)], CommandType='Text', CommandTimeout='0']
      SELECT "l"."GIA_TRI"
      FROM "QL_NHAN_HIEN_THI" "l"
      WHERE "l"."MA" = :Ma_0
      FETCH FIRST 1 ROWS ONLY
info: Microsoft.EntityFrameworkCore.Database.Command[20101]
      Executed DbCommand (14ms) [Parameters=[:nguoiDung_ID_0='?' (DbType = Decimal)], CommandType='Text', CommandTimeout='0']
      SELECT "c"."VAI_TRO_ID"
      FROM "QL_VAI_TRO_NGUOI_DUNG" "c"
      WHERE "c"."NGUOI_DUNG_ID" = :nguoiDung_ID_0
info: Microsoft.EntityFrameworkCore.Database.Command[20101]
      Executed DbCommand (14ms) [Parameters=[:Ma_0='?' (Size = 2000)], CommandType='Text', CommandTimeout='0']
      SELECT "l"."GIA_TRI"
      FROM "QL_NHAN_HIEN_THI" "l"
      WHERE "l"."MA" = :Ma_0
      FETCH FIRST 1 ROWS ONLY
info: Microsoft.EntityFrameworkCore.Database.Command[20101]
      Executed DbCommand (14ms) [Parameters=[:nguoiDung_ID_0='?' (DbType = Decimal)], CommandType='Text', CommandTimeout='0']
      SELECT "c"."VAI_TRO_ID"
      FROM "QL_VAI_TRO_NGUOI_DUNG" "c"
      WHERE "c"."NGUOI_DUNG_ID" = :nguoiDung_ID_0
info: Microsoft.EntityFrameworkCore.Database.Command[20101]
      Executed DbCommand (11ms) [Parameters=[:Ma_0='?' (Size = 2000)], CommandType='Text', CommandTimeout='0']
      SELECT "l"."GIA_TRI"
      FROM "QL_NHAN_HIEN_THI" "l"
      WHERE "l"."MA" = :Ma_0
      FETCH FIRST 1 ROWS ONLY
info: Microsoft.EntityFrameworkCore.Database.Command[20101]
      Executed DbCommand (17ms) [Parameters=[:nguoiDung_ID_0='?' (DbType = Decimal)], CommandType='Text', CommandTimeout='0']
      SELECT "c"."VAI_TRO_ID"
      FROM "QL_VAI_TRO_NGUOI_DUNG" "c"
      WHERE "c"."NGUOI_DUNG_ID" = :nguoiDung_ID_0
info: Microsoft.EntityFrameworkCore.Database.Command[20101]
      Executed DbCommand (17ms) [Parameters=[:Ma_0='?' (Size = 2000)], CommandType='Text', CommandTimeout='0']
      SELECT "l"."GIA_TRI"
      FROM "QL_NHAN_HIEN_THI" "l"
      WHERE "l"."MA" = :Ma_0
      FETCH FIRST 1 ROWS ONLY
info: Microsoft.EntityFrameworkCore.Database.Command[20101]
      Executed DbCommand (13ms) [Parameters=[:nguoiDung_ID_0='?' (DbType = Decimal)], CommandType='Text', CommandTimeout='0']
      SELECT "c"."VAI_TRO_ID"
      FROM "QL_VAI_TRO_NGUOI_DUNG" "c"
      WHERE "c"."NGUOI_DUNG_ID" = :nguoiDung_ID_0
info: Microsoft.EntityFrameworkCore.Database.Command[20101]
      Executed DbCommand (13ms) [Parameters=[:Ma_0='?' (Size = 2000)], CommandType='Text', CommandTimeout='0']
      SELECT "l"."GIA_TRI"
      FROM "QL_NHAN_HIEN_THI" "l"
      WHERE "l"."MA" = :Ma_0
      FETCH FIRST 1 ROWS ONLY
info: Microsoft.EntityFrameworkCore.Database.Command[20101]
      Executed DbCommand (12ms) [Parameters=[:nguoiDung_ID_0='?' (DbType = Decimal)], CommandType='Text', CommandTimeout='0']
      SELECT "c"."VAI_TRO_ID"
      FROM "QL_VAI_TRO_NGUOI_DUNG" "c"
      WHERE "c"."NGUOI_DUNG_ID" = :nguoiDung_ID_0
info: Microsoft.EntityFrameworkCore.Database.Command[20101]
      Executed DbCommand (13ms) [Parameters=[:Ma_0='?' (Size = 2000)], CommandType='Text', CommandTimeout='0']
      SELECT "l"."GIA_TRI"
      FROM "QL_NHAN_HIEN_THI" "l"
      WHERE "l"."MA" = :Ma_0
      FETCH FIRST 1 ROWS ONLY
info: Microsoft.EntityFrameworkCore.Database.Command[20101]
      Executed DbCommand (18ms) [Parameters=[:nguoiDung_ID_0='?' (DbType = Decimal)], CommandType='Text', CommandTimeout='0']
      SELECT "c"."VAI_TRO_ID"
      FROM "QL_VAI_TRO_NGUOI_DUNG" "c"
      WHERE "c"."NGUOI_DUNG_ID" = :nguoiDung_ID_0
info: Microsoft.EntityFrameworkCore.Database.Command[20101]
      Executed DbCommand (12ms) [Parameters=[:Ma_0='?' (Size = 2000)], CommandType='Text', CommandTimeout='0']
      SELECT "l"."GIA_TRI"
      FROM "QL_NHAN_HIEN_THI" "l"
      WHERE "l"."MA" = :Ma_0
      FETCH FIRST 1 ROWS ONLY
info: Microsoft.EntityFrameworkCore.Database.Command[20101]
      Executed DbCommand (15ms) [Parameters=[:nguoiDung_ID_0='?' (DbType = Decimal)], CommandType='Text', CommandTimeout='0']
      SELECT "c"."VAI_TRO_ID"
      FROM "QL_VAI_TRO_NGUOI_DUNG" "c"
      WHERE "c"."NGUOI_DUNG_ID" = :nguoiDung_ID_0
info: Microsoft.EntityFrameworkCore.Database.Command[20101]
      Executed DbCommand (12ms) [Parameters=[:Ma_0='?' (Size = 2000)], CommandType='Text', CommandTimeout='0']
      SELECT "l"."GIA_TRI"
      FROM "QL_NHAN_HIEN_THI" "l"
      WHERE "l"."MA" = :Ma_0
      FETCH FIRST 1 ROWS ONLY
info: Microsoft.EntityFrameworkCore.Database.Command[20101]
      Executed DbCommand (23ms) [Parameters=[:nguoiDung_ID_0='?' (DbType = Decimal)], CommandType='Text', CommandTimeout='0']
      SELECT "c"."VAI_TRO_ID"
      FROM "QL_VAI_TRO_NGUOI_DUNG" "c"
      WHERE "c"."NGUOI_DUNG_ID" = :nguoiDung_ID_0
info: Microsoft.EntityFrameworkCore.Database.Command[20101]
      Executed DbCommand (20ms) [Parameters=[:Ma_0='?' (Size = 2000)], CommandType='Text', CommandTimeout='0']
      SELECT "l"."GIA_TRI"
      FROM "QL_NHAN_HIEN_THI" "l"
      WHERE "l"."MA" = :Ma_0
      FETCH FIRST 1 ROWS ONLY
info: Microsoft.EntityFrameworkCore.Database.Command[20101]
      Executed DbCommand (14ms) [Parameters=[:Ma_0='?' (Size = 2000)], CommandType='Text', CommandTimeout='0']
      SELECT "l"."GIA_TRI"
      FROM "QL_NHAN_HIEN_THI" "l"
      WHERE "l"."MA" = :Ma_0
      FETCH FIRST 1 ROWS ONLY
info: Microsoft.EntityFrameworkCore.Database.Command[20101]
      Executed DbCommand (11ms) [Parameters=[:Ma_0='?' (Size = 2000)], CommandType='Text', CommandTimeout='0']
      SELECT "l"."GIA_TRI"
      FROM "QL_NHAN_HIEN_THI" "l"
      WHERE "l"."MA" = :Ma_0
      FETCH FIRST 1 ROWS ONLY
info: Microsoft.EntityFrameworkCore.Database.Command[20101]
      Executed DbCommand (9ms) [Parameters=[:Ma_0='?' (Size = 2000)], CommandType='Text', CommandTimeout='0']
      SELECT "l"."GIA_TRI"
      FROM "QL_NHAN_HIEN_THI" "l"
      WHERE "l"."MA" = :Ma_0
      FETCH FIRST 1 ROWS ONLY
info: Microsoft.EntityFrameworkCore.Database.Command[20101]
      Executed DbCommand (12ms) [Parameters=[:Ma_0='?' (Size = 2000)], CommandType='Text', CommandTimeout='0']
      SELECT "l"."GIA_TRI"
      FROM "QL_NHAN_HIEN_THI" "l"
      WHERE "l"."MA" = :Ma_0
      FETCH FIRST 1 ROWS ONLY
info: Microsoft.EntityFrameworkCore.Database.Command[20101]
      Executed DbCommand (18ms) [Parameters=[:Ma_0='?' (Size = 2000)], CommandType='Text', CommandTimeout='0']
      SELECT "l"."GIA_TRI"
      FROM "QL_NHAN_HIEN_THI" "l"
      WHERE "l"."MA" = :Ma_0
      FETCH FIRST 1 ROWS ONLY
info: Microsoft.EntityFrameworkCore.Database.Command[20101]
      Executed DbCommand (12ms) [Parameters=[:nguoiDung_ID_0='?' (DbType = Decimal)], CommandType='Text', CommandTimeout='0']
      SELECT "c"."VAI_TRO_ID"
      FROM "QL_VAI_TRO_NGUOI_DUNG" "c"
      WHERE "c"."NGUOI_DUNG_ID" = :nguoiDung_ID_0
info: Microsoft.EntityFrameworkCore.Database.Command[20101]
      Executed DbCommand (12ms) [Parameters=[:Ma_0='?' (Size = 2000)], CommandType='Text', CommandTimeout='0']
      SELECT "l"."GIA_TRI"
      FROM "QL_NHAN_HIEN_THI" "l"
      WHERE "l"."MA" = :Ma_0
      FETCH FIRST 1 ROWS ONLY
info: Microsoft.EntityFrameworkCore.Database.Command[20101]
      Executed DbCommand (11ms) [Parameters=[:nguoiDung_ID_0='?' (DbType = Decimal)], CommandType='Text', CommandTimeout='0']
      SELECT "c"."VAI_TRO_ID"
      FROM "QL_VAI_TRO_NGUOI_DUNG" "c"
      WHERE "c"."NGUOI_DUNG_ID" = :nguoiDung_ID_0
info: Microsoft.EntityFrameworkCore.Database.Command[20101]
      Executed DbCommand (12ms) [Parameters=[:nguoiDung_ID_0='?' (DbType = Decimal)], CommandType='Text', CommandTimeout='0']
      SELECT "c"."VAI_TRO_ID"
      FROM "QL_VAI_TRO_NGUOI_DUNG" "c"
      WHERE "c"."NGUOI_DUNG_ID" = :nguoiDung_ID_0
info: Microsoft.EntityFrameworkCore.Database.Command[20101]
      Executed DbCommand (10ms) [Parameters=[:Ma_0='?' (Size = 2000)], CommandType='Text', CommandTimeout='0']
      SELECT "l"."GIA_TRI"
      FROM "QL_NHAN_HIEN_THI" "l"
      WHERE "l"."MA" = :Ma_0
      FETCH FIRST 1 ROWS ONLY
info: Microsoft.EntityFrameworkCore.Database.Command[20101]
      Executed DbCommand (14ms) [Parameters=[:nguoiDung_ID_0='?' (DbType = Decimal)], CommandType='Text', CommandTimeout='0']
      SELECT "c"."VAI_TRO_ID"
      FROM "QL_VAI_TRO_NGUOI_DUNG" "c"
      WHERE "c"."NGUOI_DUNG_ID" = :nguoiDung_ID_0
info: Microsoft.EntityFrameworkCore.Database.Command[20101]
      Executed DbCommand (13ms) [Parameters=[:Ma_0='?' (Size = 2000)], CommandType='Text', CommandTimeout='0']
      SELECT "l"."GIA_TRI"
      FROM "QL_NHAN_HIEN_THI" "l"
      WHERE "l"."MA" = :Ma_0
      FETCH FIRST 1 ROWS ONLY
info: Microsoft.EntityFrameworkCore.Database.Command[20101]
      Executed DbCommand (16ms) [Parameters=[:nguoiDung_ID_0='?' (DbType = Decimal)], CommandType='Text', CommandTimeout='0']
      SELECT "c"."VAI_TRO_ID"
      FROM "QL_VAI_TRO_NGUOI_DUNG" "c"
      WHERE "c"."NGUOI_DUNG_ID" = :nguoiDung_ID_0
info: Microsoft.EntityFrameworkCore.Database.Command[20101]
      Executed DbCommand (14ms) [Parameters=[:nguoiDung_ID_0='?' (DbType = Decimal)], CommandType='Text', CommandTimeout='0']
      SELECT "c"."VAI_TRO_ID"
      FROM "QL_VAI_TRO_NGUOI_DUNG" "c"
      WHERE "c"."NGUOI_DUNG_ID" = :nguoiDung_ID_0
info: Microsoft.EntityFrameworkCore.Database.Command[20101]
      Executed DbCommand (19ms) [Parameters=[:Ma_0='?' (Size = 2000)], CommandType='Text', CommandTimeout='0']
      SELECT "l"."GIA_TRI"
      FROM "QL_NHAN_HIEN_THI" "l"
      WHERE "l"."MA" = :Ma_0
      FETCH FIRST 1 ROWS ONLY
info: Microsoft.EntityFrameworkCore.Database.Command[20101]
      Executed DbCommand (13ms) [Parameters=[:nguoiDung_ID_0='?' (DbType = Decimal)], CommandType='Text', CommandTimeout='0']
      SELECT "c"."VAI_TRO_ID"
      FROM "QL_VAI_TRO_NGUOI_DUNG" "c"
      WHERE "c"."NGUOI_DUNG_ID" = :nguoiDung_ID_0
info: Microsoft.EntityFrameworkCore.Database.Command[20101]
      Executed DbCommand (17ms) [Parameters=[:Ma_0='?' (Size = 2000)], CommandType='Text', CommandTimeout='0']
      SELECT "l"."GIA_TRI"
      FROM "QL_NHAN_HIEN_THI" "l"
      WHERE "l"."MA" = :Ma_0
      FETCH FIRST 1 ROWS ONLY
info: Microsoft.EntityFrameworkCore.Database.Command[20101]
      Executed DbCommand (15ms) [Parameters=[:nguoiDung_ID_0='?' (DbType = Decimal)], CommandType='Text', CommandTimeout='0']
      SELECT "c"."VAI_TRO_ID"
      FROM "QL_VAI_TRO_NGUOI_DUNG" "c"
      WHERE "c"."NGUOI_DUNG_ID" = :nguoiDung_ID_0
info: Microsoft.EntityFrameworkCore.Database.Command[20101]
      Executed DbCommand (15ms) [Parameters=[:Ma_0='?' (Size = 2000)], CommandType='Text', CommandTimeout='0']
      SELECT "l"."GIA_TRI"
      FROM "QL_NHAN_HIEN_THI" "l"
      WHERE "l"."MA" = :Ma_0
      FETCH FIRST 1 ROWS ONLY
info: Microsoft.EntityFrameworkCore.Database.Command[20101]
      Executed DbCommand (14ms) [Parameters=[:nguoiDung_ID_0='?' (DbType = Decimal)], CommandType='Text', CommandTimeout='0']
      SELECT "c"."VAI_TRO_ID"
      FROM "QL_VAI_TRO_NGUOI_DUNG" "c"
      WHERE "c"."NGUOI_DUNG_ID" = :nguoiDung_ID_0
info: Microsoft.EntityFrameworkCore.Database.Command[20101]
      Executed DbCommand (21ms) [Parameters=[:Ma_0='?' (Size = 2000)], CommandType='Text', CommandTimeout='0']
      SELECT "l"."GIA_TRI"
      FROM "QL_NHAN_HIEN_THI" "l"
      WHERE "l"."MA" = :Ma_0
      FETCH FIRST 1 ROWS ONLY
info: Microsoft.EntityFrameworkCore.Database.Command[20101]
      Executed DbCommand (31ms) [Parameters=[:nguoiDung_ID_0='?' (DbType = Decimal)], CommandType='Text', CommandTimeout='0']
      SELECT "c"."VAI_TRO_ID"
      FROM "QL_VAI_TRO_NGUOI_DUNG" "c"
      WHERE "c"."NGUOI_DUNG_ID" = :nguoiDung_ID_0
info: Microsoft.EntityFrameworkCore.Database.Command[20101]
      Executed DbCommand (13ms) [Parameters=[:Ma_0='?' (Size = 2000)], CommandType='Text', CommandTimeout='0']
      SELECT "l"."GIA_TRI"
      FROM "QL_NHAN_HIEN_THI" "l"
      WHERE "l"."MA" = :Ma_0
      FETCH FIRST 1 ROWS ONLY
info: Microsoft.EntityFrameworkCore.Database.Command[20101]
      Executed DbCommand (14ms) [Parameters=[:nguoiDung_ID_0='?' (DbType = Decimal)], CommandType='Text', CommandTimeout='0']
      SELECT "c"."VAI_TRO_ID"
      FROM "QL_VAI_TRO_NGUOI_DUNG" "c"
      WHERE "c"."NGUOI_DUNG_ID" = :nguoiDung_ID_0
info: Microsoft.EntityFrameworkCore.Database.Command[20101]
      Executed DbCommand (11ms) [Parameters=[:Ma_0='?' (Size = 2000)], CommandType='Text', CommandTimeout='0']
      SELECT "l"."GIA_TRI"
      FROM "QL_NHAN_HIEN_THI" "l"
      WHERE "l"."MA" = :Ma_0
      FETCH FIRST 1 ROWS ONLY
info: Microsoft.EntityFrameworkCore.Database.Command[20101]
      Executed DbCommand (11ms) [Parameters=[:nguoiDung_ID_0='?' (DbType = Decimal)], CommandType='Text', CommandTimeout='0']
      SELECT "c"."VAI_TRO_ID"
      FROM "QL_VAI_TRO_NGUOI_DUNG" "c"
      WHERE "c"."NGUOI_DUNG_ID" = :nguoiDung_ID_0
info: Microsoft.EntityFrameworkCore.Database.Command[20101]
      Executed DbCommand (11ms) [Parameters=[:Ma_0='?' (Size = 2000)], CommandType='Text', CommandTimeout='0']
      SELECT "l"."GIA_TRI"
      FROM "QL_NHAN_HIEN_THI" "l"
      WHERE "l"."MA" = :Ma_0
      FETCH FIRST 1 ROWS ONLY
info: Microsoft.EntityFrameworkCore.Database.Command[20101]
      Executed DbCommand (12ms) [Parameters=[:nguoiDung_ID_0='?' (DbType = Decimal)], CommandType='Text', CommandTimeout='0']
      SELECT "c"."VAI_TRO_ID"
      FROM "QL_VAI_TRO_NGUOI_DUNG" "c"
      WHERE "c"."NGUOI_DUNG_ID" = :nguoiDung_ID_0
info: Microsoft.EntityFrameworkCore.Database.Command[20101]
      Executed DbCommand (9ms) [Parameters=[:Ma_0='?' (Size = 2000)], CommandType='Text', CommandTimeout='0']
      SELECT "l"."GIA_TRI"
      FROM "QL_NHAN_HIEN_THI" "l"
      WHERE "l"."MA" = :Ma_0
      FETCH FIRST 1 ROWS ONLY
info: Microsoft.EntityFrameworkCore.Database.Command[20101]
      Executed DbCommand (9ms) [Parameters=[:nguoiDung_ID_0='?' (DbType = Decimal)], CommandType='Text', CommandTimeout='0']
      SELECT "c"."VAI_TRO_ID"
      FROM "QL_VAI_TRO_NGUOI_DUNG" "c"
      WHERE "c"."NGUOI_DUNG_ID" = :nguoiDung_ID_0
info: Microsoft.EntityFrameworkCore.Database.Command[20101]
      Executed DbCommand (11ms) [Parameters=[:Ma_0='?' (Size = 2000)], CommandType='Text', CommandTimeout='0']
      SELECT "l"."GIA_TRI"
      FROM "QL_NHAN_HIEN_THI" "l"
      WHERE "l"."MA" = :Ma_0
      FETCH FIRST 1 ROWS ONLY
info: Microsoft.EntityFrameworkCore.Database.Command[20101]
      Executed DbCommand (12ms) [Parameters=[:nguoiDung_ID_0='?' (DbType = Decimal)], CommandType='Text', CommandTimeout='0']
      SELECT "c"."VAI_TRO_ID"
      FROM "QL_VAI_TRO_NGUOI_DUNG" "c"
      WHERE "c"."NGUOI_DUNG_ID" = :nguoiDung_ID_0
info: Microsoft.EntityFrameworkCore.Database.Command[20101]
      Executed DbCommand (11ms) [Parameters=[:Ma_0='?' (Size = 2000)], CommandType='Text', CommandTimeout='0']
      SELECT "l"."GIA_TRI"
      FROM "QL_NHAN_HIEN_THI" "l"
      WHERE "l"."MA" = :Ma_0
      FETCH FIRST 1 ROWS ONLY
info: Microsoft.EntityFrameworkCore.Database.Command[20101]
      Executed DbCommand (18ms) [Parameters=[:nguoiDung_ID_0='?' (DbType = Decimal)], CommandType='Text', CommandTimeout='0']
      SELECT "c"."VAI_TRO_ID"
      FROM "QL_VAI_TRO_NGUOI_DUNG" "c"
      WHERE "c"."NGUOI_DUNG_ID" = :nguoiDung_ID_0
info: Microsoft.EntityFrameworkCore.Database.Command[20101]
      Executed DbCommand (12ms) [Parameters=[:Ma_0='?' (Size = 2000)], CommandType='Text', CommandTimeout='0']
      SELECT "l"."GIA_TRI"
      FROM "QL_NHAN_HIEN_THI" "l"
      WHERE "l"."MA" = :Ma_0
      FETCH FIRST 1 ROWS ONLY
info: Microsoft.EntityFrameworkCore.Database.Command[20101]
      Executed DbCommand (23ms) [Parameters=[:nguoiDung_ID_0='?' (DbType = Decimal)], CommandType='Text', CommandTimeout='0']
      SELECT "c"."VAI_TRO_ID"
      FROM "QL_VAI_TRO_NGUOI_DUNG" "c"
      WHERE "c"."NGUOI_DUNG_ID" = :nguoiDung_ID_0
info: Microsoft.EntityFrameworkCore.Database.Command[20101]
      Executed DbCommand (11ms) [Parameters=[:Ma_0='?' (Size = 2000)], CommandType='Text', CommandTimeout='0']
      SELECT "l"."GIA_TRI"
      FROM "QL_NHAN_HIEN_THI" "l"
      WHERE "l"."MA" = :Ma_0
      FETCH FIRST 1 ROWS ONLY
info: Microsoft.EntityFrameworkCore.Database.Command[20101]
      Executed DbCommand (20ms) [Parameters=[:nguoiDung_ID_0='?' (DbType = Decimal)], CommandType='Text', CommandTimeout='0']
      SELECT "c"."VAI_TRO_ID"
      FROM "QL_VAI_TRO_NGUOI_DUNG" "c"
      WHERE "c"."NGUOI_DUNG_ID" = :nguoiDung_ID_0
info: Microsoft.EntityFrameworkCore.Database.Command[20101]
      Executed DbCommand (19ms) [Parameters=[:Ma_0='?' (Size = 2000)], CommandType='Text', CommandTimeout='0']
      SELECT "l"."GIA_TRI"
      FROM "QL_NHAN_HIEN_THI" "l"
      WHERE "l"."MA" = :Ma_0
      FETCH FIRST 1 ROWS ONLY
info: Microsoft.EntityFrameworkCore.Database.Command[20101]
      Executed DbCommand (15ms) [Parameters=[:nguoiDung_ID_0='?' (DbType = Decimal)], CommandType='Text', CommandTimeout='0']
      SELECT "c"."VAI_TRO_ID"
      FROM "QL_VAI_TRO_NGUOI_DUNG" "c"
      WHERE "c"."NGUOI_DUNG_ID" = :nguoiDung_ID_0
info: Microsoft.EntityFrameworkCore.Database.Command[20101]
      Executed DbCommand (12ms) [Parameters=[:Ma_0='?' (Size = 2000)], CommandType='Text', CommandTimeout='0']
      SELECT "l"."GIA_TRI"
      FROM "QL_NHAN_HIEN_THI" "l"
      WHERE "l"."MA" = :Ma_0
      FETCH FIRST 1 ROWS ONLY
info: Microsoft.EntityFrameworkCore.Database.Command[20101]
      Executed DbCommand (21ms) [Parameters=[:nguoiDung_ID_0='?' (DbType = Decimal)], CommandType='Text', CommandTimeout='0']
      SELECT "c"."VAI_TRO_ID"
      FROM "QL_VAI_TRO_NGUOI_DUNG" "c"
      WHERE "c"."NGUOI_DUNG_ID" = :nguoiDung_ID_0
info: Microsoft.EntityFrameworkCore.Database.Command[20101]
      Executed DbCommand (13ms) [Parameters=[:Ma_0='?' (Size = 2000)], CommandType='Text', CommandTimeout='0']
      SELECT "l"."GIA_TRI"
      FROM "QL_NHAN_HIEN_THI" "l"
      WHERE "l"."MA" = :Ma_0
      FETCH FIRST 1 ROWS ONLY
info: Microsoft.EntityFrameworkCore.Database.Command[20101]
      Executed DbCommand (24ms) [Parameters=[:nguoiDung_ID_0='?' (DbType = Decimal)], CommandType='Text', CommandTimeout='0']
      SELECT "c"."VAI_TRO_ID"
      FROM "QL_VAI_TRO_NGUOI_DUNG" "c"
      WHERE "c"."NGUOI_DUNG_ID" = :nguoiDung_ID_0
info: Microsoft.EntityFrameworkCore.Database.Command[20101]
      Executed DbCommand (74ms) [Parameters=[:donViId_0='?' (DbType = Decimal)], CommandType='Text', CommandTimeout='0']
      SELECT COUNT(*)
      FROM "DM_DON_VI" "p"
      WHERE ((("p"."PARENT_ID" = :donViId_0) AND ("p"."LA_BAN_QL_DU_AN" = 1)) OR (("p"."ID" = :donViId_0) AND ("p"."LOAI_DON_VI_ID" = 15.0))) OR (("p"."ID" = :donViId_0) AND ("p"."LA_BAN_QL_DU_AN" = 1))
info: Microsoft.EntityFrameworkCore.Database.Command[20101]
      Executed DbCommand (12ms) [Parameters=[:Ma_0='?' (Size = 2000)], CommandType='Text', CommandTimeout='0']
      SELECT "l"."GIA_TRI"
      FROM "QL_NHAN_HIEN_THI" "l"
      WHERE "l"."MA" = :Ma_0
      FETCH FIRST 1 ROWS ONLY
info: Microsoft.EntityFrameworkCore.Database.Command[20101]
      Executed DbCommand (12ms) [Parameters=[:nguoiDung_ID_0='?' (DbType = Decimal)], CommandType='Text', CommandTimeout='0']
      SELECT "c"."VAI_TRO_ID"
      FROM "QL_VAI_TRO_NGUOI_DUNG" "c"
      WHERE "c"."NGUOI_DUNG_ID" = :nguoiDung_ID_0
info: Microsoft.EntityFrameworkCore.Database.Command[20101]
      Executed DbCommand (11ms) [Parameters=[:Ma_0='?' (Size = 2000)], CommandType='Text', CommandTimeout='0']
      SELECT "l"."GIA_TRI"
      FROM "QL_NHAN_HIEN_THI" "l"
      WHERE "l"."MA" = :Ma_0
      FETCH FIRST 1 ROWS ONLY
info: Microsoft.EntityFrameworkCore.Database.Command[20101]
      Executed DbCommand (13ms) [Parameters=[:nguoiDung_ID_0='?' (DbType = Decimal)], CommandType='Text', CommandTimeout='0']
      SELECT "c"."VAI_TRO_ID"
      FROM "QL_VAI_TRO_NGUOI_DUNG" "c"
      WHERE "c"."NGUOI_DUNG_ID" = :nguoiDung_ID_0
info: Microsoft.EntityFrameworkCore.Database.Command[20101]
      Executed DbCommand (14ms) [Parameters=[:Ma_0='?' (Size = 2000)], CommandType='Text', CommandTimeout='0']
      SELECT "l"."GIA_TRI"
      FROM "QL_NHAN_HIEN_THI" "l"
      WHERE "l"."MA" = :Ma_0
      FETCH FIRST 1 ROWS ONLY
info: Microsoft.EntityFrameworkCore.Database.Command[20101]
      Executed DbCommand (12ms) [Parameters=[:nguoiDung_ID_0='?' (DbType = Decimal)], CommandType='Text', CommandTimeout='0']
      SELECT "c"."VAI_TRO_ID"
      FROM "QL_VAI_TRO_NGUOI_DUNG" "c"
      WHERE "c"."NGUOI_DUNG_ID" = :nguoiDung_ID_0
info: Microsoft.EntityFrameworkCore.Database.Command[20101]
      Executed DbCommand (14ms) [Parameters=[:Ma_0='?' (Size = 2000)], CommandType='Text', CommandTimeout='0']
      SELECT "l"."GIA_TRI"
      FROM "QL_NHAN_HIEN_THI" "l"
      WHERE "l"."MA" = :Ma_0
      FETCH FIRST 1 ROWS ONLY
info: Microsoft.EntityFrameworkCore.Database.Command[20101]
      Executed DbCommand (15ms) [Parameters=[:nguoiDung_ID_0='?' (DbType = Decimal)], CommandType='Text', CommandTimeout='0']
      SELECT "c"."VAI_TRO_ID"
      FROM "QL_VAI_TRO_NGUOI_DUNG" "c"
      WHERE "c"."NGUOI_DUNG_ID" = :nguoiDung_ID_0
info: Microsoft.EntityFrameworkCore.Database.Command[20101]
      Executed DbCommand (16ms) [Parameters=[:Ma_0='?' (Size = 2000)], CommandType='Text', CommandTimeout='0']
      SELECT "l"."GIA_TRI"
      FROM "QL_NHAN_HIEN_THI" "l"
      WHERE "l"."MA" = :Ma_0
      FETCH FIRST 1 ROWS ONLY
info: Microsoft.EntityFrameworkCore.Database.Command[20101]
      Executed DbCommand (18ms) [Parameters=[:nguoiDung_ID_0='?' (DbType = Decimal)], CommandType='Text', CommandTimeout='0']
      SELECT "c"."VAI_TRO_ID"
      FROM "QL_VAI_TRO_NGUOI_DUNG" "c"
      WHERE "c"."NGUOI_DUNG_ID" = :nguoiDung_ID_0
info: Microsoft.EntityFrameworkCore.Database.Command[20101]
      Executed DbCommand (13ms) [Parameters=[:Ma_0='?' (Size = 2000)], CommandType='Text', CommandTimeout='0']
      SELECT "l"."GIA_TRI"
      FROM "QL_NHAN_HIEN_THI" "l"
      WHERE "l"."MA" = :Ma_0
      FETCH FIRST 1 ROWS ONLY
info: Microsoft.EntityFrameworkCore.Database.Command[20101]
      Executed DbCommand (14ms) [Parameters=[:nguoiDung_ID_0='?' (DbType = Decimal)], CommandType='Text', CommandTimeout='0']
      SELECT "c"."VAI_TRO_ID"
      FROM "QL_VAI_TRO_NGUOI_DUNG" "c"
      WHERE "c"."NGUOI_DUNG_ID" = :nguoiDung_ID_0
info: Microsoft.EntityFrameworkCore.Database.Command[20101]
      Executed DbCommand (14ms) [Parameters=[:Ma_0='?' (Size = 2000)], CommandType='Text', CommandTimeout='0']
      SELECT "l"."GIA_TRI"
      FROM "QL_NHAN_HIEN_THI" "l"
      WHERE "l"."MA" = :Ma_0
      FETCH FIRST 1 ROWS ONLY
info: Microsoft.EntityFrameworkCore.Database.Command[20101]
      Executed DbCommand (12ms) [Parameters=[:nguoiDung_ID_0='?' (DbType = Decimal)], CommandType='Text', CommandTimeout='0']
      SELECT "c"."VAI_TRO_ID"
      FROM "QL_VAI_TRO_NGUOI_DUNG" "c"
      WHERE "c"."NGUOI_DUNG_ID" = :nguoiDung_ID_0
info: Microsoft.EntityFrameworkCore.Database.Command[20101]
      Executed DbCommand (20ms) [Parameters=[:Ma_0='?' (Size = 2000)], CommandType='Text', CommandTimeout='0']
      SELECT "l"."GIA_TRI"
      FROM "QL_NHAN_HIEN_THI" "l"
      WHERE "l"."MA" = :Ma_0
      FETCH FIRST 1 ROWS ONLY
info: Microsoft.EntityFrameworkCore.Database.Command[20101]
      Executed DbCommand (20ms) [Parameters=[:nguoiDung_ID_0='?' (DbType = Decimal)], CommandType='Text', CommandTimeout='0']
      SELECT "c"."VAI_TRO_ID"
      FROM "QL_VAI_TRO_NGUOI_DUNG" "c"
      WHERE "c"."NGUOI_DUNG_ID" = :nguoiDung_ID_0
info: Microsoft.EntityFrameworkCore.Database.Command[20101]
      Executed DbCommand (13ms) [Parameters=[:Ma_0='?' (Size = 2000)], CommandType='Text', CommandTimeout='0']
      SELECT "l"."GIA_TRI"
      FROM "QL_NHAN_HIEN_THI" "l"
      WHERE "l"."MA" = :Ma_0
      FETCH FIRST 1 ROWS ONLY
info: Microsoft.EntityFrameworkCore.Database.Command[20101]
      Executed DbCommand (10ms) [Parameters=[:nguoiDung_ID_0='?' (DbType = Decimal)], CommandType='Text', CommandTimeout='0']
      SELECT "c"."VAI_TRO_ID"
      FROM "QL_VAI_TRO_NGUOI_DUNG" "c"
      WHERE "c"."NGUOI_DUNG_ID" = :nguoiDung_ID_0
info: Microsoft.EntityFrameworkCore.Database.Command[20101]
      Executed DbCommand (14ms) [Parameters=[:guid_0='?' (DbType = Binary)], CommandType='Text', CommandTimeout='0']
      SELECT "c"."ID", "c"."CURRENT_DON_VI_ID", "c"."DB_ID", "c"."EMAIL", "c"."GHI_CHU", "c"."GUID", "c"."IP_TRUY_CAP", "c"."IS_QUAN_TRI", "c"."MAT_KHAU", "c"."MAT_KHAU_KEY", "c"."MA_CAN_BO", "c"."MOBILE", "c"."NGAY_TAO", "c"."NGAY_TRUY_CAP", "c"."NGUOI_TAO", "c"."NGUON_ID", "c"."PASSWORD_HASH", "c"."TEN_DANG_NHAP", "c"."TEN_DAY_DU", "c"."TMP_MAT_KHAU", "c"."TRANG_THAI_ID", "c"."UNG_DUNG"
      FROM "QL_NGUOI_DUNG" "c"
      WHERE "c"."GUID" = :guid_0
      FETCH FIRST 1 ROWS ONLY
info: Microsoft.EntityFrameworkCore.Database.Command[20101]
      Executed DbCommand (20ms) [Parameters=[:nguoiDung_ID_0='?' (DbType = Int32)], CommandType='Text', CommandTimeout='0']
      SELECT "p"."ID", "p"."DATA_JSON", "p"."DB_QUEUE_PROCESS_ID", "p"."DON_VI_ID", "p"."FILE_TYPE", "p"."GUID", "p"."GUID_FILE", "p"."MA_BAO_CAO", "p"."MODEL_DATA_TYPE", "p"."NGAY_TAO", "p"."NGUOI_TAO_ID", "p"."REPORT_CLASS", "p"."RESPONSE", "p"."SEARCH_MODEL_CLASS", "p"."SEARCH_MODEL_JSON", "p"."STATEMENT", "p"."TIME_END_GET_DATA", "p"."TIME_START_GET_DATA", "p"."TRANG_THAI_ID", "p"."TYPE_QUEUE_PROCESS_ID"
      FROM "BC_QUEUE_PROCESS" "p"
      WHERE "p"."NGUOI_TAO_ID" = :nguoiDung_ID_0
      ORDER BY "p"."ID" DESC
      FETCH FIRST 1 ROWS ONLY
info: Microsoft.EntityFrameworkCore.Database.Command[20101]
      Executed DbCommand (22ms) [Parameters=[:Ma_0='?' (Size = 2000)], CommandType='Text', CommandTimeout='0']
      SELECT "l"."GIA_TRI"
      FROM "QL_NHAN_HIEN_THI" "l"
      WHERE "l"."MA" = :Ma_0
      FETCH FIRST 1 ROWS ONLY
info: Microsoft.EntityFrameworkCore.Database.Command[20101]
      Executed DbCommand (20ms) [Parameters=[:Ma_0='?' (Size = 2000)], CommandType='Text', CommandTimeout='0']
      SELECT "l"."GIA_TRI"
      FROM "QL_NHAN_HIEN_THI" "l"
      WHERE "l"."MA" = :Ma_0
      FETCH FIRST 1 ROWS ONLY
info: Microsoft.EntityFrameworkCore.Database.Command[20101]
      Executed DbCommand (14ms) [Parameters=[:Ma_0='?' (Size = 2000)], CommandType='Text', CommandTimeout='0']
      SELECT "l"."GIA_TRI"
      FROM "QL_NHAN_HIEN_THI" "l"
      WHERE "l"."MA" = :Ma_0
      FETCH FIRST 1 ROWS ONLY
info: Microsoft.EntityFrameworkCore.Database.Command[20101]
      Executed DbCommand (18ms) [Parameters=[:Ma_0='?' (Size = 2000)], CommandType='Text', CommandTimeout='0']
      SELECT "l"."GIA_TRI"
      FROM "QL_NHAN_HIEN_THI" "l"
      WHERE "l"."MA" = :Ma_0
      FETCH FIRST 1 ROWS ONLY
info: Microsoft.AspNetCore.Mvc.ViewFeatures.ViewResultExecutor[4]
      Executed ViewResult - view ChonLoaiTaiSan executed in 12374.4397ms.
info: Microsoft.AspNetCore.Mvc.Internal.ControllerActionInvoker[2]
      Executed action GS.Web.Controllers.TaiSanController.ChonLoaiTaiSan (GS.Web) in 13103.5025ms
info: Microsoft.AspNetCore.Hosting.Internal.WebHost[2]
      Request finished in 13137.7496ms 200 text/html; charset=utf-8
info: Microsoft.AspNetCore.Hosting.Internal.WebHost[1]
      Request starting HTTP/1.1 GET http://localhost:62432/Home/GetTLHD  
info: Microsoft.AspNetCore.Mvc.Internal.ControllerActionInvoker[1]
      Route matched with {action = "GetTLHD", controller = "Home"}. Executing action GS.Web.Controllers.HomeController.GetTLHD (GS.Web)
info: Microsoft.AspNetCore.Mvc.Internal.ControllerActionInvoker[1]
      Executing action method GS.Web.Controllers.HomeController.GetTLHD (GS.Web) - Validation state: Valid
info: Microsoft.EntityFrameworkCore.Infrastructure[10403]
      Entity Framework Core 2.2.6-servicing-10079 initialized 'GSObjectContext' using provider 'Oracle.EntityFrameworkCore' with options: using lazy-loading proxies 
info: Microsoft.EntityFrameworkCore.Database.Command[20101]
      Executed DbCommand (15ms) [Parameters=[:get_Item_0='?' (DbType = Decimal)], CommandType='Text', CommandTimeout='0']
      SELECT "e"."ID", "e"."DON_VI_ID", "e"."GIA_TRI", "e"."TEN"
      FROM "QL_CAU_HINH" "e"
      WHERE "e"."ID" = :get_Item_0
      FETCH FIRST 1 ROWS ONLY
info: Microsoft.AspNetCore.Mvc.Internal.ControllerActionInvoker[2]
      Executed action method GS.Web.Controllers.HomeController.GetTLHD (GS.Web), returned result Microsoft.AspNetCore.Mvc.JsonResult in 68.6195ms.
info: Microsoft.AspNetCore.Mvc.Formatters.Json.Internal.JsonResultExecutor[1]
      Executing JsonResult, writing value of type 'System.String'.
info: Microsoft.AspNetCore.Mvc.Internal.ControllerActionInvoker[2]
      Executed action GS.Web.Controllers.HomeController.GetTLHD (GS.Web) in 81.3631ms
info: Microsoft.AspNetCore.Hosting.Internal.WebHost[2]
      Request finished in 123.9068ms 200 application/json; charset=utf-8
info: Microsoft.AspNetCore.Hosting.Internal.WebHost[1]
      Request starting HTTP/1.1 GET http://localhost:62432/TaiSan/ChonLoaiTaiSan?isTangMoi=false  
info: Microsoft.AspNetCore.Mvc.Internal.ControllerActionInvoker[1]
      Route matched with {action = "ChonLoaiTaiSan", controller = "TaiSan"}. Executing action GS.Web.Controllers.TaiSanController.ChonLoaiTaiSan (GS.Web)
info: Microsoft.AspNetCore.Mvc.Internal.ControllerActionInvoker[1]
      Executing action method GS.Web.Controllers.TaiSanController.ChonLoaiTaiSan (GS.Web) with arguments (False, False) - Validation state: Valid
info: Microsoft.EntityFrameworkCore.Infrastructure[10403]
      Entity Framework Core 2.2.6-servicing-10079 initialized 'GSObjectContext' using provider 'Oracle.EntityFrameworkCore' with options: using lazy-loading proxies 
info: Microsoft.EntityFrameworkCore.Database.Command[20101]
      Executed DbCommand (19ms) [Parameters=[:Ma_0='?' (Size = 2000)], CommandType='Text', CommandTimeout='0']
      SELECT "l"."GIA_TRI"
      FROM "QL_NHAN_HIEN_THI" "l"
      WHERE "l"."MA" = :Ma_0
      FETCH FIRST 1 ROWS ONLY
info: Microsoft.EntityFrameworkCore.Database.Command[20101]
      Executed DbCommand (21ms) [Parameters=[:Ma_0='?' (Size = 2000)], CommandType='Text', CommandTimeout='0']
      SELECT "l"."GIA_TRI"
      FROM "QL_NHAN_HIEN_THI" "l"
      WHERE "l"."MA" = :Ma_0
      FETCH FIRST 1 ROWS ONLY
info: Microsoft.EntityFrameworkCore.Database.Command[20101]
      Executed DbCommand (57ms) [Parameters=[:Ma_0='?' (Size = 2000)], CommandType='Text', CommandTimeout='0']
      SELECT "l"."GIA_TRI"
      FROM "QL_NHAN_HIEN_THI" "l"
      WHERE "l"."MA" = :Ma_0
      FETCH FIRST 1 ROWS ONLY
info: Microsoft.EntityFrameworkCore.Database.Command[20101]
      Executed DbCommand (68ms) [Parameters=[:Ma_0='?' (Size = 2000)], CommandType='Text', CommandTimeout='0']
      SELECT "l"."GIA_TRI"
      FROM "QL_NHAN_HIEN_THI" "l"
      WHERE "l"."MA" = :Ma_0
      FETCH FIRST 1 ROWS ONLY
info: Microsoft.EntityFrameworkCore.Database.Command[20101]
      Executed DbCommand (29ms) [Parameters=[:Ma_0='?' (Size = 2000)], CommandType='Text', CommandTimeout='0']
      SELECT "l"."GIA_TRI"
      FROM "QL_NHAN_HIEN_THI" "l"
      WHERE "l"."MA" = :Ma_0
      FETCH FIRST 1 ROWS ONLY
info: Microsoft.EntityFrameworkCore.Database.Command[20101]
      Executed DbCommand (12ms) [Parameters=[:Ma_0='?' (Size = 2000)], CommandType='Text', CommandTimeout='0']
      SELECT "l"."GIA_TRI"
      FROM "QL_NHAN_HIEN_THI" "l"
      WHERE "l"."MA" = :Ma_0
      FETCH FIRST 1 ROWS ONLY
info: Microsoft.EntityFrameworkCore.Database.Command[20101]
      Executed DbCommand (16ms) [Parameters=[:Ma_0='?' (Size = 2000)], CommandType='Text', CommandTimeout='0']
      SELECT "l"."GIA_TRI"
      FROM "QL_NHAN_HIEN_THI" "l"
      WHERE "l"."MA" = :Ma_0
      FETCH FIRST 1 ROWS ONLY
info: Microsoft.EntityFrameworkCore.Database.Command[20101]
      Executed DbCommand (16ms) [Parameters=[:Ma_0='?' (Size = 2000)], CommandType='Text', CommandTimeout='0']
      SELECT "l"."GIA_TRI"
      FROM "QL_NHAN_HIEN_THI" "l"
      WHERE "l"."MA" = :Ma_0
      FETCH FIRST 1 ROWS ONLY
info: Microsoft.EntityFrameworkCore.Database.Command[20101]
      Executed DbCommand (13ms) [Parameters=[:Ma_0='?' (Size = 2000)], CommandType='Text', CommandTimeout='0']
      SELECT "l"."GIA_TRI"
      FROM "QL_NHAN_HIEN_THI" "l"
      WHERE "l"."MA" = :Ma_0
      FETCH FIRST 1 ROWS ONLY
info: Microsoft.EntityFrameworkCore.Database.Command[20101]
      Executed DbCommand (9ms) [Parameters=[:Ma_0='?' (Size = 2000)], CommandType='Text', CommandTimeout='0']
      SELECT "l"."GIA_TRI"
      FROM "QL_NHAN_HIEN_THI" "l"
      WHERE "l"."MA" = :Ma_0
      FETCH FIRST 1 ROWS ONLY
info: Microsoft.EntityFrameworkCore.Database.Command[20101]
      Executed DbCommand (17ms) [Parameters=[:Ma_0='?' (Size = 2000)], CommandType='Text', CommandTimeout='0']
      SELECT "l"."GIA_TRI"
      FROM "QL_NHAN_HIEN_THI" "l"
      WHERE "l"."MA" = :Ma_0
      FETCH FIRST 1 ROWS ONLY
info: Microsoft.EntityFrameworkCore.Database.Command[20101]
      Executed DbCommand (27ms) [Parameters=[:Ma_0='?' (Size = 2000)], CommandType='Text', CommandTimeout='0']
      SELECT "l"."GIA_TRI"
      FROM "QL_NHAN_HIEN_THI" "l"
      WHERE "l"."MA" = :Ma_0
      FETCH FIRST 1 ROWS ONLY
info: Microsoft.EntityFrameworkCore.Database.Command[20101]
      Executed DbCommand (15ms) [Parameters=[:get_Item_0='?' (DbType = Decimal)], CommandType='Text', CommandTimeout='0']
      SELECT "e"."ID", "e"."CAP_DON_VI_ID", "e"."CHE_DO_HACH_TOAN_ID", "e"."CO_TAI_SAN", "e"."CQTC_MA", "e"."DA_CO_QUYET_DINH_GIAO_VON", "e"."DB_ID", "e"."DIA_BAN_ID", "e"."DIA_CHI", "e"."DIEN_THOAI", "e"."DON_VI_HIEN_THI", "e"."FAX", "e"."HUYEN_ID", "e"."IS_TSQUAN_LY_CHU_KY_SO", "e"."IS_TSQUAN_LY_NHU_TSCD", "e"."IS_XAC_NHAN_DU_LIEU", "e"."KHONG_CHUYEN_MA", "e"."LA_BAN_QL_DU_AN", "e"."LA_DON_VI_NHAP_LIEU", "e"."LA_DON_VI_TU_CHU_TAI_CHINH", "e"."LIST_FILE_XAC_NHAN", "e"."LOAI_CAP_DON_VI_ID", "e"."LOAI_DON_VI_ID", "e"."MA", "e"."MA_BO", "e"."MA_CHUONG", "e"."MA_DIA_BAN", "e"."MA_DVQHNS", "e"."MA_HUYEN", "e"."MA_TINH", "e"."NGAY_CAP_NHAT", "e"."NGAY_QUYET_DINH", "e"."NGAY_QUYET_DINH_GIAO_VON", "e"."NGAY_TAO", "e"."NGAY_XAC_NHAN", "e"."NGUOI_CAP_NHAT_ID", "e"."NGUOI_TAO_ID", "e"."NHOM_DON_VI_ID", "e"."OLD_CAP_DON_VI_ID", "e"."PARENT_ID", "e"."SO_QUYET_DINH", "e"."SO_QUYET_DINH_GIAO_VON", "e"."TEN", "e"."TINH_ID", "e"."TRANG_THAI_DONG_BO_ID", "e"."TRANG_THAI_ID", "e"."TRANG_THAI_THAY_DOI_ID", "e"."TREE_LEVEL", "e"."TREE_NODE", "e"."XA_ID"
      FROM "DM_DON_VI" "e"
      WHERE "e"."ID" = :get_Item_0
      FETCH FIRST 1 ROWS ONLY
info: Microsoft.EntityFrameworkCore.Database.Command[20101]
      Executed DbCommand (81ms) [Parameters=[:TREE_NODE_LON_NHAT_0='?' (Size = 2000)], CommandType='Text', CommandTimeout='0']
      SELECT "p"."ID", "p"."CAP_DON_VI_ID", "p"."CHE_DO_HACH_TOAN_ID", "p"."CO_TAI_SAN", "p"."CQTC_MA", "p"."DA_CO_QUYET_DINH_GIAO_VON", "p"."DB_ID", "p"."DIA_BAN_ID", "p"."DIA_CHI", "p"."DIEN_THOAI", "p"."DON_VI_HIEN_THI", "p"."FAX", "p"."HUYEN_ID", "p"."IS_TSQUAN_LY_CHU_KY_SO", "p"."IS_TSQUAN_LY_NHU_TSCD", "p"."IS_XAC_NHAN_DU_LIEU", "p"."KHONG_CHUYEN_MA", "p"."LA_BAN_QL_DU_AN", "p"."LA_DON_VI_NHAP_LIEU", "p"."LA_DON_VI_TU_CHU_TAI_CHINH", "p"."LIST_FILE_XAC_NHAN", "p"."LOAI_CAP_DON_VI_ID", "p"."LOAI_DON_VI_ID", "p"."MA", "p"."MA_BO", "p"."MA_CHUONG", "p"."MA_DIA_BAN", "p"."MA_DVQHNS", "p"."MA_HUYEN", "p"."MA_TINH", "p"."NGAY_CAP_NHAT", "p"."NGAY_QUYET_DINH", "p"."NGAY_QUYET_DINH_GIAO_VON", "p"."NGAY_TAO", "p"."NGAY_XAC_NHAN", "p"."NGUOI_CAP_NHAT_ID", "p"."NGUOI_TAO_ID", "p"."NHOM_DON_VI_ID", "p"."OLD_CAP_DON_VI_ID", "p"."PARENT_ID", "p"."SO_QUYET_DINH", "p"."SO_QUYET_DINH_GIAO_VON", "p"."TEN", "p"."TINH_ID", "p"."TRANG_THAI_DONG_BO_ID", "p"."TRANG_THAI_ID", "p"."TRANG_THAI_THAY_DOI_ID", "p"."TREE_LEVEL", "p"."TREE_NODE", "p"."XA_ID"
      FROM "DM_DON_VI" "p"
      WHERE ("p"."TREE_NODE" = :TREE_NODE_LON_NHAT_0) AND (("p"."TRANG_THAI_ID" <> 0) OR "p"."TRANG_THAI_ID" IS NULL)
      FETCH FIRST 1 ROWS ONLY
info: Microsoft.EntityFrameworkCore.Database.Command[20101]
      Executed DbCommand (31ms) [Parameters=[], CommandType='Text', CommandTimeout='0']
      SELECT "c"."ID"
      FROM "DM_DON_VI" "c"
      WHERE (CAST(LENGTH("c"."MA") AS NUMBER(10)) = 3) AND (COALESCE("c"."TRANG_THAI_ID", 0) = 1)
info: Microsoft.EntityFrameworkCore.Database.Command[20101]
      Executed DbCommand (11ms) [Parameters=[:donViCapTren_ID_0='?' (DbType = Decimal)], CommandType='Text', CommandTimeout='0']
      SELECT CASE
          WHEN EXISTS (
              SELECT 1
              FROM "DM_LOAI_TAI_SAN_DON_VI" "c"
              WHERE ("c"."LOAI_HINH_TAI_SAN_ID" = 10.0) AND ("c"."DON_VI_ID" = :donViCapTren_ID_0))
          THEN 1 ELSE 0
      END FROM DUAL
info: Microsoft.EntityFrameworkCore.Database.Command[20101]
      Executed DbCommand (75ms) [Parameters=[:TREE_NODE_LON_NHAT_0='?' (Size = 2000)], CommandType='Text', CommandTimeout='0']
      SELECT "p"."ID", "p"."CAP_DON_VI_ID", "p"."CHE_DO_HACH_TOAN_ID", "p"."CO_TAI_SAN", "p"."CQTC_MA", "p"."DA_CO_QUYET_DINH_GIAO_VON", "p"."DB_ID", "p"."DIA_BAN_ID", "p"."DIA_CHI", "p"."DIEN_THOAI", "p"."DON_VI_HIEN_THI", "p"."FAX", "p"."HUYEN_ID", "p"."IS_TSQUAN_LY_CHU_KY_SO", "p"."IS_TSQUAN_LY_NHU_TSCD", "p"."IS_XAC_NHAN_DU_LIEU", "p"."KHONG_CHUYEN_MA", "p"."LA_BAN_QL_DU_AN", "p"."LA_DON_VI_NHAP_LIEU", "p"."LA_DON_VI_TU_CHU_TAI_CHINH", "p"."LIST_FILE_XAC_NHAN", "p"."LOAI_CAP_DON_VI_ID", "p"."LOAI_DON_VI_ID", "p"."MA", "p"."MA_BO", "p"."MA_CHUONG", "p"."MA_DIA_BAN", "p"."MA_DVQHNS", "p"."MA_HUYEN", "p"."MA_TINH", "p"."NGAY_CAP_NHAT", "p"."NGAY_QUYET_DINH", "p"."NGAY_QUYET_DINH_GIAO_VON", "p"."NGAY_TAO", "p"."NGAY_XAC_NHAN", "p"."NGUOI_CAP_NHAT_ID", "p"."NGUOI_TAO_ID", "p"."NHOM_DON_VI_ID", "p"."OLD_CAP_DON_VI_ID", "p"."PARENT_ID", "p"."SO_QUYET_DINH", "p"."SO_QUYET_DINH_GIAO_VON", "p"."TEN", "p"."TINH_ID", "p"."TRANG_THAI_DONG_BO_ID", "p"."TRANG_THAI_ID", "p"."TRANG_THAI_THAY_DOI_ID", "p"."TREE_LEVEL", "p"."TREE_NODE", "p"."XA_ID"
      FROM "DM_DON_VI" "p"
      WHERE ("p"."TREE_NODE" = :TREE_NODE_LON_NHAT_0) AND (("p"."TRANG_THAI_ID" <> 0) OR "p"."TRANG_THAI_ID" IS NULL)
      FETCH FIRST 1 ROWS ONLY
info: Microsoft.EntityFrameworkCore.Database.Command[20101]
      Executed DbCommand (11ms) [Parameters=[:get_Item_0='?' (DbType = Decimal)], CommandType='Text', CommandTimeout='0']
      SELECT "e"."ID", "e"."CAP_DON_VI_ID", "e"."CHE_DO_HACH_TOAN_ID", "e"."CO_TAI_SAN", "e"."CQTC_MA", "e"."DA_CO_QUYET_DINH_GIAO_VON", "e"."DB_ID", "e"."DIA_BAN_ID", "e"."DIA_CHI", "e"."DIEN_THOAI", "e"."DON_VI_HIEN_THI", "e"."FAX", "e"."HUYEN_ID", "e"."IS_TSQUAN_LY_CHU_KY_SO", "e"."IS_TSQUAN_LY_NHU_TSCD", "e"."IS_XAC_NHAN_DU_LIEU", "e"."KHONG_CHUYEN_MA", "e"."LA_BAN_QL_DU_AN", "e"."LA_DON_VI_NHAP_LIEU", "e"."LA_DON_VI_TU_CHU_TAI_CHINH", "e"."LIST_FILE_XAC_NHAN", "e"."LOAI_CAP_DON_VI_ID", "e"."LOAI_DON_VI_ID", "e"."MA", "e"."MA_BO", "e"."MA_CHUONG", "e"."MA_DIA_BAN", "e"."MA_DVQHNS", "e"."MA_HUYEN", "e"."MA_TINH", "e"."NGAY_CAP_NHAT", "e"."NGAY_QUYET_DINH", "e"."NGAY_QUYET_DINH_GIAO_VON", "e"."NGAY_TAO", "e"."NGAY_XAC_NHAN", "e"."NGUOI_CAP_NHAT_ID", "e"."NGUOI_TAO_ID", "e"."NHOM_DON_VI_ID", "e"."OLD_CAP_DON_VI_ID", "e"."PARENT_ID", "e"."SO_QUYET_DINH", "e"."SO_QUYET_DINH_GIAO_VON", "e"."TEN", "e"."TINH_ID", "e"."TRANG_THAI_DONG_BO_ID", "e"."TRANG_THAI_ID", "e"."TRANG_THAI_THAY_DOI_ID", "e"."TREE_LEVEL", "e"."TREE_NODE", "e"."XA_ID"
      FROM "DM_DON_VI" "e"
      WHERE "e"."ID" = :get_Item_0
      FETCH FIRST 1 ROWS ONLY
info: Microsoft.AspNetCore.Mvc.Internal.ControllerActionInvoker[2]
      Executed action method GS.Web.Controllers.TaiSanController.ChonLoaiTaiSan (GS.Web), returned result Microsoft.AspNetCore.Mvc.ViewResult in 1862.1253ms.
info: Microsoft.AspNetCore.Mvc.ViewFeatures.ViewResultExecutor[1]
      Executing ViewResult, running view ChonLoaiTaiSan.
info: Microsoft.EntityFrameworkCore.Database.Command[20101]
      Executed DbCommand (80ms) [Parameters=[:Ma_0='?' (Size = 2000)], CommandType='Text', CommandTimeout='0']
      SELECT "l"."GIA_TRI"
      FROM "QL_NHAN_HIEN_THI" "l"
      WHERE "l"."MA" = :Ma_0
      FETCH FIRST 1 ROWS ONLY
info: Microsoft.EntityFrameworkCore.Database.Command[20101]
      Executed DbCommand (139ms) [Parameters=[:nguoiDung_ID_0='?' (DbType = Decimal)], CommandType='Text', CommandTimeout='0']
      SELECT "c"."VAI_TRO_ID"
      FROM "QL_VAI_TRO_NGUOI_DUNG" "c"
      WHERE "c"."NGUOI_DUNG_ID" = :nguoiDung_ID_0
info: Microsoft.EntityFrameworkCore.Database.Command[20101]
      Executed DbCommand (44ms) [Parameters=[:Ma_0='?' (Size = 2000)], CommandType='Text', CommandTimeout='0']
      SELECT "l"."GIA_TRI"
      FROM "QL_NHAN_HIEN_THI" "l"
      WHERE "l"."MA" = :Ma_0
      FETCH FIRST 1 ROWS ONLY
info: Microsoft.EntityFrameworkCore.Database.Command[20101]
      Executed DbCommand (377ms) [Parameters=[:nguoiDung_ID_0='?' (DbType = Decimal)], CommandType='Text', CommandTimeout='0']
      SELECT "c"."VAI_TRO_ID"
      FROM "QL_VAI_TRO_NGUOI_DUNG" "c"
      WHERE "c"."NGUOI_DUNG_ID" = :nguoiDung_ID_0
info: Microsoft.EntityFrameworkCore.Database.Command[20101]
      Executed DbCommand (65ms) [Parameters=[:Ma_0='?' (Size = 2000)], CommandType='Text', CommandTimeout='0']
      SELECT "l"."GIA_TRI"
      FROM "QL_NHAN_HIEN_THI" "l"
      WHERE "l"."MA" = :Ma_0
      FETCH FIRST 1 ROWS ONLY
info: Microsoft.EntityFrameworkCore.Database.Command[20101]
      Executed DbCommand (29ms) [Parameters=[:nguoiDung_ID_0='?' (DbType = Decimal)], CommandType='Text', CommandTimeout='0']
      SELECT "c"."VAI_TRO_ID"
      FROM "QL_VAI_TRO_NGUOI_DUNG" "c"
      WHERE "c"."NGUOI_DUNG_ID" = :nguoiDung_ID_0
info: Microsoft.EntityFrameworkCore.Database.Command[20101]
      Executed DbCommand (52ms) [Parameters=[:Ma_0='?' (Size = 2000)], CommandType='Text', CommandTimeout='0']
      SELECT "l"."GIA_TRI"
      FROM "QL_NHAN_HIEN_THI" "l"
      WHERE "l"."MA" = :Ma_0
      FETCH FIRST 1 ROWS ONLY
info: Microsoft.EntityFrameworkCore.Database.Command[20101]
      Executed DbCommand (62ms) [Parameters=[:nguoiDung_ID_0='?' (DbType = Decimal)], CommandType='Text', CommandTimeout='0']
      SELECT "c"."VAI_TRO_ID"
      FROM "QL_VAI_TRO_NGUOI_DUNG" "c"
      WHERE "c"."NGUOI_DUNG_ID" = :nguoiDung_ID_0
info: Microsoft.EntityFrameworkCore.Database.Command[20101]
      Executed DbCommand (39ms) [Parameters=[:Ma_0='?' (Size = 2000)], CommandType='Text', CommandTimeout='0']
      SELECT "l"."GIA_TRI"
      FROM "QL_NHAN_HIEN_THI" "l"
      WHERE "l"."MA" = :Ma_0
      FETCH FIRST 1 ROWS ONLY
info: Microsoft.EntityFrameworkCore.Database.Command[20101]
      Executed DbCommand (31ms) [Parameters=[:nguoiDung_ID_0='?' (DbType = Decimal)], CommandType='Text', CommandTimeout='0']
      SELECT "c"."VAI_TRO_ID"
      FROM "QL_VAI_TRO_NGUOI_DUNG" "c"
      WHERE "c"."NGUOI_DUNG_ID" = :nguoiDung_ID_0
info: Microsoft.EntityFrameworkCore.Database.Command[20101]
      Executed DbCommand (46ms) [Parameters=[:Ma_0='?' (Size = 2000)], CommandType='Text', CommandTimeout='0']
      SELECT "l"."GIA_TRI"
      FROM "QL_NHAN_HIEN_THI" "l"
      WHERE "l"."MA" = :Ma_0
      FETCH FIRST 1 ROWS ONLY
info: Microsoft.EntityFrameworkCore.Database.Command[20101]
      Executed DbCommand (76ms) [Parameters=[:nguoiDung_ID_0='?' (DbType = Decimal)], CommandType='Text', CommandTimeout='0']
      SELECT "c"."VAI_TRO_ID"
      FROM "QL_VAI_TRO_NGUOI_DUNG" "c"
      WHERE "c"."NGUOI_DUNG_ID" = :nguoiDung_ID_0
info: Microsoft.EntityFrameworkCore.Database.Command[20101]
      Executed DbCommand (130ms) [Parameters=[:Ma_0='?' (Size = 2000)], CommandType='Text', CommandTimeout='0']
      SELECT "l"."GIA_TRI"
      FROM "QL_NHAN_HIEN_THI" "l"
      WHERE "l"."MA" = :Ma_0
      FETCH FIRST 1 ROWS ONLY
info: Microsoft.EntityFrameworkCore.Database.Command[20101]
      Executed DbCommand (57ms) [Parameters=[:nguoiDung_ID_0='?' (DbType = Decimal)], CommandType='Text', CommandTimeout='0']
      SELECT "c"."VAI_TRO_ID"
      FROM "QL_VAI_TRO_NGUOI_DUNG" "c"
      WHERE "c"."NGUOI_DUNG_ID" = :nguoiDung_ID_0
info: Microsoft.EntityFrameworkCore.Database.Command[20101]
      Executed DbCommand (39ms) [Parameters=[:Ma_0='?' (Size = 2000)], CommandType='Text', CommandTimeout='0']
      SELECT "l"."GIA_TRI"
      FROM "QL_NHAN_HIEN_THI" "l"
      WHERE "l"."MA" = :Ma_0
      FETCH FIRST 1 ROWS ONLY
info: Microsoft.EntityFrameworkCore.Database.Command[20101]
      Executed DbCommand (46ms) [Parameters=[:nguoiDung_ID_0='?' (DbType = Decimal)], CommandType='Text', CommandTimeout='0']
      SELECT "c"."VAI_TRO_ID"
      FROM "QL_VAI_TRO_NGUOI_DUNG" "c"
      WHERE "c"."NGUOI_DUNG_ID" = :nguoiDung_ID_0
info: Microsoft.EntityFrameworkCore.Database.Command[20101]
      Executed DbCommand (45ms) [Parameters=[:Ma_0='?' (Size = 2000)], CommandType='Text', CommandTimeout='0']
      SELECT "l"."GIA_TRI"
      FROM "QL_NHAN_HIEN_THI" "l"
      WHERE "l"."MA" = :Ma_0
      FETCH FIRST 1 ROWS ONLY
info: Microsoft.EntityFrameworkCore.Database.Command[20101]
      Executed DbCommand (70ms) [Parameters=[:nguoiDung_ID_0='?' (DbType = Decimal)], CommandType='Text', CommandTimeout='0']
      SELECT "c"."VAI_TRO_ID"
      FROM "QL_VAI_TRO_NGUOI_DUNG" "c"
      WHERE "c"."NGUOI_DUNG_ID" = :nguoiDung_ID_0
info: Microsoft.EntityFrameworkCore.Database.Command[20101]
      Executed DbCommand (45ms) [Parameters=[:Ma_0='?' (Size = 2000)], CommandType='Text', CommandTimeout='0']
      SELECT "l"."GIA_TRI"
      FROM "QL_NHAN_HIEN_THI" "l"
      WHERE "l"."MA" = :Ma_0
      FETCH FIRST 1 ROWS ONLY
info: Microsoft.EntityFrameworkCore.Database.Command[20101]
      Executed DbCommand (64ms) [Parameters=[:nguoiDung_ID_0='?' (DbType = Decimal)], CommandType='Text', CommandTimeout='0']
      SELECT "c"."VAI_TRO_ID"
      FROM "QL_VAI_TRO_NGUOI_DUNG" "c"
      WHERE "c"."NGUOI_DUNG_ID" = :nguoiDung_ID_0
info: Microsoft.EntityFrameworkCore.Database.Command[20101]
      Executed DbCommand (43ms) [Parameters=[:Ma_0='?' (Size = 2000)], CommandType='Text', CommandTimeout='0']
      SELECT "l"."GIA_TRI"
      FROM "QL_NHAN_HIEN_THI" "l"
      WHERE "l"."MA" = :Ma_0
      FETCH FIRST 1 ROWS ONLY
info: Microsoft.EntityFrameworkCore.Database.Command[20101]
      Executed DbCommand (44ms) [Parameters=[:nguoiDung_ID_0='?' (DbType = Decimal)], CommandType='Text', CommandTimeout='0']
      SELECT "c"."VAI_TRO_ID"
      FROM "QL_VAI_TRO_NGUOI_DUNG" "c"
      WHERE "c"."NGUOI_DUNG_ID" = :nguoiDung_ID_0
info: Microsoft.EntityFrameworkCore.Database.Command[20101]
      Executed DbCommand (92ms) [Parameters=[:Ma_0='?' (Size = 2000)], CommandType='Text', CommandTimeout='0']
      SELECT "l"."GIA_TRI"
      FROM "QL_NHAN_HIEN_THI" "l"
      WHERE "l"."MA" = :Ma_0
      FETCH FIRST 1 ROWS ONLY
info: Microsoft.EntityFrameworkCore.Database.Command[20101]
      Executed DbCommand (10ms) [Parameters=[:nguoiDung_ID_0='?' (DbType = Decimal)], CommandType='Text', CommandTimeout='0']
      SELECT "c"."VAI_TRO_ID"
      FROM "QL_VAI_TRO_NGUOI_DUNG" "c"
      WHERE "c"."NGUOI_DUNG_ID" = :nguoiDung_ID_0
info: Microsoft.EntityFrameworkCore.Database.Command[20101]
      Executed DbCommand (16ms) [Parameters=[:nguoiDung_ID_0='?' (DbType = Decimal)], CommandType='Text', CommandTimeout='0']
      SELECT "c"."VAI_TRO_ID"
      FROM "QL_VAI_TRO_NGUOI_DUNG" "c"
      WHERE "c"."NGUOI_DUNG_ID" = :nguoiDung_ID_0
info: Microsoft.EntityFrameworkCore.Database.Command[20101]
      Executed DbCommand (15ms) [Parameters=[:Ma_0='?' (Size = 2000)], CommandType='Text', CommandTimeout='0']
      SELECT "l"."GIA_TRI"
      FROM "QL_NHAN_HIEN_THI" "l"
      WHERE "l"."MA" = :Ma_0
      FETCH FIRST 1 ROWS ONLY
info: Microsoft.EntityFrameworkCore.Database.Command[20101]
      Executed DbCommand (16ms) [Parameters=[:nguoiDung_ID_0='?' (DbType = Decimal)], CommandType='Text', CommandTimeout='0']
      SELECT "c"."VAI_TRO_ID"
      FROM "QL_VAI_TRO_NGUOI_DUNG" "c"
      WHERE "c"."NGUOI_DUNG_ID" = :nguoiDung_ID_0
info: Microsoft.EntityFrameworkCore.Database.Command[20101]
      Executed DbCommand (10ms) [Parameters=[:Ma_0='?' (Size = 2000)], CommandType='Text', CommandTimeout='0']
      SELECT "l"."GIA_TRI"
      FROM "QL_NHAN_HIEN_THI" "l"
      WHERE "l"."MA" = :Ma_0
      FETCH FIRST 1 ROWS ONLY
info: Microsoft.EntityFrameworkCore.Database.Command[20101]
      Executed DbCommand (13ms) [Parameters=[:nguoiDung_ID_0='?' (DbType = Decimal)], CommandType='Text', CommandTimeout='0']
      SELECT "c"."VAI_TRO_ID"
      FROM "QL_VAI_TRO_NGUOI_DUNG" "c"
      WHERE "c"."NGUOI_DUNG_ID" = :nguoiDung_ID_0
info: Microsoft.EntityFrameworkCore.Database.Command[20101]
      Executed DbCommand (13ms) [Parameters=[:Ma_0='?' (Size = 2000)], CommandType='Text', CommandTimeout='0']
      SELECT "l"."GIA_TRI"
      FROM "QL_NHAN_HIEN_THI" "l"
      WHERE "l"."MA" = :Ma_0
      FETCH FIRST 1 ROWS ONLY
info: Microsoft.EntityFrameworkCore.Database.Command[20101]
      Executed DbCommand (9ms) [Parameters=[:nguoiDung_ID_0='?' (DbType = Decimal)], CommandType='Text', CommandTimeout='0']
      SELECT "c"."VAI_TRO_ID"
      FROM "QL_VAI_TRO_NGUOI_DUNG" "c"
      WHERE "c"."NGUOI_DUNG_ID" = :nguoiDung_ID_0
info: Microsoft.EntityFrameworkCore.Database.Command[20101]
      Executed DbCommand (22ms) [Parameters=[:Ma_0='?' (Size = 2000)], CommandType='Text', CommandTimeout='0']
      SELECT "l"."GIA_TRI"
      FROM "QL_NHAN_HIEN_THI" "l"
      WHERE "l"."MA" = :Ma_0
      FETCH FIRST 1 ROWS ONLY
info: Microsoft.EntityFrameworkCore.Database.Command[20101]
      Executed DbCommand (30ms) [Parameters=[:nguoiDung_ID_0='?' (DbType = Decimal)], CommandType='Text', CommandTimeout='0']
      SELECT "c"."VAI_TRO_ID"
      FROM "QL_VAI_TRO_NGUOI_DUNG" "c"
      WHERE "c"."NGUOI_DUNG_ID" = :nguoiDung_ID_0
info: Microsoft.EntityFrameworkCore.Database.Command[20101]
      Executed DbCommand (19ms) [Parameters=[:Ma_0='?' (Size = 2000)], CommandType='Text', CommandTimeout='0']
      SELECT "l"."GIA_TRI"
      FROM "QL_NHAN_HIEN_THI" "l"
      WHERE "l"."MA" = :Ma_0
      FETCH FIRST 1 ROWS ONLY
info: Microsoft.EntityFrameworkCore.Database.Command[20101]
      Executed DbCommand (32ms) [Parameters=[:nguoiDung_ID_0='?' (DbType = Decimal)], CommandType='Text', CommandTimeout='0']
      SELECT "c"."VAI_TRO_ID"
      FROM "QL_VAI_TRO_NGUOI_DUNG" "c"
      WHERE "c"."NGUOI_DUNG_ID" = :nguoiDung_ID_0
info: Microsoft.EntityFrameworkCore.Database.Command[20101]
      Executed DbCommand (27ms) [Parameters=[:Ma_0='?' (Size = 2000)], CommandType='Text', CommandTimeout='0']
      SELECT "l"."GIA_TRI"
      FROM "QL_NHAN_HIEN_THI" "l"
      WHERE "l"."MA" = :Ma_0
      FETCH FIRST 1 ROWS ONLY
info: Microsoft.EntityFrameworkCore.Database.Command[20101]
      Executed DbCommand (41ms) [Parameters=[:nguoiDung_ID_0='?' (DbType = Decimal)], CommandType='Text', CommandTimeout='0']
      SELECT "c"."VAI_TRO_ID"
      FROM "QL_VAI_TRO_NGUOI_DUNG" "c"
      WHERE "c"."NGUOI_DUNG_ID" = :nguoiDung_ID_0
info: Microsoft.EntityFrameworkCore.Database.Command[20101]
      Executed DbCommand (42ms) [Parameters=[:Ma_0='?' (Size = 2000)], CommandType='Text', CommandTimeout='0']
      SELECT "l"."GIA_TRI"
      FROM "QL_NHAN_HIEN_THI" "l"
      WHERE "l"."MA" = :Ma_0
      FETCH FIRST 1 ROWS ONLY
info: Microsoft.EntityFrameworkCore.Database.Command[20101]
      Executed DbCommand (25ms) [Parameters=[:nguoiDung_ID_0='?' (DbType = Decimal)], CommandType='Text', CommandTimeout='0']
      SELECT "c"."VAI_TRO_ID"
      FROM "QL_VAI_TRO_NGUOI_DUNG" "c"
      WHERE "c"."NGUOI_DUNG_ID" = :nguoiDung_ID_0
info: Microsoft.EntityFrameworkCore.Database.Command[20101]
      Executed DbCommand (23ms) [Parameters=[:Ma_0='?' (Size = 2000)], CommandType='Text', CommandTimeout='0']
      SELECT "l"."GIA_TRI"
      FROM "QL_NHAN_HIEN_THI" "l"
      WHERE "l"."MA" = :Ma_0
      FETCH FIRST 1 ROWS ONLY
info: Microsoft.EntityFrameworkCore.Database.Command[20101]
      Executed DbCommand (7ms) [Parameters=[:nguoiDung_ID_0='?' (DbType = Decimal)], CommandType='Text', CommandTimeout='0']
      SELECT "c"."VAI_TRO_ID"
      FROM "QL_VAI_TRO_NGUOI_DUNG" "c"
      WHERE "c"."NGUOI_DUNG_ID" = :nguoiDung_ID_0
info: Microsoft.EntityFrameworkCore.Database.Command[20101]
      Executed DbCommand (16ms) [Parameters=[:Ma_0='?' (Size = 2000)], CommandType='Text', CommandTimeout='0']
      SELECT "l"."GIA_TRI"
      FROM "QL_NHAN_HIEN_THI" "l"
      WHERE "l"."MA" = :Ma_0
      FETCH FIRST 1 ROWS ONLY
info: Microsoft.EntityFrameworkCore.Database.Command[20101]
      Executed DbCommand (22ms) [Parameters=[:nguoiDung_ID_0='?' (DbType = Decimal)], CommandType='Text', CommandTimeout='0']
      SELECT "c"."VAI_TRO_ID"
      FROM "QL_VAI_TRO_NGUOI_DUNG" "c"
      WHERE "c"."NGUOI_DUNG_ID" = :nguoiDung_ID_0
info: Microsoft.EntityFrameworkCore.Database.Command[20101]
      Executed DbCommand (11ms) [Parameters=[:Ma_0='?' (Size = 2000)], CommandType='Text', CommandTimeout='0']
      SELECT "l"."GIA_TRI"
      FROM "QL_NHAN_HIEN_THI" "l"
      WHERE "l"."MA" = :Ma_0
      FETCH FIRST 1 ROWS ONLY
info: Microsoft.EntityFrameworkCore.Database.Command[20101]
      Executed DbCommand (12ms) [Parameters=[:nguoiDung_ID_0='?' (DbType = Decimal)], CommandType='Text', CommandTimeout='0']
      SELECT "c"."VAI_TRO_ID"
      FROM "QL_VAI_TRO_NGUOI_DUNG" "c"
      WHERE "c"."NGUOI_DUNG_ID" = :nguoiDung_ID_0
info: Microsoft.EntityFrameworkCore.Database.Command[20101]
      Executed DbCommand (11ms) [Parameters=[:Ma_0='?' (Size = 2000)], CommandType='Text', CommandTimeout='0']
      SELECT "l"."GIA_TRI"
      FROM "QL_NHAN_HIEN_THI" "l"
      WHERE "l"."MA" = :Ma_0
      FETCH FIRST 1 ROWS ONLY
info: Microsoft.EntityFrameworkCore.Database.Command[20101]
      Executed DbCommand (12ms) [Parameters=[:nguoiDung_ID_0='?' (DbType = Decimal)], CommandType='Text', CommandTimeout='0']
      SELECT "c"."VAI_TRO_ID"
      FROM "QL_VAI_TRO_NGUOI_DUNG" "c"
      WHERE "c"."NGUOI_DUNG_ID" = :nguoiDung_ID_0
info: Microsoft.EntityFrameworkCore.Database.Command[20101]
      Executed DbCommand (9ms) [Parameters=[:Ma_0='?' (Size = 2000)], CommandType='Text', CommandTimeout='0']
      SELECT "l"."GIA_TRI"
      FROM "QL_NHAN_HIEN_THI" "l"
      WHERE "l"."MA" = :Ma_0
      FETCH FIRST 1 ROWS ONLY
info: Microsoft.EntityFrameworkCore.Database.Command[20101]
      Executed DbCommand (15ms) [Parameters=[:nguoiDung_ID_0='?' (DbType = Decimal)], CommandType='Text', CommandTimeout='0']
      SELECT "c"."VAI_TRO_ID"
      FROM "QL_VAI_TRO_NGUOI_DUNG" "c"
      WHERE "c"."NGUOI_DUNG_ID" = :nguoiDung_ID_0
info: Microsoft.EntityFrameworkCore.Database.Command[20101]
      Executed DbCommand (8ms) [Parameters=[:Ma_0='?' (Size = 2000)], CommandType='Text', CommandTimeout='0']
      SELECT "l"."GIA_TRI"
      FROM "QL_NHAN_HIEN_THI" "l"
      WHERE "l"."MA" = :Ma_0
      FETCH FIRST 1 ROWS ONLY
info: Microsoft.EntityFrameworkCore.Database.Command[20101]
      Executed DbCommand (17ms) [Parameters=[:nguoiDung_ID_0='?' (DbType = Decimal)], CommandType='Text', CommandTimeout='0']
      SELECT "c"."VAI_TRO_ID"
      FROM "QL_VAI_TRO_NGUOI_DUNG" "c"
      WHERE "c"."NGUOI_DUNG_ID" = :nguoiDung_ID_0
info: Microsoft.EntityFrameworkCore.Database.Command[20101]
      Executed DbCommand (10ms) [Parameters=[:Ma_0='?' (Size = 2000)], CommandType='Text', CommandTimeout='0']
      SELECT "l"."GIA_TRI"
      FROM "QL_NHAN_HIEN_THI" "l"
      WHERE "l"."MA" = :Ma_0
      FETCH FIRST 1 ROWS ONLY
info: Microsoft.EntityFrameworkCore.Database.Command[20101]
      Executed DbCommand (13ms) [Parameters=[:nguoiDung_ID_0='?' (DbType = Decimal)], CommandType='Text', CommandTimeout='0']
      SELECT "c"."VAI_TRO_ID"
      FROM "QL_VAI_TRO_NGUOI_DUNG" "c"
      WHERE "c"."NGUOI_DUNG_ID" = :nguoiDung_ID_0
info: Microsoft.EntityFrameworkCore.Database.Command[20101]
      Executed DbCommand (20ms) [Parameters=[:Ma_0='?' (Size = 2000)], CommandType='Text', CommandTimeout='0']
      SELECT "l"."GIA_TRI"
      FROM "QL_NHAN_HIEN_THI" "l"
      WHERE "l"."MA" = :Ma_0
      FETCH FIRST 1 ROWS ONLY
info: Microsoft.EntityFrameworkCore.Database.Command[20101]
      Executed DbCommand (17ms) [Parameters=[:nguoiDung_ID_0='?' (DbType = Decimal)], CommandType='Text', CommandTimeout='0']
      SELECT "c"."VAI_TRO_ID"
      FROM "QL_VAI_TRO_NGUOI_DUNG" "c"
      WHERE "c"."NGUOI_DUNG_ID" = :nguoiDung_ID_0
info: Microsoft.EntityFrameworkCore.Database.Command[20101]
      Executed DbCommand (25ms) [Parameters=[:Ma_0='?' (Size = 2000)], CommandType='Text', CommandTimeout='0']
      SELECT "l"."GIA_TRI"
      FROM "QL_NHAN_HIEN_THI" "l"
      WHERE "l"."MA" = :Ma_0
      FETCH FIRST 1 ROWS ONLY
info: Microsoft.EntityFrameworkCore.Database.Command[20101]
      Executed DbCommand (20ms) [Parameters=[:nguoiDung_ID_0='?' (DbType = Decimal)], CommandType='Text', CommandTimeout='0']
      SELECT "c"."VAI_TRO_ID"
      FROM "QL_VAI_TRO_NGUOI_DUNG" "c"
      WHERE "c"."NGUOI_DUNG_ID" = :nguoiDung_ID_0
info: Microsoft.EntityFrameworkCore.Database.Command[20101]
      Executed DbCommand (38ms) [Parameters=[:Ma_0='?' (Size = 2000)], CommandType='Text', CommandTimeout='0']
      SELECT "l"."GIA_TRI"
      FROM "QL_NHAN_HIEN_THI" "l"
      WHERE "l"."MA" = :Ma_0
      FETCH FIRST 1 ROWS ONLY
info: Microsoft.EntityFrameworkCore.Database.Command[20101]
      Executed DbCommand (49ms) [Parameters=[:nguoiDung_ID_0='?' (DbType = Decimal)], CommandType='Text', CommandTimeout='0']
      SELECT "c"."VAI_TRO_ID"
      FROM "QL_VAI_TRO_NGUOI_DUNG" "c"
      WHERE "c"."NGUOI_DUNG_ID" = :nguoiDung_ID_0
info: Microsoft.EntityFrameworkCore.Database.Command[20101]
      Executed DbCommand (111ms) [Parameters=[:Ma_0='?' (Size = 2000)], CommandType='Text', CommandTimeout='0']
      SELECT "l"."GIA_TRI"
      FROM "QL_NHAN_HIEN_THI" "l"
      WHERE "l"."MA" = :Ma_0
      FETCH FIRST 1 ROWS ONLY
info: Microsoft.EntityFrameworkCore.Database.Command[20101]
      Executed DbCommand (53ms) [Parameters=[:nguoiDung_ID_0='?' (DbType = Decimal)], CommandType='Text', CommandTimeout='0']
      SELECT "c"."VAI_TRO_ID"
      FROM "QL_VAI_TRO_NGUOI_DUNG" "c"
      WHERE "c"."NGUOI_DUNG_ID" = :nguoiDung_ID_0
info: Microsoft.EntityFrameworkCore.Database.Command[20101]
      Executed DbCommand (135ms) [Parameters=[:Ma_0='?' (Size = 2000)], CommandType='Text', CommandTimeout='0']
      SELECT "l"."GIA_TRI"
      FROM "QL_NHAN_HIEN_THI" "l"
      WHERE "l"."MA" = :Ma_0
      FETCH FIRST 1 ROWS ONLY
info: Microsoft.EntityFrameworkCore.Database.Command[20101]
      Executed DbCommand (34ms) [Parameters=[:nguoiDung_ID_0='?' (DbType = Decimal)], CommandType='Text', CommandTimeout='0']
      SELECT "c"."VAI_TRO_ID"
      FROM "QL_VAI_TRO_NGUOI_DUNG" "c"
      WHERE "c"."NGUOI_DUNG_ID" = :nguoiDung_ID_0
info: Microsoft.EntityFrameworkCore.Database.Command[20101]
      Executed DbCommand (38ms) [Parameters=[:Ma_0='?' (Size = 2000)], CommandType='Text', CommandTimeout='0']
      SELECT "l"."GIA_TRI"
      FROM "QL_NHAN_HIEN_THI" "l"
      WHERE "l"."MA" = :Ma_0
      FETCH FIRST 1 ROWS ONLY
info: Microsoft.EntityFrameworkCore.Database.Command[20101]
      Executed DbCommand (82ms) [Parameters=[:nguoiDung_ID_0='?' (DbType = Decimal)], CommandType='Text', CommandTimeout='0']
      SELECT "c"."VAI_TRO_ID"
      FROM "QL_VAI_TRO_NGUOI_DUNG" "c"
      WHERE "c"."NGUOI_DUNG_ID" = :nguoiDung_ID_0
info: Microsoft.EntityFrameworkCore.Database.Command[20101]
      Executed DbCommand (38ms) [Parameters=[:Ma_0='?' (Size = 2000)], CommandType='Text', CommandTimeout='0']
      SELECT "l"."GIA_TRI"
      FROM "QL_NHAN_HIEN_THI" "l"
      WHERE "l"."MA" = :Ma_0
      FETCH FIRST 1 ROWS ONLY
info: Microsoft.EntityFrameworkCore.Database.Command[20101]
      Executed DbCommand (30ms) [Parameters=[:nguoiDung_ID_0='?' (DbType = Decimal)], CommandType='Text', CommandTimeout='0']
      SELECT "c"."VAI_TRO_ID"
      FROM "QL_VAI_TRO_NGUOI_DUNG" "c"
      WHERE "c"."NGUOI_DUNG_ID" = :nguoiDung_ID_0
info: Microsoft.EntityFrameworkCore.Database.Command[20101]
      Executed DbCommand (56ms) [Parameters=[:Ma_0='?' (Size = 2000)], CommandType='Text', CommandTimeout='0']
      SELECT "l"."GIA_TRI"
      FROM "QL_NHAN_HIEN_THI" "l"
      WHERE "l"."MA" = :Ma_0
      FETCH FIRST 1 ROWS ONLY
info: Microsoft.EntityFrameworkCore.Database.Command[20101]
      Executed DbCommand (24ms) [Parameters=[:nguoiDung_ID_0='?' (DbType = Decimal)], CommandType='Text', CommandTimeout='0']
      SELECT "c"."VAI_TRO_ID"
      FROM "QL_VAI_TRO_NGUOI_DUNG" "c"
      WHERE "c"."NGUOI_DUNG_ID" = :nguoiDung_ID_0
info: Microsoft.EntityFrameworkCore.Database.Command[20101]
      Executed DbCommand (56ms) [Parameters=[:Ma_0='?' (Size = 2000)], CommandType='Text', CommandTimeout='0']
      SELECT "l"."GIA_TRI"
      FROM "QL_NHAN_HIEN_THI" "l"
      WHERE "l"."MA" = :Ma_0
      FETCH FIRST 1 ROWS ONLY
info: Microsoft.EntityFrameworkCore.Database.Command[20101]
      Executed DbCommand (53ms) [Parameters=[:nguoiDung_ID_0='?' (DbType = Decimal)], CommandType='Text', CommandTimeout='0']
      SELECT "c"."VAI_TRO_ID"
      FROM "QL_VAI_TRO_NGUOI_DUNG" "c"
      WHERE "c"."NGUOI_DUNG_ID" = :nguoiDung_ID_0
info: Microsoft.EntityFrameworkCore.Database.Command[20101]
      Executed DbCommand (32ms) [Parameters=[:Ma_0='?' (Size = 2000)], CommandType='Text', CommandTimeout='0']
      SELECT "l"."GIA_TRI"
      FROM "QL_NHAN_HIEN_THI" "l"
      WHERE "l"."MA" = :Ma_0
      FETCH FIRST 1 ROWS ONLY
info: Microsoft.EntityFrameworkCore.Database.Command[20101]
      Executed DbCommand (38ms) [Parameters=[:nguoiDung_ID_0='?' (DbType = Decimal)], CommandType='Text', CommandTimeout='0']
      SELECT "c"."VAI_TRO_ID"
      FROM "QL_VAI_TRO_NGUOI_DUNG" "c"
      WHERE "c"."NGUOI_DUNG_ID" = :nguoiDung_ID_0
info: Microsoft.EntityFrameworkCore.Database.Command[20101]
      Executed DbCommand (40ms) [Parameters=[:Ma_0='?' (Size = 2000)], CommandType='Text', CommandTimeout='0']
      SELECT "l"."GIA_TRI"
      FROM "QL_NHAN_HIEN_THI" "l"
      WHERE "l"."MA" = :Ma_0
      FETCH FIRST 1 ROWS ONLY
info: Microsoft.EntityFrameworkCore.Database.Command[20101]
      Executed DbCommand (36ms) [Parameters=[:nguoiDung_ID_0='?' (DbType = Decimal)], CommandType='Text', CommandTimeout='0']
      SELECT "c"."VAI_TRO_ID"
      FROM "QL_VAI_TRO_NGUOI_DUNG" "c"
      WHERE "c"."NGUOI_DUNG_ID" = :nguoiDung_ID_0
info: Microsoft.EntityFrameworkCore.Database.Command[20101]
      Executed DbCommand (41ms) [Parameters=[:Ma_0='?' (Size = 2000)], CommandType='Text', CommandTimeout='0']
      SELECT "l"."GIA_TRI"
      FROM "QL_NHAN_HIEN_THI" "l"
      WHERE "l"."MA" = :Ma_0
      FETCH FIRST 1 ROWS ONLY
info: Microsoft.EntityFrameworkCore.Database.Command[20101]
      Executed DbCommand (22ms) [Parameters=[:nguoiDung_ID_0='?' (DbType = Decimal)], CommandType='Text', CommandTimeout='0']
      SELECT "c"."VAI_TRO_ID"
      FROM "QL_VAI_TRO_NGUOI_DUNG" "c"
      WHERE "c"."NGUOI_DUNG_ID" = :nguoiDung_ID_0
info: Microsoft.EntityFrameworkCore.Database.Command[20101]
      Executed DbCommand (30ms) [Parameters=[:Ma_0='?' (Size = 2000)], CommandType='Text', CommandTimeout='0']
      SELECT "l"."GIA_TRI"
      FROM "QL_NHAN_HIEN_THI" "l"
      WHERE "l"."MA" = :Ma_0
      FETCH FIRST 1 ROWS ONLY
info: Microsoft.EntityFrameworkCore.Database.Command[20101]
      Executed DbCommand (26ms) [Parameters=[:nguoiDung_ID_0='?' (DbType = Decimal)], CommandType='Text', CommandTimeout='0']
      SELECT "c"."VAI_TRO_ID"
      FROM "QL_VAI_TRO_NGUOI_DUNG" "c"
      WHERE "c"."NGUOI_DUNG_ID" = :nguoiDung_ID_0
info: Microsoft.EntityFrameworkCore.Database.Command[20101]
      Executed DbCommand (43ms) [Parameters=[:Ma_0='?' (Size = 2000)], CommandType='Text', CommandTimeout='0']
      SELECT "l"."GIA_TRI"
      FROM "QL_NHAN_HIEN_THI" "l"
      WHERE "l"."MA" = :Ma_0
      FETCH FIRST 1 ROWS ONLY
info: Microsoft.EntityFrameworkCore.Database.Command[20101]
      Executed DbCommand (21ms) [Parameters=[:nguoiDung_ID_0='?' (DbType = Decimal)], CommandType='Text', CommandTimeout='0']
      SELECT "c"."VAI_TRO_ID"
      FROM "QL_VAI_TRO_NGUOI_DUNG" "c"
      WHERE "c"."NGUOI_DUNG_ID" = :nguoiDung_ID_0
info: Microsoft.EntityFrameworkCore.Database.Command[20101]
      Executed DbCommand (36ms) [Parameters=[:Ma_0='?' (Size = 2000)], CommandType='Text', CommandTimeout='0']
      SELECT "l"."GIA_TRI"
      FROM "QL_NHAN_HIEN_THI" "l"
      WHERE "l"."MA" = :Ma_0
      FETCH FIRST 1 ROWS ONLY
info: Microsoft.EntityFrameworkCore.Database.Command[20101]
      Executed DbCommand (55ms) [Parameters=[:nguoiDung_ID_0='?' (DbType = Decimal)], CommandType='Text', CommandTimeout='0']
      SELECT "c"."VAI_TRO_ID"
      FROM "QL_VAI_TRO_NGUOI_DUNG" "c"
      WHERE "c"."NGUOI_DUNG_ID" = :nguoiDung_ID_0
info: Microsoft.EntityFrameworkCore.Database.Command[20101]
      Executed DbCommand (298ms) [Parameters=[:Ma_0='?' (Size = 2000)], CommandType='Text', CommandTimeout='0']
      SELECT "l"."GIA_TRI"
      FROM "QL_NHAN_HIEN_THI" "l"
      WHERE "l"."MA" = :Ma_0
      FETCH FIRST 1 ROWS ONLY
info: Microsoft.EntityFrameworkCore.Database.Command[20101]
      Executed DbCommand (23ms) [Parameters=[:nguoiDung_ID_0='?' (DbType = Decimal)], CommandType='Text', CommandTimeout='0']
      SELECT "c"."VAI_TRO_ID"
      FROM "QL_VAI_TRO_NGUOI_DUNG" "c"
      WHERE "c"."NGUOI_DUNG_ID" = :nguoiDung_ID_0
info: Microsoft.EntityFrameworkCore.Database.Command[20101]
      Executed DbCommand (36ms) [Parameters=[:Ma_0='?' (Size = 2000)], CommandType='Text', CommandTimeout='0']
      SELECT "l"."GIA_TRI"
      FROM "QL_NHAN_HIEN_THI" "l"
      WHERE "l"."MA" = :Ma_0
      FETCH FIRST 1 ROWS ONLY
info: Microsoft.EntityFrameworkCore.Database.Command[20101]
      Executed DbCommand (48ms) [Parameters=[:nguoiDung_ID_0='?' (DbType = Decimal)], CommandType='Text', CommandTimeout='0']
      SELECT "c"."VAI_TRO_ID"
      FROM "QL_VAI_TRO_NGUOI_DUNG" "c"
      WHERE "c"."NGUOI_DUNG_ID" = :nguoiDung_ID_0
info: Microsoft.EntityFrameworkCore.Database.Command[20101]
      Executed DbCommand (49ms) [Parameters=[:Ma_0='?' (Size = 2000)], CommandType='Text', CommandTimeout='0']
      SELECT "l"."GIA_TRI"
      FROM "QL_NHAN_HIEN_THI" "l"
      WHERE "l"."MA" = :Ma_0
      FETCH FIRST 1 ROWS ONLY
info: Microsoft.EntityFrameworkCore.Database.Command[20101]
      Executed DbCommand (59ms) [Parameters=[:nguoiDung_ID_0='?' (DbType = Decimal)], CommandType='Text', CommandTimeout='0']
      SELECT "c"."VAI_TRO_ID"
      FROM "QL_VAI_TRO_NGUOI_DUNG" "c"
      WHERE "c"."NGUOI_DUNG_ID" = :nguoiDung_ID_0
info: Microsoft.EntityFrameworkCore.Database.Command[20101]
      Executed DbCommand (35ms) [Parameters=[:Ma_0='?' (Size = 2000)], CommandType='Text', CommandTimeout='0']
      SELECT "l"."GIA_TRI"
      FROM "QL_NHAN_HIEN_THI" "l"
      WHERE "l"."MA" = :Ma_0
      FETCH FIRST 1 ROWS ONLY
info: Microsoft.EntityFrameworkCore.Database.Command[20101]
      Executed DbCommand (33ms) [Parameters=[:nguoiDung_ID_0='?' (DbType = Decimal)], CommandType='Text', CommandTimeout='0']
      SELECT "c"."VAI_TRO_ID"
      FROM "QL_VAI_TRO_NGUOI_DUNG" "c"
      WHERE "c"."NGUOI_DUNG_ID" = :nguoiDung_ID_0
info: Microsoft.EntityFrameworkCore.Database.Command[20101]
      Executed DbCommand (51ms) [Parameters=[:Ma_0='?' (Size = 2000)], CommandType='Text', CommandTimeout='0']
      SELECT "l"."GIA_TRI"
      FROM "QL_NHAN_HIEN_THI" "l"
      WHERE "l"."MA" = :Ma_0
      FETCH FIRST 1 ROWS ONLY
info: Microsoft.EntityFrameworkCore.Database.Command[20101]
      Executed DbCommand (35ms) [Parameters=[:nguoiDung_ID_0='?' (DbType = Decimal)], CommandType='Text', CommandTimeout='0']
      SELECT "c"."VAI_TRO_ID"
      FROM "QL_VAI_TRO_NGUOI_DUNG" "c"
      WHERE "c"."NGUOI_DUNG_ID" = :nguoiDung_ID_0
info: Microsoft.EntityFrameworkCore.Database.Command[20101]
      Executed DbCommand (312ms) [Parameters=[:Ma_0='?' (Size = 2000)], CommandType='Text', CommandTimeout='0']
      SELECT "l"."GIA_TRI"
      FROM "QL_NHAN_HIEN_THI" "l"
      WHERE "l"."MA" = :Ma_0
      FETCH FIRST 1 ROWS ONLY
info: Microsoft.EntityFrameworkCore.Database.Command[20101]
      Executed DbCommand (28ms) [Parameters=[:nguoiDung_ID_0='?' (DbType = Decimal)], CommandType='Text', CommandTimeout='0']
      SELECT "c"."VAI_TRO_ID"
      FROM "QL_VAI_TRO_NGUOI_DUNG" "c"
      WHERE "c"."NGUOI_DUNG_ID" = :nguoiDung_ID_0
info: Microsoft.EntityFrameworkCore.Database.Command[20101]
      Executed DbCommand (32ms) [Parameters=[:Ma_0='?' (Size = 2000)], CommandType='Text', CommandTimeout='0']
      SELECT "l"."GIA_TRI"
      FROM "QL_NHAN_HIEN_THI" "l"
      WHERE "l"."MA" = :Ma_0
      FETCH FIRST 1 ROWS ONLY
info: Microsoft.EntityFrameworkCore.Database.Command[20101]
      Executed DbCommand (29ms) [Parameters=[:nguoiDung_ID_0='?' (DbType = Decimal)], CommandType='Text', CommandTimeout='0']
      SELECT "c"."VAI_TRO_ID"
      FROM "QL_VAI_TRO_NGUOI_DUNG" "c"
      WHERE "c"."NGUOI_DUNG_ID" = :nguoiDung_ID_0
info: Microsoft.EntityFrameworkCore.Database.Command[20101]
      Executed DbCommand (294ms) [Parameters=[:Ma_0='?' (Size = 2000)], CommandType='Text', CommandTimeout='0']
      SELECT "l"."GIA_TRI"
      FROM "QL_NHAN_HIEN_THI" "l"
      WHERE "l"."MA" = :Ma_0
      FETCH FIRST 1 ROWS ONLY
info: Microsoft.EntityFrameworkCore.Database.Command[20101]
      Executed DbCommand (41ms) [Parameters=[:nguoiDung_ID_0='?' (DbType = Decimal)], CommandType='Text', CommandTimeout='0']
      SELECT "c"."VAI_TRO_ID"
      FROM "QL_VAI_TRO_NGUOI_DUNG" "c"
      WHERE "c"."NGUOI_DUNG_ID" = :nguoiDung_ID_0
info: Microsoft.EntityFrameworkCore.Database.Command[20101]
      Executed DbCommand (32ms) [Parameters=[:Ma_0='?' (Size = 2000)], CommandType='Text', CommandTimeout='0']
      SELECT "l"."GIA_TRI"
      FROM "QL_NHAN_HIEN_THI" "l"
      WHERE "l"."MA" = :Ma_0
      FETCH FIRST 1 ROWS ONLY
info: Microsoft.EntityFrameworkCore.Database.Command[20101]
      Executed DbCommand (21ms) [Parameters=[:nguoiDung_ID_0='?' (DbType = Decimal)], CommandType='Text', CommandTimeout='0']
      SELECT "c"."VAI_TRO_ID"
      FROM "QL_VAI_TRO_NGUOI_DUNG" "c"
      WHERE "c"."NGUOI_DUNG_ID" = :nguoiDung_ID_0
info: Microsoft.EntityFrameworkCore.Database.Command[20101]
      Executed DbCommand (11ms) [Parameters=[:Ma_0='?' (Size = 2000)], CommandType='Text', CommandTimeout='0']
      SELECT "l"."GIA_TRI"
      FROM "QL_NHAN_HIEN_THI" "l"
      WHERE "l"."MA" = :Ma_0
      FETCH FIRST 1 ROWS ONLY
info: Microsoft.EntityFrameworkCore.Database.Command[20101]
      Executed DbCommand (11ms) [Parameters=[:nguoiDung_ID_0='?' (DbType = Decimal)], CommandType='Text', CommandTimeout='0']
      SELECT "c"."VAI_TRO_ID"
      FROM "QL_VAI_TRO_NGUOI_DUNG" "c"
      WHERE "c"."NGUOI_DUNG_ID" = :nguoiDung_ID_0
info: Microsoft.EntityFrameworkCore.Database.Command[20101]
      Executed DbCommand (11ms) [Parameters=[:Ma_0='?' (Size = 2000)], CommandType='Text', CommandTimeout='0']
      SELECT "l"."GIA_TRI"
      FROM "QL_NHAN_HIEN_THI" "l"
      WHERE "l"."MA" = :Ma_0
      FETCH FIRST 1 ROWS ONLY
info: Microsoft.EntityFrameworkCore.Database.Command[20101]
      Executed DbCommand (11ms) [Parameters=[:nguoiDung_ID_0='?' (DbType = Decimal)], CommandType='Text', CommandTimeout='0']
      SELECT "c"."VAI_TRO_ID"
      FROM "QL_VAI_TRO_NGUOI_DUNG" "c"
      WHERE "c"."NGUOI_DUNG_ID" = :nguoiDung_ID_0
info: Microsoft.EntityFrameworkCore.Database.Command[20101]
      Executed DbCommand (11ms) [Parameters=[:Ma_0='?' (Size = 2000)], CommandType='Text', CommandTimeout='0']
      SELECT "l"."GIA_TRI"
      FROM "QL_NHAN_HIEN_THI" "l"
      WHERE "l"."MA" = :Ma_0
      FETCH FIRST 1 ROWS ONLY
info: Microsoft.EntityFrameworkCore.Database.Command[20101]
      Executed DbCommand (9ms) [Parameters=[:nguoiDung_ID_0='?' (DbType = Decimal)], CommandType='Text', CommandTimeout='0']
      SELECT "c"."VAI_TRO_ID"
      FROM "QL_VAI_TRO_NGUOI_DUNG" "c"
      WHERE "c"."NGUOI_DUNG_ID" = :nguoiDung_ID_0
info: Microsoft.EntityFrameworkCore.Database.Command[20101]
      Executed DbCommand (14ms) [Parameters=[:Ma_0='?' (Size = 2000)], CommandType='Text', CommandTimeout='0']
      SELECT "l"."GIA_TRI"
      FROM "QL_NHAN_HIEN_THI" "l"
      WHERE "l"."MA" = :Ma_0
      FETCH FIRST 1 ROWS ONLY
info: Microsoft.EntityFrameworkCore.Database.Command[20101]
      Executed DbCommand (11ms) [Parameters=[:nguoiDung_ID_0='?' (DbType = Decimal)], CommandType='Text', CommandTimeout='0']
      SELECT "c"."VAI_TRO_ID"
      FROM "QL_VAI_TRO_NGUOI_DUNG" "c"
      WHERE "c"."NGUOI_DUNG_ID" = :nguoiDung_ID_0
info: Microsoft.EntityFrameworkCore.Database.Command[20101]
      Executed DbCommand (6ms) [Parameters=[:Ma_0='?' (Size = 2000)], CommandType='Text', CommandTimeout='0']
      SELECT "l"."GIA_TRI"
      FROM "QL_NHAN_HIEN_THI" "l"
      WHERE "l"."MA" = :Ma_0
      FETCH FIRST 1 ROWS ONLY
info: Microsoft.EntityFrameworkCore.Database.Command[20101]
      Executed DbCommand (12ms) [Parameters=[:nguoiDung_ID_0='?' (DbType = Decimal)], CommandType='Text', CommandTimeout='0']
      SELECT "c"."VAI_TRO_ID"
      FROM "QL_VAI_TRO_NGUOI_DUNG" "c"
      WHERE "c"."NGUOI_DUNG_ID" = :nguoiDung_ID_0
info: Microsoft.EntityFrameworkCore.Database.Command[20101]
      Executed DbCommand (12ms) [Parameters=[:Ma_0='?' (Size = 2000)], CommandType='Text', CommandTimeout='0']
      SELECT "l"."GIA_TRI"
      FROM "QL_NHAN_HIEN_THI" "l"
      WHERE "l"."MA" = :Ma_0
      FETCH FIRST 1 ROWS ONLY
info: Microsoft.EntityFrameworkCore.Database.Command[20101]
      Executed DbCommand (9ms) [Parameters=[:nguoiDung_ID_0='?' (DbType = Decimal)], CommandType='Text', CommandTimeout='0']
      SELECT "c"."VAI_TRO_ID"
      FROM "QL_VAI_TRO_NGUOI_DUNG" "c"
      WHERE "c"."NGUOI_DUNG_ID" = :nguoiDung_ID_0
info: Microsoft.EntityFrameworkCore.Database.Command[20101]
      Executed DbCommand (12ms) [Parameters=[:Ma_0='?' (Size = 2000)], CommandType='Text', CommandTimeout='0']
      SELECT "l"."GIA_TRI"
      FROM "QL_NHAN_HIEN_THI" "l"
      WHERE "l"."MA" = :Ma_0
      FETCH FIRST 1 ROWS ONLY
info: Microsoft.EntityFrameworkCore.Database.Command[20101]
      Executed DbCommand (9ms) [Parameters=[:nguoiDung_ID_0='?' (DbType = Decimal)], CommandType='Text', CommandTimeout='0']
      SELECT "c"."VAI_TRO_ID"
      FROM "QL_VAI_TRO_NGUOI_DUNG" "c"
      WHERE "c"."NGUOI_DUNG_ID" = :nguoiDung_ID_0
info: Microsoft.EntityFrameworkCore.Database.Command[20101]
      Executed DbCommand (13ms) [Parameters=[:Ma_0='?' (Size = 2000)], CommandType='Text', CommandTimeout='0']
      SELECT "l"."GIA_TRI"
      FROM "QL_NHAN_HIEN_THI" "l"
      WHERE "l"."MA" = :Ma_0
      FETCH FIRST 1 ROWS ONLY
info: Microsoft.EntityFrameworkCore.Database.Command[20101]
      Executed DbCommand (12ms) [Parameters=[:nguoiDung_ID_0='?' (DbType = Decimal)], CommandType='Text', CommandTimeout='0']
      SELECT "c"."VAI_TRO_ID"
      FROM "QL_VAI_TRO_NGUOI_DUNG" "c"
      WHERE "c"."NGUOI_DUNG_ID" = :nguoiDung_ID_0
info: Microsoft.EntityFrameworkCore.Database.Command[20101]
      Executed DbCommand (13ms) [Parameters=[:Ma_0='?' (Size = 2000)], CommandType='Text', CommandTimeout='0']
      SELECT "l"."GIA_TRI"
      FROM "QL_NHAN_HIEN_THI" "l"
      WHERE "l"."MA" = :Ma_0
      FETCH FIRST 1 ROWS ONLY
info: Microsoft.EntityFrameworkCore.Database.Command[20101]
      Executed DbCommand (12ms) [Parameters=[:nguoiDung_ID_0='?' (DbType = Decimal)], CommandType='Text', CommandTimeout='0']
      SELECT "c"."VAI_TRO_ID"
      FROM "QL_VAI_TRO_NGUOI_DUNG" "c"
      WHERE "c"."NGUOI_DUNG_ID" = :nguoiDung_ID_0
info: Microsoft.EntityFrameworkCore.Database.Command[20101]
      Executed DbCommand (18ms) [Parameters=[:Ma_0='?' (Size = 2000)], CommandType='Text', CommandTimeout='0']
      SELECT "l"."GIA_TRI"
      FROM "QL_NHAN_HIEN_THI" "l"
      WHERE "l"."MA" = :Ma_0
      FETCH FIRST 1 ROWS ONLY
info: Microsoft.EntityFrameworkCore.Database.Command[20101]
      Executed DbCommand (19ms) [Parameters=[:nguoiDung_ID_0='?' (DbType = Decimal)], CommandType='Text', CommandTimeout='0']
      SELECT "c"."VAI_TRO_ID"
      FROM "QL_VAI_TRO_NGUOI_DUNG" "c"
      WHERE "c"."NGUOI_DUNG_ID" = :nguoiDung_ID_0
info: Microsoft.EntityFrameworkCore.Database.Command[20101]
      Executed DbCommand (15ms) [Parameters=[:Ma_0='?' (Size = 2000)], CommandType='Text', CommandTimeout='0']
      SELECT "l"."GIA_TRI"
      FROM "QL_NHAN_HIEN_THI" "l"
      WHERE "l"."MA" = :Ma_0
      FETCH FIRST 1 ROWS ONLY
info: Microsoft.EntityFrameworkCore.Database.Command[20101]
      Executed DbCommand (21ms) [Parameters=[:nguoiDung_ID_0='?' (DbType = Decimal)], CommandType='Text', CommandTimeout='0']
      SELECT "c"."VAI_TRO_ID"
      FROM "QL_VAI_TRO_NGUOI_DUNG" "c"
      WHERE "c"."NGUOI_DUNG_ID" = :nguoiDung_ID_0
info: Microsoft.EntityFrameworkCore.Database.Command[20101]
      Executed DbCommand (77ms) [Parameters=[:donViId_0='?' (DbType = Decimal)], CommandType='Text', CommandTimeout='0']
      SELECT COUNT(*)
      FROM "DM_DON_VI" "p"
      WHERE ((("p"."PARENT_ID" = :donViId_0) AND ("p"."LA_BAN_QL_DU_AN" = 1)) OR (("p"."ID" = :donViId_0) AND ("p"."LOAI_DON_VI_ID" = 15.0))) OR (("p"."ID" = :donViId_0) AND ("p"."LA_BAN_QL_DU_AN" = 1))
info: Microsoft.EntityFrameworkCore.Database.Command[20101]
      Executed DbCommand (10ms) [Parameters=[:Ma_0='?' (Size = 2000)], CommandType='Text', CommandTimeout='0']
      SELECT "l"."GIA_TRI"
      FROM "QL_NHAN_HIEN_THI" "l"
      WHERE "l"."MA" = :Ma_0
      FETCH FIRST 1 ROWS ONLY
info: Microsoft.EntityFrameworkCore.Database.Command[20101]
      Executed DbCommand (12ms) [Parameters=[:nguoiDung_ID_0='?' (DbType = Decimal)], CommandType='Text', CommandTimeout='0']
      SELECT "c"."VAI_TRO_ID"
      FROM "QL_VAI_TRO_NGUOI_DUNG" "c"
      WHERE "c"."NGUOI_DUNG_ID" = :nguoiDung_ID_0
info: Microsoft.EntityFrameworkCore.Database.Command[20101]
      Executed DbCommand (14ms) [Parameters=[:Ma_0='?' (Size = 2000)], CommandType='Text', CommandTimeout='0']
      SELECT "l"."GIA_TRI"
      FROM "QL_NHAN_HIEN_THI" "l"
      WHERE "l"."MA" = :Ma_0
      FETCH FIRST 1 ROWS ONLY
info: Microsoft.EntityFrameworkCore.Database.Command[20101]
      Executed DbCommand (11ms) [Parameters=[:nguoiDung_ID_0='?' (DbType = Decimal)], CommandType='Text', CommandTimeout='0']
      SELECT "c"."VAI_TRO_ID"
      FROM "QL_VAI_TRO_NGUOI_DUNG" "c"
      WHERE "c"."NGUOI_DUNG_ID" = :nguoiDung_ID_0
info: Microsoft.EntityFrameworkCore.Database.Command[20101]
      Executed DbCommand (15ms) [Parameters=[:Ma_0='?' (Size = 2000)], CommandType='Text', CommandTimeout='0']
      SELECT "l"."GIA_TRI"
      FROM "QL_NHAN_HIEN_THI" "l"
      WHERE "l"."MA" = :Ma_0
      FETCH FIRST 1 ROWS ONLY
info: Microsoft.EntityFrameworkCore.Database.Command[20101]
      Executed DbCommand (12ms) [Parameters=[:nguoiDung_ID_0='?' (DbType = Decimal)], CommandType='Text', CommandTimeout='0']
      SELECT "c"."VAI_TRO_ID"
      FROM "QL_VAI_TRO_NGUOI_DUNG" "c"
      WHERE "c"."NGUOI_DUNG_ID" = :nguoiDung_ID_0
info: Microsoft.EntityFrameworkCore.Database.Command[20101]
      Executed DbCommand (16ms) [Parameters=[:Ma_0='?' (Size = 2000)], CommandType='Text', CommandTimeout='0']
      SELECT "l"."GIA_TRI"
      FROM "QL_NHAN_HIEN_THI" "l"
      WHERE "l"."MA" = :Ma_0
      FETCH FIRST 1 ROWS ONLY
info: Microsoft.EntityFrameworkCore.Database.Command[20101]
      Executed DbCommand (14ms) [Parameters=[:nguoiDung_ID_0='?' (DbType = Decimal)], CommandType='Text', CommandTimeout='0']
      SELECT "c"."VAI_TRO_ID"
      FROM "QL_VAI_TRO_NGUOI_DUNG" "c"
      WHERE "c"."NGUOI_DUNG_ID" = :nguoiDung_ID_0
info: Microsoft.EntityFrameworkCore.Database.Command[20101]
      Executed DbCommand (14ms) [Parameters=[:Ma_0='?' (Size = 2000)], CommandType='Text', CommandTimeout='0']
      SELECT "l"."GIA_TRI"
      FROM "QL_NHAN_HIEN_THI" "l"
      WHERE "l"."MA" = :Ma_0
      FETCH FIRST 1 ROWS ONLY
info: Microsoft.EntityFrameworkCore.Database.Command[20101]
      Executed DbCommand (8ms) [Parameters=[:nguoiDung_ID_0='?' (DbType = Decimal)], CommandType='Text', CommandTimeout='0']
      SELECT "c"."VAI_TRO_ID"
      FROM "QL_VAI_TRO_NGUOI_DUNG" "c"
      WHERE "c"."NGUOI_DUNG_ID" = :nguoiDung_ID_0
info: Microsoft.EntityFrameworkCore.Database.Command[20101]
      Executed DbCommand (12ms) [Parameters=[:Ma_0='?' (Size = 2000)], CommandType='Text', CommandTimeout='0']
      SELECT "l"."GIA_TRI"
      FROM "QL_NHAN_HIEN_THI" "l"
      WHERE "l"."MA" = :Ma_0
      FETCH FIRST 1 ROWS ONLY
info: Microsoft.EntityFrameworkCore.Database.Command[20101]
      Executed DbCommand (22ms) [Parameters=[:nguoiDung_ID_0='?' (DbType = Decimal)], CommandType='Text', CommandTimeout='0']
      SELECT "c"."VAI_TRO_ID"
      FROM "QL_VAI_TRO_NGUOI_DUNG" "c"
      WHERE "c"."NGUOI_DUNG_ID" = :nguoiDung_ID_0
info: Microsoft.EntityFrameworkCore.Database.Command[20101]
      Executed DbCommand (27ms) [Parameters=[:Ma_0='?' (Size = 2000)], CommandType='Text', CommandTimeout='0']
      SELECT "l"."GIA_TRI"
      FROM "QL_NHAN_HIEN_THI" "l"
      WHERE "l"."MA" = :Ma_0
      FETCH FIRST 1 ROWS ONLY
info: Microsoft.EntityFrameworkCore.Database.Command[20101]
      Executed DbCommand (11ms) [Parameters=[:nguoiDung_ID_0='?' (DbType = Decimal)], CommandType='Text', CommandTimeout='0']
      SELECT "c"."VAI_TRO_ID"
      FROM "QL_VAI_TRO_NGUOI_DUNG" "c"
      WHERE "c"."NGUOI_DUNG_ID" = :nguoiDung_ID_0
info: Microsoft.EntityFrameworkCore.Database.Command[20101]
      Executed DbCommand (10ms) [Parameters=[:Ma_0='?' (Size = 2000)], CommandType='Text', CommandTimeout='0']
      SELECT "l"."GIA_TRI"
      FROM "QL_NHAN_HIEN_THI" "l"
      WHERE "l"."MA" = :Ma_0
      FETCH FIRST 1 ROWS ONLY
info: Microsoft.EntityFrameworkCore.Database.Command[20101]
      Executed DbCommand (10ms) [Parameters=[:nguoiDung_ID_0='?' (DbType = Decimal)], CommandType='Text', CommandTimeout='0']
      SELECT "c"."VAI_TRO_ID"
      FROM "QL_VAI_TRO_NGUOI_DUNG" "c"
      WHERE "c"."NGUOI_DUNG_ID" = :nguoiDung_ID_0
info: Microsoft.EntityFrameworkCore.Database.Command[20101]
      Executed DbCommand (14ms) [Parameters=[:Ma_0='?' (Size = 2000)], CommandType='Text', CommandTimeout='0']
      SELECT "l"."GIA_TRI"
      FROM "QL_NHAN_HIEN_THI" "l"
      WHERE "l"."MA" = :Ma_0
      FETCH FIRST 1 ROWS ONLY
info: Microsoft.EntityFrameworkCore.Database.Command[20101]
      Executed DbCommand (12ms) [Parameters=[:nguoiDung_ID_0='?' (DbType = Decimal)], CommandType='Text', CommandTimeout='0']
      SELECT "c"."VAI_TRO_ID"
      FROM "QL_VAI_TRO_NGUOI_DUNG" "c"
      WHERE "c"."NGUOI_DUNG_ID" = :nguoiDung_ID_0
info: Microsoft.EntityFrameworkCore.Database.Command[20101]
      Executed DbCommand (11ms) [Parameters=[:Ma_0='?' (Size = 2000)], CommandType='Text', CommandTimeout='0']
      SELECT "l"."GIA_TRI"
      FROM "QL_NHAN_HIEN_THI" "l"
      WHERE "l"."MA" = :Ma_0
      FETCH FIRST 1 ROWS ONLY
info: Microsoft.EntityFrameworkCore.Database.Command[20101]
      Executed DbCommand (15ms) [Parameters=[:nguoiDung_ID_0='?' (DbType = Decimal)], CommandType='Text', CommandTimeout='0']
      SELECT "c"."VAI_TRO_ID"
      FROM "QL_VAI_TRO_NGUOI_DUNG" "c"
      WHERE "c"."NGUOI_DUNG_ID" = :nguoiDung_ID_0
info: Microsoft.EntityFrameworkCore.Database.Command[20101]
      Executed DbCommand (11ms) [Parameters=[:Ma_0='?' (Size = 2000)], CommandType='Text', CommandTimeout='0']
      SELECT "l"."GIA_TRI"
      FROM "QL_NHAN_HIEN_THI" "l"
      WHERE "l"."MA" = :Ma_0
      FETCH FIRST 1 ROWS ONLY
info: Microsoft.EntityFrameworkCore.Database.Command[20101]
      Executed DbCommand (12ms) [Parameters=[:nguoiDung_ID_0='?' (DbType = Decimal)], CommandType='Text', CommandTimeout='0']
      SELECT "c"."VAI_TRO_ID"
      FROM "QL_VAI_TRO_NGUOI_DUNG" "c"
      WHERE "c"."NGUOI_DUNG_ID" = :nguoiDung_ID_0
info: Microsoft.EntityFrameworkCore.Database.Command[20101]
      Executed DbCommand (16ms) [Parameters=[:Ma_0='?' (Size = 2000)], CommandType='Text', CommandTimeout='0']
      SELECT "l"."GIA_TRI"
      FROM "QL_NHAN_HIEN_THI" "l"
      WHERE "l"."MA" = :Ma_0
      FETCH FIRST 1 ROWS ONLY
info: Microsoft.EntityFrameworkCore.Database.Command[20101]
      Executed DbCommand (13ms) [Parameters=[:nguoiDung_ID_0='?' (DbType = Decimal)], CommandType='Text', CommandTimeout='0']
      SELECT "c"."VAI_TRO_ID"
      FROM "QL_VAI_TRO_NGUOI_DUNG" "c"
      WHERE "c"."NGUOI_DUNG_ID" = :nguoiDung_ID_0
info: Microsoft.EntityFrameworkCore.Database.Command[20101]
      Executed DbCommand (16ms) [Parameters=[:Ma_0='?' (Size = 2000)], CommandType='Text', CommandTimeout='0']
      SELECT "l"."GIA_TRI"
      FROM "QL_NHAN_HIEN_THI" "l"
      WHERE "l"."MA" = :Ma_0
      FETCH FIRST 1 ROWS ONLY
info: Microsoft.EntityFrameworkCore.Database.Command[20101]
      Executed DbCommand (12ms) [Parameters=[:nguoiDung_ID_0='?' (DbType = Decimal)], CommandType='Text', CommandTimeout='0']
      SELECT "c"."VAI_TRO_ID"
      FROM "QL_VAI_TRO_NGUOI_DUNG" "c"
      WHERE "c"."NGUOI_DUNG_ID" = :nguoiDung_ID_0
info: Microsoft.EntityFrameworkCore.Database.Command[20101]
      Executed DbCommand (11ms) [Parameters=[:Ma_0='?' (Size = 2000)], CommandType='Text', CommandTimeout='0']
      SELECT "l"."GIA_TRI"
      FROM "QL_NHAN_HIEN_THI" "l"
      WHERE "l"."MA" = :Ma_0
      FETCH FIRST 1 ROWS ONLY
info: Microsoft.EntityFrameworkCore.Database.Command[20101]
      Executed DbCommand (18ms) [Parameters=[:nguoiDung_ID_0='?' (DbType = Decimal)], CommandType='Text', CommandTimeout='0']
      SELECT "c"."VAI_TRO_ID"
      FROM "QL_VAI_TRO_NGUOI_DUNG" "c"
      WHERE "c"."NGUOI_DUNG_ID" = :nguoiDung_ID_0
info: Microsoft.EntityFrameworkCore.Database.Command[20101]
      Executed DbCommand (15ms) [Parameters=[:Ma_0='?' (Size = 2000)], CommandType='Text', CommandTimeout='0']
      SELECT "l"."GIA_TRI"
      FROM "QL_NHAN_HIEN_THI" "l"
      WHERE "l"."MA" = :Ma_0
      FETCH FIRST 1 ROWS ONLY
info: Microsoft.EntityFrameworkCore.Database.Command[20101]
      Executed DbCommand (11ms) [Parameters=[:nguoiDung_ID_0='?' (DbType = Decimal)], CommandType='Text', CommandTimeout='0']
      SELECT "c"."VAI_TRO_ID"
      FROM "QL_VAI_TRO_NGUOI_DUNG" "c"
      WHERE "c"."NGUOI_DUNG_ID" = :nguoiDung_ID_0
info: Microsoft.EntityFrameworkCore.Database.Command[20101]
      Executed DbCommand (16ms) [Parameters=[:Ma_0='?' (Size = 2000)], CommandType='Text', CommandTimeout='0']
      SELECT "l"."GIA_TRI"
      FROM "QL_NHAN_HIEN_THI" "l"
      WHERE "l"."MA" = :Ma_0
      FETCH FIRST 1 ROWS ONLY
info: Microsoft.EntityFrameworkCore.Database.Command[20101]
      Executed DbCommand (13ms) [Parameters=[:nguoiDung_ID_0='?' (DbType = Decimal)], CommandType='Text', CommandTimeout='0']
      SELECT "c"."VAI_TRO_ID"
      FROM "QL_VAI_TRO_NGUOI_DUNG" "c"
      WHERE "c"."NGUOI_DUNG_ID" = :nguoiDung_ID_0
info: Microsoft.EntityFrameworkCore.Database.Command[20101]
      Executed DbCommand (8ms) [Parameters=[:Ma_0='?' (Size = 2000)], CommandType='Text', CommandTimeout='0']
      SELECT "l"."GIA_TRI"
      FROM "QL_NHAN_HIEN_THI" "l"
      WHERE "l"."MA" = :Ma_0
      FETCH FIRST 1 ROWS ONLY
info: Microsoft.EntityFrameworkCore.Database.Command[20101]
      Executed DbCommand (16ms) [Parameters=[:nguoiDung_ID_0='?' (DbType = Decimal)], CommandType='Text', CommandTimeout='0']
      SELECT "c"."VAI_TRO_ID"
      FROM "QL_VAI_TRO_NGUOI_DUNG" "c"
      WHERE "c"."NGUOI_DUNG_ID" = :nguoiDung_ID_0
info: Microsoft.EntityFrameworkCore.Database.Command[20101]
      Executed DbCommand (14ms) [Parameters=[:Ma_0='?' (Size = 2000)], CommandType='Text', CommandTimeout='0']
      SELECT "l"."GIA_TRI"
      FROM "QL_NHAN_HIEN_THI" "l"
      WHERE "l"."MA" = :Ma_0
      FETCH FIRST 1 ROWS ONLY
info: Microsoft.EntityFrameworkCore.Database.Command[20101]
      Executed DbCommand (12ms) [Parameters=[:nguoiDung_ID_0='?' (DbType = Decimal)], CommandType='Text', CommandTimeout='0']
      SELECT "c"."VAI_TRO_ID"
      FROM "QL_VAI_TRO_NGUOI_DUNG" "c"
      WHERE "c"."NGUOI_DUNG_ID" = :nguoiDung_ID_0
info: Microsoft.EntityFrameworkCore.Database.Command[20101]
      Executed DbCommand (38ms) [Parameters=[:Ma_0='?' (Size = 2000)], CommandType='Text', CommandTimeout='0']
      SELECT "l"."GIA_TRI"
      FROM "QL_NHAN_HIEN_THI" "l"
      WHERE "l"."MA" = :Ma_0
      FETCH FIRST 1 ROWS ONLY
info: Microsoft.EntityFrameworkCore.Database.Command[20101]
      Executed DbCommand (14ms) [Parameters=[:nguoiDung_ID_0='?' (DbType = Decimal)], CommandType='Text', CommandTimeout='0']
      SELECT "c"."VAI_TRO_ID"
      FROM "QL_VAI_TRO_NGUOI_DUNG" "c"
      WHERE "c"."NGUOI_DUNG_ID" = :nguoiDung_ID_0
info: Microsoft.EntityFrameworkCore.Database.Command[20101]
      Executed DbCommand (11ms) [Parameters=[:Ma_0='?' (Size = 2000)], CommandType='Text', CommandTimeout='0']
      SELECT "l"."GIA_TRI"
      FROM "QL_NHAN_HIEN_THI" "l"
      WHERE "l"."MA" = :Ma_0
      FETCH FIRST 1 ROWS ONLY
info: Microsoft.EntityFrameworkCore.Database.Command[20101]
      Executed DbCommand (13ms) [Parameters=[:nguoiDung_ID_0='?' (DbType = Decimal)], CommandType='Text', CommandTimeout='0']
      SELECT "c"."VAI_TRO_ID"
      FROM "QL_VAI_TRO_NGUOI_DUNG" "c"
      WHERE "c"."NGUOI_DUNG_ID" = :nguoiDung_ID_0
info: Microsoft.EntityFrameworkCore.Database.Command[20101]
      Executed DbCommand (23ms) [Parameters=[:Ma_0='?' (Size = 2000)], CommandType='Text', CommandTimeout='0']
      SELECT "l"."GIA_TRI"
      FROM "QL_NHAN_HIEN_THI" "l"
      WHERE "l"."MA" = :Ma_0
      FETCH FIRST 1 ROWS ONLY
info: Microsoft.EntityFrameworkCore.Database.Command[20101]
      Executed DbCommand (20ms) [Parameters=[:nguoiDung_ID_0='?' (DbType = Decimal)], CommandType='Text', CommandTimeout='0']
      SELECT "c"."VAI_TRO_ID"
      FROM "QL_VAI_TRO_NGUOI_DUNG" "c"
      WHERE "c"."NGUOI_DUNG_ID" = :nguoiDung_ID_0
info: Microsoft.EntityFrameworkCore.Database.Command[20101]
      Executed DbCommand (11ms) [Parameters=[:Ma_0='?' (Size = 2000)], CommandType='Text', CommandTimeout='0']
      SELECT "l"."GIA_TRI"
      FROM "QL_NHAN_HIEN_THI" "l"
      WHERE "l"."MA" = :Ma_0
      FETCH FIRST 1 ROWS ONLY
info: Microsoft.EntityFrameworkCore.Database.Command[20101]
      Executed DbCommand (14ms) [Parameters=[:nguoiDung_ID_0='?' (DbType = Decimal)], CommandType='Text', CommandTimeout='0']
      SELECT "c"."VAI_TRO_ID"
      FROM "QL_VAI_TRO_NGUOI_DUNG" "c"
      WHERE "c"."NGUOI_DUNG_ID" = :nguoiDung_ID_0
info: Microsoft.EntityFrameworkCore.Database.Command[20101]
      Executed DbCommand (15ms) [Parameters=[:Ma_0='?' (Size = 2000)], CommandType='Text', CommandTimeout='0']
      SELECT "l"."GIA_TRI"
      FROM "QL_NHAN_HIEN_THI" "l"
      WHERE "l"."MA" = :Ma_0
      FETCH FIRST 1 ROWS ONLY
info: Microsoft.EntityFrameworkCore.Database.Command[20101]
      Executed DbCommand (11ms) [Parameters=[:nguoiDung_ID_0='?' (DbType = Decimal)], CommandType='Text', CommandTimeout='0']
      SELECT "c"."VAI_TRO_ID"
      FROM "QL_VAI_TRO_NGUOI_DUNG" "c"
      WHERE "c"."NGUOI_DUNG_ID" = :nguoiDung_ID_0
info: Microsoft.EntityFrameworkCore.Database.Command[20101]
      Executed DbCommand (13ms) [Parameters=[:Ma_0='?' (Size = 2000)], CommandType='Text', CommandTimeout='0']
      SELECT "l"."GIA_TRI"
      FROM "QL_NHAN_HIEN_THI" "l"
      WHERE "l"."MA" = :Ma_0
      FETCH FIRST 1 ROWS ONLY
info: Microsoft.EntityFrameworkCore.Database.Command[20101]
      Executed DbCommand (13ms) [Parameters=[:nguoiDung_ID_0='?' (DbType = Decimal)], CommandType='Text', CommandTimeout='0']
      SELECT "c"."VAI_TRO_ID"
      FROM "QL_VAI_TRO_NGUOI_DUNG" "c"
      WHERE "c"."NGUOI_DUNG_ID" = :nguoiDung_ID_0
info: Microsoft.EntityFrameworkCore.Database.Command[20101]
      Executed DbCommand (12ms) [Parameters=[:Ma_0='?' (Size = 2000)], CommandType='Text', CommandTimeout='0']
      SELECT "l"."GIA_TRI"
      FROM "QL_NHAN_HIEN_THI" "l"
      WHERE "l"."MA" = :Ma_0
      FETCH FIRST 1 ROWS ONLY
info: Microsoft.EntityFrameworkCore.Database.Command[20101]
      Executed DbCommand (10ms) [Parameters=[:nguoiDung_ID_0='?' (DbType = Decimal)], CommandType='Text', CommandTimeout='0']
      SELECT "c"."VAI_TRO_ID"
      FROM "QL_VAI_TRO_NGUOI_DUNG" "c"
      WHERE "c"."NGUOI_DUNG_ID" = :nguoiDung_ID_0
info: Microsoft.EntityFrameworkCore.Database.Command[20101]
      Executed DbCommand (15ms) [Parameters=[:Ma_0='?' (Size = 2000)], CommandType='Text', CommandTimeout='0']
      SELECT "l"."GIA_TRI"
      FROM "QL_NHAN_HIEN_THI" "l"
      WHERE "l"."MA" = :Ma_0
      FETCH FIRST 1 ROWS ONLY
info: Microsoft.EntityFrameworkCore.Database.Command[20101]
      Executed DbCommand (12ms) [Parameters=[:nguoiDung_ID_0='?' (DbType = Decimal)], CommandType='Text', CommandTimeout='0']
      SELECT "c"."VAI_TRO_ID"
      FROM "QL_VAI_TRO_NGUOI_DUNG" "c"
      WHERE "c"."NGUOI_DUNG_ID" = :nguoiDung_ID_0
info: Microsoft.EntityFrameworkCore.Database.Command[20101]
      Executed DbCommand (15ms) [Parameters=[:Ma_0='?' (Size = 2000)], CommandType='Text', CommandTimeout='0']
      SELECT "l"."GIA_TRI"
      FROM "QL_NHAN_HIEN_THI" "l"
      WHERE "l"."MA" = :Ma_0
      FETCH FIRST 1 ROWS ONLY
info: Microsoft.EntityFrameworkCore.Database.Command[20101]
      Executed DbCommand (10ms) [Parameters=[:nguoiDung_ID_0='?' (DbType = Decimal)], CommandType='Text', CommandTimeout='0']
      SELECT "c"."VAI_TRO_ID"
      FROM "QL_VAI_TRO_NGUOI_DUNG" "c"
      WHERE "c"."NGUOI_DUNG_ID" = :nguoiDung_ID_0
info: Microsoft.EntityFrameworkCore.Database.Command[20101]
      Executed DbCommand (13ms) [Parameters=[:Ma_0='?' (Size = 2000)], CommandType='Text', CommandTimeout='0']
      SELECT "l"."GIA_TRI"
      FROM "QL_NHAN_HIEN_THI" "l"
      WHERE "l"."MA" = :Ma_0
      FETCH FIRST 1 ROWS ONLY
info: Microsoft.EntityFrameworkCore.Database.Command[20101]
      Executed DbCommand (13ms) [Parameters=[:nguoiDung_ID_0='?' (DbType = Decimal)], CommandType='Text', CommandTimeout='0']
      SELECT "c"."VAI_TRO_ID"
      FROM "QL_VAI_TRO_NGUOI_DUNG" "c"
      WHERE "c"."NGUOI_DUNG_ID" = :nguoiDung_ID_0
info: Microsoft.EntityFrameworkCore.Database.Command[20101]
      Executed DbCommand (9ms) [Parameters=[:Ma_0='?' (Size = 2000)], CommandType='Text', CommandTimeout='0']
      SELECT "l"."GIA_TRI"
      FROM "QL_NHAN_HIEN_THI" "l"
      WHERE "l"."MA" = :Ma_0
      FETCH FIRST 1 ROWS ONLY
info: Microsoft.EntityFrameworkCore.Database.Command[20101]
      Executed DbCommand (10ms) [Parameters=[:nguoiDung_ID_0='?' (DbType = Decimal)], CommandType='Text', CommandTimeout='0']
      SELECT "c"."VAI_TRO_ID"
      FROM "QL_VAI_TRO_NGUOI_DUNG" "c"
      WHERE "c"."NGUOI_DUNG_ID" = :nguoiDung_ID_0
info: Microsoft.EntityFrameworkCore.Database.Command[20101]
      Executed DbCommand (67ms) [Parameters=[:donViId_0='?' (DbType = Decimal)], CommandType='Text', CommandTimeout='0']
      SELECT COUNT(*)
      FROM "DM_DON_VI" "p"
      WHERE ((("p"."PARENT_ID" = :donViId_0) AND ("p"."LA_BAN_QL_DU_AN" = 1)) OR (("p"."ID" = :donViId_0) AND ("p"."LOAI_DON_VI_ID" = 15.0))) OR (("p"."ID" = :donViId_0) AND ("p"."LA_BAN_QL_DU_AN" = 1))
info: Microsoft.EntityFrameworkCore.Database.Command[20101]
      Executed DbCommand (11ms) [Parameters=[:Ma_0='?' (Size = 2000)], CommandType='Text', CommandTimeout='0']
      SELECT "l"."GIA_TRI"
      FROM "QL_NHAN_HIEN_THI" "l"
      WHERE "l"."MA" = :Ma_0
      FETCH FIRST 1 ROWS ONLY
info: Microsoft.EntityFrameworkCore.Database.Command[20101]
      Executed DbCommand (10ms) [Parameters=[:nguoiDung_ID_0='?' (DbType = Decimal)], CommandType='Text', CommandTimeout='0']
      SELECT "c"."VAI_TRO_ID"
      FROM "QL_VAI_TRO_NGUOI_DUNG" "c"
      WHERE "c"."NGUOI_DUNG_ID" = :nguoiDung_ID_0
info: Microsoft.EntityFrameworkCore.Database.Command[20101]
      Executed DbCommand (68ms) [Parameters=[:donViId_0='?' (DbType = Decimal)], CommandType='Text', CommandTimeout='0']
      SELECT COUNT(*)
      FROM "DM_DON_VI" "p"
      WHERE ((("p"."PARENT_ID" = :donViId_0) AND ("p"."LA_BAN_QL_DU_AN" = 1)) OR (("p"."ID" = :donViId_0) AND ("p"."LOAI_DON_VI_ID" = 15.0))) OR (("p"."ID" = :donViId_0) AND ("p"."LA_BAN_QL_DU_AN" = 1))
info: Microsoft.EntityFrameworkCore.Database.Command[20101]
      Executed DbCommand (28ms) [Parameters=[:Ma_0='?' (Size = 2000)], CommandType='Text', CommandTimeout='0']
      SELECT "l"."GIA_TRI"
      FROM "QL_NHAN_HIEN_THI" "l"
      WHERE "l"."MA" = :Ma_0
      FETCH FIRST 1 ROWS ONLY
info: Microsoft.EntityFrameworkCore.Database.Command[20101]
      Executed DbCommand (24ms) [Parameters=[:nguoiDung_ID_0='?' (DbType = Decimal)], CommandType='Text', CommandTimeout='0']
      SELECT "c"."VAI_TRO_ID"
      FROM "QL_VAI_TRO_NGUOI_DUNG" "c"
      WHERE "c"."NGUOI_DUNG_ID" = :nguoiDung_ID_0
info: Microsoft.EntityFrameworkCore.Database.Command[20101]
      Executed DbCommand (74ms) [Parameters=[:donViId_0='?' (DbType = Decimal)], CommandType='Text', CommandTimeout='0']
      SELECT COUNT(*)
      FROM "DM_DON_VI" "p"
      WHERE ((("p"."PARENT_ID" = :donViId_0) AND ("p"."LA_BAN_QL_DU_AN" = 1)) OR (("p"."ID" = :donViId_0) AND ("p"."LOAI_DON_VI_ID" = 15.0))) OR (("p"."ID" = :donViId_0) AND ("p"."LA_BAN_QL_DU_AN" = 1))
info: Microsoft.EntityFrameworkCore.Database.Command[20101]
      Executed DbCommand (18ms) [Parameters=[:nguoiDung_ID_0='?' (DbType = Decimal)], CommandType='Text', CommandTimeout='0']
      SELECT "c"."VAI_TRO_ID"
      FROM "QL_VAI_TRO_NGUOI_DUNG" "c"
      WHERE "c"."NGUOI_DUNG_ID" = :nguoiDung_ID_0
info: Microsoft.EntityFrameworkCore.Database.Command[20101]
      Executed DbCommand (73ms) [Parameters=[:donViId_0='?' (DbType = Decimal)], CommandType='Text', CommandTimeout='0']
      SELECT COUNT(*)
      FROM "DM_DON_VI" "p"
      WHERE ((("p"."PARENT_ID" = :donViId_0) AND ("p"."LA_BAN_QL_DU_AN" = 1)) OR (("p"."ID" = :donViId_0) AND ("p"."LOAI_DON_VI_ID" = 15.0))) OR (("p"."ID" = :donViId_0) AND ("p"."LA_BAN_QL_DU_AN" = 1))
info: Microsoft.EntityFrameworkCore.Database.Command[20101]
      Executed DbCommand (23ms) [Parameters=[:nguoiDung_ID_0='?' (DbType = Decimal)], CommandType='Text', CommandTimeout='0']
      SELECT "c"."VAI_TRO_ID"
      FROM "QL_VAI_TRO_NGUOI_DUNG" "c"
      WHERE "c"."NGUOI_DUNG_ID" = :nguoiDung_ID_0
info: Microsoft.EntityFrameworkCore.Database.Command[20101]
      Executed DbCommand (73ms) [Parameters=[:donViId_0='?' (DbType = Decimal)], CommandType='Text', CommandTimeout='0']
      SELECT COUNT(*)
      FROM "DM_DON_VI" "p"
      WHERE ((("p"."PARENT_ID" = :donViId_0) AND ("p"."LA_BAN_QL_DU_AN" = 1)) OR (("p"."ID" = :donViId_0) AND ("p"."LOAI_DON_VI_ID" = 15.0))) OR (("p"."ID" = :donViId_0) AND ("p"."LA_BAN_QL_DU_AN" = 1))
info: Microsoft.EntityFrameworkCore.Database.Command[20101]
      Executed DbCommand (13ms) [Parameters=[:nguoiDung_ID_0='?' (DbType = Decimal)], CommandType='Text', CommandTimeout='0']
      SELECT "c"."VAI_TRO_ID"
      FROM "QL_VAI_TRO_NGUOI_DUNG" "c"
      WHERE "c"."NGUOI_DUNG_ID" = :nguoiDung_ID_0
info: Microsoft.EntityFrameworkCore.Database.Command[20101]
      Executed DbCommand (65ms) [Parameters=[:donViId_0='?' (DbType = Decimal)], CommandType='Text', CommandTimeout='0']
      SELECT COUNT(*)
      FROM "DM_DON_VI" "p"
      WHERE ((("p"."PARENT_ID" = :donViId_0) AND ("p"."LA_BAN_QL_DU_AN" = 1)) OR (("p"."ID" = :donViId_0) AND ("p"."LOAI_DON_VI_ID" = 15.0))) OR (("p"."ID" = :donViId_0) AND ("p"."LA_BAN_QL_DU_AN" = 1))
info: Microsoft.EntityFrameworkCore.Database.Command[20101]
      Executed DbCommand (15ms) [Parameters=[:nguoiDung_ID_0='?' (DbType = Decimal)], CommandType='Text', CommandTimeout='0']
      SELECT "c"."VAI_TRO_ID"
      FROM "QL_VAI_TRO_NGUOI_DUNG" "c"
      WHERE "c"."NGUOI_DUNG_ID" = :nguoiDung_ID_0
info: Microsoft.EntityFrameworkCore.Database.Command[20101]
      Executed DbCommand (67ms) [Parameters=[:donViId_0='?' (DbType = Decimal)], CommandType='Text', CommandTimeout='0']
      SELECT COUNT(*)
      FROM "DM_DON_VI" "p"
      WHERE ((("p"."PARENT_ID" = :donViId_0) AND ("p"."LA_BAN_QL_DU_AN" = 1)) OR (("p"."ID" = :donViId_0) AND ("p"."LOAI_DON_VI_ID" = 15.0))) OR (("p"."ID" = :donViId_0) AND ("p"."LA_BAN_QL_DU_AN" = 1))
info: Microsoft.EntityFrameworkCore.Database.Command[20101]
      Executed DbCommand (10ms) [Parameters=[:Ma_0='?' (Size = 2000)], CommandType='Text', CommandTimeout='0']
      SELECT "l"."GIA_TRI"
      FROM "QL_NHAN_HIEN_THI" "l"
      WHERE "l"."MA" = :Ma_0
      FETCH FIRST 1 ROWS ONLY
info: Microsoft.EntityFrameworkCore.Database.Command[20101]
      Executed DbCommand (10ms) [Parameters=[:nguoiDung_ID_0='?' (DbType = Decimal)], CommandType='Text', CommandTimeout='0']
      SELECT "c"."VAI_TRO_ID"
      FROM "QL_VAI_TRO_NGUOI_DUNG" "c"
      WHERE "c"."NGUOI_DUNG_ID" = :nguoiDung_ID_0
info: Microsoft.EntityFrameworkCore.Database.Command[20101]
      Executed DbCommand (15ms) [Parameters=[:Ma_0='?' (Size = 2000)], CommandType='Text', CommandTimeout='0']
      SELECT "l"."GIA_TRI"
      FROM "QL_NHAN_HIEN_THI" "l"
      WHERE "l"."MA" = :Ma_0
      FETCH FIRST 1 ROWS ONLY
info: Microsoft.EntityFrameworkCore.Database.Command[20101]
      Executed DbCommand (15ms) [Parameters=[:nguoiDung_ID_0='?' (DbType = Decimal)], CommandType='Text', CommandTimeout='0']
      SELECT "c"."VAI_TRO_ID"
      FROM "QL_VAI_TRO_NGUOI_DUNG" "c"
      WHERE "c"."NGUOI_DUNG_ID" = :nguoiDung_ID_0
info: Microsoft.EntityFrameworkCore.Database.Command[20101]
      Executed DbCommand (10ms) [Parameters=[:Ma_0='?' (Size = 2000)], CommandType='Text', CommandTimeout='0']
      SELECT "l"."GIA_TRI"
      FROM "QL_NHAN_HIEN_THI" "l"
      WHERE "l"."MA" = :Ma_0
      FETCH FIRST 1 ROWS ONLY
info: Microsoft.EntityFrameworkCore.Database.Command[20101]
      Executed DbCommand (14ms) [Parameters=[:nguoiDung_ID_0='?' (DbType = Decimal)], CommandType='Text', CommandTimeout='0']
      SELECT "c"."VAI_TRO_ID"
      FROM "QL_VAI_TRO_NGUOI_DUNG" "c"
      WHERE "c"."NGUOI_DUNG_ID" = :nguoiDung_ID_0
info: Microsoft.EntityFrameworkCore.Database.Command[20101]
      Executed DbCommand (14ms) [Parameters=[:Ma_0='?' (Size = 2000)], CommandType='Text', CommandTimeout='0']
      SELECT "l"."GIA_TRI"
      FROM "QL_NHAN_HIEN_THI" "l"
      WHERE "l"."MA" = :Ma_0
      FETCH FIRST 1 ROWS ONLY
info: Microsoft.EntityFrameworkCore.Database.Command[20101]
      Executed DbCommand (14ms) [Parameters=[:nguoiDung_ID_0='?' (DbType = Decimal)], CommandType='Text', CommandTimeout='0']
      SELECT "c"."VAI_TRO_ID"
      FROM "QL_VAI_TRO_NGUOI_DUNG" "c"
      WHERE "c"."NGUOI_DUNG_ID" = :nguoiDung_ID_0
info: Microsoft.EntityFrameworkCore.Database.Command[20101]
      Executed DbCommand (17ms) [Parameters=[:Ma_0='?' (Size = 2000)], CommandType='Text', CommandTimeout='0']
      SELECT "l"."GIA_TRI"
      FROM "QL_NHAN_HIEN_THI" "l"
      WHERE "l"."MA" = :Ma_0
      FETCH FIRST 1 ROWS ONLY
info: Microsoft.EntityFrameworkCore.Database.Command[20101]
      Executed DbCommand (12ms) [Parameters=[:nguoiDung_ID_0='?' (DbType = Decimal)], CommandType='Text', CommandTimeout='0']
      SELECT "c"."VAI_TRO_ID"
      FROM "QL_VAI_TRO_NGUOI_DUNG" "c"
      WHERE "c"."NGUOI_DUNG_ID" = :nguoiDung_ID_0
info: Microsoft.EntityFrameworkCore.Database.Command[20101]
      Executed DbCommand (16ms) [Parameters=[:Ma_0='?' (Size = 2000)], CommandType='Text', CommandTimeout='0']
      SELECT "l"."GIA_TRI"
      FROM "QL_NHAN_HIEN_THI" "l"
      WHERE "l"."MA" = :Ma_0
      FETCH FIRST 1 ROWS ONLY
info: Microsoft.EntityFrameworkCore.Database.Command[20101]
      Executed DbCommand (15ms) [Parameters=[:nguoiDung_ID_0='?' (DbType = Decimal)], CommandType='Text', CommandTimeout='0']
      SELECT "c"."VAI_TRO_ID"
      FROM "QL_VAI_TRO_NGUOI_DUNG" "c"
      WHERE "c"."NGUOI_DUNG_ID" = :nguoiDung_ID_0
info: Microsoft.EntityFrameworkCore.Database.Command[20101]
      Executed DbCommand (10ms) [Parameters=[:Ma_0='?' (Size = 2000)], CommandType='Text', CommandTimeout='0']
      SELECT "l"."GIA_TRI"
      FROM "QL_NHAN_HIEN_THI" "l"
      WHERE "l"."MA" = :Ma_0
      FETCH FIRST 1 ROWS ONLY
info: Microsoft.EntityFrameworkCore.Database.Command[20101]
      Executed DbCommand (14ms) [Parameters=[:nguoiDung_ID_0='?' (DbType = Decimal)], CommandType='Text', CommandTimeout='0']
      SELECT "c"."VAI_TRO_ID"
      FROM "QL_VAI_TRO_NGUOI_DUNG" "c"
      WHERE "c"."NGUOI_DUNG_ID" = :nguoiDung_ID_0
info: Microsoft.EntityFrameworkCore.Database.Command[20101]
      Executed DbCommand (15ms) [Parameters=[:Ma_0='?' (Size = 2000)], CommandType='Text', CommandTimeout='0']
      SELECT "l"."GIA_TRI"
      FROM "QL_NHAN_HIEN_THI" "l"
      WHERE "l"."MA" = :Ma_0
      FETCH FIRST 1 ROWS ONLY
info: Microsoft.EntityFrameworkCore.Database.Command[20101]
      Executed DbCommand (12ms) [Parameters=[:nguoiDung_ID_0='?' (DbType = Decimal)], CommandType='Text', CommandTimeout='0']
      SELECT "c"."VAI_TRO_ID"
      FROM "QL_VAI_TRO_NGUOI_DUNG" "c"
      WHERE "c"."NGUOI_DUNG_ID" = :nguoiDung_ID_0
info: Microsoft.EntityFrameworkCore.Database.Command[20101]
      Executed DbCommand (13ms) [Parameters=[:Ma_0='?' (Size = 2000)], CommandType='Text', CommandTimeout='0']
      SELECT "l"."GIA_TRI"
      FROM "QL_NHAN_HIEN_THI" "l"
      WHERE "l"."MA" = :Ma_0
      FETCH FIRST 1 ROWS ONLY
info: Microsoft.EntityFrameworkCore.Database.Command[20101]
      Executed DbCommand (9ms) [Parameters=[:nguoiDung_ID_0='?' (DbType = Decimal)], CommandType='Text', CommandTimeout='0']
      SELECT "c"."VAI_TRO_ID"
      FROM "QL_VAI_TRO_NGUOI_DUNG" "c"
      WHERE "c"."NGUOI_DUNG_ID" = :nguoiDung_ID_0
info: Microsoft.EntityFrameworkCore.Database.Command[20101]
      Executed DbCommand (13ms) [Parameters=[:Ma_0='?' (Size = 2000)], CommandType='Text', CommandTimeout='0']
      SELECT "l"."GIA_TRI"
      FROM "QL_NHAN_HIEN_THI" "l"
      WHERE "l"."MA" = :Ma_0
      FETCH FIRST 1 ROWS ONLY
info: Microsoft.EntityFrameworkCore.Database.Command[20101]
      Executed DbCommand (12ms) [Parameters=[:nguoiDung_ID_0='?' (DbType = Decimal)], CommandType='Text', CommandTimeout='0']
      SELECT "c"."VAI_TRO_ID"
      FROM "QL_VAI_TRO_NGUOI_DUNG" "c"
      WHERE "c"."NGUOI_DUNG_ID" = :nguoiDung_ID_0
info: Microsoft.EntityFrameworkCore.Database.Command[20101]
      Executed DbCommand (17ms) [Parameters=[:Ma_0='?' (Size = 2000)], CommandType='Text', CommandTimeout='0']
      SELECT "l"."GIA_TRI"
      FROM "QL_NHAN_HIEN_THI" "l"
      WHERE "l"."MA" = :Ma_0
      FETCH FIRST 1 ROWS ONLY
info: Microsoft.EntityFrameworkCore.Database.Command[20101]
      Executed DbCommand (16ms) [Parameters=[:nguoiDung_ID_0='?' (DbType = Decimal)], CommandType='Text', CommandTimeout='0']
      SELECT "c"."VAI_TRO_ID"
      FROM "QL_VAI_TRO_NGUOI_DUNG" "c"
      WHERE "c"."NGUOI_DUNG_ID" = :nguoiDung_ID_0
info: Microsoft.EntityFrameworkCore.Database.Command[20101]
      Executed DbCommand (14ms) [Parameters=[:Ma_0='?' (Size = 2000)], CommandType='Text', CommandTimeout='0']
      SELECT "l"."GIA_TRI"
      FROM "QL_NHAN_HIEN_THI" "l"
      WHERE "l"."MA" = :Ma_0
      FETCH FIRST 1 ROWS ONLY
info: Microsoft.EntityFrameworkCore.Database.Command[20101]
      Executed DbCommand (9ms) [Parameters=[:nguoiDung_ID_0='?' (DbType = Decimal)], CommandType='Text', CommandTimeout='0']
      SELECT "c"."VAI_TRO_ID"
      FROM "QL_VAI_TRO_NGUOI_DUNG" "c"
      WHERE "c"."NGUOI_DUNG_ID" = :nguoiDung_ID_0
info: Microsoft.EntityFrameworkCore.Database.Command[20101]
      Executed DbCommand (7ms) [Parameters=[:Ma_0='?' (Size = 2000)], CommandType='Text', CommandTimeout='0']
      SELECT "l"."GIA_TRI"
      FROM "QL_NHAN_HIEN_THI" "l"
      WHERE "l"."MA" = :Ma_0
      FETCH FIRST 1 ROWS ONLY
info: Microsoft.EntityFrameworkCore.Database.Command[20101]
      Executed DbCommand (9ms) [Parameters=[:nguoiDung_ID_0='?' (DbType = Decimal)], CommandType='Text', CommandTimeout='0']
      SELECT "c"."VAI_TRO_ID"
      FROM "QL_VAI_TRO_NGUOI_DUNG" "c"
      WHERE "c"."NGUOI_DUNG_ID" = :nguoiDung_ID_0
info: Microsoft.EntityFrameworkCore.Database.Command[20101]
      Executed DbCommand (9ms) [Parameters=[:Ma_0='?' (Size = 2000)], CommandType='Text', CommandTimeout='0']
      SELECT "l"."GIA_TRI"
      FROM "QL_NHAN_HIEN_THI" "l"
      WHERE "l"."MA" = :Ma_0
      FETCH FIRST 1 ROWS ONLY
info: Microsoft.EntityFrameworkCore.Database.Command[20101]
      Executed DbCommand (16ms) [Parameters=[:nguoiDung_ID_0='?' (DbType = Decimal)], CommandType='Text', CommandTimeout='0']
      SELECT "c"."VAI_TRO_ID"
      FROM "QL_VAI_TRO_NGUOI_DUNG" "c"
      WHERE "c"."NGUOI_DUNG_ID" = :nguoiDung_ID_0
info: Microsoft.EntityFrameworkCore.Database.Command[20101]
      Executed DbCommand (12ms) [Parameters=[:Ma_0='?' (Size = 2000)], CommandType='Text', CommandTimeout='0']
      SELECT "l"."GIA_TRI"
      FROM "QL_NHAN_HIEN_THI" "l"
      WHERE "l"."MA" = :Ma_0
      FETCH FIRST 1 ROWS ONLY
info: Microsoft.EntityFrameworkCore.Database.Command[20101]
      Executed DbCommand (12ms) [Parameters=[:nguoiDung_ID_0='?' (DbType = Decimal)], CommandType='Text', CommandTimeout='0']
      SELECT "c"."VAI_TRO_ID"
      FROM "QL_VAI_TRO_NGUOI_DUNG" "c"
      WHERE "c"."NGUOI_DUNG_ID" = :nguoiDung_ID_0
info: Microsoft.EntityFrameworkCore.Database.Command[20101]
      Executed DbCommand (8ms) [Parameters=[:Ma_0='?' (Size = 2000)], CommandType='Text', CommandTimeout='0']
      SELECT "l"."GIA_TRI"
      FROM "QL_NHAN_HIEN_THI" "l"
      WHERE "l"."MA" = :Ma_0
      FETCH FIRST 1 ROWS ONLY
info: Microsoft.EntityFrameworkCore.Database.Command[20101]
      Executed DbCommand (8ms) [Parameters=[:nguoiDung_ID_0='?' (DbType = Decimal)], CommandType='Text', CommandTimeout='0']
      SELECT "c"."VAI_TRO_ID"
      FROM "QL_VAI_TRO_NGUOI_DUNG" "c"
      WHERE "c"."NGUOI_DUNG_ID" = :nguoiDung_ID_0
info: Microsoft.EntityFrameworkCore.Database.Command[20101]
      Executed DbCommand (14ms) [Parameters=[:Ma_0='?' (Size = 2000)], CommandType='Text', CommandTimeout='0']
      SELECT "l"."GIA_TRI"
      FROM "QL_NHAN_HIEN_THI" "l"
      WHERE "l"."MA" = :Ma_0
      FETCH FIRST 1 ROWS ONLY
info: Microsoft.EntityFrameworkCore.Database.Command[20101]
      Executed DbCommand (11ms) [Parameters=[:nguoiDung_ID_0='?' (DbType = Decimal)], CommandType='Text', CommandTimeout='0']
      SELECT "c"."VAI_TRO_ID"
      FROM "QL_VAI_TRO_NGUOI_DUNG" "c"
      WHERE "c"."NGUOI_DUNG_ID" = :nguoiDung_ID_0
info: Microsoft.EntityFrameworkCore.Database.Command[20101]
      Executed DbCommand (10ms) [Parameters=[:Ma_0='?' (Size = 2000)], CommandType='Text', CommandTimeout='0']
      SELECT "l"."GIA_TRI"
      FROM "QL_NHAN_HIEN_THI" "l"
      WHERE "l"."MA" = :Ma_0
      FETCH FIRST 1 ROWS ONLY
info: Microsoft.EntityFrameworkCore.Database.Command[20101]
      Executed DbCommand (13ms) [Parameters=[:nguoiDung_ID_0='?' (DbType = Decimal)], CommandType='Text', CommandTimeout='0']
      SELECT "c"."VAI_TRO_ID"
      FROM "QL_VAI_TRO_NGUOI_DUNG" "c"
      WHERE "c"."NGUOI_DUNG_ID" = :nguoiDung_ID_0
info: Microsoft.EntityFrameworkCore.Database.Command[20101]
      Executed DbCommand (10ms) [Parameters=[:Ma_0='?' (Size = 2000)], CommandType='Text', CommandTimeout='0']
      SELECT "l"."GIA_TRI"
      FROM "QL_NHAN_HIEN_THI" "l"
      WHERE "l"."MA" = :Ma_0
      FETCH FIRST 1 ROWS ONLY
info: Microsoft.EntityFrameworkCore.Database.Command[20101]
      Executed DbCommand (11ms) [Parameters=[:Ma_0='?' (Size = 2000)], CommandType='Text', CommandTimeout='0']
      SELECT "l"."GIA_TRI"
      FROM "QL_NHAN_HIEN_THI" "l"
      WHERE "l"."MA" = :Ma_0
      FETCH FIRST 1 ROWS ONLY
info: Microsoft.EntityFrameworkCore.Database.Command[20101]
      Executed DbCommand (12ms) [Parameters=[:Ma_0='?' (Size = 2000)], CommandType='Text', CommandTimeout='0']
      SELECT "l"."GIA_TRI"
      FROM "QL_NHAN_HIEN_THI" "l"
      WHERE "l"."MA" = :Ma_0
      FETCH FIRST 1 ROWS ONLY
info: Microsoft.EntityFrameworkCore.Database.Command[20101]
      Executed DbCommand (17ms) [Parameters=[:Ma_0='?' (Size = 2000)], CommandType='Text', CommandTimeout='0']
      SELECT "l"."GIA_TRI"
      FROM "QL_NHAN_HIEN_THI" "l"
      WHERE "l"."MA" = :Ma_0
      FETCH FIRST 1 ROWS ONLY
info: Microsoft.EntityFrameworkCore.Database.Command[20101]
      Executed DbCommand (9ms) [Parameters=[:Ma_0='?' (Size = 2000)], CommandType='Text', CommandTimeout='0']
      SELECT "l"."GIA_TRI"
      FROM "QL_NHAN_HIEN_THI" "l"
      WHERE "l"."MA" = :Ma_0
      FETCH FIRST 1 ROWS ONLY
info: Microsoft.EntityFrameworkCore.Database.Command[20101]
      Executed DbCommand (11ms) [Parameters=[:nguoiDung_ID_0='?' (DbType = Decimal)], CommandType='Text', CommandTimeout='0']
      SELECT "c"."VAI_TRO_ID"
      FROM "QL_VAI_TRO_NGUOI_DUNG" "c"
      WHERE "c"."NGUOI_DUNG_ID" = :nguoiDung_ID_0
info: Microsoft.EntityFrameworkCore.Database.Command[20101]
      Executed DbCommand (12ms) [Parameters=[:Ma_0='?' (Size = 2000)], CommandType='Text', CommandTimeout='0']
      SELECT "l"."GIA_TRI"
      FROM "QL_NHAN_HIEN_THI" "l"
      WHERE "l"."MA" = :Ma_0
      FETCH FIRST 1 ROWS ONLY
info: Microsoft.EntityFrameworkCore.Database.Command[20101]
      Executed DbCommand (11ms) [Parameters=[:Ma_0='?' (Size = 2000)], CommandType='Text', CommandTimeout='0']
      SELECT "l"."GIA_TRI"
      FROM "QL_NHAN_HIEN_THI" "l"
      WHERE "l"."MA" = :Ma_0
      FETCH FIRST 1 ROWS ONLY
info: Microsoft.EntityFrameworkCore.Database.Command[20101]
      Executed DbCommand (8ms) [Parameters=[:Ma_0='?' (Size = 2000)], CommandType='Text', CommandTimeout='0']
      SELECT "l"."GIA_TRI"
      FROM "QL_NHAN_HIEN_THI" "l"
      WHERE "l"."MA" = :Ma_0
      FETCH FIRST 1 ROWS ONLY
info: Microsoft.EntityFrameworkCore.Database.Command[20101]
      Executed DbCommand (16ms) [Parameters=[:nguoiDung_ID_0='?' (DbType = Decimal)], CommandType='Text', CommandTimeout='0']
      SELECT "c"."VAI_TRO_ID"
      FROM "QL_VAI_TRO_NGUOI_DUNG" "c"
      WHERE "c"."NGUOI_DUNG_ID" = :nguoiDung_ID_0
info: Microsoft.EntityFrameworkCore.Database.Command[20101]
      Executed DbCommand (7ms) [Parameters=[:Ma_0='?' (Size = 2000)], CommandType='Text', CommandTimeout='0']
      SELECT "l"."GIA_TRI"
      FROM "QL_NHAN_HIEN_THI" "l"
      WHERE "l"."MA" = :Ma_0
      FETCH FIRST 1 ROWS ONLY
info: Microsoft.EntityFrameworkCore.Database.Command[20101]
      Executed DbCommand (12ms) [Parameters=[:Ma_0='?' (Size = 2000)], CommandType='Text', CommandTimeout='0']
      SELECT "l"."GIA_TRI"
      FROM "QL_NHAN_HIEN_THI" "l"
      WHERE "l"."MA" = :Ma_0
      FETCH FIRST 1 ROWS ONLY
info: Microsoft.EntityFrameworkCore.Database.Command[20101]
      Executed DbCommand (12ms) [Parameters=[:Ma_0='?' (Size = 2000)], CommandType='Text', CommandTimeout='0']
      SELECT "l"."GIA_TRI"
      FROM "QL_NHAN_HIEN_THI" "l"
      WHERE "l"."MA" = :Ma_0
      FETCH FIRST 1 ROWS ONLY
info: Microsoft.EntityFrameworkCore.Database.Command[20101]
      Executed DbCommand (12ms) [Parameters=[:nguoiDung_ID_0='?' (DbType = Decimal)], CommandType='Text', CommandTimeout='0']
      SELECT "c"."VAI_TRO_ID"
      FROM "QL_VAI_TRO_NGUOI_DUNG" "c"
      WHERE "c"."NGUOI_DUNG_ID" = :nguoiDung_ID_0
info: Microsoft.EntityFrameworkCore.Database.Command[20101]
      Executed DbCommand (10ms) [Parameters=[:Ma_0='?' (Size = 2000)], CommandType='Text', CommandTimeout='0']
      SELECT "l"."GIA_TRI"
      FROM "QL_NHAN_HIEN_THI" "l"
      WHERE "l"."MA" = :Ma_0
      FETCH FIRST 1 ROWS ONLY
info: Microsoft.EntityFrameworkCore.Database.Command[20101]
      Executed DbCommand (14ms) [Parameters=[:Ma_0='?' (Size = 2000)], CommandType='Text', CommandTimeout='0']
      SELECT "l"."GIA_TRI"
      FROM "QL_NHAN_HIEN_THI" "l"
      WHERE "l"."MA" = :Ma_0
      FETCH FIRST 1 ROWS ONLY
info: Microsoft.EntityFrameworkCore.Database.Command[20101]
      Executed DbCommand (10ms) [Parameters=[:nguoiDung_ID_0='?' (DbType = Decimal)], CommandType='Text', CommandTimeout='0']
      SELECT "c"."VAI_TRO_ID"
      FROM "QL_VAI_TRO_NGUOI_DUNG" "c"
      WHERE "c"."NGUOI_DUNG_ID" = :nguoiDung_ID_0
info: Microsoft.EntityFrameworkCore.Database.Command[20101]
      Executed DbCommand (11ms) [Parameters=[:Ma_0='?' (Size = 2000)], CommandType='Text', CommandTimeout='0']
      SELECT "l"."GIA_TRI"
      FROM "QL_NHAN_HIEN_THI" "l"
      WHERE "l"."MA" = :Ma_0
      FETCH FIRST 1 ROWS ONLY
info: Microsoft.EntityFrameworkCore.Database.Command[20101]
      Executed DbCommand (15ms) [Parameters=[:nguoiDung_ID_0='?' (DbType = Decimal)], CommandType='Text', CommandTimeout='0']
      SELECT "c"."VAI_TRO_ID"
      FROM "QL_VAI_TRO_NGUOI_DUNG" "c"
      WHERE "c"."NGUOI_DUNG_ID" = :nguoiDung_ID_0
info: Microsoft.EntityFrameworkCore.Database.Command[20101]
      Executed DbCommand (15ms) [Parameters=[:Ma_0='?' (Size = 2000)], CommandType='Text', CommandTimeout='0']
      SELECT "l"."GIA_TRI"
      FROM "QL_NHAN_HIEN_THI" "l"
      WHERE "l"."MA" = :Ma_0
      FETCH FIRST 1 ROWS ONLY
info: Microsoft.EntityFrameworkCore.Database.Command[20101]
      Executed DbCommand (10ms) [Parameters=[:nguoiDung_ID_0='?' (DbType = Decimal)], CommandType='Text', CommandTimeout='0']
      SELECT "c"."VAI_TRO_ID"
      FROM "QL_VAI_TRO_NGUOI_DUNG" "c"
      WHERE "c"."NGUOI_DUNG_ID" = :nguoiDung_ID_0
info: Microsoft.EntityFrameworkCore.Database.Command[20101]
      Executed DbCommand (10ms) [Parameters=[:Ma_0='?' (Size = 2000)], CommandType='Text', CommandTimeout='0']
      SELECT "l"."GIA_TRI"
      FROM "QL_NHAN_HIEN_THI" "l"
      WHERE "l"."MA" = :Ma_0
      FETCH FIRST 1 ROWS ONLY
info: Microsoft.EntityFrameworkCore.Database.Command[20101]
      Executed DbCommand (7ms) [Parameters=[:nguoiDung_ID_0='?' (DbType = Decimal)], CommandType='Text', CommandTimeout='0']
      SELECT "c"."VAI_TRO_ID"
      FROM "QL_VAI_TRO_NGUOI_DUNG" "c"
      WHERE "c"."NGUOI_DUNG_ID" = :nguoiDung_ID_0
info: Microsoft.EntityFrameworkCore.Database.Command[20101]
      Executed DbCommand (11ms) [Parameters=[:Ma_0='?' (Size = 2000)], CommandType='Text', CommandTimeout='0']
      SELECT "l"."GIA_TRI"
      FROM "QL_NHAN_HIEN_THI" "l"
      WHERE "l"."MA" = :Ma_0
      FETCH FIRST 1 ROWS ONLY
info: Microsoft.EntityFrameworkCore.Database.Command[20101]
      Executed DbCommand (12ms) [Parameters=[:nguoiDung_ID_0='?' (DbType = Decimal)], CommandType='Text', CommandTimeout='0']
      SELECT "c"."VAI_TRO_ID"
      FROM "QL_VAI_TRO_NGUOI_DUNG" "c"
      WHERE "c"."NGUOI_DUNG_ID" = :nguoiDung_ID_0
info: Microsoft.EntityFrameworkCore.Database.Command[20101]
      Executed DbCommand (25ms) [Parameters=[:Ma_0='?' (Size = 2000)], CommandType='Text', CommandTimeout='0']
      SELECT "l"."GIA_TRI"
      FROM "QL_NHAN_HIEN_THI" "l"
      WHERE "l"."MA" = :Ma_0
      FETCH FIRST 1 ROWS ONLY
info: Microsoft.EntityFrameworkCore.Database.Command[20101]
      Executed DbCommand (23ms) [Parameters=[:nguoiDung_ID_0='?' (DbType = Decimal)], CommandType='Text', CommandTimeout='0']
      SELECT "c"."VAI_TRO_ID"
      FROM "QL_VAI_TRO_NGUOI_DUNG" "c"
      WHERE "c"."NGUOI_DUNG_ID" = :nguoiDung_ID_0
info: Microsoft.EntityFrameworkCore.Database.Command[20101]
      Executed DbCommand (28ms) [Parameters=[:Ma_0='?' (Size = 2000)], CommandType='Text', CommandTimeout='0']
      SELECT "l"."GIA_TRI"
      FROM "QL_NHAN_HIEN_THI" "l"
      WHERE "l"."MA" = :Ma_0
      FETCH FIRST 1 ROWS ONLY
info: Microsoft.EntityFrameworkCore.Database.Command[20101]
      Executed DbCommand (19ms) [Parameters=[:Ma_0='?' (Size = 2000)], CommandType='Text', CommandTimeout='0']
      SELECT "l"."GIA_TRI"
      FROM "QL_NHAN_HIEN_THI" "l"
      WHERE "l"."MA" = :Ma_0
      FETCH FIRST 1 ROWS ONLY
info: Microsoft.EntityFrameworkCore.Database.Command[20101]
      Executed DbCommand (78ms) [Parameters=[:Ma_0='?' (Size = 2000)], CommandType='Text', CommandTimeout='0']
      SELECT "l"."GIA_TRI"
      FROM "QL_NHAN_HIEN_THI" "l"
      WHERE "l"."MA" = :Ma_0
      FETCH FIRST 1 ROWS ONLY
info: Microsoft.EntityFrameworkCore.Database.Command[20101]
      Executed DbCommand (44ms) [Parameters=[:Ma_0='?' (Size = 2000)], CommandType='Text', CommandTimeout='0']
      SELECT "l"."GIA_TRI"
      FROM "QL_NHAN_HIEN_THI" "l"
      WHERE "l"."MA" = :Ma_0
      FETCH FIRST 1 ROWS ONLY
info: Microsoft.EntityFrameworkCore.Database.Command[20101]
      Executed DbCommand (28ms) [Parameters=[:nguoiDung_ID_0='?' (DbType = Decimal)], CommandType='Text', CommandTimeout='0']
      SELECT "c"."VAI_TRO_ID"
      FROM "QL_VAI_TRO_NGUOI_DUNG" "c"
      WHERE "c"."NGUOI_DUNG_ID" = :nguoiDung_ID_0
info: Microsoft.EntityFrameworkCore.Database.Command[20101]
      Executed DbCommand (45ms) [Parameters=[:Ma_0='?' (Size = 2000)], CommandType='Text', CommandTimeout='0']
      SELECT "l"."GIA_TRI"
      FROM "QL_NHAN_HIEN_THI" "l"
      WHERE "l"."MA" = :Ma_0
      FETCH FIRST 1 ROWS ONLY
info: Microsoft.EntityFrameworkCore.Database.Command[20101]
      Executed DbCommand (39ms) [Parameters=[:nguoiDung_ID_0='?' (DbType = Decimal)], CommandType='Text', CommandTimeout='0']
      SELECT "c"."VAI_TRO_ID"
      FROM "QL_VAI_TRO_NGUOI_DUNG" "c"
      WHERE "c"."NGUOI_DUNG_ID" = :nguoiDung_ID_0
info: Microsoft.EntityFrameworkCore.Database.Command[20101]
      Executed DbCommand (34ms) [Parameters=[:Ma_0='?' (Size = 2000)], CommandType='Text', CommandTimeout='0']
      SELECT "l"."GIA_TRI"
      FROM "QL_NHAN_HIEN_THI" "l"
      WHERE "l"."MA" = :Ma_0
      FETCH FIRST 1 ROWS ONLY
info: Microsoft.EntityFrameworkCore.Database.Command[20101]
      Executed DbCommand (23ms) [Parameters=[:nguoiDung_ID_0='?' (DbType = Decimal)], CommandType='Text', CommandTimeout='0']
      SELECT "c"."VAI_TRO_ID"
      FROM "QL_VAI_TRO_NGUOI_DUNG" "c"
      WHERE "c"."NGUOI_DUNG_ID" = :nguoiDung_ID_0
info: Microsoft.EntityFrameworkCore.Database.Command[20101]
      Executed DbCommand (21ms) [Parameters=[:Ma_0='?' (Size = 2000)], CommandType='Text', CommandTimeout='0']
      SELECT "l"."GIA_TRI"
      FROM "QL_NHAN_HIEN_THI" "l"
      WHERE "l"."MA" = :Ma_0
      FETCH FIRST 1 ROWS ONLY
info: Microsoft.EntityFrameworkCore.Database.Command[20101]
      Executed DbCommand (21ms) [Parameters=[:nguoiDung_ID_0='?' (DbType = Decimal)], CommandType='Text', CommandTimeout='0']
      SELECT "c"."VAI_TRO_ID"
      FROM "QL_VAI_TRO_NGUOI_DUNG" "c"
      WHERE "c"."NGUOI_DUNG_ID" = :nguoiDung_ID_0
info: Microsoft.EntityFrameworkCore.Database.Command[20101]
      Executed DbCommand (20ms) [Parameters=[:Ma_0='?' (Size = 2000)], CommandType='Text', CommandTimeout='0']
      SELECT "l"."GIA_TRI"
      FROM "QL_NHAN_HIEN_THI" "l"
      WHERE "l"."MA" = :Ma_0
      FETCH FIRST 1 ROWS ONLY
info: Microsoft.EntityFrameworkCore.Database.Command[20101]
      Executed DbCommand (31ms) [Parameters=[:nguoiDung_ID_0='?' (DbType = Decimal)], CommandType='Text', CommandTimeout='0']
      SELECT "c"."VAI_TRO_ID"
      FROM "QL_VAI_TRO_NGUOI_DUNG" "c"
      WHERE "c"."NGUOI_DUNG_ID" = :nguoiDung_ID_0
info: Microsoft.EntityFrameworkCore.Database.Command[20101]
      Executed DbCommand (23ms) [Parameters=[:Ma_0='?' (Size = 2000)], CommandType='Text', CommandTimeout='0']
      SELECT "l"."GIA_TRI"
      FROM "QL_NHAN_HIEN_THI" "l"
      WHERE "l"."MA" = :Ma_0
      FETCH FIRST 1 ROWS ONLY
info: Microsoft.EntityFrameworkCore.Database.Command[20101]
      Executed DbCommand (27ms) [Parameters=[:nguoiDung_ID_0='?' (DbType = Decimal)], CommandType='Text', CommandTimeout='0']
      SELECT "c"."VAI_TRO_ID"
      FROM "QL_VAI_TRO_NGUOI_DUNG" "c"
      WHERE "c"."NGUOI_DUNG_ID" = :nguoiDung_ID_0
info: Microsoft.EntityFrameworkCore.Database.Command[20101]
      Executed DbCommand (22ms) [Parameters=[:Ma_0='?' (Size = 2000)], CommandType='Text', CommandTimeout='0']
      SELECT "l"."GIA_TRI"
      FROM "QL_NHAN_HIEN_THI" "l"
      WHERE "l"."MA" = :Ma_0
      FETCH FIRST 1 ROWS ONLY
info: Microsoft.EntityFrameworkCore.Database.Command[20101]
      Executed DbCommand (27ms) [Parameters=[:nguoiDung_ID_0='?' (DbType = Decimal)], CommandType='Text', CommandTimeout='0']
      SELECT "c"."VAI_TRO_ID"
      FROM "QL_VAI_TRO_NGUOI_DUNG" "c"
      WHERE "c"."NGUOI_DUNG_ID" = :nguoiDung_ID_0
info: Microsoft.EntityFrameworkCore.Database.Command[20101]
      Executed DbCommand (17ms) [Parameters=[:Ma_0='?' (Size = 2000)], CommandType='Text', CommandTimeout='0']
      SELECT "l"."GIA_TRI"
      FROM "QL_NHAN_HIEN_THI" "l"
      WHERE "l"."MA" = :Ma_0
      FETCH FIRST 1 ROWS ONLY
info: Microsoft.EntityFrameworkCore.Database.Command[20101]
      Executed DbCommand (18ms) [Parameters=[:nguoiDung_ID_0='?' (DbType = Decimal)], CommandType='Text', CommandTimeout='0']
      SELECT "c"."VAI_TRO_ID"
      FROM "QL_VAI_TRO_NGUOI_DUNG" "c"
      WHERE "c"."NGUOI_DUNG_ID" = :nguoiDung_ID_0
info: Microsoft.EntityFrameworkCore.Database.Command[20101]
      Executed DbCommand (24ms) [Parameters=[:Ma_0='?' (Size = 2000)], CommandType='Text', CommandTimeout='0']
      SELECT "l"."GIA_TRI"
      FROM "QL_NHAN_HIEN_THI" "l"
      WHERE "l"."MA" = :Ma_0
      FETCH FIRST 1 ROWS ONLY
info: Microsoft.EntityFrameworkCore.Database.Command[20101]
      Executed DbCommand (14ms) [Parameters=[:nguoiDung_ID_0='?' (DbType = Decimal)], CommandType='Text', CommandTimeout='0']
      SELECT "c"."VAI_TRO_ID"
      FROM "QL_VAI_TRO_NGUOI_DUNG" "c"
      WHERE "c"."NGUOI_DUNG_ID" = :nguoiDung_ID_0
info: Microsoft.EntityFrameworkCore.Database.Command[20101]
      Executed DbCommand (21ms) [Parameters=[:Ma_0='?' (Size = 2000)], CommandType='Text', CommandTimeout='0']
      SELECT "l"."GIA_TRI"
      FROM "QL_NHAN_HIEN_THI" "l"
      WHERE "l"."MA" = :Ma_0
      FETCH FIRST 1 ROWS ONLY
info: Microsoft.EntityFrameworkCore.Database.Command[20101]
      Executed DbCommand (12ms) [Parameters=[:nguoiDung_ID_0='?' (DbType = Decimal)], CommandType='Text', CommandTimeout='0']
      SELECT "c"."VAI_TRO_ID"
      FROM "QL_VAI_TRO_NGUOI_DUNG" "c"
      WHERE "c"."NGUOI_DUNG_ID" = :nguoiDung_ID_0
info: Microsoft.EntityFrameworkCore.Database.Command[20101]
      Executed DbCommand (16ms) [Parameters=[:Ma_0='?' (Size = 2000)], CommandType='Text', CommandTimeout='0']
      SELECT "l"."GIA_TRI"
      FROM "QL_NHAN_HIEN_THI" "l"
      WHERE "l"."MA" = :Ma_0
      FETCH FIRST 1 ROWS ONLY
info: Microsoft.EntityFrameworkCore.Database.Command[20101]
      Executed DbCommand (23ms) [Parameters=[:nguoiDung_ID_0='?' (DbType = Decimal)], CommandType='Text', CommandTimeout='0']
      SELECT "c"."VAI_TRO_ID"
      FROM "QL_VAI_TRO_NGUOI_DUNG" "c"
      WHERE "c"."NGUOI_DUNG_ID" = :nguoiDung_ID_0
info: Microsoft.EntityFrameworkCore.Database.Command[20101]
      Executed DbCommand (18ms) [Parameters=[:Ma_0='?' (Size = 2000)], CommandType='Text', CommandTimeout='0']
      SELECT "l"."GIA_TRI"
      FROM "QL_NHAN_HIEN_THI" "l"
      WHERE "l"."MA" = :Ma_0
      FETCH FIRST 1 ROWS ONLY
info: Microsoft.EntityFrameworkCore.Database.Command[20101]
      Executed DbCommand (18ms) [Parameters=[:nguoiDung_ID_0='?' (DbType = Decimal)], CommandType='Text', CommandTimeout='0']
      SELECT "c"."VAI_TRO_ID"
      FROM "QL_VAI_TRO_NGUOI_DUNG" "c"
      WHERE "c"."NGUOI_DUNG_ID" = :nguoiDung_ID_0
info: Microsoft.EntityFrameworkCore.Database.Command[20101]
      Executed DbCommand (21ms) [Parameters=[:Ma_0='?' (Size = 2000)], CommandType='Text', CommandTimeout='0']
      SELECT "l"."GIA_TRI"
      FROM "QL_NHAN_HIEN_THI" "l"
      WHERE "l"."MA" = :Ma_0
      FETCH FIRST 1 ROWS ONLY
info: Microsoft.EntityFrameworkCore.Database.Command[20101]
      Executed DbCommand (34ms) [Parameters=[:nguoiDung_ID_0='?' (DbType = Decimal)], CommandType='Text', CommandTimeout='0']
      SELECT "c"."VAI_TRO_ID"
      FROM "QL_VAI_TRO_NGUOI_DUNG" "c"
      WHERE "c"."NGUOI_DUNG_ID" = :nguoiDung_ID_0
info: Microsoft.EntityFrameworkCore.Database.Command[20101]
      Executed DbCommand (57ms) [Parameters=[:Ma_0='?' (Size = 2000)], CommandType='Text', CommandTimeout='0']
      SELECT "l"."GIA_TRI"
      FROM "QL_NHAN_HIEN_THI" "l"
      WHERE "l"."MA" = :Ma_0
      FETCH FIRST 1 ROWS ONLY
info: Microsoft.EntityFrameworkCore.Database.Command[20101]
      Executed DbCommand (14ms) [Parameters=[:nguoiDung_ID_0='?' (DbType = Decimal)], CommandType='Text', CommandTimeout='0']
      SELECT "c"."VAI_TRO_ID"
      FROM "QL_VAI_TRO_NGUOI_DUNG" "c"
      WHERE "c"."NGUOI_DUNG_ID" = :nguoiDung_ID_0
info: Microsoft.EntityFrameworkCore.Database.Command[20101]
      Executed DbCommand (7ms) [Parameters=[:Ma_0='?' (Size = 2000)], CommandType='Text', CommandTimeout='0']
      SELECT "l"."GIA_TRI"
      FROM "QL_NHAN_HIEN_THI" "l"
      WHERE "l"."MA" = :Ma_0
      FETCH FIRST 1 ROWS ONLY
info: Microsoft.EntityFrameworkCore.Database.Command[20101]
      Executed DbCommand (14ms) [Parameters=[:nguoiDung_ID_0='?' (DbType = Decimal)], CommandType='Text', CommandTimeout='0']
      SELECT "c"."VAI_TRO_ID"
      FROM "QL_VAI_TRO_NGUOI_DUNG" "c"
      WHERE "c"."NGUOI_DUNG_ID" = :nguoiDung_ID_0
info: Microsoft.EntityFrameworkCore.Database.Command[20101]
      Executed DbCommand (15ms) [Parameters=[:Ma_0='?' (Size = 2000)], CommandType='Text', CommandTimeout='0']
      SELECT "l"."GIA_TRI"
      FROM "QL_NHAN_HIEN_THI" "l"
      WHERE "l"."MA" = :Ma_0
      FETCH FIRST 1 ROWS ONLY
info: Microsoft.EntityFrameworkCore.Database.Command[20101]
      Executed DbCommand (7ms) [Parameters=[:Ma_0='?' (Size = 2000)], CommandType='Text', CommandTimeout='0']
      SELECT "l"."GIA_TRI"
      FROM "QL_NHAN_HIEN_THI" "l"
      WHERE "l"."MA" = :Ma_0
      FETCH FIRST 1 ROWS ONLY
info: Microsoft.EntityFrameworkCore.Database.Command[20101]
      Executed DbCommand (12ms) [Parameters=[:Ma_0='?' (Size = 2000)], CommandType='Text', CommandTimeout='0']
      SELECT "l"."GIA_TRI"
      FROM "QL_NHAN_HIEN_THI" "l"
      WHERE "l"."MA" = :Ma_0
      FETCH FIRST 1 ROWS ONLY
info: Microsoft.EntityFrameworkCore.Database.Command[20101]
      Executed DbCommand (8ms) [Parameters=[:Ma_0='?' (Size = 2000)], CommandType='Text', CommandTimeout='0']
      SELECT "l"."GIA_TRI"
      FROM "QL_NHAN_HIEN_THI" "l"
      WHERE "l"."MA" = :Ma_0
      FETCH FIRST 1 ROWS ONLY
info: Microsoft.EntityFrameworkCore.Database.Command[20101]
      Executed DbCommand (11ms) [Parameters=[:Ma_0='?' (Size = 2000)], CommandType='Text', CommandTimeout='0']
      SELECT "l"."GIA_TRI"
      FROM "QL_NHAN_HIEN_THI" "l"
      WHERE "l"."MA" = :Ma_0
      FETCH FIRST 1 ROWS ONLY
info: Microsoft.EntityFrameworkCore.Database.Command[20101]
      Executed DbCommand (12ms) [Parameters=[:Ma_0='?' (Size = 2000)], CommandType='Text', CommandTimeout='0']
      SELECT "l"."GIA_TRI"
      FROM "QL_NHAN_HIEN_THI" "l"
      WHERE "l"."MA" = :Ma_0
      FETCH FIRST 1 ROWS ONLY
info: Microsoft.EntityFrameworkCore.Database.Command[20101]
      Executed DbCommand (9ms) [Parameters=[:nguoiDung_ID_0='?' (DbType = Decimal)], CommandType='Text', CommandTimeout='0']
      SELECT "c"."VAI_TRO_ID"
      FROM "QL_VAI_TRO_NGUOI_DUNG" "c"
      WHERE "c"."NGUOI_DUNG_ID" = :nguoiDung_ID_0
info: Microsoft.EntityFrameworkCore.Database.Command[20101]
      Executed DbCommand (14ms) [Parameters=[:Ma_0='?' (Size = 2000)], CommandType='Text', CommandTimeout='0']
      SELECT "l"."GIA_TRI"
      FROM "QL_NHAN_HIEN_THI" "l"
      WHERE "l"."MA" = :Ma_0
      FETCH FIRST 1 ROWS ONLY
info: Microsoft.EntityFrameworkCore.Database.Command[20101]
      Executed DbCommand (11ms) [Parameters=[:nguoiDung_ID_0='?' (DbType = Decimal)], CommandType='Text', CommandTimeout='0']
      SELECT "c"."VAI_TRO_ID"
      FROM "QL_VAI_TRO_NGUOI_DUNG" "c"
      WHERE "c"."NGUOI_DUNG_ID" = :nguoiDung_ID_0
info: Microsoft.EntityFrameworkCore.Database.Command[20101]
      Executed DbCommand (9ms) [Parameters=[:nguoiDung_ID_0='?' (DbType = Decimal)], CommandType='Text', CommandTimeout='0']
      SELECT "c"."VAI_TRO_ID"
      FROM "QL_VAI_TRO_NGUOI_DUNG" "c"
      WHERE "c"."NGUOI_DUNG_ID" = :nguoiDung_ID_0
info: Microsoft.EntityFrameworkCore.Database.Command[20101]
      Executed DbCommand (16ms) [Parameters=[:Ma_0='?' (Size = 2000)], CommandType='Text', CommandTimeout='0']
      SELECT "l"."GIA_TRI"
      FROM "QL_NHAN_HIEN_THI" "l"
      WHERE "l"."MA" = :Ma_0
      FETCH FIRST 1 ROWS ONLY
info: Microsoft.EntityFrameworkCore.Database.Command[20101]
      Executed DbCommand (12ms) [Parameters=[:nguoiDung_ID_0='?' (DbType = Decimal)], CommandType='Text', CommandTimeout='0']
      SELECT "c"."VAI_TRO_ID"
      FROM "QL_VAI_TRO_NGUOI_DUNG" "c"
      WHERE "c"."NGUOI_DUNG_ID" = :nguoiDung_ID_0
info: Microsoft.EntityFrameworkCore.Database.Command[20101]
      Executed DbCommand (16ms) [Parameters=[:Ma_0='?' (Size = 2000)], CommandType='Text', CommandTimeout='0']
      SELECT "l"."GIA_TRI"
      FROM "QL_NHAN_HIEN_THI" "l"
      WHERE "l"."MA" = :Ma_0
      FETCH FIRST 1 ROWS ONLY
info: Microsoft.EntityFrameworkCore.Database.Command[20101]
      Executed DbCommand (9ms) [Parameters=[:nguoiDung_ID_0='?' (DbType = Decimal)], CommandType='Text', CommandTimeout='0']
      SELECT "c"."VAI_TRO_ID"
      FROM "QL_VAI_TRO_NGUOI_DUNG" "c"
      WHERE "c"."NGUOI_DUNG_ID" = :nguoiDung_ID_0
info: Microsoft.EntityFrameworkCore.Database.Command[20101]
      Executed DbCommand (15ms) [Parameters=[:nguoiDung_ID_0='?' (DbType = Decimal)], CommandType='Text', CommandTimeout='0']
      SELECT "c"."VAI_TRO_ID"
      FROM "QL_VAI_TRO_NGUOI_DUNG" "c"
      WHERE "c"."NGUOI_DUNG_ID" = :nguoiDung_ID_0
info: Microsoft.EntityFrameworkCore.Database.Command[20101]
      Executed DbCommand (9ms) [Parameters=[:Ma_0='?' (Size = 2000)], CommandType='Text', CommandTimeout='0']
      SELECT "l"."GIA_TRI"
      FROM "QL_NHAN_HIEN_THI" "l"
      WHERE "l"."MA" = :Ma_0
      FETCH FIRST 1 ROWS ONLY
info: Microsoft.EntityFrameworkCore.Database.Command[20101]
      Executed DbCommand (9ms) [Parameters=[:nguoiDung_ID_0='?' (DbType = Decimal)], CommandType='Text', CommandTimeout='0']
      SELECT "c"."VAI_TRO_ID"
      FROM "QL_VAI_TRO_NGUOI_DUNG" "c"
      WHERE "c"."NGUOI_DUNG_ID" = :nguoiDung_ID_0
info: Microsoft.EntityFrameworkCore.Database.Command[20101]
      Executed DbCommand (13ms) [Parameters=[:Ma_0='?' (Size = 2000)], CommandType='Text', CommandTimeout='0']
      SELECT "l"."GIA_TRI"
      FROM "QL_NHAN_HIEN_THI" "l"
      WHERE "l"."MA" = :Ma_0
      FETCH FIRST 1 ROWS ONLY
info: Microsoft.EntityFrameworkCore.Database.Command[20101]
      Executed DbCommand (17ms) [Parameters=[:nguoiDung_ID_0='?' (DbType = Decimal)], CommandType='Text', CommandTimeout='0']
      SELECT "c"."VAI_TRO_ID"
      FROM "QL_VAI_TRO_NGUOI_DUNG" "c"
      WHERE "c"."NGUOI_DUNG_ID" = :nguoiDung_ID_0
info: Microsoft.EntityFrameworkCore.Database.Command[20101]
      Executed DbCommand (13ms) [Parameters=[:Ma_0='?' (Size = 2000)], CommandType='Text', CommandTimeout='0']
      SELECT "l"."GIA_TRI"
      FROM "QL_NHAN_HIEN_THI" "l"
      WHERE "l"."MA" = :Ma_0
      FETCH FIRST 1 ROWS ONLY
info: Microsoft.EntityFrameworkCore.Database.Command[20101]
      Executed DbCommand (22ms) [Parameters=[:nguoiDung_ID_0='?' (DbType = Decimal)], CommandType='Text', CommandTimeout='0']
      SELECT "c"."VAI_TRO_ID"
      FROM "QL_VAI_TRO_NGUOI_DUNG" "c"
      WHERE "c"."NGUOI_DUNG_ID" = :nguoiDung_ID_0
info: Microsoft.EntityFrameworkCore.Database.Command[20101]
      Executed DbCommand (12ms) [Parameters=[:Ma_0='?' (Size = 2000)], CommandType='Text', CommandTimeout='0']
      SELECT "l"."GIA_TRI"
      FROM "QL_NHAN_HIEN_THI" "l"
      WHERE "l"."MA" = :Ma_0
      FETCH FIRST 1 ROWS ONLY
info: Microsoft.EntityFrameworkCore.Database.Command[20101]
      Executed DbCommand (12ms) [Parameters=[:nguoiDung_ID_0='?' (DbType = Decimal)], CommandType='Text', CommandTimeout='0']
      SELECT "c"."VAI_TRO_ID"
      FROM "QL_VAI_TRO_NGUOI_DUNG" "c"
      WHERE "c"."NGUOI_DUNG_ID" = :nguoiDung_ID_0
info: Microsoft.EntityFrameworkCore.Database.Command[20101]
      Executed DbCommand (10ms) [Parameters=[:Ma_0='?' (Size = 2000)], CommandType='Text', CommandTimeout='0']
      SELECT "l"."GIA_TRI"
      FROM "QL_NHAN_HIEN_THI" "l"
      WHERE "l"."MA" = :Ma_0
      FETCH FIRST 1 ROWS ONLY
info: Microsoft.EntityFrameworkCore.Database.Command[20101]
      Executed DbCommand (9ms) [Parameters=[:nguoiDung_ID_0='?' (DbType = Decimal)], CommandType='Text', CommandTimeout='0']
      SELECT "c"."VAI_TRO_ID"
      FROM "QL_VAI_TRO_NGUOI_DUNG" "c"
      WHERE "c"."NGUOI_DUNG_ID" = :nguoiDung_ID_0
info: Microsoft.EntityFrameworkCore.Database.Command[20101]
      Executed DbCommand (22ms) [Parameters=[:Ma_0='?' (Size = 2000)], CommandType='Text', CommandTimeout='0']
      SELECT "l"."GIA_TRI"
      FROM "QL_NHAN_HIEN_THI" "l"
      WHERE "l"."MA" = :Ma_0
      FETCH FIRST 1 ROWS ONLY
info: Microsoft.EntityFrameworkCore.Database.Command[20101]
      Executed DbCommand (23ms) [Parameters=[:nguoiDung_ID_0='?' (DbType = Decimal)], CommandType='Text', CommandTimeout='0']
      SELECT "c"."VAI_TRO_ID"
      FROM "QL_VAI_TRO_NGUOI_DUNG" "c"
      WHERE "c"."NGUOI_DUNG_ID" = :nguoiDung_ID_0
info: Microsoft.EntityFrameworkCore.Database.Command[20101]
      Executed DbCommand (17ms) [Parameters=[:Ma_0='?' (Size = 2000)], CommandType='Text', CommandTimeout='0']
      SELECT "l"."GIA_TRI"
      FROM "QL_NHAN_HIEN_THI" "l"
      WHERE "l"."MA" = :Ma_0
      FETCH FIRST 1 ROWS ONLY
info: Microsoft.EntityFrameworkCore.Database.Command[20101]
      Executed DbCommand (14ms) [Parameters=[:nguoiDung_ID_0='?' (DbType = Decimal)], CommandType='Text', CommandTimeout='0']
      SELECT "c"."VAI_TRO_ID"
      FROM "QL_VAI_TRO_NGUOI_DUNG" "c"
      WHERE "c"."NGUOI_DUNG_ID" = :nguoiDung_ID_0
info: Microsoft.EntityFrameworkCore.Database.Command[20101]
      Executed DbCommand (15ms) [Parameters=[:Ma_0='?' (Size = 2000)], CommandType='Text', CommandTimeout='0']
      SELECT "l"."GIA_TRI"
      FROM "QL_NHAN_HIEN_THI" "l"
      WHERE "l"."MA" = :Ma_0
      FETCH FIRST 1 ROWS ONLY
info: Microsoft.EntityFrameworkCore.Database.Command[20101]
      Executed DbCommand (11ms) [Parameters=[:nguoiDung_ID_0='?' (DbType = Decimal)], CommandType='Text', CommandTimeout='0']
      SELECT "c"."VAI_TRO_ID"
      FROM "QL_VAI_TRO_NGUOI_DUNG" "c"
      WHERE "c"."NGUOI_DUNG_ID" = :nguoiDung_ID_0
info: Microsoft.EntityFrameworkCore.Database.Command[20101]
      Executed DbCommand (17ms) [Parameters=[:Ma_0='?' (Size = 2000)], CommandType='Text', CommandTimeout='0']
      SELECT "l"."GIA_TRI"
      FROM "QL_NHAN_HIEN_THI" "l"
      WHERE "l"."MA" = :Ma_0
      FETCH FIRST 1 ROWS ONLY
info: Microsoft.EntityFrameworkCore.Database.Command[20101]
      Executed DbCommand (11ms) [Parameters=[:nguoiDung_ID_0='?' (DbType = Decimal)], CommandType='Text', CommandTimeout='0']
      SELECT "c"."VAI_TRO_ID"
      FROM "QL_VAI_TRO_NGUOI_DUNG" "c"
      WHERE "c"."NGUOI_DUNG_ID" = :nguoiDung_ID_0
info: Microsoft.EntityFrameworkCore.Database.Command[20101]
      Executed DbCommand (12ms) [Parameters=[:Ma_0='?' (Size = 2000)], CommandType='Text', CommandTimeout='0']
      SELECT "l"."GIA_TRI"
      FROM "QL_NHAN_HIEN_THI" "l"
      WHERE "l"."MA" = :Ma_0
      FETCH FIRST 1 ROWS ONLY
info: Microsoft.EntityFrameworkCore.Database.Command[20101]
      Executed DbCommand (12ms) [Parameters=[:nguoiDung_ID_0='?' (DbType = Decimal)], CommandType='Text', CommandTimeout='0']
      SELECT "c"."VAI_TRO_ID"
      FROM "QL_VAI_TRO_NGUOI_DUNG" "c"
      WHERE "c"."NGUOI_DUNG_ID" = :nguoiDung_ID_0
info: Microsoft.EntityFrameworkCore.Database.Command[20101]
      Executed DbCommand (14ms) [Parameters=[:Ma_0='?' (Size = 2000)], CommandType='Text', CommandTimeout='0']
      SELECT "l"."GIA_TRI"
      FROM "QL_NHAN_HIEN_THI" "l"
      WHERE "l"."MA" = :Ma_0
      FETCH FIRST 1 ROWS ONLY
info: Microsoft.EntityFrameworkCore.Database.Command[20101]
      Executed DbCommand (25ms) [Parameters=[:nguoiDung_ID_0='?' (DbType = Decimal)], CommandType='Text', CommandTimeout='0']
      SELECT "c"."VAI_TRO_ID"
      FROM "QL_VAI_TRO_NGUOI_DUNG" "c"
      WHERE "c"."NGUOI_DUNG_ID" = :nguoiDung_ID_0
info: Microsoft.EntityFrameworkCore.Database.Command[20101]
      Executed DbCommand (33ms) [Parameters=[:Ma_0='?' (Size = 2000)], CommandType='Text', CommandTimeout='0']
      SELECT "l"."GIA_TRI"
      FROM "QL_NHAN_HIEN_THI" "l"
      WHERE "l"."MA" = :Ma_0
      FETCH FIRST 1 ROWS ONLY
info: Microsoft.EntityFrameworkCore.Database.Command[20101]
      Executed DbCommand (24ms) [Parameters=[:nguoiDung_ID_0='?' (DbType = Decimal)], CommandType='Text', CommandTimeout='0']
      SELECT "c"."VAI_TRO_ID"
      FROM "QL_VAI_TRO_NGUOI_DUNG" "c"
      WHERE "c"."NGUOI_DUNG_ID" = :nguoiDung_ID_0
info: Microsoft.EntityFrameworkCore.Database.Command[20101]
      Executed DbCommand (18ms) [Parameters=[:Ma_0='?' (Size = 2000)], CommandType='Text', CommandTimeout='0']
      SELECT "l"."GIA_TRI"
      FROM "QL_NHAN_HIEN_THI" "l"
      WHERE "l"."MA" = :Ma_0
      FETCH FIRST 1 ROWS ONLY
info: Microsoft.EntityFrameworkCore.Database.Command[20101]
      Executed DbCommand (26ms) [Parameters=[:nguoiDung_ID_0='?' (DbType = Decimal)], CommandType='Text', CommandTimeout='0']
      SELECT "c"."VAI_TRO_ID"
      FROM "QL_VAI_TRO_NGUOI_DUNG" "c"
      WHERE "c"."NGUOI_DUNG_ID" = :nguoiDung_ID_0
info: Microsoft.EntityFrameworkCore.Database.Command[20101]
      Executed DbCommand (18ms) [Parameters=[:Ma_0='?' (Size = 2000)], CommandType='Text', CommandTimeout='0']
      SELECT "l"."GIA_TRI"
      FROM "QL_NHAN_HIEN_THI" "l"
      WHERE "l"."MA" = :Ma_0
      FETCH FIRST 1 ROWS ONLY
info: Microsoft.EntityFrameworkCore.Database.Command[20101]
      Executed DbCommand (17ms) [Parameters=[:nguoiDung_ID_0='?' (DbType = Decimal)], CommandType='Text', CommandTimeout='0']
      SELECT "c"."VAI_TRO_ID"
      FROM "QL_VAI_TRO_NGUOI_DUNG" "c"
      WHERE "c"."NGUOI_DUNG_ID" = :nguoiDung_ID_0
info: Microsoft.EntityFrameworkCore.Database.Command[20101]
      Executed DbCommand (23ms) [Parameters=[:Ma_0='?' (Size = 2000)], CommandType='Text', CommandTimeout='0']
      SELECT "l"."GIA_TRI"
      FROM "QL_NHAN_HIEN_THI" "l"
      WHERE "l"."MA" = :Ma_0
      FETCH FIRST 1 ROWS ONLY
info: Microsoft.EntityFrameworkCore.Database.Command[20101]
      Executed DbCommand (12ms) [Parameters=[:nguoiDung_ID_0='?' (DbType = Decimal)], CommandType='Text', CommandTimeout='0']
      SELECT "c"."VAI_TRO_ID"
      FROM "QL_VAI_TRO_NGUOI_DUNG" "c"
      WHERE "c"."NGUOI_DUNG_ID" = :nguoiDung_ID_0
info: Microsoft.EntityFrameworkCore.Database.Command[20101]
      Executed DbCommand (68ms) [Parameters=[:donViId_0='?' (DbType = Decimal)], CommandType='Text', CommandTimeout='0']
      SELECT COUNT(*)
      FROM "DM_DON_VI" "p"
      WHERE ((("p"."PARENT_ID" = :donViId_0) AND ("p"."LA_BAN_QL_DU_AN" = 1)) OR (("p"."ID" = :donViId_0) AND ("p"."LOAI_DON_VI_ID" = 15.0))) OR (("p"."ID" = :donViId_0) AND ("p"."LA_BAN_QL_DU_AN" = 1))
info: Microsoft.EntityFrameworkCore.Database.Command[20101]
      Executed DbCommand (12ms) [Parameters=[:Ma_0='?' (Size = 2000)], CommandType='Text', CommandTimeout='0']
      SELECT "l"."GIA_TRI"
      FROM "QL_NHAN_HIEN_THI" "l"
      WHERE "l"."MA" = :Ma_0
      FETCH FIRST 1 ROWS ONLY
info: Microsoft.EntityFrameworkCore.Database.Command[20101]
      Executed DbCommand (9ms) [Parameters=[:nguoiDung_ID_0='?' (DbType = Decimal)], CommandType='Text', CommandTimeout='0']
      SELECT "c"."VAI_TRO_ID"
      FROM "QL_VAI_TRO_NGUOI_DUNG" "c"
      WHERE "c"."NGUOI_DUNG_ID" = :nguoiDung_ID_0
info: Microsoft.EntityFrameworkCore.Database.Command[20101]
      Executed DbCommand (17ms) [Parameters=[:Ma_0='?' (Size = 2000)], CommandType='Text', CommandTimeout='0']
      SELECT "l"."GIA_TRI"
      FROM "QL_NHAN_HIEN_THI" "l"
      WHERE "l"."MA" = :Ma_0
      FETCH FIRST 1 ROWS ONLY
info: Microsoft.EntityFrameworkCore.Database.Command[20101]
      Executed DbCommand (8ms) [Parameters=[:nguoiDung_ID_0='?' (DbType = Decimal)], CommandType='Text', CommandTimeout='0']
      SELECT "c"."VAI_TRO_ID"
      FROM "QL_VAI_TRO_NGUOI_DUNG" "c"
      WHERE "c"."NGUOI_DUNG_ID" = :nguoiDung_ID_0
info: Microsoft.EntityFrameworkCore.Database.Command[20101]
      Executed DbCommand (20ms) [Parameters=[:Ma_0='?' (Size = 2000)], CommandType='Text', CommandTimeout='0']
      SELECT "l"."GIA_TRI"
      FROM "QL_NHAN_HIEN_THI" "l"
      WHERE "l"."MA" = :Ma_0
      FETCH FIRST 1 ROWS ONLY
info: Microsoft.EntityFrameworkCore.Database.Command[20101]
      Executed DbCommand (7ms) [Parameters=[:nguoiDung_ID_0='?' (DbType = Decimal)], CommandType='Text', CommandTimeout='0']
      SELECT "c"."VAI_TRO_ID"
      FROM "QL_VAI_TRO_NGUOI_DUNG" "c"
      WHERE "c"."NGUOI_DUNG_ID" = :nguoiDung_ID_0
info: Microsoft.EntityFrameworkCore.Database.Command[20101]
      Executed DbCommand (13ms) [Parameters=[:Ma_0='?' (Size = 2000)], CommandType='Text', CommandTimeout='0']
      SELECT "l"."GIA_TRI"
      FROM "QL_NHAN_HIEN_THI" "l"
      WHERE "l"."MA" = :Ma_0
      FETCH FIRST 1 ROWS ONLY
info: Microsoft.EntityFrameworkCore.Database.Command[20101]
      Executed DbCommand (12ms) [Parameters=[:nguoiDung_ID_0='?' (DbType = Decimal)], CommandType='Text', CommandTimeout='0']
      SELECT "c"."VAI_TRO_ID"
      FROM "QL_VAI_TRO_NGUOI_DUNG" "c"
      WHERE "c"."NGUOI_DUNG_ID" = :nguoiDung_ID_0
info: Microsoft.EntityFrameworkCore.Database.Command[20101]
      Executed DbCommand (10ms) [Parameters=[:Ma_0='?' (Size = 2000)], CommandType='Text', CommandTimeout='0']
      SELECT "l"."GIA_TRI"
      FROM "QL_NHAN_HIEN_THI" "l"
      WHERE "l"."MA" = :Ma_0
      FETCH FIRST 1 ROWS ONLY
info: Microsoft.EntityFrameworkCore.Database.Command[20101]
      Executed DbCommand (13ms) [Parameters=[:nguoiDung_ID_0='?' (DbType = Decimal)], CommandType='Text', CommandTimeout='0']
      SELECT "c"."VAI_TRO_ID"
      FROM "QL_VAI_TRO_NGUOI_DUNG" "c"
      WHERE "c"."NGUOI_DUNG_ID" = :nguoiDung_ID_0
info: Microsoft.EntityFrameworkCore.Database.Command[20101]
      Executed DbCommand (7ms) [Parameters=[:Ma_0='?' (Size = 2000)], CommandType='Text', CommandTimeout='0']
      SELECT "l"."GIA_TRI"
      FROM "QL_NHAN_HIEN_THI" "l"
      WHERE "l"."MA" = :Ma_0
      FETCH FIRST 1 ROWS ONLY
info: Microsoft.EntityFrameworkCore.Database.Command[20101]
      Executed DbCommand (9ms) [Parameters=[:nguoiDung_ID_0='?' (DbType = Decimal)], CommandType='Text', CommandTimeout='0']
      SELECT "c"."VAI_TRO_ID"
      FROM "QL_VAI_TRO_NGUOI_DUNG" "c"
      WHERE "c"."NGUOI_DUNG_ID" = :nguoiDung_ID_0
info: Microsoft.EntityFrameworkCore.Database.Command[20101]
      Executed DbCommand (13ms) [Parameters=[:Ma_0='?' (Size = 2000)], CommandType='Text', CommandTimeout='0']
      SELECT "l"."GIA_TRI"
      FROM "QL_NHAN_HIEN_THI" "l"
      WHERE "l"."MA" = :Ma_0
      FETCH FIRST 1 ROWS ONLY
info: Microsoft.EntityFrameworkCore.Database.Command[20101]
      Executed DbCommand (25ms) [Parameters=[:nguoiDung_ID_0='?' (DbType = Decimal)], CommandType='Text', CommandTimeout='0']
      SELECT "c"."VAI_TRO_ID"
      FROM "QL_VAI_TRO_NGUOI_DUNG" "c"
      WHERE "c"."NGUOI_DUNG_ID" = :nguoiDung_ID_0
info: Microsoft.EntityFrameworkCore.Database.Command[20101]
      Executed DbCommand (21ms) [Parameters=[:Ma_0='?' (Size = 2000)], CommandType='Text', CommandTimeout='0']
      SELECT "l"."GIA_TRI"
      FROM "QL_NHAN_HIEN_THI" "l"
      WHERE "l"."MA" = :Ma_0
      FETCH FIRST 1 ROWS ONLY
info: Microsoft.EntityFrameworkCore.Database.Command[20101]
      Executed DbCommand (20ms) [Parameters=[:nguoiDung_ID_0='?' (DbType = Decimal)], CommandType='Text', CommandTimeout='0']
      SELECT "c"."VAI_TRO_ID"
      FROM "QL_VAI_TRO_NGUOI_DUNG" "c"
      WHERE "c"."NGUOI_DUNG_ID" = :nguoiDung_ID_0
info: Microsoft.EntityFrameworkCore.Database.Command[20101]
      Executed DbCommand (25ms) [Parameters=[:Ma_0='?' (Size = 2000)], CommandType='Text', CommandTimeout='0']
      SELECT "l"."GIA_TRI"
      FROM "QL_NHAN_HIEN_THI" "l"
      WHERE "l"."MA" = :Ma_0
      FETCH FIRST 1 ROWS ONLY
info: Microsoft.EntityFrameworkCore.Database.Command[20101]
      Executed DbCommand (15ms) [Parameters=[:nguoiDung_ID_0='?' (DbType = Decimal)], CommandType='Text', CommandTimeout='0']
      SELECT "c"."VAI_TRO_ID"
      FROM "QL_VAI_TRO_NGUOI_DUNG" "c"
      WHERE "c"."NGUOI_DUNG_ID" = :nguoiDung_ID_0
info: Microsoft.EntityFrameworkCore.Database.Command[20101]
      Executed DbCommand (11ms) [Parameters=[:guid_0='?' (DbType = Binary)], CommandType='Text', CommandTimeout='0']
      SELECT "c"."ID", "c"."CURRENT_DON_VI_ID", "c"."DB_ID", "c"."EMAIL", "c"."GHI_CHU", "c"."GUID", "c"."IP_TRUY_CAP", "c"."IS_QUAN_TRI", "c"."MAT_KHAU", "c"."MAT_KHAU_KEY", "c"."MA_CAN_BO", "c"."MOBILE", "c"."NGAY_TAO", "c"."NGAY_TRUY_CAP", "c"."NGUOI_TAO", "c"."NGUON_ID", "c"."PASSWORD_HASH", "c"."TEN_DANG_NHAP", "c"."TEN_DAY_DU", "c"."TMP_MAT_KHAU", "c"."TRANG_THAI_ID", "c"."UNG_DUNG"
      FROM "QL_NGUOI_DUNG" "c"
      WHERE "c"."GUID" = :guid_0
      FETCH FIRST 1 ROWS ONLY
info: Microsoft.EntityFrameworkCore.Database.Command[20101]
      Executed DbCommand (20ms) [Parameters=[:nguoiDung_ID_0='?' (DbType = Int32)], CommandType='Text', CommandTimeout='0']
      SELECT "p"."ID", "p"."DATA_JSON", "p"."DB_QUEUE_PROCESS_ID", "p"."DON_VI_ID", "p"."FILE_TYPE", "p"."GUID", "p"."GUID_FILE", "p"."MA_BAO_CAO", "p"."MODEL_DATA_TYPE", "p"."NGAY_TAO", "p"."NGUOI_TAO_ID", "p"."REPORT_CLASS", "p"."RESPONSE", "p"."SEARCH_MODEL_CLASS", "p"."SEARCH_MODEL_JSON", "p"."STATEMENT", "p"."TIME_END_GET_DATA", "p"."TIME_START_GET_DATA", "p"."TRANG_THAI_ID", "p"."TYPE_QUEUE_PROCESS_ID"
      FROM "BC_QUEUE_PROCESS" "p"
      WHERE "p"."NGUOI_TAO_ID" = :nguoiDung_ID_0
      ORDER BY "p"."ID" DESC
      FETCH FIRST 1 ROWS ONLY
info: Microsoft.EntityFrameworkCore.Database.Command[20101]
      Executed DbCommand (7ms) [Parameters=[:Ma_0='?' (Size = 2000)], CommandType='Text', CommandTimeout='0']
      SELECT "l"."GIA_TRI"
      FROM "QL_NHAN_HIEN_THI" "l"
      WHERE "l"."MA" = :Ma_0
      FETCH FIRST 1 ROWS ONLY
info: Microsoft.EntityFrameworkCore.Database.Command[20101]
      Executed DbCommand (11ms) [Parameters=[:Ma_0='?' (Size = 2000)], CommandType='Text', CommandTimeout='0']
      SELECT "l"."GIA_TRI"
      FROM "QL_NHAN_HIEN_THI" "l"
      WHERE "l"."MA" = :Ma_0
      FETCH FIRST 1 ROWS ONLY
info: Microsoft.EntityFrameworkCore.Database.Command[20101]
      Executed DbCommand (12ms) [Parameters=[:Ma_0='?' (Size = 2000)], CommandType='Text', CommandTimeout='0']
      SELECT "l"."GIA_TRI"
      FROM "QL_NHAN_HIEN_THI" "l"
      WHERE "l"."MA" = :Ma_0
      FETCH FIRST 1 ROWS ONLY
info: Microsoft.EntityFrameworkCore.Database.Command[20101]
      Executed DbCommand (11ms) [Parameters=[:Ma_0='?' (Size = 2000)], CommandType='Text', CommandTimeout='0']
      SELECT "l"."GIA_TRI"
      FROM "QL_NHAN_HIEN_THI" "l"
      WHERE "l"."MA" = :Ma_0
      FETCH FIRST 1 ROWS ONLY
info: Microsoft.AspNetCore.Mvc.ViewFeatures.ViewResultExecutor[4]
      Executed ViewResult - view ChonLoaiTaiSan executed in 24000.8531ms.
info: Microsoft.AspNetCore.Mvc.Internal.ControllerActionInvoker[2]
      Executed action GS.Web.Controllers.TaiSanController.ChonLoaiTaiSan (GS.Web) in 26047.6284ms
info: Microsoft.AspNetCore.Hosting.Internal.WebHost[2]
      Request finished in 26092.4002ms 200 text/html; charset=utf-8
info: Microsoft.AspNetCore.Hosting.Internal.WebHost[1]
      Request starting HTTP/1.1 GET http://localhost:62432/Home/GetTLHD  
info: Microsoft.AspNetCore.Mvc.Internal.ControllerActionInvoker[1]
      Route matched with {action = "GetTLHD", controller = "Home"}. Executing action GS.Web.Controllers.HomeController.GetTLHD (GS.Web)
info: Microsoft.AspNetCore.Mvc.Internal.ControllerActionInvoker[1]
      Executing action method GS.Web.Controllers.HomeController.GetTLHD (GS.Web) - Validation state: Valid
info: Microsoft.EntityFrameworkCore.Infrastructure[10403]
      Entity Framework Core 2.2.6-servicing-10079 initialized 'GSObjectContext' using provider 'Oracle.EntityFrameworkCore' with options: using lazy-loading proxies 
info: Microsoft.EntityFrameworkCore.Database.Command[20101]
      Executed DbCommand (50ms) [Parameters=[:get_Item_0='?' (DbType = Decimal)], CommandType='Text', CommandTimeout='0']
      SELECT "e"."ID", "e"."DON_VI_ID", "e"."GIA_TRI", "e"."TEN"
      FROM "QL_CAU_HINH" "e"
      WHERE "e"."ID" = :get_Item_0
      FETCH FIRST 1 ROWS ONLY
info: Microsoft.AspNetCore.Mvc.Internal.ControllerActionInvoker[2]
      Executed action method GS.Web.Controllers.HomeController.GetTLHD (GS.Web), returned result Microsoft.AspNetCore.Mvc.JsonResult in 384.1136ms.
info: Microsoft.AspNetCore.Mvc.Formatters.Json.Internal.JsonResultExecutor[1]
      Executing JsonResult, writing value of type 'System.String'.
info: Microsoft.AspNetCore.Mvc.Internal.ControllerActionInvoker[2]
      Executed action GS.Web.Controllers.HomeController.GetTLHD (GS.Web) in 413.2979ms
info: Microsoft.AspNetCore.Hosting.Internal.WebHost[2]
      Request finished in 512.5824ms 200 application/json; charset=utf-8
info: Microsoft.AspNetCore.Hosting.Internal.WebHost[1]
      Request starting HTTP/1.1 GET http://localhost:62432/TaiSan/ChonLoaiTaiSan?isTangMoi=true  
info: Microsoft.AspNetCore.Mvc.Internal.ControllerActionInvoker[1]
      Route matched with {action = "ChonLoaiTaiSan", controller = "TaiSan"}. Executing action GS.Web.Controllers.TaiSanController.ChonLoaiTaiSan (GS.Web)
info: Microsoft.AspNetCore.Mvc.Internal.ControllerActionInvoker[1]
      Executing action method GS.Web.Controllers.TaiSanController.ChonLoaiTaiSan (GS.Web) with arguments (True, False) - Validation state: Valid
info: Microsoft.EntityFrameworkCore.Infrastructure[10403]
      Entity Framework Core 2.2.6-servicing-10079 initialized 'GSObjectContext' using provider 'Oracle.EntityFrameworkCore' with options: using lazy-loading proxies 
info: Microsoft.EntityFrameworkCore.Database.Command[20101]
      Executed DbCommand (19ms) [Parameters=[:Ma_0='?' (Size = 2000)], CommandType='Text', CommandTimeout='0']
      SELECT "l"."GIA_TRI"
      FROM "QL_NHAN_HIEN_THI" "l"
      WHERE "l"."MA" = :Ma_0
      FETCH FIRST 1 ROWS ONLY
info: Microsoft.EntityFrameworkCore.Database.Command[20101]
      Executed DbCommand (18ms) [Parameters=[:Ma_0='?' (Size = 2000)], CommandType='Text', CommandTimeout='0']
      SELECT "l"."GIA_TRI"
      FROM "QL_NHAN_HIEN_THI" "l"
      WHERE "l"."MA" = :Ma_0
      FETCH FIRST 1 ROWS ONLY
info: Microsoft.EntityFrameworkCore.Database.Command[20101]
      Executed DbCommand (16ms) [Parameters=[:Ma_0='?' (Size = 2000)], CommandType='Text', CommandTimeout='0']
      SELECT "l"."GIA_TRI"
      FROM "QL_NHAN_HIEN_THI" "l"
      WHERE "l"."MA" = :Ma_0
      FETCH FIRST 1 ROWS ONLY
info: Microsoft.EntityFrameworkCore.Database.Command[20101]
      Executed DbCommand (12ms) [Parameters=[:Ma_0='?' (Size = 2000)], CommandType='Text', CommandTimeout='0']
      SELECT "l"."GIA_TRI"
      FROM "QL_NHAN_HIEN_THI" "l"
      WHERE "l"."MA" = :Ma_0
      FETCH FIRST 1 ROWS ONLY
info: Microsoft.EntityFrameworkCore.Database.Command[20101]
      Executed DbCommand (18ms) [Parameters=[:Ma_0='?' (Size = 2000)], CommandType='Text', CommandTimeout='0']
      SELECT "l"."GIA_TRI"
      FROM "QL_NHAN_HIEN_THI" "l"
      WHERE "l"."MA" = :Ma_0
      FETCH FIRST 1 ROWS ONLY
info: Microsoft.EntityFrameworkCore.Database.Command[20101]
      Executed DbCommand (14ms) [Parameters=[:Ma_0='?' (Size = 2000)], CommandType='Text', CommandTimeout='0']
      SELECT "l"."GIA_TRI"
      FROM "QL_NHAN_HIEN_THI" "l"
      WHERE "l"."MA" = :Ma_0
      FETCH FIRST 1 ROWS ONLY
info: Microsoft.EntityFrameworkCore.Database.Command[20101]
      Executed DbCommand (9ms) [Parameters=[:Ma_0='?' (Size = 2000)], CommandType='Text', CommandTimeout='0']
      SELECT "l"."GIA_TRI"
      FROM "QL_NHAN_HIEN_THI" "l"
      WHERE "l"."MA" = :Ma_0
      FETCH FIRST 1 ROWS ONLY
info: Microsoft.EntityFrameworkCore.Database.Command[20101]
      Executed DbCommand (16ms) [Parameters=[:Ma_0='?' (Size = 2000)], CommandType='Text', CommandTimeout='0']
      SELECT "l"."GIA_TRI"
      FROM "QL_NHAN_HIEN_THI" "l"
      WHERE "l"."MA" = :Ma_0
      FETCH FIRST 1 ROWS ONLY
info: Microsoft.EntityFrameworkCore.Database.Command[20101]
      Executed DbCommand (9ms) [Parameters=[:Ma_0='?' (Size = 2000)], CommandType='Text', CommandTimeout='0']
      SELECT "l"."GIA_TRI"
      FROM "QL_NHAN_HIEN_THI" "l"
      WHERE "l"."MA" = :Ma_0
      FETCH FIRST 1 ROWS ONLY
info: Microsoft.EntityFrameworkCore.Database.Command[20101]
      Executed DbCommand (11ms) [Parameters=[:Ma_0='?' (Size = 2000)], CommandType='Text', CommandTimeout='0']
      SELECT "l"."GIA_TRI"
      FROM "QL_NHAN_HIEN_THI" "l"
      WHERE "l"."MA" = :Ma_0
      FETCH FIRST 1 ROWS ONLY
info: Microsoft.EntityFrameworkCore.Database.Command[20101]
      Executed DbCommand (14ms) [Parameters=[:Ma_0='?' (Size = 2000)], CommandType='Text', CommandTimeout='0']
      SELECT "l"."GIA_TRI"
      FROM "QL_NHAN_HIEN_THI" "l"
      WHERE "l"."MA" = :Ma_0
      FETCH FIRST 1 ROWS ONLY
info: Microsoft.EntityFrameworkCore.Database.Command[20101]
      Executed DbCommand (13ms) [Parameters=[:Ma_0='?' (Size = 2000)], CommandType='Text', CommandTimeout='0']
      SELECT "l"."GIA_TRI"
      FROM "QL_NHAN_HIEN_THI" "l"
      WHERE "l"."MA" = :Ma_0
      FETCH FIRST 1 ROWS ONLY
info: Microsoft.EntityFrameworkCore.Database.Command[20101]
      Executed DbCommand (18ms) [Parameters=[:get_Item_0='?' (DbType = Decimal)], CommandType='Text', CommandTimeout='0']
      SELECT "e"."ID", "e"."CAP_DON_VI_ID", "e"."CHE_DO_HACH_TOAN_ID", "e"."CO_TAI_SAN", "e"."CQTC_MA", "e"."DA_CO_QUYET_DINH_GIAO_VON", "e"."DB_ID", "e"."DIA_BAN_ID", "e"."DIA_CHI", "e"."DIEN_THOAI", "e"."DON_VI_HIEN_THI", "e"."FAX", "e"."HUYEN_ID", "e"."IS_TSQUAN_LY_CHU_KY_SO", "e"."IS_TSQUAN_LY_NHU_TSCD", "e"."IS_XAC_NHAN_DU_LIEU", "e"."KHONG_CHUYEN_MA", "e"."LA_BAN_QL_DU_AN", "e"."LA_DON_VI_NHAP_LIEU", "e"."LA_DON_VI_TU_CHU_TAI_CHINH", "e"."LIST_FILE_XAC_NHAN", "e"."LOAI_CAP_DON_VI_ID", "e"."LOAI_DON_VI_ID", "e"."MA", "e"."MA_BO", "e"."MA_CHUONG", "e"."MA_DIA_BAN", "e"."MA_DVQHNS", "e"."MA_HUYEN", "e"."MA_TINH", "e"."NGAY_CAP_NHAT", "e"."NGAY_QUYET_DINH", "e"."NGAY_QUYET_DINH_GIAO_VON", "e"."NGAY_TAO", "e"."NGAY_XAC_NHAN", "e"."NGUOI_CAP_NHAT_ID", "e"."NGUOI_TAO_ID", "e"."NHOM_DON_VI_ID", "e"."OLD_CAP_DON_VI_ID", "e"."PARENT_ID", "e"."SO_QUYET_DINH", "e"."SO_QUYET_DINH_GIAO_VON", "e"."TEN", "e"."TINH_ID", "e"."TRANG_THAI_DONG_BO_ID", "e"."TRANG_THAI_ID", "e"."TRANG_THAI_THAY_DOI_ID", "e"."TREE_LEVEL", "e"."TREE_NODE", "e"."XA_ID"
      FROM "DM_DON_VI" "e"
      WHERE "e"."ID" = :get_Item_0
      FETCH FIRST 1 ROWS ONLY
info: Microsoft.EntityFrameworkCore.Database.Command[20101]
      Executed DbCommand (41ms) [Parameters=[:TREE_NODE_LON_NHAT_0='?' (Size = 2000)], CommandType='Text', CommandTimeout='0']
      SELECT "p"."ID", "p"."CAP_DON_VI_ID", "p"."CHE_DO_HACH_TOAN_ID", "p"."CO_TAI_SAN", "p"."CQTC_MA", "p"."DA_CO_QUYET_DINH_GIAO_VON", "p"."DB_ID", "p"."DIA_BAN_ID", "p"."DIA_CHI", "p"."DIEN_THOAI", "p"."DON_VI_HIEN_THI", "p"."FAX", "p"."HUYEN_ID", "p"."IS_TSQUAN_LY_CHU_KY_SO", "p"."IS_TSQUAN_LY_NHU_TSCD", "p"."IS_XAC_NHAN_DU_LIEU", "p"."KHONG_CHUYEN_MA", "p"."LA_BAN_QL_DU_AN", "p"."LA_DON_VI_NHAP_LIEU", "p"."LA_DON_VI_TU_CHU_TAI_CHINH", "p"."LIST_FILE_XAC_NHAN", "p"."LOAI_CAP_DON_VI_ID", "p"."LOAI_DON_VI_ID", "p"."MA", "p"."MA_BO", "p"."MA_CHUONG", "p"."MA_DIA_BAN", "p"."MA_DVQHNS", "p"."MA_HUYEN", "p"."MA_TINH", "p"."NGAY_CAP_NHAT", "p"."NGAY_QUYET_DINH", "p"."NGAY_QUYET_DINH_GIAO_VON", "p"."NGAY_TAO", "p"."NGAY_XAC_NHAN", "p"."NGUOI_CAP_NHAT_ID", "p"."NGUOI_TAO_ID", "p"."NHOM_DON_VI_ID", "p"."OLD_CAP_DON_VI_ID", "p"."PARENT_ID", "p"."SO_QUYET_DINH", "p"."SO_QUYET_DINH_GIAO_VON", "p"."TEN", "p"."TINH_ID", "p"."TRANG_THAI_DONG_BO_ID", "p"."TRANG_THAI_ID", "p"."TRANG_THAI_THAY_DOI_ID", "p"."TREE_LEVEL", "p"."TREE_NODE", "p"."XA_ID"
      FROM "DM_DON_VI" "p"
      WHERE ("p"."TREE_NODE" = :TREE_NODE_LON_NHAT_0) AND (("p"."TRANG_THAI_ID" <> 0) OR "p"."TRANG_THAI_ID" IS NULL)
      FETCH FIRST 1 ROWS ONLY
info: Microsoft.EntityFrameworkCore.Database.Command[20101]
      Executed DbCommand (26ms) [Parameters=[], CommandType='Text', CommandTimeout='0']
      SELECT "c"."ID"
      FROM "DM_DON_VI" "c"
      WHERE (CAST(LENGTH("c"."MA") AS NUMBER(10)) = 3) AND (COALESCE("c"."TRANG_THAI_ID", 0) = 1)
info: Microsoft.EntityFrameworkCore.Database.Command[20101]
      Executed DbCommand (12ms) [Parameters=[:donViCapTren_ID_0='?' (DbType = Decimal)], CommandType='Text', CommandTimeout='0']
      SELECT CASE
          WHEN EXISTS (
              SELECT 1
              FROM "DM_LOAI_TAI_SAN_DON_VI" "c"
              WHERE ("c"."LOAI_HINH_TAI_SAN_ID" = 10.0) AND ("c"."DON_VI_ID" = :donViCapTren_ID_0))
          THEN 1 ELSE 0
      END FROM DUAL
info: Microsoft.EntityFrameworkCore.Database.Command[20101]
      Executed DbCommand (45ms) [Parameters=[:TREE_NODE_LON_NHAT_0='?' (Size = 2000)], CommandType='Text', CommandTimeout='0']
      SELECT "p"."ID", "p"."CAP_DON_VI_ID", "p"."CHE_DO_HACH_TOAN_ID", "p"."CO_TAI_SAN", "p"."CQTC_MA", "p"."DA_CO_QUYET_DINH_GIAO_VON", "p"."DB_ID", "p"."DIA_BAN_ID", "p"."DIA_CHI", "p"."DIEN_THOAI", "p"."DON_VI_HIEN_THI", "p"."FAX", "p"."HUYEN_ID", "p"."IS_TSQUAN_LY_CHU_KY_SO", "p"."IS_TSQUAN_LY_NHU_TSCD", "p"."IS_XAC_NHAN_DU_LIEU", "p"."KHONG_CHUYEN_MA", "p"."LA_BAN_QL_DU_AN", "p"."LA_DON_VI_NHAP_LIEU", "p"."LA_DON_VI_TU_CHU_TAI_CHINH", "p"."LIST_FILE_XAC_NHAN", "p"."LOAI_CAP_DON_VI_ID", "p"."LOAI_DON_VI_ID", "p"."MA", "p"."MA_BO", "p"."MA_CHUONG", "p"."MA_DIA_BAN", "p"."MA_DVQHNS", "p"."MA_HUYEN", "p"."MA_TINH", "p"."NGAY_CAP_NHAT", "p"."NGAY_QUYET_DINH", "p"."NGAY_QUYET_DINH_GIAO_VON", "p"."NGAY_TAO", "p"."NGAY_XAC_NHAN", "p"."NGUOI_CAP_NHAT_ID", "p"."NGUOI_TAO_ID", "p"."NHOM_DON_VI_ID", "p"."OLD_CAP_DON_VI_ID", "p"."PARENT_ID", "p"."SO_QUYET_DINH", "p"."SO_QUYET_DINH_GIAO_VON", "p"."TEN", "p"."TINH_ID", "p"."TRANG_THAI_DONG_BO_ID", "p"."TRANG_THAI_ID", "p"."TRANG_THAI_THAY_DOI_ID", "p"."TREE_LEVEL", "p"."TREE_NODE", "p"."XA_ID"
      FROM "DM_DON_VI" "p"
      WHERE ("p"."TREE_NODE" = :TREE_NODE_LON_NHAT_0) AND (("p"."TRANG_THAI_ID" <> 0) OR "p"."TRANG_THAI_ID" IS NULL)
      FETCH FIRST 1 ROWS ONLY
info: Microsoft.EntityFrameworkCore.Database.Command[20101]
      Executed DbCommand (16ms) [Parameters=[:get_Item_0='?' (DbType = Decimal)], CommandType='Text', CommandTimeout='0']
      SELECT "e"."ID", "e"."CAP_DON_VI_ID", "e"."CHE_DO_HACH_TOAN_ID", "e"."CO_TAI_SAN", "e"."CQTC_MA", "e"."DA_CO_QUYET_DINH_GIAO_VON", "e"."DB_ID", "e"."DIA_BAN_ID", "e"."DIA_CHI", "e"."DIEN_THOAI", "e"."DON_VI_HIEN_THI", "e"."FAX", "e"."HUYEN_ID", "e"."IS_TSQUAN_LY_CHU_KY_SO", "e"."IS_TSQUAN_LY_NHU_TSCD", "e"."IS_XAC_NHAN_DU_LIEU", "e"."KHONG_CHUYEN_MA", "e"."LA_BAN_QL_DU_AN", "e"."LA_DON_VI_NHAP_LIEU", "e"."LA_DON_VI_TU_CHU_TAI_CHINH", "e"."LIST_FILE_XAC_NHAN", "e"."LOAI_CAP_DON_VI_ID", "e"."LOAI_DON_VI_ID", "e"."MA", "e"."MA_BO", "e"."MA_CHUONG", "e"."MA_DIA_BAN", "e"."MA_DVQHNS", "e"."MA_HUYEN", "e"."MA_TINH", "e"."NGAY_CAP_NHAT", "e"."NGAY_QUYET_DINH", "e"."NGAY_QUYET_DINH_GIAO_VON", "e"."NGAY_TAO", "e"."NGAY_XAC_NHAN", "e"."NGUOI_CAP_NHAT_ID", "e"."NGUOI_TAO_ID", "e"."NHOM_DON_VI_ID", "e"."OLD_CAP_DON_VI_ID", "e"."PARENT_ID", "e"."SO_QUYET_DINH", "e"."SO_QUYET_DINH_GIAO_VON", "e"."TEN", "e"."TINH_ID", "e"."TRANG_THAI_DONG_BO_ID", "e"."TRANG_THAI_ID", "e"."TRANG_THAI_THAY_DOI_ID", "e"."TREE_LEVEL", "e"."TREE_NODE", "e"."XA_ID"
      FROM "DM_DON_VI" "e"
      WHERE "e"."ID" = :get_Item_0
      FETCH FIRST 1 ROWS ONLY
info: Microsoft.AspNetCore.Mvc.Internal.ControllerActionInvoker[2]
      Executed action method GS.Web.Controllers.TaiSanController.ChonLoaiTaiSan (GS.Web), returned result Microsoft.AspNetCore.Mvc.ViewResult in 591.3315ms.
info: Microsoft.AspNetCore.Mvc.ViewFeatures.ViewResultExecutor[1]
      Executing ViewResult, running view ChonLoaiTaiSan.
info: Microsoft.EntityFrameworkCore.Database.Command[20101]
      Executed DbCommand (22ms) [Parameters=[:Ma_0='?' (Size = 2000)], CommandType='Text', CommandTimeout='0']
      SELECT "l"."GIA_TRI"
      FROM "QL_NHAN_HIEN_THI" "l"
      WHERE "l"."MA" = :Ma_0
      FETCH FIRST 1 ROWS ONLY
info: Microsoft.EntityFrameworkCore.Database.Command[20101]
      Executed DbCommand (46ms) [Parameters=[:nguoiDung_ID_0='?' (DbType = Decimal)], CommandType='Text', CommandTimeout='0']
      SELECT "c"."VAI_TRO_ID"
      FROM "QL_VAI_TRO_NGUOI_DUNG" "c"
      WHERE "c"."NGUOI_DUNG_ID" = :nguoiDung_ID_0
info: Microsoft.EntityFrameworkCore.Database.Command[20101]
      Executed DbCommand (16ms) [Parameters=[:Ma_0='?' (Size = 2000)], CommandType='Text', CommandTimeout='0']
      SELECT "l"."GIA_TRI"
      FROM "QL_NHAN_HIEN_THI" "l"
      WHERE "l"."MA" = :Ma_0
      FETCH FIRST 1 ROWS ONLY
info: Microsoft.EntityFrameworkCore.Database.Command[20101]
      Executed DbCommand (29ms) [Parameters=[:nguoiDung_ID_0='?' (DbType = Decimal)], CommandType='Text', CommandTimeout='0']
      SELECT "c"."VAI_TRO_ID"
      FROM "QL_VAI_TRO_NGUOI_DUNG" "c"
      WHERE "c"."NGUOI_DUNG_ID" = :nguoiDung_ID_0
info: Microsoft.EntityFrameworkCore.Database.Command[20101]
      Executed DbCommand (21ms) [Parameters=[:Ma_0='?' (Size = 2000)], CommandType='Text', CommandTimeout='0']
      SELECT "l"."GIA_TRI"
      FROM "QL_NHAN_HIEN_THI" "l"
      WHERE "l"."MA" = :Ma_0
      FETCH FIRST 1 ROWS ONLY
info: Microsoft.EntityFrameworkCore.Database.Command[20101]
      Executed DbCommand (16ms) [Parameters=[:nguoiDung_ID_0='?' (DbType = Decimal)], CommandType='Text', CommandTimeout='0']
      SELECT "c"."VAI_TRO_ID"
      FROM "QL_VAI_TRO_NGUOI_DUNG" "c"
      WHERE "c"."NGUOI_DUNG_ID" = :nguoiDung_ID_0
info: Microsoft.EntityFrameworkCore.Database.Command[20101]
      Executed DbCommand (20ms) [Parameters=[:Ma_0='?' (Size = 2000)], CommandType='Text', CommandTimeout='0']
      SELECT "l"."GIA_TRI"
      FROM "QL_NHAN_HIEN_THI" "l"
      WHERE "l"."MA" = :Ma_0
      FETCH FIRST 1 ROWS ONLY
info: Microsoft.EntityFrameworkCore.Database.Command[20101]
      Executed DbCommand (22ms) [Parameters=[:nguoiDung_ID_0='?' (DbType = Decimal)], CommandType='Text', CommandTimeout='0']
      SELECT "c"."VAI_TRO_ID"
      FROM "QL_VAI_TRO_NGUOI_DUNG" "c"
      WHERE "c"."NGUOI_DUNG_ID" = :nguoiDung_ID_0
info: Microsoft.EntityFrameworkCore.Database.Command[20101]
      Executed DbCommand (9ms) [Parameters=[:Ma_0='?' (Size = 2000)], CommandType='Text', CommandTimeout='0']
      SELECT "l"."GIA_TRI"
      FROM "QL_NHAN_HIEN_THI" "l"
      WHERE "l"."MA" = :Ma_0
      FETCH FIRST 1 ROWS ONLY
info: Microsoft.EntityFrameworkCore.Database.Command[20101]
      Executed DbCommand (19ms) [Parameters=[:nguoiDung_ID_0='?' (DbType = Decimal)], CommandType='Text', CommandTimeout='0']
      SELECT "c"."VAI_TRO_ID"
      FROM "QL_VAI_TRO_NGUOI_DUNG" "c"
      WHERE "c"."NGUOI_DUNG_ID" = :nguoiDung_ID_0
info: Microsoft.EntityFrameworkCore.Database.Command[20101]
      Executed DbCommand (14ms) [Parameters=[:Ma_0='?' (Size = 2000)], CommandType='Text', CommandTimeout='0']
      SELECT "l"."GIA_TRI"
      FROM "QL_NHAN_HIEN_THI" "l"
      WHERE "l"."MA" = :Ma_0
      FETCH FIRST 1 ROWS ONLY
info: Microsoft.EntityFrameworkCore.Database.Command[20101]
      Executed DbCommand (16ms) [Parameters=[:nguoiDung_ID_0='?' (DbType = Decimal)], CommandType='Text', CommandTimeout='0']
      SELECT "c"."VAI_TRO_ID"
      FROM "QL_VAI_TRO_NGUOI_DUNG" "c"
      WHERE "c"."NGUOI_DUNG_ID" = :nguoiDung_ID_0
info: Microsoft.EntityFrameworkCore.Database.Command[20101]
      Executed DbCommand (11ms) [Parameters=[:Ma_0='?' (Size = 2000)], CommandType='Text', CommandTimeout='0']
      SELECT "l"."GIA_TRI"
      FROM "QL_NHAN_HIEN_THI" "l"
      WHERE "l"."MA" = :Ma_0
      FETCH FIRST 1 ROWS ONLY
info: Microsoft.EntityFrameworkCore.Database.Command[20101]
      Executed DbCommand (17ms) [Parameters=[:nguoiDung_ID_0='?' (DbType = Decimal)], CommandType='Text', CommandTimeout='0']
      SELECT "c"."VAI_TRO_ID"
      FROM "QL_VAI_TRO_NGUOI_DUNG" "c"
      WHERE "c"."NGUOI_DUNG_ID" = :nguoiDung_ID_0
info: Microsoft.EntityFrameworkCore.Database.Command[20101]
      Executed DbCommand (21ms) [Parameters=[:Ma_0='?' (Size = 2000)], CommandType='Text', CommandTimeout='0']
      SELECT "l"."GIA_TRI"
      FROM "QL_NHAN_HIEN_THI" "l"
      WHERE "l"."MA" = :Ma_0
      FETCH FIRST 1 ROWS ONLY
info: Microsoft.EntityFrameworkCore.Database.Command[20101]
      Executed DbCommand (14ms) [Parameters=[:nguoiDung_ID_0='?' (DbType = Decimal)], CommandType='Text', CommandTimeout='0']
      SELECT "c"."VAI_TRO_ID"
      FROM "QL_VAI_TRO_NGUOI_DUNG" "c"
      WHERE "c"."NGUOI_DUNG_ID" = :nguoiDung_ID_0
info: Microsoft.EntityFrameworkCore.Database.Command[20101]
      Executed DbCommand (10ms) [Parameters=[:Ma_0='?' (Size = 2000)], CommandType='Text', CommandTimeout='0']
      SELECT "l"."GIA_TRI"
      FROM "QL_NHAN_HIEN_THI" "l"
      WHERE "l"."MA" = :Ma_0
      FETCH FIRST 1 ROWS ONLY
info: Microsoft.EntityFrameworkCore.Database.Command[20101]
      Executed DbCommand (16ms) [Parameters=[:nguoiDung_ID_0='?' (DbType = Decimal)], CommandType='Text', CommandTimeout='0']
      SELECT "c"."VAI_TRO_ID"
      FROM "QL_VAI_TRO_NGUOI_DUNG" "c"
      WHERE "c"."NGUOI_DUNG_ID" = :nguoiDung_ID_0
info: Microsoft.EntityFrameworkCore.Database.Command[20101]
      Executed DbCommand (18ms) [Parameters=[:Ma_0='?' (Size = 2000)], CommandType='Text', CommandTimeout='0']
      SELECT "l"."GIA_TRI"
      FROM "QL_NHAN_HIEN_THI" "l"
      WHERE "l"."MA" = :Ma_0
      FETCH FIRST 1 ROWS ONLY
info: Microsoft.EntityFrameworkCore.Database.Command[20101]
      Executed DbCommand (18ms) [Parameters=[:nguoiDung_ID_0='?' (DbType = Decimal)], CommandType='Text', CommandTimeout='0']
      SELECT "c"."VAI_TRO_ID"
      FROM "QL_VAI_TRO_NGUOI_DUNG" "c"
      WHERE "c"."NGUOI_DUNG_ID" = :nguoiDung_ID_0
info: Microsoft.EntityFrameworkCore.Database.Command[20101]
      Executed DbCommand (32ms) [Parameters=[:Ma_0='?' (Size = 2000)], CommandType='Text', CommandTimeout='0']
      SELECT "l"."GIA_TRI"
      FROM "QL_NHAN_HIEN_THI" "l"
      WHERE "l"."MA" = :Ma_0
      FETCH FIRST 1 ROWS ONLY
info: Microsoft.EntityFrameworkCore.Database.Command[20101]
      Executed DbCommand (16ms) [Parameters=[:nguoiDung_ID_0='?' (DbType = Decimal)], CommandType='Text', CommandTimeout='0']
      SELECT "c"."VAI_TRO_ID"
      FROM "QL_VAI_TRO_NGUOI_DUNG" "c"
      WHERE "c"."NGUOI_DUNG_ID" = :nguoiDung_ID_0
info: Microsoft.EntityFrameworkCore.Database.Command[20101]
      Executed DbCommand (10ms) [Parameters=[:Ma_0='?' (Size = 2000)], CommandType='Text', CommandTimeout='0']
      SELECT "l"."GIA_TRI"
      FROM "QL_NHAN_HIEN_THI" "l"
      WHERE "l"."MA" = :Ma_0
      FETCH FIRST 1 ROWS ONLY
info: Microsoft.EntityFrameworkCore.Database.Command[20101]
      Executed DbCommand (20ms) [Parameters=[:nguoiDung_ID_0='?' (DbType = Decimal)], CommandType='Text', CommandTimeout='0']
      SELECT "c"."VAI_TRO_ID"
      FROM "QL_VAI_TRO_NGUOI_DUNG" "c"
      WHERE "c"."NGUOI_DUNG_ID" = :nguoiDung_ID_0
info: Microsoft.EntityFrameworkCore.Database.Command[20101]
      Executed DbCommand (11ms) [Parameters=[:nguoiDung_ID_0='?' (DbType = Decimal)], CommandType='Text', CommandTimeout='0']
      SELECT "c"."VAI_TRO_ID"
      FROM "QL_VAI_TRO_NGUOI_DUNG" "c"
      WHERE "c"."NGUOI_DUNG_ID" = :nguoiDung_ID_0
info: Microsoft.EntityFrameworkCore.Database.Command[20101]
      Executed DbCommand (15ms) [Parameters=[:Ma_0='?' (Size = 2000)], CommandType='Text', CommandTimeout='0']
      SELECT "l"."GIA_TRI"
      FROM "QL_NHAN_HIEN_THI" "l"
      WHERE "l"."MA" = :Ma_0
      FETCH FIRST 1 ROWS ONLY
info: Microsoft.EntityFrameworkCore.Database.Command[20101]
      Executed DbCommand (12ms) [Parameters=[:nguoiDung_ID_0='?' (DbType = Decimal)], CommandType='Text', CommandTimeout='0']
      SELECT "c"."VAI_TRO_ID"
      FROM "QL_VAI_TRO_NGUOI_DUNG" "c"
      WHERE "c"."NGUOI_DUNG_ID" = :nguoiDung_ID_0
info: Microsoft.EntityFrameworkCore.Database.Command[20101]
      Executed DbCommand (17ms) [Parameters=[:Ma_0='?' (Size = 2000)], CommandType='Text', CommandTimeout='0']
      SELECT "l"."GIA_TRI"
      FROM "QL_NHAN_HIEN_THI" "l"
      WHERE "l"."MA" = :Ma_0
      FETCH FIRST 1 ROWS ONLY
info: Microsoft.EntityFrameworkCore.Database.Command[20101]
      Executed DbCommand (15ms) [Parameters=[:nguoiDung_ID_0='?' (DbType = Decimal)], CommandType='Text', CommandTimeout='0']
      SELECT "c"."VAI_TRO_ID"
      FROM "QL_VAI_TRO_NGUOI_DUNG" "c"
      WHERE "c"."NGUOI_DUNG_ID" = :nguoiDung_ID_0
info: Microsoft.EntityFrameworkCore.Database.Command[20101]
      Executed DbCommand (13ms) [Parameters=[:Ma_0='?' (Size = 2000)], CommandType='Text', CommandTimeout='0']
      SELECT "l"."GIA_TRI"
      FROM "QL_NHAN_HIEN_THI" "l"
      WHERE "l"."MA" = :Ma_0
      FETCH FIRST 1 ROWS ONLY
info: Microsoft.EntityFrameworkCore.Database.Command[20101]
      Executed DbCommand (29ms) [Parameters=[:nguoiDung_ID_0='?' (DbType = Decimal)], CommandType='Text', CommandTimeout='0']
      SELECT "c"."VAI_TRO_ID"
      FROM "QL_VAI_TRO_NGUOI_DUNG" "c"
      WHERE "c"."NGUOI_DUNG_ID" = :nguoiDung_ID_0
info: Microsoft.EntityFrameworkCore.Database.Command[20101]
      Executed DbCommand (19ms) [Parameters=[:Ma_0='?' (Size = 2000)], CommandType='Text', CommandTimeout='0']
      SELECT "l"."GIA_TRI"
      FROM "QL_NHAN_HIEN_THI" "l"
      WHERE "l"."MA" = :Ma_0
      FETCH FIRST 1 ROWS ONLY
info: Microsoft.EntityFrameworkCore.Database.Command[20101]
      Executed DbCommand (12ms) [Parameters=[:nguoiDung_ID_0='?' (DbType = Decimal)], CommandType='Text', CommandTimeout='0']
      SELECT "c"."VAI_TRO_ID"
      FROM "QL_VAI_TRO_NGUOI_DUNG" "c"
      WHERE "c"."NGUOI_DUNG_ID" = :nguoiDung_ID_0
info: Microsoft.EntityFrameworkCore.Database.Command[20101]
      Executed DbCommand (16ms) [Parameters=[:Ma_0='?' (Size = 2000)], CommandType='Text', CommandTimeout='0']
      SELECT "l"."GIA_TRI"
      FROM "QL_NHAN_HIEN_THI" "l"
      WHERE "l"."MA" = :Ma_0
      FETCH FIRST 1 ROWS ONLY
info: Microsoft.EntityFrameworkCore.Database.Command[20101]
      Executed DbCommand (10ms) [Parameters=[:nguoiDung_ID_0='?' (DbType = Decimal)], CommandType='Text', CommandTimeout='0']
      SELECT "c"."VAI_TRO_ID"
      FROM "QL_VAI_TRO_NGUOI_DUNG" "c"
      WHERE "c"."NGUOI_DUNG_ID" = :nguoiDung_ID_0
info: Microsoft.EntityFrameworkCore.Database.Command[20101]
      Executed DbCommand (15ms) [Parameters=[:Ma_0='?' (Size = 2000)], CommandType='Text', CommandTimeout='0']
      SELECT "l"."GIA_TRI"
      FROM "QL_NHAN_HIEN_THI" "l"
      WHERE "l"."MA" = :Ma_0
      FETCH FIRST 1 ROWS ONLY
info: Microsoft.EntityFrameworkCore.Database.Command[20101]
      Executed DbCommand (24ms) [Parameters=[:nguoiDung_ID_0='?' (DbType = Decimal)], CommandType='Text', CommandTimeout='0']
      SELECT "c"."VAI_TRO_ID"
      FROM "QL_VAI_TRO_NGUOI_DUNG" "c"
      WHERE "c"."NGUOI_DUNG_ID" = :nguoiDung_ID_0
info: Microsoft.EntityFrameworkCore.Database.Command[20101]
      Executed DbCommand (9ms) [Parameters=[:Ma_0='?' (Size = 2000)], CommandType='Text', CommandTimeout='0']
      SELECT "l"."GIA_TRI"
      FROM "QL_NHAN_HIEN_THI" "l"
      WHERE "l"."MA" = :Ma_0
      FETCH FIRST 1 ROWS ONLY
info: Microsoft.EntityFrameworkCore.Database.Command[20101]
      Executed DbCommand (13ms) [Parameters=[:nguoiDung_ID_0='?' (DbType = Decimal)], CommandType='Text', CommandTimeout='0']
      SELECT "c"."VAI_TRO_ID"
      FROM "QL_VAI_TRO_NGUOI_DUNG" "c"
      WHERE "c"."NGUOI_DUNG_ID" = :nguoiDung_ID_0
info: Microsoft.EntityFrameworkCore.Database.Command[20101]
      Executed DbCommand (12ms) [Parameters=[:Ma_0='?' (Size = 2000)], CommandType='Text', CommandTimeout='0']
      SELECT "l"."GIA_TRI"
      FROM "QL_NHAN_HIEN_THI" "l"
      WHERE "l"."MA" = :Ma_0
      FETCH FIRST 1 ROWS ONLY
info: Microsoft.EntityFrameworkCore.Database.Command[20101]
      Executed DbCommand (9ms) [Parameters=[:nguoiDung_ID_0='?' (DbType = Decimal)], CommandType='Text', CommandTimeout='0']
      SELECT "c"."VAI_TRO_ID"
      FROM "QL_VAI_TRO_NGUOI_DUNG" "c"
      WHERE "c"."NGUOI_DUNG_ID" = :nguoiDung_ID_0
info: Microsoft.EntityFrameworkCore.Database.Command[20101]
      Executed DbCommand (7ms) [Parameters=[:Ma_0='?' (Size = 2000)], CommandType='Text', CommandTimeout='0']
      SELECT "l"."GIA_TRI"
      FROM "QL_NHAN_HIEN_THI" "l"
      WHERE "l"."MA" = :Ma_0
      FETCH FIRST 1 ROWS ONLY
info: Microsoft.EntityFrameworkCore.Database.Command[20101]
      Executed DbCommand (10ms) [Parameters=[:nguoiDung_ID_0='?' (DbType = Decimal)], CommandType='Text', CommandTimeout='0']
      SELECT "c"."VAI_TRO_ID"
      FROM "QL_VAI_TRO_NGUOI_DUNG" "c"
      WHERE "c"."NGUOI_DUNG_ID" = :nguoiDung_ID_0
info: Microsoft.EntityFrameworkCore.Database.Command[20101]
      Executed DbCommand (12ms) [Parameters=[:Ma_0='?' (Size = 2000)], CommandType='Text', CommandTimeout='0']
      SELECT "l"."GIA_TRI"
      FROM "QL_NHAN_HIEN_THI" "l"
      WHERE "l"."MA" = :Ma_0
      FETCH FIRST 1 ROWS ONLY
info: Microsoft.EntityFrameworkCore.Database.Command[20101]
      Executed DbCommand (13ms) [Parameters=[:nguoiDung_ID_0='?' (DbType = Decimal)], CommandType='Text', CommandTimeout='0']
      SELECT "c"."VAI_TRO_ID"
      FROM "QL_VAI_TRO_NGUOI_DUNG" "c"
      WHERE "c"."NGUOI_DUNG_ID" = :nguoiDung_ID_0
info: Microsoft.EntityFrameworkCore.Database.Command[20101]
      Executed DbCommand (17ms) [Parameters=[:Ma_0='?' (Size = 2000)], CommandType='Text', CommandTimeout='0']
      SELECT "l"."GIA_TRI"
      FROM "QL_NHAN_HIEN_THI" "l"
      WHERE "l"."MA" = :Ma_0
      FETCH FIRST 1 ROWS ONLY
info: Microsoft.EntityFrameworkCore.Database.Command[20101]
      Executed DbCommand (15ms) [Parameters=[:nguoiDung_ID_0='?' (DbType = Decimal)], CommandType='Text', CommandTimeout='0']
      SELECT "c"."VAI_TRO_ID"
      FROM "QL_VAI_TRO_NGUOI_DUNG" "c"
      WHERE "c"."NGUOI_DUNG_ID" = :nguoiDung_ID_0
info: Microsoft.EntityFrameworkCore.Database.Command[20101]
      Executed DbCommand (16ms) [Parameters=[:Ma_0='?' (Size = 2000)], CommandType='Text', CommandTimeout='0']
      SELECT "l"."GIA_TRI"
      FROM "QL_NHAN_HIEN_THI" "l"
      WHERE "l"."MA" = :Ma_0
      FETCH FIRST 1 ROWS ONLY
info: Microsoft.EntityFrameworkCore.Database.Command[20101]
      Executed DbCommand (11ms) [Parameters=[:nguoiDung_ID_0='?' (DbType = Decimal)], CommandType='Text', CommandTimeout='0']
      SELECT "c"."VAI_TRO_ID"
      FROM "QL_VAI_TRO_NGUOI_DUNG" "c"
      WHERE "c"."NGUOI_DUNG_ID" = :nguoiDung_ID_0
info: Microsoft.EntityFrameworkCore.Database.Command[20101]
      Executed DbCommand (14ms) [Parameters=[:Ma_0='?' (Size = 2000)], CommandType='Text', CommandTimeout='0']
      SELECT "l"."GIA_TRI"
      FROM "QL_NHAN_HIEN_THI" "l"
      WHERE "l"."MA" = :Ma_0
      FETCH FIRST 1 ROWS ONLY
info: Microsoft.EntityFrameworkCore.Database.Command[20101]
      Executed DbCommand (15ms) [Parameters=[:nguoiDung_ID_0='?' (DbType = Decimal)], CommandType='Text', CommandTimeout='0']
      SELECT "c"."VAI_TRO_ID"
      FROM "QL_VAI_TRO_NGUOI_DUNG" "c"
      WHERE "c"."NGUOI_DUNG_ID" = :nguoiDung_ID_0
info: Microsoft.EntityFrameworkCore.Database.Command[20101]
      Executed DbCommand (14ms) [Parameters=[:Ma_0='?' (Size = 2000)], CommandType='Text', CommandTimeout='0']
      SELECT "l"."GIA_TRI"
      FROM "QL_NHAN_HIEN_THI" "l"
      WHERE "l"."MA" = :Ma_0
      FETCH FIRST 1 ROWS ONLY
info: Microsoft.EntityFrameworkCore.Database.Command[20101]
      Executed DbCommand (13ms) [Parameters=[:nguoiDung_ID_0='?' (DbType = Decimal)], CommandType='Text', CommandTimeout='0']
      SELECT "c"."VAI_TRO_ID"
      FROM "QL_VAI_TRO_NGUOI_DUNG" "c"
      WHERE "c"."NGUOI_DUNG_ID" = :nguoiDung_ID_0
info: Microsoft.EntityFrameworkCore.Database.Command[20101]
      Executed DbCommand (17ms) [Parameters=[:Ma_0='?' (Size = 2000)], CommandType='Text', CommandTimeout='0']
      SELECT "l"."GIA_TRI"
      FROM "QL_NHAN_HIEN_THI" "l"
      WHERE "l"."MA" = :Ma_0
      FETCH FIRST 1 ROWS ONLY
info: Microsoft.EntityFrameworkCore.Database.Command[20101]
      Executed DbCommand (14ms) [Parameters=[:nguoiDung_ID_0='?' (DbType = Decimal)], CommandType='Text', CommandTimeout='0']
      SELECT "c"."VAI_TRO_ID"
      FROM "QL_VAI_TRO_NGUOI_DUNG" "c"
      WHERE "c"."NGUOI_DUNG_ID" = :nguoiDung_ID_0
info: Microsoft.EntityFrameworkCore.Database.Command[20101]
      Executed DbCommand (24ms) [Parameters=[:Ma_0='?' (Size = 2000)], CommandType='Text', CommandTimeout='0']
      SELECT "l"."GIA_TRI"
      FROM "QL_NHAN_HIEN_THI" "l"
      WHERE "l"."MA" = :Ma_0
      FETCH FIRST 1 ROWS ONLY
info: Microsoft.EntityFrameworkCore.Database.Command[20101]
      Executed DbCommand (19ms) [Parameters=[:nguoiDung_ID_0='?' (DbType = Decimal)], CommandType='Text', CommandTimeout='0']
      SELECT "c"."VAI_TRO_ID"
      FROM "QL_VAI_TRO_NGUOI_DUNG" "c"
      WHERE "c"."NGUOI_DUNG_ID" = :nguoiDung_ID_0
info: Microsoft.EntityFrameworkCore.Database.Command[20101]
      Executed DbCommand (22ms) [Parameters=[:Ma_0='?' (Size = 2000)], CommandType='Text', CommandTimeout='0']
      SELECT "l"."GIA_TRI"
      FROM "QL_NHAN_HIEN_THI" "l"
      WHERE "l"."MA" = :Ma_0
      FETCH FIRST 1 ROWS ONLY
info: Microsoft.EntityFrameworkCore.Database.Command[20101]
      Executed DbCommand (16ms) [Parameters=[:nguoiDung_ID_0='?' (DbType = Decimal)], CommandType='Text', CommandTimeout='0']
      SELECT "c"."VAI_TRO_ID"
      FROM "QL_VAI_TRO_NGUOI_DUNG" "c"
      WHERE "c"."NGUOI_DUNG_ID" = :nguoiDung_ID_0
info: Microsoft.EntityFrameworkCore.Database.Command[20101]
      Executed DbCommand (24ms) [Parameters=[:Ma_0='?' (Size = 2000)], CommandType='Text', CommandTimeout='0']
      SELECT "l"."GIA_TRI"
      FROM "QL_NHAN_HIEN_THI" "l"
      WHERE "l"."MA" = :Ma_0
      FETCH FIRST 1 ROWS ONLY
info: Microsoft.EntityFrameworkCore.Database.Command[20101]
      Executed DbCommand (21ms) [Parameters=[:nguoiDung_ID_0='?' (DbType = Decimal)], CommandType='Text', CommandTimeout='0']
      SELECT "c"."VAI_TRO_ID"
      FROM "QL_VAI_TRO_NGUOI_DUNG" "c"
      WHERE "c"."NGUOI_DUNG_ID" = :nguoiDung_ID_0
info: Microsoft.EntityFrameworkCore.Database.Command[20101]
      Executed DbCommand (27ms) [Parameters=[:Ma_0='?' (Size = 2000)], CommandType='Text', CommandTimeout='0']
      SELECT "l"."GIA_TRI"
      FROM "QL_NHAN_HIEN_THI" "l"
      WHERE "l"."MA" = :Ma_0
      FETCH FIRST 1 ROWS ONLY
info: Microsoft.EntityFrameworkCore.Database.Command[20101]
      Executed DbCommand (18ms) [Parameters=[:nguoiDung_ID_0='?' (DbType = Decimal)], CommandType='Text', CommandTimeout='0']
      SELECT "c"."VAI_TRO_ID"
      FROM "QL_VAI_TRO_NGUOI_DUNG" "c"
      WHERE "c"."NGUOI_DUNG_ID" = :nguoiDung_ID_0
info: Microsoft.EntityFrameworkCore.Database.Command[20101]
      Executed DbCommand (25ms) [Parameters=[:Ma_0='?' (Size = 2000)], CommandType='Text', CommandTimeout='0']
      SELECT "l"."GIA_TRI"
      FROM "QL_NHAN_HIEN_THI" "l"
      WHERE "l"."MA" = :Ma_0
      FETCH FIRST 1 ROWS ONLY
info: Microsoft.EntityFrameworkCore.Database.Command[20101]
      Executed DbCommand (13ms) [Parameters=[:nguoiDung_ID_0='?' (DbType = Decimal)], CommandType='Text', CommandTimeout='0']
      SELECT "c"."VAI_TRO_ID"
      FROM "QL_VAI_TRO_NGUOI_DUNG" "c"
      WHERE "c"."NGUOI_DUNG_ID" = :nguoiDung_ID_0
info: Microsoft.EntityFrameworkCore.Database.Command[20101]
      Executed DbCommand (17ms) [Parameters=[:Ma_0='?' (Size = 2000)], CommandType='Text', CommandTimeout='0']
      SELECT "l"."GIA_TRI"
      FROM "QL_NHAN_HIEN_THI" "l"
      WHERE "l"."MA" = :Ma_0
      FETCH FIRST 1 ROWS ONLY
info: Microsoft.EntityFrameworkCore.Database.Command[20101]
      Executed DbCommand (16ms) [Parameters=[:nguoiDung_ID_0='?' (DbType = Decimal)], CommandType='Text', CommandTimeout='0']
      SELECT "c"."VAI_TRO_ID"
      FROM "QL_VAI_TRO_NGUOI_DUNG" "c"
      WHERE "c"."NGUOI_DUNG_ID" = :nguoiDung_ID_0
info: Microsoft.EntityFrameworkCore.Database.Command[20101]
      Executed DbCommand (13ms) [Parameters=[:Ma_0='?' (Size = 2000)], CommandType='Text', CommandTimeout='0']
      SELECT "l"."GIA_TRI"
      FROM "QL_NHAN_HIEN_THI" "l"
      WHERE "l"."MA" = :Ma_0
      FETCH FIRST 1 ROWS ONLY
info: Microsoft.EntityFrameworkCore.Database.Command[20101]
      Executed DbCommand (11ms) [Parameters=[:nguoiDung_ID_0='?' (DbType = Decimal)], CommandType='Text', CommandTimeout='0']
      SELECT "c"."VAI_TRO_ID"
      FROM "QL_VAI_TRO_NGUOI_DUNG" "c"
      WHERE "c"."NGUOI_DUNG_ID" = :nguoiDung_ID_0
info: Microsoft.EntityFrameworkCore.Database.Command[20101]
      Executed DbCommand (12ms) [Parameters=[:Ma_0='?' (Size = 2000)], CommandType='Text', CommandTimeout='0']
      SELECT "l"."GIA_TRI"
      FROM "QL_NHAN_HIEN_THI" "l"
      WHERE "l"."MA" = :Ma_0
      FETCH FIRST 1 ROWS ONLY
info: Microsoft.EntityFrameworkCore.Database.Command[20101]
      Executed DbCommand (14ms) [Parameters=[:nguoiDung_ID_0='?' (DbType = Decimal)], CommandType='Text', CommandTimeout='0']
      SELECT "c"."VAI_TRO_ID"
      FROM "QL_VAI_TRO_NGUOI_DUNG" "c"
      WHERE "c"."NGUOI_DUNG_ID" = :nguoiDung_ID_0
info: Microsoft.EntityFrameworkCore.Database.Command[20101]
      Executed DbCommand (18ms) [Parameters=[:Ma_0='?' (Size = 2000)], CommandType='Text', CommandTimeout='0']
      SELECT "l"."GIA_TRI"
      FROM "QL_NHAN_HIEN_THI" "l"
      WHERE "l"."MA" = :Ma_0
      FETCH FIRST 1 ROWS ONLY
info: Microsoft.EntityFrameworkCore.Database.Command[20101]
      Executed DbCommand (15ms) [Parameters=[:nguoiDung_ID_0='?' (DbType = Decimal)], CommandType='Text', CommandTimeout='0']
      SELECT "c"."VAI_TRO_ID"
      FROM "QL_VAI_TRO_NGUOI_DUNG" "c"
      WHERE "c"."NGUOI_DUNG_ID" = :nguoiDung_ID_0
info: Microsoft.EntityFrameworkCore.Database.Command[20101]
      Executed DbCommand (34ms) [Parameters=[:Ma_0='?' (Size = 2000)], CommandType='Text', CommandTimeout='0']
      SELECT "l"."GIA_TRI"
      FROM "QL_NHAN_HIEN_THI" "l"
      WHERE "l"."MA" = :Ma_0
      FETCH FIRST 1 ROWS ONLY
info: Microsoft.EntityFrameworkCore.Database.Command[20101]
      Executed DbCommand (28ms) [Parameters=[:nguoiDung_ID_0='?' (DbType = Decimal)], CommandType='Text', CommandTimeout='0']
      SELECT "c"."VAI_TRO_ID"
      FROM "QL_VAI_TRO_NGUOI_DUNG" "c"
      WHERE "c"."NGUOI_DUNG_ID" = :nguoiDung_ID_0
info: Microsoft.EntityFrameworkCore.Database.Command[20101]
      Executed DbCommand (17ms) [Parameters=[:Ma_0='?' (Size = 2000)], CommandType='Text', CommandTimeout='0']
      SELECT "l"."GIA_TRI"
      FROM "QL_NHAN_HIEN_THI" "l"
      WHERE "l"."MA" = :Ma_0
      FETCH FIRST 1 ROWS ONLY
info: Microsoft.EntityFrameworkCore.Database.Command[20101]
      Executed DbCommand (24ms) [Parameters=[:nguoiDung_ID_0='?' (DbType = Decimal)], CommandType='Text', CommandTimeout='0']
      SELECT "c"."VAI_TRO_ID"
      FROM "QL_VAI_TRO_NGUOI_DUNG" "c"
      WHERE "c"."NGUOI_DUNG_ID" = :nguoiDung_ID_0
info: Microsoft.EntityFrameworkCore.Database.Command[20101]
      Executed DbCommand (34ms) [Parameters=[:Ma_0='?' (Size = 2000)], CommandType='Text', CommandTimeout='0']
      SELECT "l"."GIA_TRI"
      FROM "QL_NHAN_HIEN_THI" "l"
      WHERE "l"."MA" = :Ma_0
      FETCH FIRST 1 ROWS ONLY
info: Microsoft.EntityFrameworkCore.Database.Command[20101]
      Executed DbCommand (21ms) [Parameters=[:nguoiDung_ID_0='?' (DbType = Decimal)], CommandType='Text', CommandTimeout='0']
      SELECT "c"."VAI_TRO_ID"
      FROM "QL_VAI_TRO_NGUOI_DUNG" "c"
      WHERE "c"."NGUOI_DUNG_ID" = :nguoiDung_ID_0
info: Microsoft.EntityFrameworkCore.Database.Command[20101]
      Executed DbCommand (15ms) [Parameters=[:Ma_0='?' (Size = 2000)], CommandType='Text', CommandTimeout='0']
      SELECT "l"."GIA_TRI"
      FROM "QL_NHAN_HIEN_THI" "l"
      WHERE "l"."MA" = :Ma_0
      FETCH FIRST 1 ROWS ONLY
info: Microsoft.EntityFrameworkCore.Database.Command[20101]
      Executed DbCommand (28ms) [Parameters=[:nguoiDung_ID_0='?' (DbType = Decimal)], CommandType='Text', CommandTimeout='0']
      SELECT "c"."VAI_TRO_ID"
      FROM "QL_VAI_TRO_NGUOI_DUNG" "c"
      WHERE "c"."NGUOI_DUNG_ID" = :nguoiDung_ID_0
info: Microsoft.EntityFrameworkCore.Database.Command[20101]
      Executed DbCommand (15ms) [Parameters=[:Ma_0='?' (Size = 2000)], CommandType='Text', CommandTimeout='0']
      SELECT "l"."GIA_TRI"
      FROM "QL_NHAN_HIEN_THI" "l"
      WHERE "l"."MA" = :Ma_0
      FETCH FIRST 1 ROWS ONLY
info: Microsoft.EntityFrameworkCore.Database.Command[20101]
      Executed DbCommand (30ms) [Parameters=[:nguoiDung_ID_0='?' (DbType = Decimal)], CommandType='Text', CommandTimeout='0']
      SELECT "c"."VAI_TRO_ID"
      FROM "QL_VAI_TRO_NGUOI_DUNG" "c"
      WHERE "c"."NGUOI_DUNG_ID" = :nguoiDung_ID_0
info: Microsoft.EntityFrameworkCore.Database.Command[20101]
      Executed DbCommand (27ms) [Parameters=[:Ma_0='?' (Size = 2000)], CommandType='Text', CommandTimeout='0']
      SELECT "l"."GIA_TRI"
      FROM "QL_NHAN_HIEN_THI" "l"
      WHERE "l"."MA" = :Ma_0
      FETCH FIRST 1 ROWS ONLY
info: Microsoft.EntityFrameworkCore.Database.Command[20101]
      Executed DbCommand (17ms) [Parameters=[:nguoiDung_ID_0='?' (DbType = Decimal)], CommandType='Text', CommandTimeout='0']
      SELECT "c"."VAI_TRO_ID"
      FROM "QL_VAI_TRO_NGUOI_DUNG" "c"
      WHERE "c"."NGUOI_DUNG_ID" = :nguoiDung_ID_0
info: Microsoft.EntityFrameworkCore.Database.Command[20101]
      Executed DbCommand (22ms) [Parameters=[:Ma_0='?' (Size = 2000)], CommandType='Text', CommandTimeout='0']
      SELECT "l"."GIA_TRI"
      FROM "QL_NHAN_HIEN_THI" "l"
      WHERE "l"."MA" = :Ma_0
      FETCH FIRST 1 ROWS ONLY
info: Microsoft.EntityFrameworkCore.Database.Command[20101]
      Executed DbCommand (55ms) [Parameters=[:nguoiDung_ID_0='?' (DbType = Decimal)], CommandType='Text', CommandTimeout='0']
      SELECT "c"."VAI_TRO_ID"
      FROM "QL_VAI_TRO_NGUOI_DUNG" "c"
      WHERE "c"."NGUOI_DUNG_ID" = :nguoiDung_ID_0
info: Microsoft.EntityFrameworkCore.Database.Command[20101]
      Executed DbCommand (23ms) [Parameters=[:Ma_0='?' (Size = 2000)], CommandType='Text', CommandTimeout='0']
      SELECT "l"."GIA_TRI"
      FROM "QL_NHAN_HIEN_THI" "l"
      WHERE "l"."MA" = :Ma_0
      FETCH FIRST 1 ROWS ONLY
info: Microsoft.EntityFrameworkCore.Database.Command[20101]
      Executed DbCommand (9ms) [Parameters=[:nguoiDung_ID_0='?' (DbType = Decimal)], CommandType='Text', CommandTimeout='0']
      SELECT "c"."VAI_TRO_ID"
      FROM "QL_VAI_TRO_NGUOI_DUNG" "c"
      WHERE "c"."NGUOI_DUNG_ID" = :nguoiDung_ID_0
info: Microsoft.EntityFrameworkCore.Database.Command[20101]
      Executed DbCommand (7ms) [Parameters=[:Ma_0='?' (Size = 2000)], CommandType='Text', CommandTimeout='0']
      SELECT "l"."GIA_TRI"
      FROM "QL_NHAN_HIEN_THI" "l"
      WHERE "l"."MA" = :Ma_0
      FETCH FIRST 1 ROWS ONLY
info: Microsoft.EntityFrameworkCore.Database.Command[20101]
      Executed DbCommand (16ms) [Parameters=[:nguoiDung_ID_0='?' (DbType = Decimal)], CommandType='Text', CommandTimeout='0']
      SELECT "c"."VAI_TRO_ID"
      FROM "QL_VAI_TRO_NGUOI_DUNG" "c"
      WHERE "c"."NGUOI_DUNG_ID" = :nguoiDung_ID_0
info: Microsoft.EntityFrameworkCore.Database.Command[20101]
      Executed DbCommand (13ms) [Parameters=[:Ma_0='?' (Size = 2000)], CommandType='Text', CommandTimeout='0']
      SELECT "l"."GIA_TRI"
      FROM "QL_NHAN_HIEN_THI" "l"
      WHERE "l"."MA" = :Ma_0
      FETCH FIRST 1 ROWS ONLY
info: Microsoft.EntityFrameworkCore.Database.Command[20101]
      Executed DbCommand (10ms) [Parameters=[:nguoiDung_ID_0='?' (DbType = Decimal)], CommandType='Text', CommandTimeout='0']
      SELECT "c"."VAI_TRO_ID"
      FROM "QL_VAI_TRO_NGUOI_DUNG" "c"
      WHERE "c"."NGUOI_DUNG_ID" = :nguoiDung_ID_0
info: Microsoft.EntityFrameworkCore.Database.Command[20101]
      Executed DbCommand (16ms) [Parameters=[:Ma_0='?' (Size = 2000)], CommandType='Text', CommandTimeout='0']
      SELECT "l"."GIA_TRI"
      FROM "QL_NHAN_HIEN_THI" "l"
      WHERE "l"."MA" = :Ma_0
      FETCH FIRST 1 ROWS ONLY
info: Microsoft.EntityFrameworkCore.Database.Command[20101]
      Executed DbCommand (11ms) [Parameters=[:nguoiDung_ID_0='?' (DbType = Decimal)], CommandType='Text', CommandTimeout='0']
      SELECT "c"."VAI_TRO_ID"
      FROM "QL_VAI_TRO_NGUOI_DUNG" "c"
      WHERE "c"."NGUOI_DUNG_ID" = :nguoiDung_ID_0
info: Microsoft.EntityFrameworkCore.Database.Command[20101]
      Executed DbCommand (8ms) [Parameters=[:Ma_0='?' (Size = 2000)], CommandType='Text', CommandTimeout='0']
      SELECT "l"."GIA_TRI"
      FROM "QL_NHAN_HIEN_THI" "l"
      WHERE "l"."MA" = :Ma_0
      FETCH FIRST 1 ROWS ONLY
info: Microsoft.EntityFrameworkCore.Database.Command[20101]
      Executed DbCommand (19ms) [Parameters=[:nguoiDung_ID_0='?' (DbType = Decimal)], CommandType='Text', CommandTimeout='0']
      SELECT "c"."VAI_TRO_ID"
      FROM "QL_VAI_TRO_NGUOI_DUNG" "c"
      WHERE "c"."NGUOI_DUNG_ID" = :nguoiDung_ID_0
info: Microsoft.EntityFrameworkCore.Database.Command[20101]
      Executed DbCommand (16ms) [Parameters=[:Ma_0='?' (Size = 2000)], CommandType='Text', CommandTimeout='0']
      SELECT "l"."GIA_TRI"
      FROM "QL_NHAN_HIEN_THI" "l"
      WHERE "l"."MA" = :Ma_0
      FETCH FIRST 1 ROWS ONLY
info: Microsoft.EntityFrameworkCore.Database.Command[20101]
      Executed DbCommand (46ms) [Parameters=[:nguoiDung_ID_0='?' (DbType = Decimal)], CommandType='Text', CommandTimeout='0']
      SELECT "c"."VAI_TRO_ID"
      FROM "QL_VAI_TRO_NGUOI_DUNG" "c"
      WHERE "c"."NGUOI_DUNG_ID" = :nguoiDung_ID_0
info: Microsoft.EntityFrameworkCore.Database.Command[20101]
      Executed DbCommand (10ms) [Parameters=[:Ma_0='?' (Size = 2000)], CommandType='Text', CommandTimeout='0']
      SELECT "l"."GIA_TRI"
      FROM "QL_NHAN_HIEN_THI" "l"
      WHERE "l"."MA" = :Ma_0
      FETCH FIRST 1 ROWS ONLY
info: Microsoft.EntityFrameworkCore.Database.Command[20101]
      Executed DbCommand (17ms) [Parameters=[:nguoiDung_ID_0='?' (DbType = Decimal)], CommandType='Text', CommandTimeout='0']
      SELECT "c"."VAI_TRO_ID"
      FROM "QL_VAI_TRO_NGUOI_DUNG" "c"
      WHERE "c"."NGUOI_DUNG_ID" = :nguoiDung_ID_0
info: Microsoft.EntityFrameworkCore.Database.Command[20101]
      Executed DbCommand (16ms) [Parameters=[:Ma_0='?' (Size = 2000)], CommandType='Text', CommandTimeout='0']
      SELECT "l"."GIA_TRI"
      FROM "QL_NHAN_HIEN_THI" "l"
      WHERE "l"."MA" = :Ma_0
      FETCH FIRST 1 ROWS ONLY
info: Microsoft.EntityFrameworkCore.Database.Command[20101]
      Executed DbCommand (18ms) [Parameters=[:nguoiDung_ID_0='?' (DbType = Decimal)], CommandType='Text', CommandTimeout='0']
      SELECT "c"."VAI_TRO_ID"
      FROM "QL_VAI_TRO_NGUOI_DUNG" "c"
      WHERE "c"."NGUOI_DUNG_ID" = :nguoiDung_ID_0
info: Microsoft.EntityFrameworkCore.Database.Command[20101]
      Executed DbCommand (25ms) [Parameters=[:Ma_0='?' (Size = 2000)], CommandType='Text', CommandTimeout='0']
      SELECT "l"."GIA_TRI"
      FROM "QL_NHAN_HIEN_THI" "l"
      WHERE "l"."MA" = :Ma_0
      FETCH FIRST 1 ROWS ONLY
info: Microsoft.EntityFrameworkCore.Database.Command[20101]
      Executed DbCommand (13ms) [Parameters=[:nguoiDung_ID_0='?' (DbType = Decimal)], CommandType='Text', CommandTimeout='0']
      SELECT "c"."VAI_TRO_ID"
      FROM "QL_VAI_TRO_NGUOI_DUNG" "c"
      WHERE "c"."NGUOI_DUNG_ID" = :nguoiDung_ID_0
info: Microsoft.EntityFrameworkCore.Database.Command[20101]
      Executed DbCommand (16ms) [Parameters=[:Ma_0='?' (Size = 2000)], CommandType='Text', CommandTimeout='0']
      SELECT "l"."GIA_TRI"
      FROM "QL_NHAN_HIEN_THI" "l"
      WHERE "l"."MA" = :Ma_0
      FETCH FIRST 1 ROWS ONLY
info: Microsoft.EntityFrameworkCore.Database.Command[20101]
      Executed DbCommand (27ms) [Parameters=[:nguoiDung_ID_0='?' (DbType = Decimal)], CommandType='Text', CommandTimeout='0']
      SELECT "c"."VAI_TRO_ID"
      FROM "QL_VAI_TRO_NGUOI_DUNG" "c"
      WHERE "c"."NGUOI_DUNG_ID" = :nguoiDung_ID_0
info: Microsoft.EntityFrameworkCore.Database.Command[20101]
      Executed DbCommand (15ms) [Parameters=[:Ma_0='?' (Size = 2000)], CommandType='Text', CommandTimeout='0']
      SELECT "l"."GIA_TRI"
      FROM "QL_NHAN_HIEN_THI" "l"
      WHERE "l"."MA" = :Ma_0
      FETCH FIRST 1 ROWS ONLY
info: Microsoft.EntityFrameworkCore.Database.Command[20101]
      Executed DbCommand (18ms) [Parameters=[:nguoiDung_ID_0='?' (DbType = Decimal)], CommandType='Text', CommandTimeout='0']
      SELECT "c"."VAI_TRO_ID"
      FROM "QL_VAI_TRO_NGUOI_DUNG" "c"
      WHERE "c"."NGUOI_DUNG_ID" = :nguoiDung_ID_0
info: Microsoft.EntityFrameworkCore.Database.Command[20101]
      Executed DbCommand (23ms) [Parameters=[:Ma_0='?' (Size = 2000)], CommandType='Text', CommandTimeout='0']
      SELECT "l"."GIA_TRI"
      FROM "QL_NHAN_HIEN_THI" "l"
      WHERE "l"."MA" = :Ma_0
      FETCH FIRST 1 ROWS ONLY
info: Microsoft.EntityFrameworkCore.Database.Command[20101]
      Executed DbCommand (263ms) [Parameters=[:nguoiDung_ID_0='?' (DbType = Decimal)], CommandType='Text', CommandTimeout='0']
      SELECT "c"."VAI_TRO_ID"
      FROM "QL_VAI_TRO_NGUOI_DUNG" "c"
      WHERE "c"."NGUOI_DUNG_ID" = :nguoiDung_ID_0
info: Microsoft.EntityFrameworkCore.Database.Command[20101]
      Executed DbCommand (29ms) [Parameters=[:Ma_0='?' (Size = 2000)], CommandType='Text', CommandTimeout='0']
      SELECT "l"."GIA_TRI"
      FROM "QL_NHAN_HIEN_THI" "l"
      WHERE "l"."MA" = :Ma_0
      FETCH FIRST 1 ROWS ONLY
info: Microsoft.EntityFrameworkCore.Database.Command[20101]
      Executed DbCommand (13ms) [Parameters=[:nguoiDung_ID_0='?' (DbType = Decimal)], CommandType='Text', CommandTimeout='0']
      SELECT "c"."VAI_TRO_ID"
      FROM "QL_VAI_TRO_NGUOI_DUNG" "c"
      WHERE "c"."NGUOI_DUNG_ID" = :nguoiDung_ID_0
info: Microsoft.EntityFrameworkCore.Database.Command[20101]
      Executed DbCommand (30ms) [Parameters=[:Ma_0='?' (Size = 2000)], CommandType='Text', CommandTimeout='0']
      SELECT "l"."GIA_TRI"
      FROM "QL_NHAN_HIEN_THI" "l"
      WHERE "l"."MA" = :Ma_0
      FETCH FIRST 1 ROWS ONLY
info: Microsoft.EntityFrameworkCore.Database.Command[20101]
      Executed DbCommand (15ms) [Parameters=[:nguoiDung_ID_0='?' (DbType = Decimal)], CommandType='Text', CommandTimeout='0']
      SELECT "c"."VAI_TRO_ID"
      FROM "QL_VAI_TRO_NGUOI_DUNG" "c"
      WHERE "c"."NGUOI_DUNG_ID" = :nguoiDung_ID_0
info: Microsoft.EntityFrameworkCore.Database.Command[20101]
      Executed DbCommand (27ms) [Parameters=[:Ma_0='?' (Size = 2000)], CommandType='Text', CommandTimeout='0']
      SELECT "l"."GIA_TRI"
      FROM "QL_NHAN_HIEN_THI" "l"
      WHERE "l"."MA" = :Ma_0
      FETCH FIRST 1 ROWS ONLY
info: Microsoft.EntityFrameworkCore.Database.Command[20101]
      Executed DbCommand (23ms) [Parameters=[:nguoiDung_ID_0='?' (DbType = Decimal)], CommandType='Text', CommandTimeout='0']
      SELECT "c"."VAI_TRO_ID"
      FROM "QL_VAI_TRO_NGUOI_DUNG" "c"
      WHERE "c"."NGUOI_DUNG_ID" = :nguoiDung_ID_0
info: Microsoft.EntityFrameworkCore.Database.Command[20101]
      Executed DbCommand (16ms) [Parameters=[:Ma_0='?' (Size = 2000)], CommandType='Text', CommandTimeout='0']
      SELECT "l"."GIA_TRI"
      FROM "QL_NHAN_HIEN_THI" "l"
      WHERE "l"."MA" = :Ma_0
      FETCH FIRST 1 ROWS ONLY
info: Microsoft.EntityFrameworkCore.Database.Command[20101]
      Executed DbCommand (15ms) [Parameters=[:nguoiDung_ID_0='?' (DbType = Decimal)], CommandType='Text', CommandTimeout='0']
      SELECT "c"."VAI_TRO_ID"
      FROM "QL_VAI_TRO_NGUOI_DUNG" "c"
      WHERE "c"."NGUOI_DUNG_ID" = :nguoiDung_ID_0
info: Microsoft.EntityFrameworkCore.Database.Command[20101]
      Executed DbCommand (17ms) [Parameters=[:Ma_0='?' (Size = 2000)], CommandType='Text', CommandTimeout='0']
      SELECT "l"."GIA_TRI"
      FROM "QL_NHAN_HIEN_THI" "l"
      WHERE "l"."MA" = :Ma_0
      FETCH FIRST 1 ROWS ONLY
info: Microsoft.EntityFrameworkCore.Database.Command[20101]
      Executed DbCommand (18ms) [Parameters=[:nguoiDung_ID_0='?' (DbType = Decimal)], CommandType='Text', CommandTimeout='0']
      SELECT "c"."VAI_TRO_ID"
      FROM "QL_VAI_TRO_NGUOI_DUNG" "c"
      WHERE "c"."NGUOI_DUNG_ID" = :nguoiDung_ID_0
info: Microsoft.EntityFrameworkCore.Database.Command[20101]
      Executed DbCommand (33ms) [Parameters=[:Ma_0='?' (Size = 2000)], CommandType='Text', CommandTimeout='0']
      SELECT "l"."GIA_TRI"
      FROM "QL_NHAN_HIEN_THI" "l"
      WHERE "l"."MA" = :Ma_0
      FETCH FIRST 1 ROWS ONLY
info: Microsoft.EntityFrameworkCore.Database.Command[20101]
      Executed DbCommand (16ms) [Parameters=[:nguoiDung_ID_0='?' (DbType = Decimal)], CommandType='Text', CommandTimeout='0']
      SELECT "c"."VAI_TRO_ID"
      FROM "QL_VAI_TRO_NGUOI_DUNG" "c"
      WHERE "c"."NGUOI_DUNG_ID" = :nguoiDung_ID_0
info: Microsoft.EntityFrameworkCore.Database.Command[20101]
      Executed DbCommand (80ms) [Parameters=[:donViId_0='?' (DbType = Decimal)], CommandType='Text', CommandTimeout='0']
      SELECT COUNT(*)
      FROM "DM_DON_VI" "p"
      WHERE ((("p"."PARENT_ID" = :donViId_0) AND ("p"."LA_BAN_QL_DU_AN" = 1)) OR (("p"."ID" = :donViId_0) AND ("p"."LOAI_DON_VI_ID" = 15.0))) OR (("p"."ID" = :donViId_0) AND ("p"."LA_BAN_QL_DU_AN" = 1))
info: Microsoft.EntityFrameworkCore.Database.Command[20101]
      Executed DbCommand (23ms) [Parameters=[:Ma_0='?' (Size = 2000)], CommandType='Text', CommandTimeout='0']
      SELECT "l"."GIA_TRI"
      FROM "QL_NHAN_HIEN_THI" "l"
      WHERE "l"."MA" = :Ma_0
      FETCH FIRST 1 ROWS ONLY
info: Microsoft.EntityFrameworkCore.Database.Command[20101]
      Executed DbCommand (26ms) [Parameters=[:nguoiDung_ID_0='?' (DbType = Decimal)], CommandType='Text', CommandTimeout='0']
      SELECT "c"."VAI_TRO_ID"
      FROM "QL_VAI_TRO_NGUOI_DUNG" "c"
      WHERE "c"."NGUOI_DUNG_ID" = :nguoiDung_ID_0
info: Microsoft.EntityFrameworkCore.Database.Command[20101]
      Executed DbCommand (29ms) [Parameters=[:Ma_0='?' (Size = 2000)], CommandType='Text', CommandTimeout='0']
      SELECT "l"."GIA_TRI"
      FROM "QL_NHAN_HIEN_THI" "l"
      WHERE "l"."MA" = :Ma_0
      FETCH FIRST 1 ROWS ONLY
info: Microsoft.EntityFrameworkCore.Database.Command[20101]
      Executed DbCommand (16ms) [Parameters=[:nguoiDung_ID_0='?' (DbType = Decimal)], CommandType='Text', CommandTimeout='0']
      SELECT "c"."VAI_TRO_ID"
      FROM "QL_VAI_TRO_NGUOI_DUNG" "c"
      WHERE "c"."NGUOI_DUNG_ID" = :nguoiDung_ID_0
info: Microsoft.EntityFrameworkCore.Database.Command[20101]
      Executed DbCommand (28ms) [Parameters=[:Ma_0='?' (Size = 2000)], CommandType='Text', CommandTimeout='0']
      SELECT "l"."GIA_TRI"
      FROM "QL_NHAN_HIEN_THI" "l"
      WHERE "l"."MA" = :Ma_0
      FETCH FIRST 1 ROWS ONLY
info: Microsoft.EntityFrameworkCore.Database.Command[20101]
      Executed DbCommand (24ms) [Parameters=[:nguoiDung_ID_0='?' (DbType = Decimal)], CommandType='Text', CommandTimeout='0']
      SELECT "c"."VAI_TRO_ID"
      FROM "QL_VAI_TRO_NGUOI_DUNG" "c"
      WHERE "c"."NGUOI_DUNG_ID" = :nguoiDung_ID_0
info: Microsoft.EntityFrameworkCore.Database.Command[20101]
      Executed DbCommand (14ms) [Parameters=[:Ma_0='?' (Size = 2000)], CommandType='Text', CommandTimeout='0']
      SELECT "l"."GIA_TRI"
      FROM "QL_NHAN_HIEN_THI" "l"
      WHERE "l"."MA" = :Ma_0
      FETCH FIRST 1 ROWS ONLY
info: Microsoft.EntityFrameworkCore.Database.Command[20101]
      Executed DbCommand (8ms) [Parameters=[:nguoiDung_ID_0='?' (DbType = Decimal)], CommandType='Text', CommandTimeout='0']
      SELECT "c"."VAI_TRO_ID"
      FROM "QL_VAI_TRO_NGUOI_DUNG" "c"
      WHERE "c"."NGUOI_DUNG_ID" = :nguoiDung_ID_0
info: Microsoft.EntityFrameworkCore.Database.Command[20101]
      Executed DbCommand (11ms) [Parameters=[:Ma_0='?' (Size = 2000)], CommandType='Text', CommandTimeout='0']
      SELECT "l"."GIA_TRI"
      FROM "QL_NHAN_HIEN_THI" "l"
      WHERE "l"."MA" = :Ma_0
      FETCH FIRST 1 ROWS ONLY
info: Microsoft.EntityFrameworkCore.Database.Command[20101]
      Executed DbCommand (12ms) [Parameters=[:nguoiDung_ID_0='?' (DbType = Decimal)], CommandType='Text', CommandTimeout='0']
      SELECT "c"."VAI_TRO_ID"
      FROM "QL_VAI_TRO_NGUOI_DUNG" "c"
      WHERE "c"."NGUOI_DUNG_ID" = :nguoiDung_ID_0
info: Microsoft.EntityFrameworkCore.Database.Command[20101]
      Executed DbCommand (14ms) [Parameters=[:Ma_0='?' (Size = 2000)], CommandType='Text', CommandTimeout='0']
      SELECT "l"."GIA_TRI"
      FROM "QL_NHAN_HIEN_THI" "l"
      WHERE "l"."MA" = :Ma_0
      FETCH FIRST 1 ROWS ONLY
info: Microsoft.EntityFrameworkCore.Database.Command[20101]
      Executed DbCommand (13ms) [Parameters=[:nguoiDung_ID_0='?' (DbType = Decimal)], CommandType='Text', CommandTimeout='0']
      SELECT "c"."VAI_TRO_ID"
      FROM "QL_VAI_TRO_NGUOI_DUNG" "c"
      WHERE "c"."NGUOI_DUNG_ID" = :nguoiDung_ID_0
info: Microsoft.EntityFrameworkCore.Database.Command[20101]
      Executed DbCommand (12ms) [Parameters=[:Ma_0='?' (Size = 2000)], CommandType='Text', CommandTimeout='0']
      SELECT "l"."GIA_TRI"
      FROM "QL_NHAN_HIEN_THI" "l"
      WHERE "l"."MA" = :Ma_0
      FETCH FIRST 1 ROWS ONLY
info: Microsoft.EntityFrameworkCore.Database.Command[20101]
      Executed DbCommand (9ms) [Parameters=[:nguoiDung_ID_0='?' (DbType = Decimal)], CommandType='Text', CommandTimeout='0']
      SELECT "c"."VAI_TRO_ID"
      FROM "QL_VAI_TRO_NGUOI_DUNG" "c"
      WHERE "c"."NGUOI_DUNG_ID" = :nguoiDung_ID_0
info: Microsoft.EntityFrameworkCore.Database.Command[20101]
      Executed DbCommand (16ms) [Parameters=[:Ma_0='?' (Size = 2000)], CommandType='Text', CommandTimeout='0']
      SELECT "l"."GIA_TRI"
      FROM "QL_NHAN_HIEN_THI" "l"
      WHERE "l"."MA" = :Ma_0
      FETCH FIRST 1 ROWS ONLY
info: Microsoft.EntityFrameworkCore.Database.Command[20101]
      Executed DbCommand (9ms) [Parameters=[:nguoiDung_ID_0='?' (DbType = Decimal)], CommandType='Text', CommandTimeout='0']
      SELECT "c"."VAI_TRO_ID"
      FROM "QL_VAI_TRO_NGUOI_DUNG" "c"
      WHERE "c"."NGUOI_DUNG_ID" = :nguoiDung_ID_0
info: Microsoft.EntityFrameworkCore.Database.Command[20101]
      Executed DbCommand (16ms) [Parameters=[:Ma_0='?' (Size = 2000)], CommandType='Text', CommandTimeout='0']
      SELECT "l"."GIA_TRI"
      FROM "QL_NHAN_HIEN_THI" "l"
      WHERE "l"."MA" = :Ma_0
      FETCH FIRST 1 ROWS ONLY
info: Microsoft.EntityFrameworkCore.Database.Command[20101]
      Executed DbCommand (13ms) [Parameters=[:nguoiDung_ID_0='?' (DbType = Decimal)], CommandType='Text', CommandTimeout='0']
      SELECT "c"."VAI_TRO_ID"
      FROM "QL_VAI_TRO_NGUOI_DUNG" "c"
      WHERE "c"."NGUOI_DUNG_ID" = :nguoiDung_ID_0
info: Microsoft.EntityFrameworkCore.Database.Command[20101]
      Executed DbCommand (11ms) [Parameters=[:Ma_0='?' (Size = 2000)], CommandType='Text', CommandTimeout='0']
      SELECT "l"."GIA_TRI"
      FROM "QL_NHAN_HIEN_THI" "l"
      WHERE "l"."MA" = :Ma_0
      FETCH FIRST 1 ROWS ONLY
info: Microsoft.EntityFrameworkCore.Database.Command[20101]
      Executed DbCommand (21ms) [Parameters=[:nguoiDung_ID_0='?' (DbType = Decimal)], CommandType='Text', CommandTimeout='0']
      SELECT "c"."VAI_TRO_ID"
      FROM "QL_VAI_TRO_NGUOI_DUNG" "c"
      WHERE "c"."NGUOI_DUNG_ID" = :nguoiDung_ID_0
info: Microsoft.EntityFrameworkCore.Database.Command[20101]
      Executed DbCommand (23ms) [Parameters=[:Ma_0='?' (Size = 2000)], CommandType='Text', CommandTimeout='0']
      SELECT "l"."GIA_TRI"
      FROM "QL_NHAN_HIEN_THI" "l"
      WHERE "l"."MA" = :Ma_0
      FETCH FIRST 1 ROWS ONLY
info: Microsoft.EntityFrameworkCore.Database.Command[20101]
      Executed DbCommand (25ms) [Parameters=[:nguoiDung_ID_0='?' (DbType = Decimal)], CommandType='Text', CommandTimeout='0']
      SELECT "c"."VAI_TRO_ID"
      FROM "QL_VAI_TRO_NGUOI_DUNG" "c"
      WHERE "c"."NGUOI_DUNG_ID" = :nguoiDung_ID_0
info: Microsoft.EntityFrameworkCore.Database.Command[20101]
      Executed DbCommand (14ms) [Parameters=[:Ma_0='?' (Size = 2000)], CommandType='Text', CommandTimeout='0']
      SELECT "l"."GIA_TRI"
      FROM "QL_NHAN_HIEN_THI" "l"
      WHERE "l"."MA" = :Ma_0
      FETCH FIRST 1 ROWS ONLY
info: Microsoft.EntityFrameworkCore.Database.Command[20101]
      Executed DbCommand (28ms) [Parameters=[:nguoiDung_ID_0='?' (DbType = Decimal)], CommandType='Text', CommandTimeout='0']
      SELECT "c"."VAI_TRO_ID"
      FROM "QL_VAI_TRO_NGUOI_DUNG" "c"
      WHERE "c"."NGUOI_DUNG_ID" = :nguoiDung_ID_0
info: Microsoft.EntityFrameworkCore.Database.Command[20101]
      Executed DbCommand (18ms) [Parameters=[:Ma_0='?' (Size = 2000)], CommandType='Text', CommandTimeout='0']
      SELECT "l"."GIA_TRI"
      FROM "QL_NHAN_HIEN_THI" "l"
      WHERE "l"."MA" = :Ma_0
      FETCH FIRST 1 ROWS ONLY
info: Microsoft.EntityFrameworkCore.Database.Command[20101]
      Executed DbCommand (29ms) [Parameters=[:nguoiDung_ID_0='?' (DbType = Decimal)], CommandType='Text', CommandTimeout='0']
      SELECT "c"."VAI_TRO_ID"
      FROM "QL_VAI_TRO_NGUOI_DUNG" "c"
      WHERE "c"."NGUOI_DUNG_ID" = :nguoiDung_ID_0
info: Microsoft.EntityFrameworkCore.Database.Command[20101]
      Executed DbCommand (27ms) [Parameters=[:Ma_0='?' (Size = 2000)], CommandType='Text', CommandTimeout='0']
      SELECT "l"."GIA_TRI"
      FROM "QL_NHAN_HIEN_THI" "l"
      WHERE "l"."MA" = :Ma_0
      FETCH FIRST 1 ROWS ONLY
info: Microsoft.EntityFrameworkCore.Database.Command[20101]
      Executed DbCommand (11ms) [Parameters=[:nguoiDung_ID_0='?' (DbType = Decimal)], CommandType='Text', CommandTimeout='0']
      SELECT "c"."VAI_TRO_ID"
      FROM "QL_VAI_TRO_NGUOI_DUNG" "c"
      WHERE "c"."NGUOI_DUNG_ID" = :nguoiDung_ID_0
info: Microsoft.EntityFrameworkCore.Database.Command[20101]
      Executed DbCommand (16ms) [Parameters=[:Ma_0='?' (Size = 2000)], CommandType='Text', CommandTimeout='0']
      SELECT "l"."GIA_TRI"
      FROM "QL_NHAN_HIEN_THI" "l"
      WHERE "l"."MA" = :Ma_0
      FETCH FIRST 1 ROWS ONLY
info: Microsoft.EntityFrameworkCore.Database.Command[20101]
      Executed DbCommand (11ms) [Parameters=[:nguoiDung_ID_0='?' (DbType = Decimal)], CommandType='Text', CommandTimeout='0']
      SELECT "c"."VAI_TRO_ID"
      FROM "QL_VAI_TRO_NGUOI_DUNG" "c"
      WHERE "c"."NGUOI_DUNG_ID" = :nguoiDung_ID_0
info: Microsoft.EntityFrameworkCore.Database.Command[20101]
      Executed DbCommand (63ms) [Parameters=[:Ma_0='?' (Size = 2000)], CommandType='Text', CommandTimeout='0']
      SELECT "l"."GIA_TRI"
      FROM "QL_NHAN_HIEN_THI" "l"
      WHERE "l"."MA" = :Ma_0
      FETCH FIRST 1 ROWS ONLY
info: Microsoft.EntityFrameworkCore.Database.Command[20101]
      Executed DbCommand (10ms) [Parameters=[:nguoiDung_ID_0='?' (DbType = Decimal)], CommandType='Text', CommandTimeout='0']
      SELECT "c"."VAI_TRO_ID"
      FROM "QL_VAI_TRO_NGUOI_DUNG" "c"
      WHERE "c"."NGUOI_DUNG_ID" = :nguoiDung_ID_0
info: Microsoft.EntityFrameworkCore.Database.Command[20101]
      Executed DbCommand (16ms) [Parameters=[:Ma_0='?' (Size = 2000)], CommandType='Text', CommandTimeout='0']
      SELECT "l"."GIA_TRI"
      FROM "QL_NHAN_HIEN_THI" "l"
      WHERE "l"."MA" = :Ma_0
      FETCH FIRST 1 ROWS ONLY
info: Microsoft.EntityFrameworkCore.Database.Command[20101]
      Executed DbCommand (9ms) [Parameters=[:nguoiDung_ID_0='?' (DbType = Decimal)], CommandType='Text', CommandTimeout='0']
      SELECT "c"."VAI_TRO_ID"
      FROM "QL_VAI_TRO_NGUOI_DUNG" "c"
      WHERE "c"."NGUOI_DUNG_ID" = :nguoiDung_ID_0
info: Microsoft.EntityFrameworkCore.Database.Command[20101]
      Executed DbCommand (11ms) [Parameters=[:Ma_0='?' (Size = 2000)], CommandType='Text', CommandTimeout='0']
      SELECT "l"."GIA_TRI"
      FROM "QL_NHAN_HIEN_THI" "l"
      WHERE "l"."MA" = :Ma_0
      FETCH FIRST 1 ROWS ONLY
info: Microsoft.EntityFrameworkCore.Database.Command[20101]
      Executed DbCommand (16ms) [Parameters=[:nguoiDung_ID_0='?' (DbType = Decimal)], CommandType='Text', CommandTimeout='0']
      SELECT "c"."VAI_TRO_ID"
      FROM "QL_VAI_TRO_NGUOI_DUNG" "c"
      WHERE "c"."NGUOI_DUNG_ID" = :nguoiDung_ID_0
info: Microsoft.EntityFrameworkCore.Database.Command[20101]
      Executed DbCommand (16ms) [Parameters=[:Ma_0='?' (Size = 2000)], CommandType='Text', CommandTimeout='0']
      SELECT "l"."GIA_TRI"
      FROM "QL_NHAN_HIEN_THI" "l"
      WHERE "l"."MA" = :Ma_0
      FETCH FIRST 1 ROWS ONLY
info: Microsoft.EntityFrameworkCore.Database.Command[20101]
      Executed DbCommand (12ms) [Parameters=[:nguoiDung_ID_0='?' (DbType = Decimal)], CommandType='Text', CommandTimeout='0']
      SELECT "c"."VAI_TRO_ID"
      FROM "QL_VAI_TRO_NGUOI_DUNG" "c"
      WHERE "c"."NGUOI_DUNG_ID" = :nguoiDung_ID_0
info: Microsoft.EntityFrameworkCore.Database.Command[20101]
      Executed DbCommand (22ms) [Parameters=[:Ma_0='?' (Size = 2000)], CommandType='Text', CommandTimeout='0']
      SELECT "l"."GIA_TRI"
      FROM "QL_NHAN_HIEN_THI" "l"
      WHERE "l"."MA" = :Ma_0
      FETCH FIRST 1 ROWS ONLY
info: Microsoft.EntityFrameworkCore.Database.Command[20101]
      Executed DbCommand (29ms) [Parameters=[:nguoiDung_ID_0='?' (DbType = Decimal)], CommandType='Text', CommandTimeout='0']
      SELECT "c"."VAI_TRO_ID"
      FROM "QL_VAI_TRO_NGUOI_DUNG" "c"
      WHERE "c"."NGUOI_DUNG_ID" = :nguoiDung_ID_0
info: Microsoft.EntityFrameworkCore.Database.Command[20101]
      Executed DbCommand (20ms) [Parameters=[:Ma_0='?' (Size = 2000)], CommandType='Text', CommandTimeout='0']
      SELECT "l"."GIA_TRI"
      FROM "QL_NHAN_HIEN_THI" "l"
      WHERE "l"."MA" = :Ma_0
      FETCH FIRST 1 ROWS ONLY
info: Microsoft.EntityFrameworkCore.Database.Command[20101]
      Executed DbCommand (9ms) [Parameters=[:nguoiDung_ID_0='?' (DbType = Decimal)], CommandType='Text', CommandTimeout='0']
      SELECT "c"."VAI_TRO_ID"
      FROM "QL_VAI_TRO_NGUOI_DUNG" "c"
      WHERE "c"."NGUOI_DUNG_ID" = :nguoiDung_ID_0
info: Microsoft.EntityFrameworkCore.Database.Command[20101]
      Executed DbCommand (12ms) [Parameters=[:Ma_0='?' (Size = 2000)], CommandType='Text', CommandTimeout='0']
      SELECT "l"."GIA_TRI"
      FROM "QL_NHAN_HIEN_THI" "l"
      WHERE "l"."MA" = :Ma_0
      FETCH FIRST 1 ROWS ONLY
info: Microsoft.EntityFrameworkCore.Database.Command[20101]
      Executed DbCommand (11ms) [Parameters=[:nguoiDung_ID_0='?' (DbType = Decimal)], CommandType='Text', CommandTimeout='0']
      SELECT "c"."VAI_TRO_ID"
      FROM "QL_VAI_TRO_NGUOI_DUNG" "c"
      WHERE "c"."NGUOI_DUNG_ID" = :nguoiDung_ID_0
info: Microsoft.EntityFrameworkCore.Database.Command[20101]
      Executed DbCommand (15ms) [Parameters=[:Ma_0='?' (Size = 2000)], CommandType='Text', CommandTimeout='0']
      SELECT "l"."GIA_TRI"
      FROM "QL_NHAN_HIEN_THI" "l"
      WHERE "l"."MA" = :Ma_0
      FETCH FIRST 1 ROWS ONLY
info: Microsoft.EntityFrameworkCore.Database.Command[20101]
      Executed DbCommand (9ms) [Parameters=[:nguoiDung_ID_0='?' (DbType = Decimal)], CommandType='Text', CommandTimeout='0']
      SELECT "c"."VAI_TRO_ID"
      FROM "QL_VAI_TRO_NGUOI_DUNG" "c"
      WHERE "c"."NGUOI_DUNG_ID" = :nguoiDung_ID_0
info: Microsoft.EntityFrameworkCore.Database.Command[20101]
      Executed DbCommand (14ms) [Parameters=[:Ma_0='?' (Size = 2000)], CommandType='Text', CommandTimeout='0']
      SELECT "l"."GIA_TRI"
      FROM "QL_NHAN_HIEN_THI" "l"
      WHERE "l"."MA" = :Ma_0
      FETCH FIRST 1 ROWS ONLY
info: Microsoft.EntityFrameworkCore.Database.Command[20101]
      Executed DbCommand (23ms) [Parameters=[:nguoiDung_ID_0='?' (DbType = Decimal)], CommandType='Text', CommandTimeout='0']
      SELECT "c"."VAI_TRO_ID"
      FROM "QL_VAI_TRO_NGUOI_DUNG" "c"
      WHERE "c"."NGUOI_DUNG_ID" = :nguoiDung_ID_0
info: Microsoft.EntityFrameworkCore.Database.Command[20101]
      Executed DbCommand (14ms) [Parameters=[:Ma_0='?' (Size = 2000)], CommandType='Text', CommandTimeout='0']
      SELECT "l"."GIA_TRI"
      FROM "QL_NHAN_HIEN_THI" "l"
      WHERE "l"."MA" = :Ma_0
      FETCH FIRST 1 ROWS ONLY
info: Microsoft.EntityFrameworkCore.Database.Command[20101]
      Executed DbCommand (10ms) [Parameters=[:nguoiDung_ID_0='?' (DbType = Decimal)], CommandType='Text', CommandTimeout='0']
      SELECT "c"."VAI_TRO_ID"
      FROM "QL_VAI_TRO_NGUOI_DUNG" "c"
      WHERE "c"."NGUOI_DUNG_ID" = :nguoiDung_ID_0
info: Microsoft.EntityFrameworkCore.Database.Command[20101]
      Executed DbCommand (10ms) [Parameters=[:Ma_0='?' (Size = 2000)], CommandType='Text', CommandTimeout='0']
      SELECT "l"."GIA_TRI"
      FROM "QL_NHAN_HIEN_THI" "l"
      WHERE "l"."MA" = :Ma_0
      FETCH FIRST 1 ROWS ONLY
info: Microsoft.EntityFrameworkCore.Database.Command[20101]
      Executed DbCommand (6ms) [Parameters=[:nguoiDung_ID_0='?' (DbType = Decimal)], CommandType='Text', CommandTimeout='0']
      SELECT "c"."VAI_TRO_ID"
      FROM "QL_VAI_TRO_NGUOI_DUNG" "c"
      WHERE "c"."NGUOI_DUNG_ID" = :nguoiDung_ID_0
info: Microsoft.EntityFrameworkCore.Database.Command[20101]
      Executed DbCommand (10ms) [Parameters=[:Ma_0='?' (Size = 2000)], CommandType='Text', CommandTimeout='0']
      SELECT "l"."GIA_TRI"
      FROM "QL_NHAN_HIEN_THI" "l"
      WHERE "l"."MA" = :Ma_0
      FETCH FIRST 1 ROWS ONLY
info: Microsoft.EntityFrameworkCore.Database.Command[20101]
      Executed DbCommand (14ms) [Parameters=[:nguoiDung_ID_0='?' (DbType = Decimal)], CommandType='Text', CommandTimeout='0']
      SELECT "c"."VAI_TRO_ID"
      FROM "QL_VAI_TRO_NGUOI_DUNG" "c"
      WHERE "c"."NGUOI_DUNG_ID" = :nguoiDung_ID_0
info: Microsoft.EntityFrameworkCore.Database.Command[20101]
      Executed DbCommand (13ms) [Parameters=[:Ma_0='?' (Size = 2000)], CommandType='Text', CommandTimeout='0']
      SELECT "l"."GIA_TRI"
      FROM "QL_NHAN_HIEN_THI" "l"
      WHERE "l"."MA" = :Ma_0
      FETCH FIRST 1 ROWS ONLY
info: Microsoft.EntityFrameworkCore.Database.Command[20101]
      Executed DbCommand (8ms) [Parameters=[:nguoiDung_ID_0='?' (DbType = Decimal)], CommandType='Text', CommandTimeout='0']
      SELECT "c"."VAI_TRO_ID"
      FROM "QL_VAI_TRO_NGUOI_DUNG" "c"
      WHERE "c"."NGUOI_DUNG_ID" = :nguoiDung_ID_0
info: Microsoft.EntityFrameworkCore.Database.Command[20101]
      Executed DbCommand (9ms) [Parameters=[:Ma_0='?' (Size = 2000)], CommandType='Text', CommandTimeout='0']
      SELECT "l"."GIA_TRI"
      FROM "QL_NHAN_HIEN_THI" "l"
      WHERE "l"."MA" = :Ma_0
      FETCH FIRST 1 ROWS ONLY
info: Microsoft.EntityFrameworkCore.Database.Command[20101]
      Executed DbCommand (7ms) [Parameters=[:nguoiDung_ID_0='?' (DbType = Decimal)], CommandType='Text', CommandTimeout='0']
      SELECT "c"."VAI_TRO_ID"
      FROM "QL_VAI_TRO_NGUOI_DUNG" "c"
      WHERE "c"."NGUOI_DUNG_ID" = :nguoiDung_ID_0
info: Microsoft.EntityFrameworkCore.Database.Command[20101]
      Executed DbCommand (76ms) [Parameters=[:donViId_0='?' (DbType = Decimal)], CommandType='Text', CommandTimeout='0']
      SELECT COUNT(*)
      FROM "DM_DON_VI" "p"
      WHERE ((("p"."PARENT_ID" = :donViId_0) AND ("p"."LA_BAN_QL_DU_AN" = 1)) OR (("p"."ID" = :donViId_0) AND ("p"."LOAI_DON_VI_ID" = 15.0))) OR (("p"."ID" = :donViId_0) AND ("p"."LA_BAN_QL_DU_AN" = 1))
info: Microsoft.EntityFrameworkCore.Database.Command[20101]
      Executed DbCommand (14ms) [Parameters=[:Ma_0='?' (Size = 2000)], CommandType='Text', CommandTimeout='0']
      SELECT "l"."GIA_TRI"
      FROM "QL_NHAN_HIEN_THI" "l"
      WHERE "l"."MA" = :Ma_0
      FETCH FIRST 1 ROWS ONLY
info: Microsoft.EntityFrameworkCore.Database.Command[20101]
      Executed DbCommand (10ms) [Parameters=[:nguoiDung_ID_0='?' (DbType = Decimal)], CommandType='Text', CommandTimeout='0']
      SELECT "c"."VAI_TRO_ID"
      FROM "QL_VAI_TRO_NGUOI_DUNG" "c"
      WHERE "c"."NGUOI_DUNG_ID" = :nguoiDung_ID_0
info: Microsoft.EntityFrameworkCore.Database.Command[20101]
      Executed DbCommand (72ms) [Parameters=[:donViId_0='?' (DbType = Decimal)], CommandType='Text', CommandTimeout='0']
      SELECT COUNT(*)
      FROM "DM_DON_VI" "p"
      WHERE ((("p"."PARENT_ID" = :donViId_0) AND ("p"."LA_BAN_QL_DU_AN" = 1)) OR (("p"."ID" = :donViId_0) AND ("p"."LOAI_DON_VI_ID" = 15.0))) OR (("p"."ID" = :donViId_0) AND ("p"."LA_BAN_QL_DU_AN" = 1))
info: Microsoft.EntityFrameworkCore.Database.Command[20101]
      Executed DbCommand (13ms) [Parameters=[:Ma_0='?' (Size = 2000)], CommandType='Text', CommandTimeout='0']
      SELECT "l"."GIA_TRI"
      FROM "QL_NHAN_HIEN_THI" "l"
      WHERE "l"."MA" = :Ma_0
      FETCH FIRST 1 ROWS ONLY
info: Microsoft.EntityFrameworkCore.Database.Command[20101]
      Executed DbCommand (10ms) [Parameters=[:nguoiDung_ID_0='?' (DbType = Decimal)], CommandType='Text', CommandTimeout='0']
      SELECT "c"."VAI_TRO_ID"
      FROM "QL_VAI_TRO_NGUOI_DUNG" "c"
      WHERE "c"."NGUOI_DUNG_ID" = :nguoiDung_ID_0
info: Microsoft.EntityFrameworkCore.Database.Command[20101]
      Executed DbCommand (66ms) [Parameters=[:donViId_0='?' (DbType = Decimal)], CommandType='Text', CommandTimeout='0']
      SELECT COUNT(*)
      FROM "DM_DON_VI" "p"
      WHERE ((("p"."PARENT_ID" = :donViId_0) AND ("p"."LA_BAN_QL_DU_AN" = 1)) OR (("p"."ID" = :donViId_0) AND ("p"."LOAI_DON_VI_ID" = 15.0))) OR (("p"."ID" = :donViId_0) AND ("p"."LA_BAN_QL_DU_AN" = 1))
info: Microsoft.EntityFrameworkCore.Database.Command[20101]
      Executed DbCommand (10ms) [Parameters=[:nguoiDung_ID_0='?' (DbType = Decimal)], CommandType='Text', CommandTimeout='0']
      SELECT "c"."VAI_TRO_ID"
      FROM "QL_VAI_TRO_NGUOI_DUNG" "c"
      WHERE "c"."NGUOI_DUNG_ID" = :nguoiDung_ID_0
info: Microsoft.EntityFrameworkCore.Database.Command[20101]
      Executed DbCommand (68ms) [Parameters=[:donViId_0='?' (DbType = Decimal)], CommandType='Text', CommandTimeout='0']
      SELECT COUNT(*)
      FROM "DM_DON_VI" "p"
      WHERE ((("p"."PARENT_ID" = :donViId_0) AND ("p"."LA_BAN_QL_DU_AN" = 1)) OR (("p"."ID" = :donViId_0) AND ("p"."LOAI_DON_VI_ID" = 15.0))) OR (("p"."ID" = :donViId_0) AND ("p"."LA_BAN_QL_DU_AN" = 1))
info: Microsoft.EntityFrameworkCore.Database.Command[20101]
      Executed DbCommand (11ms) [Parameters=[:nguoiDung_ID_0='?' (DbType = Decimal)], CommandType='Text', CommandTimeout='0']
      SELECT "c"."VAI_TRO_ID"
      FROM "QL_VAI_TRO_NGUOI_DUNG" "c"
      WHERE "c"."NGUOI_DUNG_ID" = :nguoiDung_ID_0
info: Microsoft.EntityFrameworkCore.Database.Command[20101]
      Executed DbCommand (66ms) [Parameters=[:donViId_0='?' (DbType = Decimal)], CommandType='Text', CommandTimeout='0']
      SELECT COUNT(*)
      FROM "DM_DON_VI" "p"
      WHERE ((("p"."PARENT_ID" = :donViId_0) AND ("p"."LA_BAN_QL_DU_AN" = 1)) OR (("p"."ID" = :donViId_0) AND ("p"."LOAI_DON_VI_ID" = 15.0))) OR (("p"."ID" = :donViId_0) AND ("p"."LA_BAN_QL_DU_AN" = 1))
info: Microsoft.EntityFrameworkCore.Database.Command[20101]
      Executed DbCommand (13ms) [Parameters=[:nguoiDung_ID_0='?' (DbType = Decimal)], CommandType='Text', CommandTimeout='0']
      SELECT "c"."VAI_TRO_ID"
      FROM "QL_VAI_TRO_NGUOI_DUNG" "c"
      WHERE "c"."NGUOI_DUNG_ID" = :nguoiDung_ID_0
info: Microsoft.EntityFrameworkCore.Database.Command[20101]
      Executed DbCommand (64ms) [Parameters=[:donViId_0='?' (DbType = Decimal)], CommandType='Text', CommandTimeout='0']
      SELECT COUNT(*)
      FROM "DM_DON_VI" "p"
      WHERE ((("p"."PARENT_ID" = :donViId_0) AND ("p"."LA_BAN_QL_DU_AN" = 1)) OR (("p"."ID" = :donViId_0) AND ("p"."LOAI_DON_VI_ID" = 15.0))) OR (("p"."ID" = :donViId_0) AND ("p"."LA_BAN_QL_DU_AN" = 1))
info: Microsoft.EntityFrameworkCore.Database.Command[20101]
      Executed DbCommand (13ms) [Parameters=[:nguoiDung_ID_0='?' (DbType = Decimal)], CommandType='Text', CommandTimeout='0']
      SELECT "c"."VAI_TRO_ID"
      FROM "QL_VAI_TRO_NGUOI_DUNG" "c"
      WHERE "c"."NGUOI_DUNG_ID" = :nguoiDung_ID_0
info: Microsoft.EntityFrameworkCore.Database.Command[20101]
      Executed DbCommand (65ms) [Parameters=[:donViId_0='?' (DbType = Decimal)], CommandType='Text', CommandTimeout='0']
      SELECT COUNT(*)
      FROM "DM_DON_VI" "p"
      WHERE ((("p"."PARENT_ID" = :donViId_0) AND ("p"."LA_BAN_QL_DU_AN" = 1)) OR (("p"."ID" = :donViId_0) AND ("p"."LOAI_DON_VI_ID" = 15.0))) OR (("p"."ID" = :donViId_0) AND ("p"."LA_BAN_QL_DU_AN" = 1))
info: Microsoft.EntityFrameworkCore.Database.Command[20101]
      Executed DbCommand (13ms) [Parameters=[:Ma_0='?' (Size = 2000)], CommandType='Text', CommandTimeout='0']
      SELECT "l"."GIA_TRI"
      FROM "QL_NHAN_HIEN_THI" "l"
      WHERE "l"."MA" = :Ma_0
      FETCH FIRST 1 ROWS ONLY
info: Microsoft.EntityFrameworkCore.Database.Command[20101]
      Executed DbCommand (15ms) [Parameters=[:nguoiDung_ID_0='?' (DbType = Decimal)], CommandType='Text', CommandTimeout='0']
      SELECT "c"."VAI_TRO_ID"
      FROM "QL_VAI_TRO_NGUOI_DUNG" "c"
      WHERE "c"."NGUOI_DUNG_ID" = :nguoiDung_ID_0
info: Microsoft.EntityFrameworkCore.Database.Command[20101]
      Executed DbCommand (11ms) [Parameters=[:Ma_0='?' (Size = 2000)], CommandType='Text', CommandTimeout='0']
      SELECT "l"."GIA_TRI"
      FROM "QL_NHAN_HIEN_THI" "l"
      WHERE "l"."MA" = :Ma_0
      FETCH FIRST 1 ROWS ONLY
info: Microsoft.EntityFrameworkCore.Database.Command[20101]
      Executed DbCommand (13ms) [Parameters=[:nguoiDung_ID_0='?' (DbType = Decimal)], CommandType='Text', CommandTimeout='0']
      SELECT "c"."VAI_TRO_ID"
      FROM "QL_VAI_TRO_NGUOI_DUNG" "c"
      WHERE "c"."NGUOI_DUNG_ID" = :nguoiDung_ID_0
info: Microsoft.EntityFrameworkCore.Database.Command[20101]
      Executed DbCommand (16ms) [Parameters=[:Ma_0='?' (Size = 2000)], CommandType='Text', CommandTimeout='0']
      SELECT "l"."GIA_TRI"
      FROM "QL_NHAN_HIEN_THI" "l"
      WHERE "l"."MA" = :Ma_0
      FETCH FIRST 1 ROWS ONLY
info: Microsoft.EntityFrameworkCore.Database.Command[20101]
      Executed DbCommand (9ms) [Parameters=[:nguoiDung_ID_0='?' (DbType = Decimal)], CommandType='Text', CommandTimeout='0']
      SELECT "c"."VAI_TRO_ID"
      FROM "QL_VAI_TRO_NGUOI_DUNG" "c"
      WHERE "c"."NGUOI_DUNG_ID" = :nguoiDung_ID_0
info: Microsoft.EntityFrameworkCore.Database.Command[20101]
      Executed DbCommand (11ms) [Parameters=[:Ma_0='?' (Size = 2000)], CommandType='Text', CommandTimeout='0']
      SELECT "l"."GIA_TRI"
      FROM "QL_NHAN_HIEN_THI" "l"
      WHERE "l"."MA" = :Ma_0
      FETCH FIRST 1 ROWS ONLY
info: Microsoft.EntityFrameworkCore.Database.Command[20101]
      Executed DbCommand (16ms) [Parameters=[:nguoiDung_ID_0='?' (DbType = Decimal)], CommandType='Text', CommandTimeout='0']
      SELECT "c"."VAI_TRO_ID"
      FROM "QL_VAI_TRO_NGUOI_DUNG" "c"
      WHERE "c"."NGUOI_DUNG_ID" = :nguoiDung_ID_0
info: Microsoft.EntityFrameworkCore.Database.Command[20101]
      Executed DbCommand (16ms) [Parameters=[:Ma_0='?' (Size = 2000)], CommandType='Text', CommandTimeout='0']
      SELECT "l"."GIA_TRI"
      FROM "QL_NHAN_HIEN_THI" "l"
      WHERE "l"."MA" = :Ma_0
      FETCH FIRST 1 ROWS ONLY
info: Microsoft.EntityFrameworkCore.Database.Command[20101]
      Executed DbCommand (12ms) [Parameters=[:nguoiDung_ID_0='?' (DbType = Decimal)], CommandType='Text', CommandTimeout='0']
      SELECT "c"."VAI_TRO_ID"
      FROM "QL_VAI_TRO_NGUOI_DUNG" "c"
      WHERE "c"."NGUOI_DUNG_ID" = :nguoiDung_ID_0
info: Microsoft.EntityFrameworkCore.Database.Command[20101]
      Executed DbCommand (10ms) [Parameters=[:Ma_0='?' (Size = 2000)], CommandType='Text', CommandTimeout='0']
      SELECT "l"."GIA_TRI"
      FROM "QL_NHAN_HIEN_THI" "l"
      WHERE "l"."MA" = :Ma_0
      FETCH FIRST 1 ROWS ONLY
info: Microsoft.EntityFrameworkCore.Database.Command[20101]
      Executed DbCommand (10ms) [Parameters=[:nguoiDung_ID_0='?' (DbType = Decimal)], CommandType='Text', CommandTimeout='0']
      SELECT "c"."VAI_TRO_ID"
      FROM "QL_VAI_TRO_NGUOI_DUNG" "c"
      WHERE "c"."NGUOI_DUNG_ID" = :nguoiDung_ID_0
info: Microsoft.EntityFrameworkCore.Database.Command[20101]
      Executed DbCommand (10ms) [Parameters=[:Ma_0='?' (Size = 2000)], CommandType='Text', CommandTimeout='0']
      SELECT "l"."GIA_TRI"
      FROM "QL_NHAN_HIEN_THI" "l"
      WHERE "l"."MA" = :Ma_0
      FETCH FIRST 1 ROWS ONLY
info: Microsoft.EntityFrameworkCore.Database.Command[20101]
      Executed DbCommand (9ms) [Parameters=[:nguoiDung_ID_0='?' (DbType = Decimal)], CommandType='Text', CommandTimeout='0']
      SELECT "c"."VAI_TRO_ID"
      FROM "QL_VAI_TRO_NGUOI_DUNG" "c"
      WHERE "c"."NGUOI_DUNG_ID" = :nguoiDung_ID_0
info: Microsoft.EntityFrameworkCore.Database.Command[20101]
      Executed DbCommand (14ms) [Parameters=[:Ma_0='?' (Size = 2000)], CommandType='Text', CommandTimeout='0']
      SELECT "l"."GIA_TRI"
      FROM "QL_NHAN_HIEN_THI" "l"
      WHERE "l"."MA" = :Ma_0
      FETCH FIRST 1 ROWS ONLY
info: Microsoft.EntityFrameworkCore.Database.Command[20101]
      Executed DbCommand (15ms) [Parameters=[:nguoiDung_ID_0='?' (DbType = Decimal)], CommandType='Text', CommandTimeout='0']
      SELECT "c"."VAI_TRO_ID"
      FROM "QL_VAI_TRO_NGUOI_DUNG" "c"
      WHERE "c"."NGUOI_DUNG_ID" = :nguoiDung_ID_0
info: Microsoft.EntityFrameworkCore.Database.Command[20101]
      Executed DbCommand (19ms) [Parameters=[:Ma_0='?' (Size = 2000)], CommandType='Text', CommandTimeout='0']
      SELECT "l"."GIA_TRI"
      FROM "QL_NHAN_HIEN_THI" "l"
      WHERE "l"."MA" = :Ma_0
      FETCH FIRST 1 ROWS ONLY
info: Microsoft.EntityFrameworkCore.Database.Command[20101]
      Executed DbCommand (22ms) [Parameters=[:nguoiDung_ID_0='?' (DbType = Decimal)], CommandType='Text', CommandTimeout='0']
      SELECT "c"."VAI_TRO_ID"
      FROM "QL_VAI_TRO_NGUOI_DUNG" "c"
      WHERE "c"."NGUOI_DUNG_ID" = :nguoiDung_ID_0
info: Microsoft.EntityFrameworkCore.Database.Command[20101]
      Executed DbCommand (24ms) [Parameters=[:Ma_0='?' (Size = 2000)], CommandType='Text', CommandTimeout='0']
      SELECT "l"."GIA_TRI"
      FROM "QL_NHAN_HIEN_THI" "l"
      WHERE "l"."MA" = :Ma_0
      FETCH FIRST 1 ROWS ONLY
info: Microsoft.EntityFrameworkCore.Database.Command[20101]
      Executed DbCommand (20ms) [Parameters=[:nguoiDung_ID_0='?' (DbType = Decimal)], CommandType='Text', CommandTimeout='0']
      SELECT "c"."VAI_TRO_ID"
      FROM "QL_VAI_TRO_NGUOI_DUNG" "c"
      WHERE "c"."NGUOI_DUNG_ID" = :nguoiDung_ID_0
info: Microsoft.EntityFrameworkCore.Database.Command[20101]
      Executed DbCommand (23ms) [Parameters=[:Ma_0='?' (Size = 2000)], CommandType='Text', CommandTimeout='0']
      SELECT "l"."GIA_TRI"
      FROM "QL_NHAN_HIEN_THI" "l"
      WHERE "l"."MA" = :Ma_0
      FETCH FIRST 1 ROWS ONLY
info: Microsoft.EntityFrameworkCore.Database.Command[20101]
      Executed DbCommand (18ms) [Parameters=[:nguoiDung_ID_0='?' (DbType = Decimal)], CommandType='Text', CommandTimeout='0']
      SELECT "c"."VAI_TRO_ID"
      FROM "QL_VAI_TRO_NGUOI_DUNG" "c"
      WHERE "c"."NGUOI_DUNG_ID" = :nguoiDung_ID_0
info: Microsoft.EntityFrameworkCore.Database.Command[20101]
      Executed DbCommand (25ms) [Parameters=[:Ma_0='?' (Size = 2000)], CommandType='Text', CommandTimeout='0']
      SELECT "l"."GIA_TRI"
      FROM "QL_NHAN_HIEN_THI" "l"
      WHERE "l"."MA" = :Ma_0
      FETCH FIRST 1 ROWS ONLY
info: Microsoft.EntityFrameworkCore.Database.Command[20101]
      Executed DbCommand (19ms) [Parameters=[:nguoiDung_ID_0='?' (DbType = Decimal)], CommandType='Text', CommandTimeout='0']
      SELECT "c"."VAI_TRO_ID"
      FROM "QL_VAI_TRO_NGUOI_DUNG" "c"
      WHERE "c"."NGUOI_DUNG_ID" = :nguoiDung_ID_0
info: Microsoft.EntityFrameworkCore.Database.Command[20101]
      Executed DbCommand (16ms) [Parameters=[:Ma_0='?' (Size = 2000)], CommandType='Text', CommandTimeout='0']
      SELECT "l"."GIA_TRI"
      FROM "QL_NHAN_HIEN_THI" "l"
      WHERE "l"."MA" = :Ma_0
      FETCH FIRST 1 ROWS ONLY
info: Microsoft.EntityFrameworkCore.Database.Command[20101]
      Executed DbCommand (13ms) [Parameters=[:nguoiDung_ID_0='?' (DbType = Decimal)], CommandType='Text', CommandTimeout='0']
      SELECT "c"."VAI_TRO_ID"
      FROM "QL_VAI_TRO_NGUOI_DUNG" "c"
      WHERE "c"."NGUOI_DUNG_ID" = :nguoiDung_ID_0
info: Microsoft.EntityFrameworkCore.Database.Command[20101]
      Executed DbCommand (14ms) [Parameters=[:Ma_0='?' (Size = 2000)], CommandType='Text', CommandTimeout='0']
      SELECT "l"."GIA_TRI"
      FROM "QL_NHAN_HIEN_THI" "l"
      WHERE "l"."MA" = :Ma_0
      FETCH FIRST 1 ROWS ONLY
info: Microsoft.EntityFrameworkCore.Database.Command[20101]
      Executed DbCommand (14ms) [Parameters=[:nguoiDung_ID_0='?' (DbType = Decimal)], CommandType='Text', CommandTimeout='0']
      SELECT "c"."VAI_TRO_ID"
      FROM "QL_VAI_TRO_NGUOI_DUNG" "c"
      WHERE "c"."NGUOI_DUNG_ID" = :nguoiDung_ID_0
info: Microsoft.EntityFrameworkCore.Database.Command[20101]
      Executed DbCommand (60ms) [Parameters=[:Ma_0='?' (Size = 2000)], CommandType='Text', CommandTimeout='0']
      SELECT "l"."GIA_TRI"
      FROM "QL_NHAN_HIEN_THI" "l"
      WHERE "l"."MA" = :Ma_0
      FETCH FIRST 1 ROWS ONLY
info: Microsoft.EntityFrameworkCore.Database.Command[20101]
      Executed DbCommand (15ms) [Parameters=[:nguoiDung_ID_0='?' (DbType = Decimal)], CommandType='Text', CommandTimeout='0']
      SELECT "c"."VAI_TRO_ID"
      FROM "QL_VAI_TRO_NGUOI_DUNG" "c"
      WHERE "c"."NGUOI_DUNG_ID" = :nguoiDung_ID_0
info: Microsoft.EntityFrameworkCore.Database.Command[20101]
      Executed DbCommand (19ms) [Parameters=[:Ma_0='?' (Size = 2000)], CommandType='Text', CommandTimeout='0']
      SELECT "l"."GIA_TRI"
      FROM "QL_NHAN_HIEN_THI" "l"
      WHERE "l"."MA" = :Ma_0
      FETCH FIRST 1 ROWS ONLY
info: Microsoft.EntityFrameworkCore.Database.Command[20101]
      Executed DbCommand (319ms) [Parameters=[:nguoiDung_ID_0='?' (DbType = Decimal)], CommandType='Text', CommandTimeout='0']
      SELECT "c"."VAI_TRO_ID"
      FROM "QL_VAI_TRO_NGUOI_DUNG" "c"
      WHERE "c"."NGUOI_DUNG_ID" = :nguoiDung_ID_0
info: Microsoft.EntityFrameworkCore.Database.Command[20101]
      Executed DbCommand (38ms) [Parameters=[:Ma_0='?' (Size = 2000)], CommandType='Text', CommandTimeout='0']
      SELECT "l"."GIA_TRI"
      FROM "QL_NHAN_HIEN_THI" "l"
      WHERE "l"."MA" = :Ma_0
      FETCH FIRST 1 ROWS ONLY
info: Microsoft.EntityFrameworkCore.Database.Command[20101]
      Executed DbCommand (22ms) [Parameters=[:nguoiDung_ID_0='?' (DbType = Decimal)], CommandType='Text', CommandTimeout='0']
      SELECT "c"."VAI_TRO_ID"
      FROM "QL_VAI_TRO_NGUOI_DUNG" "c"
      WHERE "c"."NGUOI_DUNG_ID" = :nguoiDung_ID_0
info: Microsoft.EntityFrameworkCore.Database.Command[20101]
      Executed DbCommand (34ms) [Parameters=[:Ma_0='?' (Size = 2000)], CommandType='Text', CommandTimeout='0']
      SELECT "l"."GIA_TRI"
      FROM "QL_NHAN_HIEN_THI" "l"
      WHERE "l"."MA" = :Ma_0
      FETCH FIRST 1 ROWS ONLY
info: Microsoft.EntityFrameworkCore.Database.Command[20101]
      Executed DbCommand (14ms) [Parameters=[:nguoiDung_ID_0='?' (DbType = Decimal)], CommandType='Text', CommandTimeout='0']
      SELECT "c"."VAI_TRO_ID"
      FROM "QL_VAI_TRO_NGUOI_DUNG" "c"
      WHERE "c"."NGUOI_DUNG_ID" = :nguoiDung_ID_0
info: Microsoft.EntityFrameworkCore.Database.Command[20101]
      Executed DbCommand (11ms) [Parameters=[:Ma_0='?' (Size = 2000)], CommandType='Text', CommandTimeout='0']
      SELECT "l"."GIA_TRI"
      FROM "QL_NHAN_HIEN_THI" "l"
      WHERE "l"."MA" = :Ma_0
      FETCH FIRST 1 ROWS ONLY
info: Microsoft.EntityFrameworkCore.Database.Command[20101]
      Executed DbCommand (14ms) [Parameters=[:Ma_0='?' (Size = 2000)], CommandType='Text', CommandTimeout='0']
      SELECT "l"."GIA_TRI"
      FROM "QL_NHAN_HIEN_THI" "l"
      WHERE "l"."MA" = :Ma_0
      FETCH FIRST 1 ROWS ONLY
info: Microsoft.EntityFrameworkCore.Database.Command[20101]
      Executed DbCommand (12ms) [Parameters=[:Ma_0='?' (Size = 2000)], CommandType='Text', CommandTimeout='0']
      SELECT "l"."GIA_TRI"
      FROM "QL_NHAN_HIEN_THI" "l"
      WHERE "l"."MA" = :Ma_0
      FETCH FIRST 1 ROWS ONLY
info: Microsoft.EntityFrameworkCore.Database.Command[20101]
      Executed DbCommand (14ms) [Parameters=[:Ma_0='?' (Size = 2000)], CommandType='Text', CommandTimeout='0']
      SELECT "l"."GIA_TRI"
      FROM "QL_NHAN_HIEN_THI" "l"
      WHERE "l"."MA" = :Ma_0
      FETCH FIRST 1 ROWS ONLY
info: Microsoft.EntityFrameworkCore.Database.Command[20101]
      Executed DbCommand (15ms) [Parameters=[:Ma_0='?' (Size = 2000)], CommandType='Text', CommandTimeout='0']
      SELECT "l"."GIA_TRI"
      FROM "QL_NHAN_HIEN_THI" "l"
      WHERE "l"."MA" = :Ma_0
      FETCH FIRST 1 ROWS ONLY
info: Microsoft.EntityFrameworkCore.Database.Command[20101]
      Executed DbCommand (13ms) [Parameters=[:nguoiDung_ID_0='?' (DbType = Decimal)], CommandType='Text', CommandTimeout='0']
      SELECT "c"."VAI_TRO_ID"
      FROM "QL_VAI_TRO_NGUOI_DUNG" "c"
      WHERE "c"."NGUOI_DUNG_ID" = :nguoiDung_ID_0
info: Microsoft.EntityFrameworkCore.Database.Command[20101]
      Executed DbCommand (11ms) [Parameters=[:Ma_0='?' (Size = 2000)], CommandType='Text', CommandTimeout='0']
      SELECT "l"."GIA_TRI"
      FROM "QL_NHAN_HIEN_THI" "l"
      WHERE "l"."MA" = :Ma_0
      FETCH FIRST 1 ROWS ONLY
info: Microsoft.EntityFrameworkCore.Database.Command[20101]
      Executed DbCommand (13ms) [Parameters=[:Ma_0='?' (Size = 2000)], CommandType='Text', CommandTimeout='0']
      SELECT "l"."GIA_TRI"
      FROM "QL_NHAN_HIEN_THI" "l"
      WHERE "l"."MA" = :Ma_0
      FETCH FIRST 1 ROWS ONLY
info: Microsoft.EntityFrameworkCore.Database.Command[20101]
      Executed DbCommand (12ms) [Parameters=[:Ma_0='?' (Size = 2000)], CommandType='Text', CommandTimeout='0']
      SELECT "l"."GIA_TRI"
      FROM "QL_NHAN_HIEN_THI" "l"
      WHERE "l"."MA" = :Ma_0
      FETCH FIRST 1 ROWS ONLY
info: Microsoft.EntityFrameworkCore.Database.Command[20101]
      Executed DbCommand (13ms) [Parameters=[:nguoiDung_ID_0='?' (DbType = Decimal)], CommandType='Text', CommandTimeout='0']
      SELECT "c"."VAI_TRO_ID"
      FROM "QL_VAI_TRO_NGUOI_DUNG" "c"
      WHERE "c"."NGUOI_DUNG_ID" = :nguoiDung_ID_0
info: Microsoft.EntityFrameworkCore.Database.Command[20101]
      Executed DbCommand (15ms) [Parameters=[:Ma_0='?' (Size = 2000)], CommandType='Text', CommandTimeout='0']
      SELECT "l"."GIA_TRI"
      FROM "QL_NHAN_HIEN_THI" "l"
      WHERE "l"."MA" = :Ma_0
      FETCH FIRST 1 ROWS ONLY
info: Microsoft.EntityFrameworkCore.Database.Command[20101]
      Executed DbCommand (16ms) [Parameters=[:Ma_0='?' (Size = 2000)], CommandType='Text', CommandTimeout='0']
      SELECT "l"."GIA_TRI"
      FROM "QL_NHAN_HIEN_THI" "l"
      WHERE "l"."MA" = :Ma_0
      FETCH FIRST 1 ROWS ONLY
info: Microsoft.EntityFrameworkCore.Database.Command[20101]
      Executed DbCommand (13ms) [Parameters=[:Ma_0='?' (Size = 2000)], CommandType='Text', CommandTimeout='0']
      SELECT "l"."GIA_TRI"
      FROM "QL_NHAN_HIEN_THI" "l"
      WHERE "l"."MA" = :Ma_0
      FETCH FIRST 1 ROWS ONLY
info: Microsoft.EntityFrameworkCore.Database.Command[20101]
      Executed DbCommand (12ms) [Parameters=[:nguoiDung_ID_0='?' (DbType = Decimal)], CommandType='Text', CommandTimeout='0']
      SELECT "c"."VAI_TRO_ID"
      FROM "QL_VAI_TRO_NGUOI_DUNG" "c"
      WHERE "c"."NGUOI_DUNG_ID" = :nguoiDung_ID_0
info: Microsoft.EntityFrameworkCore.Database.Command[20101]
      Executed DbCommand (11ms) [Parameters=[:Ma_0='?' (Size = 2000)], CommandType='Text', CommandTimeout='0']
      SELECT "l"."GIA_TRI"
      FROM "QL_NHAN_HIEN_THI" "l"
      WHERE "l"."MA" = :Ma_0
      FETCH FIRST 1 ROWS ONLY
info: Microsoft.EntityFrameworkCore.Database.Command[20101]
      Executed DbCommand (12ms) [Parameters=[:Ma_0='?' (Size = 2000)], CommandType='Text', CommandTimeout='0']
      SELECT "l"."GIA_TRI"
      FROM "QL_NHAN_HIEN_THI" "l"
      WHERE "l"."MA" = :Ma_0
      FETCH FIRST 1 ROWS ONLY
info: Microsoft.EntityFrameworkCore.Database.Command[20101]
      Executed DbCommand (12ms) [Parameters=[:nguoiDung_ID_0='?' (DbType = Decimal)], CommandType='Text', CommandTimeout='0']
      SELECT "c"."VAI_TRO_ID"
      FROM "QL_VAI_TRO_NGUOI_DUNG" "c"
      WHERE "c"."NGUOI_DUNG_ID" = :nguoiDung_ID_0
info: Microsoft.EntityFrameworkCore.Database.Command[20101]
      Executed DbCommand (14ms) [Parameters=[:Ma_0='?' (Size = 2000)], CommandType='Text', CommandTimeout='0']
      SELECT "l"."GIA_TRI"
      FROM "QL_NHAN_HIEN_THI" "l"
      WHERE "l"."MA" = :Ma_0
      FETCH FIRST 1 ROWS ONLY
info: Microsoft.EntityFrameworkCore.Database.Command[20101]
      Executed DbCommand (13ms) [Parameters=[:nguoiDung_ID_0='?' (DbType = Decimal)], CommandType='Text', CommandTimeout='0']
      SELECT "c"."VAI_TRO_ID"
      FROM "QL_VAI_TRO_NGUOI_DUNG" "c"
      WHERE "c"."NGUOI_DUNG_ID" = :nguoiDung_ID_0
info: Microsoft.EntityFrameworkCore.Database.Command[20101]
      Executed DbCommand (12ms) [Parameters=[:Ma_0='?' (Size = 2000)], CommandType='Text', CommandTimeout='0']
      SELECT "l"."GIA_TRI"
      FROM "QL_NHAN_HIEN_THI" "l"
      WHERE "l"."MA" = :Ma_0
      FETCH FIRST 1 ROWS ONLY
info: Microsoft.EntityFrameworkCore.Database.Command[20101]
      Executed DbCommand (17ms) [Parameters=[:nguoiDung_ID_0='?' (DbType = Decimal)], CommandType='Text', CommandTimeout='0']
      SELECT "c"."VAI_TRO_ID"
      FROM "QL_VAI_TRO_NGUOI_DUNG" "c"
      WHERE "c"."NGUOI_DUNG_ID" = :nguoiDung_ID_0
info: Microsoft.EntityFrameworkCore.Database.Command[20101]
      Executed DbCommand (15ms) [Parameters=[:Ma_0='?' (Size = 2000)], CommandType='Text', CommandTimeout='0']
      SELECT "l"."GIA_TRI"
      FROM "QL_NHAN_HIEN_THI" "l"
      WHERE "l"."MA" = :Ma_0
      FETCH FIRST 1 ROWS ONLY
info: Microsoft.EntityFrameworkCore.Database.Command[20101]
      Executed DbCommand (17ms) [Parameters=[:nguoiDung_ID_0='?' (DbType = Decimal)], CommandType='Text', CommandTimeout='0']
      SELECT "c"."VAI_TRO_ID"
      FROM "QL_VAI_TRO_NGUOI_DUNG" "c"
      WHERE "c"."NGUOI_DUNG_ID" = :nguoiDung_ID_0
info: Microsoft.EntityFrameworkCore.Database.Command[20101]
      Executed DbCommand (12ms) [Parameters=[:Ma_0='?' (Size = 2000)], CommandType='Text', CommandTimeout='0']
      SELECT "l"."GIA_TRI"
      FROM "QL_NHAN_HIEN_THI" "l"
      WHERE "l"."MA" = :Ma_0
      FETCH FIRST 1 ROWS ONLY
info: Microsoft.EntityFrameworkCore.Database.Command[20101]
      Executed DbCommand (12ms) [Parameters=[:nguoiDung_ID_0='?' (DbType = Decimal)], CommandType='Text', CommandTimeout='0']
      SELECT "c"."VAI_TRO_ID"
      FROM "QL_VAI_TRO_NGUOI_DUNG" "c"
      WHERE "c"."NGUOI_DUNG_ID" = :nguoiDung_ID_0
info: Microsoft.EntityFrameworkCore.Database.Command[20101]
      Executed DbCommand (12ms) [Parameters=[:Ma_0='?' (Size = 2000)], CommandType='Text', CommandTimeout='0']
      SELECT "l"."GIA_TRI"
      FROM "QL_NHAN_HIEN_THI" "l"
      WHERE "l"."MA" = :Ma_0
      FETCH FIRST 1 ROWS ONLY
info: Microsoft.EntityFrameworkCore.Database.Command[20101]
      Executed DbCommand (15ms) [Parameters=[:nguoiDung_ID_0='?' (DbType = Decimal)], CommandType='Text', CommandTimeout='0']
      SELECT "c"."VAI_TRO_ID"
      FROM "QL_VAI_TRO_NGUOI_DUNG" "c"
      WHERE "c"."NGUOI_DUNG_ID" = :nguoiDung_ID_0
info: Microsoft.EntityFrameworkCore.Database.Command[20101]
      Executed DbCommand (13ms) [Parameters=[:Ma_0='?' (Size = 2000)], CommandType='Text', CommandTimeout='0']
      SELECT "l"."GIA_TRI"
      FROM "QL_NHAN_HIEN_THI" "l"
      WHERE "l"."MA" = :Ma_0
      FETCH FIRST 1 ROWS ONLY
info: Microsoft.EntityFrameworkCore.Database.Command[20101]
      Executed DbCommand (12ms) [Parameters=[:Ma_0='?' (Size = 2000)], CommandType='Text', CommandTimeout='0']
      SELECT "l"."GIA_TRI"
      FROM "QL_NHAN_HIEN_THI" "l"
      WHERE "l"."MA" = :Ma_0
      FETCH FIRST 1 ROWS ONLY
info: Microsoft.EntityFrameworkCore.Database.Command[20101]
      Executed DbCommand (11ms) [Parameters=[:Ma_0='?' (Size = 2000)], CommandType='Text', CommandTimeout='0']
      SELECT "l"."GIA_TRI"
      FROM "QL_NHAN_HIEN_THI" "l"
      WHERE "l"."MA" = :Ma_0
      FETCH FIRST 1 ROWS ONLY
info: Microsoft.EntityFrameworkCore.Database.Command[20101]
      Executed DbCommand (14ms) [Parameters=[:Ma_0='?' (Size = 2000)], CommandType='Text', CommandTimeout='0']
      SELECT "l"."GIA_TRI"
      FROM "QL_NHAN_HIEN_THI" "l"
      WHERE "l"."MA" = :Ma_0
      FETCH FIRST 1 ROWS ONLY
info: Microsoft.EntityFrameworkCore.Database.Command[20101]
      Executed DbCommand (14ms) [Parameters=[:nguoiDung_ID_0='?' (DbType = Decimal)], CommandType='Text', CommandTimeout='0']
      SELECT "c"."VAI_TRO_ID"
      FROM "QL_VAI_TRO_NGUOI_DUNG" "c"
      WHERE "c"."NGUOI_DUNG_ID" = :nguoiDung_ID_0
info: Microsoft.EntityFrameworkCore.Database.Command[20101]
      Executed DbCommand (10ms) [Parameters=[:Ma_0='?' (Size = 2000)], CommandType='Text', CommandTimeout='0']
      SELECT "l"."GIA_TRI"
      FROM "QL_NHAN_HIEN_THI" "l"
      WHERE "l"."MA" = :Ma_0
      FETCH FIRST 1 ROWS ONLY
info: Microsoft.EntityFrameworkCore.Database.Command[20101]
      Executed DbCommand (11ms) [Parameters=[:nguoiDung_ID_0='?' (DbType = Decimal)], CommandType='Text', CommandTimeout='0']
      SELECT "c"."VAI_TRO_ID"
      FROM "QL_VAI_TRO_NGUOI_DUNG" "c"
      WHERE "c"."NGUOI_DUNG_ID" = :nguoiDung_ID_0
info: Microsoft.EntityFrameworkCore.Database.Command[20101]
      Executed DbCommand (13ms) [Parameters=[:Ma_0='?' (Size = 2000)], CommandType='Text', CommandTimeout='0']
      SELECT "l"."GIA_TRI"
      FROM "QL_NHAN_HIEN_THI" "l"
      WHERE "l"."MA" = :Ma_0
      FETCH FIRST 1 ROWS ONLY
info: Microsoft.EntityFrameworkCore.Database.Command[20101]
      Executed DbCommand (12ms) [Parameters=[:nguoiDung_ID_0='?' (DbType = Decimal)], CommandType='Text', CommandTimeout='0']
      SELECT "c"."VAI_TRO_ID"
      FROM "QL_VAI_TRO_NGUOI_DUNG" "c"
      WHERE "c"."NGUOI_DUNG_ID" = :nguoiDung_ID_0
info: Microsoft.EntityFrameworkCore.Database.Command[20101]
      Executed DbCommand (15ms) [Parameters=[:Ma_0='?' (Size = 2000)], CommandType='Text', CommandTimeout='0']
      SELECT "l"."GIA_TRI"
      FROM "QL_NHAN_HIEN_THI" "l"
      WHERE "l"."MA" = :Ma_0
      FETCH FIRST 1 ROWS ONLY
info: Microsoft.EntityFrameworkCore.Database.Command[20101]
      Executed DbCommand (11ms) [Parameters=[:nguoiDung_ID_0='?' (DbType = Decimal)], CommandType='Text', CommandTimeout='0']
      SELECT "c"."VAI_TRO_ID"
      FROM "QL_VAI_TRO_NGUOI_DUNG" "c"
      WHERE "c"."NGUOI_DUNG_ID" = :nguoiDung_ID_0
info: Microsoft.EntityFrameworkCore.Database.Command[20101]
      Executed DbCommand (15ms) [Parameters=[:Ma_0='?' (Size = 2000)], CommandType='Text', CommandTimeout='0']
      SELECT "l"."GIA_TRI"
      FROM "QL_NHAN_HIEN_THI" "l"
      WHERE "l"."MA" = :Ma_0
      FETCH FIRST 1 ROWS ONLY
info: Microsoft.EntityFrameworkCore.Database.Command[20101]
      Executed DbCommand (9ms) [Parameters=[:nguoiDung_ID_0='?' (DbType = Decimal)], CommandType='Text', CommandTimeout='0']
      SELECT "c"."VAI_TRO_ID"
      FROM "QL_VAI_TRO_NGUOI_DUNG" "c"
      WHERE "c"."NGUOI_DUNG_ID" = :nguoiDung_ID_0
info: Microsoft.EntityFrameworkCore.Database.Command[20101]
      Executed DbCommand (8ms) [Parameters=[:Ma_0='?' (Size = 2000)], CommandType='Text', CommandTimeout='0']
      SELECT "l"."GIA_TRI"
      FROM "QL_NHAN_HIEN_THI" "l"
      WHERE "l"."MA" = :Ma_0
      FETCH FIRST 1 ROWS ONLY
info: Microsoft.EntityFrameworkCore.Database.Command[20101]
      Executed DbCommand (11ms) [Parameters=[:nguoiDung_ID_0='?' (DbType = Decimal)], CommandType='Text', CommandTimeout='0']
      SELECT "c"."VAI_TRO_ID"
      FROM "QL_VAI_TRO_NGUOI_DUNG" "c"
      WHERE "c"."NGUOI_DUNG_ID" = :nguoiDung_ID_0
info: Microsoft.EntityFrameworkCore.Database.Command[20101]
      Executed DbCommand (13ms) [Parameters=[:Ma_0='?' (Size = 2000)], CommandType='Text', CommandTimeout='0']
      SELECT "l"."GIA_TRI"
      FROM "QL_NHAN_HIEN_THI" "l"
      WHERE "l"."MA" = :Ma_0
      FETCH FIRST 1 ROWS ONLY
info: Microsoft.EntityFrameworkCore.Database.Command[20101]
      Executed DbCommand (11ms) [Parameters=[:nguoiDung_ID_0='?' (DbType = Decimal)], CommandType='Text', CommandTimeout='0']
      SELECT "c"."VAI_TRO_ID"
      FROM "QL_VAI_TRO_NGUOI_DUNG" "c"
      WHERE "c"."NGUOI_DUNG_ID" = :nguoiDung_ID_0
info: Microsoft.EntityFrameworkCore.Database.Command[20101]
      Executed DbCommand (12ms) [Parameters=[:Ma_0='?' (Size = 2000)], CommandType='Text', CommandTimeout='0']
      SELECT "l"."GIA_TRI"
      FROM "QL_NHAN_HIEN_THI" "l"
      WHERE "l"."MA" = :Ma_0
      FETCH FIRST 1 ROWS ONLY
info: Microsoft.EntityFrameworkCore.Database.Command[20101]
      Executed DbCommand (16ms) [Parameters=[:nguoiDung_ID_0='?' (DbType = Decimal)], CommandType='Text', CommandTimeout='0']
      SELECT "c"."VAI_TRO_ID"
      FROM "QL_VAI_TRO_NGUOI_DUNG" "c"
      WHERE "c"."NGUOI_DUNG_ID" = :nguoiDung_ID_0
info: Microsoft.EntityFrameworkCore.Database.Command[20101]
      Executed DbCommand (14ms) [Parameters=[:Ma_0='?' (Size = 2000)], CommandType='Text', CommandTimeout='0']
      SELECT "l"."GIA_TRI"
      FROM "QL_NHAN_HIEN_THI" "l"
      WHERE "l"."MA" = :Ma_0
      FETCH FIRST 1 ROWS ONLY
info: Microsoft.EntityFrameworkCore.Database.Command[20101]
      Executed DbCommand (9ms) [Parameters=[:nguoiDung_ID_0='?' (DbType = Decimal)], CommandType='Text', CommandTimeout='0']
      SELECT "c"."VAI_TRO_ID"
      FROM "QL_VAI_TRO_NGUOI_DUNG" "c"
      WHERE "c"."NGUOI_DUNG_ID" = :nguoiDung_ID_0
info: Microsoft.EntityFrameworkCore.Database.Command[20101]
      Executed DbCommand (15ms) [Parameters=[:Ma_0='?' (Size = 2000)], CommandType='Text', CommandTimeout='0']
      SELECT "l"."GIA_TRI"
      FROM "QL_NHAN_HIEN_THI" "l"
      WHERE "l"."MA" = :Ma_0
      FETCH FIRST 1 ROWS ONLY
info: Microsoft.EntityFrameworkCore.Database.Command[20101]
      Executed DbCommand (12ms) [Parameters=[:nguoiDung_ID_0='?' (DbType = Decimal)], CommandType='Text', CommandTimeout='0']
      SELECT "c"."VAI_TRO_ID"
      FROM "QL_VAI_TRO_NGUOI_DUNG" "c"
      WHERE "c"."NGUOI_DUNG_ID" = :nguoiDung_ID_0
info: Microsoft.EntityFrameworkCore.Database.Command[20101]
      Executed DbCommand (14ms) [Parameters=[:Ma_0='?' (Size = 2000)], CommandType='Text', CommandTimeout='0']
      SELECT "l"."GIA_TRI"
      FROM "QL_NHAN_HIEN_THI" "l"
      WHERE "l"."MA" = :Ma_0
      FETCH FIRST 1 ROWS ONLY
info: Microsoft.EntityFrameworkCore.Database.Command[20101]
      Executed DbCommand (12ms) [Parameters=[:nguoiDung_ID_0='?' (DbType = Decimal)], CommandType='Text', CommandTimeout='0']
      SELECT "c"."VAI_TRO_ID"
      FROM "QL_VAI_TRO_NGUOI_DUNG" "c"
      WHERE "c"."NGUOI_DUNG_ID" = :nguoiDung_ID_0
info: Microsoft.EntityFrameworkCore.Database.Command[20101]
      Executed DbCommand (11ms) [Parameters=[:Ma_0='?' (Size = 2000)], CommandType='Text', CommandTimeout='0']
      SELECT "l"."GIA_TRI"
      FROM "QL_NHAN_HIEN_THI" "l"
      WHERE "l"."MA" = :Ma_0
      FETCH FIRST 1 ROWS ONLY
info: Microsoft.EntityFrameworkCore.Database.Command[20101]
      Executed DbCommand (8ms) [Parameters=[:nguoiDung_ID_0='?' (DbType = Decimal)], CommandType='Text', CommandTimeout='0']
      SELECT "c"."VAI_TRO_ID"
      FROM "QL_VAI_TRO_NGUOI_DUNG" "c"
      WHERE "c"."NGUOI_DUNG_ID" = :nguoiDung_ID_0
info: Microsoft.EntityFrameworkCore.Database.Command[20101]
      Executed DbCommand (11ms) [Parameters=[:Ma_0='?' (Size = 2000)], CommandType='Text', CommandTimeout='0']
      SELECT "l"."GIA_TRI"
      FROM "QL_NHAN_HIEN_THI" "l"
      WHERE "l"."MA" = :Ma_0
      FETCH FIRST 1 ROWS ONLY
info: Microsoft.EntityFrameworkCore.Database.Command[20101]
      Executed DbCommand (10ms) [Parameters=[:nguoiDung_ID_0='?' (DbType = Decimal)], CommandType='Text', CommandTimeout='0']
      SELECT "c"."VAI_TRO_ID"
      FROM "QL_VAI_TRO_NGUOI_DUNG" "c"
      WHERE "c"."NGUOI_DUNG_ID" = :nguoiDung_ID_0
info: Microsoft.EntityFrameworkCore.Database.Command[20101]
      Executed DbCommand (10ms) [Parameters=[:Ma_0='?' (Size = 2000)], CommandType='Text', CommandTimeout='0']
      SELECT "l"."GIA_TRI"
      FROM "QL_NHAN_HIEN_THI" "l"
      WHERE "l"."MA" = :Ma_0
      FETCH FIRST 1 ROWS ONLY
info: Microsoft.EntityFrameworkCore.Database.Command[20101]
      Executed DbCommand (9ms) [Parameters=[:nguoiDung_ID_0='?' (DbType = Decimal)], CommandType='Text', CommandTimeout='0']
      SELECT "c"."VAI_TRO_ID"
      FROM "QL_VAI_TRO_NGUOI_DUNG" "c"
      WHERE "c"."NGUOI_DUNG_ID" = :nguoiDung_ID_0
info: Microsoft.EntityFrameworkCore.Database.Command[20101]
      Executed DbCommand (8ms) [Parameters=[:Ma_0='?' (Size = 2000)], CommandType='Text', CommandTimeout='0']
      SELECT "l"."GIA_TRI"
      FROM "QL_NHAN_HIEN_THI" "l"
      WHERE "l"."MA" = :Ma_0
      FETCH FIRST 1 ROWS ONLY
info: Microsoft.EntityFrameworkCore.Database.Command[20101]
      Executed DbCommand (11ms) [Parameters=[:nguoiDung_ID_0='?' (DbType = Decimal)], CommandType='Text', CommandTimeout='0']
      SELECT "c"."VAI_TRO_ID"
      FROM "QL_VAI_TRO_NGUOI_DUNG" "c"
      WHERE "c"."NGUOI_DUNG_ID" = :nguoiDung_ID_0
info: Microsoft.EntityFrameworkCore.Database.Command[20101]
      Executed DbCommand (13ms) [Parameters=[:Ma_0='?' (Size = 2000)], CommandType='Text', CommandTimeout='0']
      SELECT "l"."GIA_TRI"
      FROM "QL_NHAN_HIEN_THI" "l"
      WHERE "l"."MA" = :Ma_0
      FETCH FIRST 1 ROWS ONLY
info: Microsoft.EntityFrameworkCore.Database.Command[20101]
      Executed DbCommand (12ms) [Parameters=[:Ma_0='?' (Size = 2000)], CommandType='Text', CommandTimeout='0']
      SELECT "l"."GIA_TRI"
      FROM "QL_NHAN_HIEN_THI" "l"
      WHERE "l"."MA" = :Ma_0
      FETCH FIRST 1 ROWS ONLY
info: Microsoft.EntityFrameworkCore.Database.Command[20101]
      Executed DbCommand (21ms) [Parameters=[:Ma_0='?' (Size = 2000)], CommandType='Text', CommandTimeout='0']
      SELECT "l"."GIA_TRI"
      FROM "QL_NHAN_HIEN_THI" "l"
      WHERE "l"."MA" = :Ma_0
      FETCH FIRST 1 ROWS ONLY
info: Microsoft.EntityFrameworkCore.Database.Command[20101]
      Executed DbCommand (30ms) [Parameters=[:Ma_0='?' (Size = 2000)], CommandType='Text', CommandTimeout='0']
      SELECT "l"."GIA_TRI"
      FROM "QL_NHAN_HIEN_THI" "l"
      WHERE "l"."MA" = :Ma_0
      FETCH FIRST 1 ROWS ONLY
info: Microsoft.EntityFrameworkCore.Database.Command[20101]
      Executed DbCommand (19ms) [Parameters=[:Ma_0='?' (Size = 2000)], CommandType='Text', CommandTimeout='0']
      SELECT "l"."GIA_TRI"
      FROM "QL_NHAN_HIEN_THI" "l"
      WHERE "l"."MA" = :Ma_0
      FETCH FIRST 1 ROWS ONLY
info: Microsoft.EntityFrameworkCore.Database.Command[20101]
      Executed DbCommand (23ms) [Parameters=[:Ma_0='?' (Size = 2000)], CommandType='Text', CommandTimeout='0']
      SELECT "l"."GIA_TRI"
      FROM "QL_NHAN_HIEN_THI" "l"
      WHERE "l"."MA" = :Ma_0
      FETCH FIRST 1 ROWS ONLY
info: Microsoft.EntityFrameworkCore.Database.Command[20101]
      Executed DbCommand (25ms) [Parameters=[:nguoiDung_ID_0='?' (DbType = Decimal)], CommandType='Text', CommandTimeout='0']
      SELECT "c"."VAI_TRO_ID"
      FROM "QL_VAI_TRO_NGUOI_DUNG" "c"
      WHERE "c"."NGUOI_DUNG_ID" = :nguoiDung_ID_0
info: Microsoft.EntityFrameworkCore.Database.Command[20101]
      Executed DbCommand (25ms) [Parameters=[:Ma_0='?' (Size = 2000)], CommandType='Text', CommandTimeout='0']
      SELECT "l"."GIA_TRI"
      FROM "QL_NHAN_HIEN_THI" "l"
      WHERE "l"."MA" = :Ma_0
      FETCH FIRST 1 ROWS ONLY
info: Microsoft.EntityFrameworkCore.Database.Command[20101]
      Executed DbCommand (15ms) [Parameters=[:nguoiDung_ID_0='?' (DbType = Decimal)], CommandType='Text', CommandTimeout='0']
      SELECT "c"."VAI_TRO_ID"
      FROM "QL_VAI_TRO_NGUOI_DUNG" "c"
      WHERE "c"."NGUOI_DUNG_ID" = :nguoiDung_ID_0
info: Microsoft.EntityFrameworkCore.Database.Command[20101]
      Executed DbCommand (23ms) [Parameters=[:nguoiDung_ID_0='?' (DbType = Decimal)], CommandType='Text', CommandTimeout='0']
      SELECT "c"."VAI_TRO_ID"
      FROM "QL_VAI_TRO_NGUOI_DUNG" "c"
      WHERE "c"."NGUOI_DUNG_ID" = :nguoiDung_ID_0
info: Microsoft.EntityFrameworkCore.Database.Command[20101]
      Executed DbCommand (20ms) [Parameters=[:Ma_0='?' (Size = 2000)], CommandType='Text', CommandTimeout='0']
      SELECT "l"."GIA_TRI"
      FROM "QL_NHAN_HIEN_THI" "l"
      WHERE "l"."MA" = :Ma_0
      FETCH FIRST 1 ROWS ONLY
info: Microsoft.EntityFrameworkCore.Database.Command[20101]
      Executed DbCommand (20ms) [Parameters=[:nguoiDung_ID_0='?' (DbType = Decimal)], CommandType='Text', CommandTimeout='0']
      SELECT "c"."VAI_TRO_ID"
      FROM "QL_VAI_TRO_NGUOI_DUNG" "c"
      WHERE "c"."NGUOI_DUNG_ID" = :nguoiDung_ID_0
info: Microsoft.EntityFrameworkCore.Database.Command[20101]
      Executed DbCommand (23ms) [Parameters=[:Ma_0='?' (Size = 2000)], CommandType='Text', CommandTimeout='0']
      SELECT "l"."GIA_TRI"
      FROM "QL_NHAN_HIEN_THI" "l"
      WHERE "l"."MA" = :Ma_0
      FETCH FIRST 1 ROWS ONLY
info: Microsoft.EntityFrameworkCore.Database.Command[20101]
      Executed DbCommand (21ms) [Parameters=[:nguoiDung_ID_0='?' (DbType = Decimal)], CommandType='Text', CommandTimeout='0']
      SELECT "c"."VAI_TRO_ID"
      FROM "QL_VAI_TRO_NGUOI_DUNG" "c"
      WHERE "c"."NGUOI_DUNG_ID" = :nguoiDung_ID_0
info: Microsoft.EntityFrameworkCore.Database.Command[20101]
      Executed DbCommand (17ms) [Parameters=[:nguoiDung_ID_0='?' (DbType = Decimal)], CommandType='Text', CommandTimeout='0']
      SELECT "c"."VAI_TRO_ID"
      FROM "QL_VAI_TRO_NGUOI_DUNG" "c"
      WHERE "c"."NGUOI_DUNG_ID" = :nguoiDung_ID_0
info: Microsoft.EntityFrameworkCore.Database.Command[20101]
      Executed DbCommand (19ms) [Parameters=[:Ma_0='?' (Size = 2000)], CommandType='Text', CommandTimeout='0']
      SELECT "l"."GIA_TRI"
      FROM "QL_NHAN_HIEN_THI" "l"
      WHERE "l"."MA" = :Ma_0
      FETCH FIRST 1 ROWS ONLY
info: Microsoft.EntityFrameworkCore.Database.Command[20101]
      Executed DbCommand (21ms) [Parameters=[:nguoiDung_ID_0='?' (DbType = Decimal)], CommandType='Text', CommandTimeout='0']
      SELECT "c"."VAI_TRO_ID"
      FROM "QL_VAI_TRO_NGUOI_DUNG" "c"
      WHERE "c"."NGUOI_DUNG_ID" = :nguoiDung_ID_0
info: Microsoft.EntityFrameworkCore.Database.Command[20101]
      Executed DbCommand (13ms) [Parameters=[:Ma_0='?' (Size = 2000)], CommandType='Text', CommandTimeout='0']
      SELECT "l"."GIA_TRI"
      FROM "QL_NHAN_HIEN_THI" "l"
      WHERE "l"."MA" = :Ma_0
      FETCH FIRST 1 ROWS ONLY
info: Microsoft.EntityFrameworkCore.Database.Command[20101]
      Executed DbCommand (11ms) [Parameters=[:nguoiDung_ID_0='?' (DbType = Decimal)], CommandType='Text', CommandTimeout='0']
      SELECT "c"."VAI_TRO_ID"
      FROM "QL_VAI_TRO_NGUOI_DUNG" "c"
      WHERE "c"."NGUOI_DUNG_ID" = :nguoiDung_ID_0
info: Microsoft.EntityFrameworkCore.Database.Command[20101]
      Executed DbCommand (22ms) [Parameters=[:Ma_0='?' (Size = 2000)], CommandType='Text', CommandTimeout='0']
      SELECT "l"."GIA_TRI"
      FROM "QL_NHAN_HIEN_THI" "l"
      WHERE "l"."MA" = :Ma_0
      FETCH FIRST 1 ROWS ONLY
info: Microsoft.EntityFrameworkCore.Database.Command[20101]
      Executed DbCommand (9ms) [Parameters=[:nguoiDung_ID_0='?' (DbType = Decimal)], CommandType='Text', CommandTimeout='0']
      SELECT "c"."VAI_TRO_ID"
      FROM "QL_VAI_TRO_NGUOI_DUNG" "c"
      WHERE "c"."NGUOI_DUNG_ID" = :nguoiDung_ID_0
info: Microsoft.EntityFrameworkCore.Database.Command[20101]
      Executed DbCommand (8ms) [Parameters=[:Ma_0='?' (Size = 2000)], CommandType='Text', CommandTimeout='0']
      SELECT "l"."GIA_TRI"
      FROM "QL_NHAN_HIEN_THI" "l"
      WHERE "l"."MA" = :Ma_0
      FETCH FIRST 1 ROWS ONLY
info: Microsoft.EntityFrameworkCore.Database.Command[20101]
      Executed DbCommand (7ms) [Parameters=[:nguoiDung_ID_0='?' (DbType = Decimal)], CommandType='Text', CommandTimeout='0']
      SELECT "c"."VAI_TRO_ID"
      FROM "QL_VAI_TRO_NGUOI_DUNG" "c"
      WHERE "c"."NGUOI_DUNG_ID" = :nguoiDung_ID_0
info: Microsoft.EntityFrameworkCore.Database.Command[20101]
      Executed DbCommand (11ms) [Parameters=[:Ma_0='?' (Size = 2000)], CommandType='Text', CommandTimeout='0']
      SELECT "l"."GIA_TRI"
      FROM "QL_NHAN_HIEN_THI" "l"
      WHERE "l"."MA" = :Ma_0
      FETCH FIRST 1 ROWS ONLY
info: Microsoft.EntityFrameworkCore.Database.Command[20101]
      Executed DbCommand (10ms) [Parameters=[:nguoiDung_ID_0='?' (DbType = Decimal)], CommandType='Text', CommandTimeout='0']
      SELECT "c"."VAI_TRO_ID"
      FROM "QL_VAI_TRO_NGUOI_DUNG" "c"
      WHERE "c"."NGUOI_DUNG_ID" = :nguoiDung_ID_0
info: Microsoft.EntityFrameworkCore.Database.Command[20101]
      Executed DbCommand (12ms) [Parameters=[:Ma_0='?' (Size = 2000)], CommandType='Text', CommandTimeout='0']
      SELECT "l"."GIA_TRI"
      FROM "QL_NHAN_HIEN_THI" "l"
      WHERE "l"."MA" = :Ma_0
      FETCH FIRST 1 ROWS ONLY
info: Microsoft.EntityFrameworkCore.Database.Command[20101]
      Executed DbCommand (8ms) [Parameters=[:nguoiDung_ID_0='?' (DbType = Decimal)], CommandType='Text', CommandTimeout='0']
      SELECT "c"."VAI_TRO_ID"
      FROM "QL_VAI_TRO_NGUOI_DUNG" "c"
      WHERE "c"."NGUOI_DUNG_ID" = :nguoiDung_ID_0
info: Microsoft.EntityFrameworkCore.Database.Command[20101]
      Executed DbCommand (7ms) [Parameters=[:Ma_0='?' (Size = 2000)], CommandType='Text', CommandTimeout='0']
      SELECT "l"."GIA_TRI"
      FROM "QL_NHAN_HIEN_THI" "l"
      WHERE "l"."MA" = :Ma_0
      FETCH FIRST 1 ROWS ONLY
info: Microsoft.EntityFrameworkCore.Database.Command[20101]
      Executed DbCommand (10ms) [Parameters=[:nguoiDung_ID_0='?' (DbType = Decimal)], CommandType='Text', CommandTimeout='0']
      SELECT "c"."VAI_TRO_ID"
      FROM "QL_VAI_TRO_NGUOI_DUNG" "c"
      WHERE "c"."NGUOI_DUNG_ID" = :nguoiDung_ID_0
info: Microsoft.EntityFrameworkCore.Database.Command[20101]
      Executed DbCommand (21ms) [Parameters=[:Ma_0='?' (Size = 2000)], CommandType='Text', CommandTimeout='0']
      SELECT "l"."GIA_TRI"
      FROM "QL_NHAN_HIEN_THI" "l"
      WHERE "l"."MA" = :Ma_0
      FETCH FIRST 1 ROWS ONLY
info: Microsoft.EntityFrameworkCore.Database.Command[20101]
      Executed DbCommand (9ms) [Parameters=[:nguoiDung_ID_0='?' (DbType = Decimal)], CommandType='Text', CommandTimeout='0']
      SELECT "c"."VAI_TRO_ID"
      FROM "QL_VAI_TRO_NGUOI_DUNG" "c"
      WHERE "c"."NGUOI_DUNG_ID" = :nguoiDung_ID_0
info: Microsoft.EntityFrameworkCore.Database.Command[20101]
      Executed DbCommand (21ms) [Parameters=[:Ma_0='?' (Size = 2000)], CommandType='Text', CommandTimeout='0']
      SELECT "l"."GIA_TRI"
      FROM "QL_NHAN_HIEN_THI" "l"
      WHERE "l"."MA" = :Ma_0
      FETCH FIRST 1 ROWS ONLY
info: Microsoft.EntityFrameworkCore.Database.Command[20101]
      Executed DbCommand (24ms) [Parameters=[:nguoiDung_ID_0='?' (DbType = Decimal)], CommandType='Text', CommandTimeout='0']
      SELECT "c"."VAI_TRO_ID"
      FROM "QL_VAI_TRO_NGUOI_DUNG" "c"
      WHERE "c"."NGUOI_DUNG_ID" = :nguoiDung_ID_0
info: Microsoft.EntityFrameworkCore.Database.Command[20101]
      Executed DbCommand (16ms) [Parameters=[:Ma_0='?' (Size = 2000)], CommandType='Text', CommandTimeout='0']
      SELECT "l"."GIA_TRI"
      FROM "QL_NHAN_HIEN_THI" "l"
      WHERE "l"."MA" = :Ma_0
      FETCH FIRST 1 ROWS ONLY
info: Microsoft.EntityFrameworkCore.Database.Command[20101]
      Executed DbCommand (10ms) [Parameters=[:nguoiDung_ID_0='?' (DbType = Decimal)], CommandType='Text', CommandTimeout='0']
      SELECT "c"."VAI_TRO_ID"
      FROM "QL_VAI_TRO_NGUOI_DUNG" "c"
      WHERE "c"."NGUOI_DUNG_ID" = :nguoiDung_ID_0
info: Microsoft.EntityFrameworkCore.Database.Command[20101]
      Executed DbCommand (19ms) [Parameters=[:Ma_0='?' (Size = 2000)], CommandType='Text', CommandTimeout='0']
      SELECT "l"."GIA_TRI"
      FROM "QL_NHAN_HIEN_THI" "l"
      WHERE "l"."MA" = :Ma_0
      FETCH FIRST 1 ROWS ONLY
info: Microsoft.EntityFrameworkCore.Database.Command[20101]
      Executed DbCommand (40ms) [Parameters=[:nguoiDung_ID_0='?' (DbType = Decimal)], CommandType='Text', CommandTimeout='0']
      SELECT "c"."VAI_TRO_ID"
      FROM "QL_VAI_TRO_NGUOI_DUNG" "c"
      WHERE "c"."NGUOI_DUNG_ID" = :nguoiDung_ID_0
info: Microsoft.EntityFrameworkCore.Database.Command[20101]
      Executed DbCommand (12ms) [Parameters=[:Ma_0='?' (Size = 2000)], CommandType='Text', CommandTimeout='0']
      SELECT "l"."GIA_TRI"
      FROM "QL_NHAN_HIEN_THI" "l"
      WHERE "l"."MA" = :Ma_0
      FETCH FIRST 1 ROWS ONLY
info: Microsoft.EntityFrameworkCore.Database.Command[20101]
      Executed DbCommand (11ms) [Parameters=[:nguoiDung_ID_0='?' (DbType = Decimal)], CommandType='Text', CommandTimeout='0']
      SELECT "c"."VAI_TRO_ID"
      FROM "QL_VAI_TRO_NGUOI_DUNG" "c"
      WHERE "c"."NGUOI_DUNG_ID" = :nguoiDung_ID_0
info: Microsoft.EntityFrameworkCore.Database.Command[20101]
      Executed DbCommand (14ms) [Parameters=[:Ma_0='?' (Size = 2000)], CommandType='Text', CommandTimeout='0']
      SELECT "l"."GIA_TRI"
      FROM "QL_NHAN_HIEN_THI" "l"
      WHERE "l"."MA" = :Ma_0
      FETCH FIRST 1 ROWS ONLY
info: Microsoft.EntityFrameworkCore.Database.Command[20101]
      Executed DbCommand (9ms) [Parameters=[:nguoiDung_ID_0='?' (DbType = Decimal)], CommandType='Text', CommandTimeout='0']
      SELECT "c"."VAI_TRO_ID"
      FROM "QL_VAI_TRO_NGUOI_DUNG" "c"
      WHERE "c"."NGUOI_DUNG_ID" = :nguoiDung_ID_0
info: Microsoft.EntityFrameworkCore.Database.Command[20101]
      Executed DbCommand (9ms) [Parameters=[:Ma_0='?' (Size = 2000)], CommandType='Text', CommandTimeout='0']
      SELECT "l"."GIA_TRI"
      FROM "QL_NHAN_HIEN_THI" "l"
      WHERE "l"."MA" = :Ma_0
      FETCH FIRST 1 ROWS ONLY
info: Microsoft.EntityFrameworkCore.Database.Command[20101]
      Executed DbCommand (13ms) [Parameters=[:nguoiDung_ID_0='?' (DbType = Decimal)], CommandType='Text', CommandTimeout='0']
      SELECT "c"."VAI_TRO_ID"
      FROM "QL_VAI_TRO_NGUOI_DUNG" "c"
      WHERE "c"."NGUOI_DUNG_ID" = :nguoiDung_ID_0
info: Microsoft.EntityFrameworkCore.Database.Command[20101]
      Executed DbCommand (13ms) [Parameters=[:Ma_0='?' (Size = 2000)], CommandType='Text', CommandTimeout='0']
      SELECT "l"."GIA_TRI"
      FROM "QL_NHAN_HIEN_THI" "l"
      WHERE "l"."MA" = :Ma_0
      FETCH FIRST 1 ROWS ONLY
info: Microsoft.EntityFrameworkCore.Database.Command[20101]
      Executed DbCommand (10ms) [Parameters=[:nguoiDung_ID_0='?' (DbType = Decimal)], CommandType='Text', CommandTimeout='0']
      SELECT "c"."VAI_TRO_ID"
      FROM "QL_VAI_TRO_NGUOI_DUNG" "c"
      WHERE "c"."NGUOI_DUNG_ID" = :nguoiDung_ID_0
info: Microsoft.EntityFrameworkCore.Database.Command[20101]
      Executed DbCommand (66ms) [Parameters=[:donViId_0='?' (DbType = Decimal)], CommandType='Text', CommandTimeout='0']
      SELECT COUNT(*)
      FROM "DM_DON_VI" "p"
      WHERE ((("p"."PARENT_ID" = :donViId_0) AND ("p"."LA_BAN_QL_DU_AN" = 1)) OR (("p"."ID" = :donViId_0) AND ("p"."LOAI_DON_VI_ID" = 15.0))) OR (("p"."ID" = :donViId_0) AND ("p"."LA_BAN_QL_DU_AN" = 1))
info: Microsoft.EntityFrameworkCore.Database.Command[20101]
      Executed DbCommand (12ms) [Parameters=[:Ma_0='?' (Size = 2000)], CommandType='Text', CommandTimeout='0']
      SELECT "l"."GIA_TRI"
      FROM "QL_NHAN_HIEN_THI" "l"
      WHERE "l"."MA" = :Ma_0
      FETCH FIRST 1 ROWS ONLY
info: Microsoft.EntityFrameworkCore.Database.Command[20101]
      Executed DbCommand (10ms) [Parameters=[:nguoiDung_ID_0='?' (DbType = Decimal)], CommandType='Text', CommandTimeout='0']
      SELECT "c"."VAI_TRO_ID"
      FROM "QL_VAI_TRO_NGUOI_DUNG" "c"
      WHERE "c"."NGUOI_DUNG_ID" = :nguoiDung_ID_0
info: Microsoft.EntityFrameworkCore.Database.Command[20101]
      Executed DbCommand (15ms) [Parameters=[:Ma_0='?' (Size = 2000)], CommandType='Text', CommandTimeout='0']
      SELECT "l"."GIA_TRI"
      FROM "QL_NHAN_HIEN_THI" "l"
      WHERE "l"."MA" = :Ma_0
      FETCH FIRST 1 ROWS ONLY
info: Microsoft.EntityFrameworkCore.Database.Command[20101]
      Executed DbCommand (9ms) [Parameters=[:nguoiDung_ID_0='?' (DbType = Decimal)], CommandType='Text', CommandTimeout='0']
      SELECT "c"."VAI_TRO_ID"
      FROM "QL_VAI_TRO_NGUOI_DUNG" "c"
      WHERE "c"."NGUOI_DUNG_ID" = :nguoiDung_ID_0
info: Microsoft.EntityFrameworkCore.Database.Command[20101]
      Executed DbCommand (12ms) [Parameters=[:Ma_0='?' (Size = 2000)], CommandType='Text', CommandTimeout='0']
      SELECT "l"."GIA_TRI"
      FROM "QL_NHAN_HIEN_THI" "l"
      WHERE "l"."MA" = :Ma_0
      FETCH FIRST 1 ROWS ONLY
info: Microsoft.EntityFrameworkCore.Database.Command[20101]
      Executed DbCommand (14ms) [Parameters=[:nguoiDung_ID_0='?' (DbType = Decimal)], CommandType='Text', CommandTimeout='0']
      SELECT "c"."VAI_TRO_ID"
      FROM "QL_VAI_TRO_NGUOI_DUNG" "c"
      WHERE "c"."NGUOI_DUNG_ID" = :nguoiDung_ID_0
info: Microsoft.EntityFrameworkCore.Database.Command[20101]
      Executed DbCommand (13ms) [Parameters=[:Ma_0='?' (Size = 2000)], CommandType='Text', CommandTimeout='0']
      SELECT "l"."GIA_TRI"
      FROM "QL_NHAN_HIEN_THI" "l"
      WHERE "l"."MA" = :Ma_0
      FETCH FIRST 1 ROWS ONLY
info: Microsoft.EntityFrameworkCore.Database.Command[20101]
      Executed DbCommand (12ms) [Parameters=[:nguoiDung_ID_0='?' (DbType = Decimal)], CommandType='Text', CommandTimeout='0']
      SELECT "c"."VAI_TRO_ID"
      FROM "QL_VAI_TRO_NGUOI_DUNG" "c"
      WHERE "c"."NGUOI_DUNG_ID" = :nguoiDung_ID_0
info: Microsoft.EntityFrameworkCore.Database.Command[20101]
      Executed DbCommand (8ms) [Parameters=[:Ma_0='?' (Size = 2000)], CommandType='Text', CommandTimeout='0']
      SELECT "l"."GIA_TRI"
      FROM "QL_NHAN_HIEN_THI" "l"
      WHERE "l"."MA" = :Ma_0
      FETCH FIRST 1 ROWS ONLY
info: Microsoft.EntityFrameworkCore.Database.Command[20101]
      Executed DbCommand (10ms) [Parameters=[:nguoiDung_ID_0='?' (DbType = Decimal)], CommandType='Text', CommandTimeout='0']
      SELECT "c"."VAI_TRO_ID"
      FROM "QL_VAI_TRO_NGUOI_DUNG" "c"
      WHERE "c"."NGUOI_DUNG_ID" = :nguoiDung_ID_0
info: Microsoft.EntityFrameworkCore.Database.Command[20101]
      Executed DbCommand (12ms) [Parameters=[:Ma_0='?' (Size = 2000)], CommandType='Text', CommandTimeout='0']
      SELECT "l"."GIA_TRI"
      FROM "QL_NHAN_HIEN_THI" "l"
      WHERE "l"."MA" = :Ma_0
      FETCH FIRST 1 ROWS ONLY
info: Microsoft.EntityFrameworkCore.Database.Command[20101]
      Executed DbCommand (10ms) [Parameters=[:nguoiDung_ID_0='?' (DbType = Decimal)], CommandType='Text', CommandTimeout='0']
      SELECT "c"."VAI_TRO_ID"
      FROM "QL_VAI_TRO_NGUOI_DUNG" "c"
      WHERE "c"."NGUOI_DUNG_ID" = :nguoiDung_ID_0
info: Microsoft.EntityFrameworkCore.Database.Command[20101]
      Executed DbCommand (12ms) [Parameters=[:Ma_0='?' (Size = 2000)], CommandType='Text', CommandTimeout='0']
      SELECT "l"."GIA_TRI"
      FROM "QL_NHAN_HIEN_THI" "l"
      WHERE "l"."MA" = :Ma_0
      FETCH FIRST 1 ROWS ONLY
info: Microsoft.EntityFrameworkCore.Database.Command[20101]
      Executed DbCommand (11ms) [Parameters=[:nguoiDung_ID_0='?' (DbType = Decimal)], CommandType='Text', CommandTimeout='0']
      SELECT "c"."VAI_TRO_ID"
      FROM "QL_VAI_TRO_NGUOI_DUNG" "c"
      WHERE "c"."NGUOI_DUNG_ID" = :nguoiDung_ID_0
info: Microsoft.EntityFrameworkCore.Database.Command[20101]
      Executed DbCommand (12ms) [Parameters=[:Ma_0='?' (Size = 2000)], CommandType='Text', CommandTimeout='0']
      SELECT "l"."GIA_TRI"
      FROM "QL_NHAN_HIEN_THI" "l"
      WHERE "l"."MA" = :Ma_0
      FETCH FIRST 1 ROWS ONLY
info: Microsoft.EntityFrameworkCore.Database.Command[20101]
      Executed DbCommand (10ms) [Parameters=[:nguoiDung_ID_0='?' (DbType = Decimal)], CommandType='Text', CommandTimeout='0']
      SELECT "c"."VAI_TRO_ID"
      FROM "QL_VAI_TRO_NGUOI_DUNG" "c"
      WHERE "c"."NGUOI_DUNG_ID" = :nguoiDung_ID_0
info: Microsoft.EntityFrameworkCore.Database.Command[20101]
      Executed DbCommand (15ms) [Parameters=[:Ma_0='?' (Size = 2000)], CommandType='Text', CommandTimeout='0']
      SELECT "l"."GIA_TRI"
      FROM "QL_NHAN_HIEN_THI" "l"
      WHERE "l"."MA" = :Ma_0
      FETCH FIRST 1 ROWS ONLY
info: Microsoft.EntityFrameworkCore.Database.Command[20101]
      Executed DbCommand (12ms) [Parameters=[:nguoiDung_ID_0='?' (DbType = Decimal)], CommandType='Text', CommandTimeout='0']
      SELECT "c"."VAI_TRO_ID"
      FROM "QL_VAI_TRO_NGUOI_DUNG" "c"
      WHERE "c"."NGUOI_DUNG_ID" = :nguoiDung_ID_0
info: Microsoft.EntityFrameworkCore.Database.Command[20101]
      Executed DbCommand (15ms) [Parameters=[:guid_0='?' (DbType = Binary)], CommandType='Text', CommandTimeout='0']
      SELECT "c"."ID", "c"."CURRENT_DON_VI_ID", "c"."DB_ID", "c"."EMAIL", "c"."GHI_CHU", "c"."GUID", "c"."IP_TRUY_CAP", "c"."IS_QUAN_TRI", "c"."MAT_KHAU", "c"."MAT_KHAU_KEY", "c"."MA_CAN_BO", "c"."MOBILE", "c"."NGAY_TAO", "c"."NGAY_TRUY_CAP", "c"."NGUOI_TAO", "c"."NGUON_ID", "c"."PASSWORD_HASH", "c"."TEN_DANG_NHAP", "c"."TEN_DAY_DU", "c"."TMP_MAT_KHAU", "c"."TRANG_THAI_ID", "c"."UNG_DUNG"
      FROM "QL_NGUOI_DUNG" "c"
      WHERE "c"."GUID" = :guid_0
      FETCH FIRST 1 ROWS ONLY
info: Microsoft.EntityFrameworkCore.Database.Command[20101]
      Executed DbCommand (15ms) [Parameters=[:nguoiDung_ID_0='?' (DbType = Int32)], CommandType='Text', CommandTimeout='0']
      SELECT "p"."ID", "p"."DATA_JSON", "p"."DB_QUEUE_PROCESS_ID", "p"."DON_VI_ID", "p"."FILE_TYPE", "p"."GUID", "p"."GUID_FILE", "p"."MA_BAO_CAO", "p"."MODEL_DATA_TYPE", "p"."NGAY_TAO", "p"."NGUOI_TAO_ID", "p"."REPORT_CLASS", "p"."RESPONSE", "p"."SEARCH_MODEL_CLASS", "p"."SEARCH_MODEL_JSON", "p"."STATEMENT", "p"."TIME_END_GET_DATA", "p"."TIME_START_GET_DATA", "p"."TRANG_THAI_ID", "p"."TYPE_QUEUE_PROCESS_ID"
      FROM "BC_QUEUE_PROCESS" "p"
      WHERE "p"."NGUOI_TAO_ID" = :nguoiDung_ID_0
      ORDER BY "p"."ID" DESC
      FETCH FIRST 1 ROWS ONLY
info: Microsoft.EntityFrameworkCore.Database.Command[20101]
      Executed DbCommand (12ms) [Parameters=[:Ma_0='?' (Size = 2000)], CommandType='Text', CommandTimeout='0']
      SELECT "l"."GIA_TRI"
      FROM "QL_NHAN_HIEN_THI" "l"
      WHERE "l"."MA" = :Ma_0
      FETCH FIRST 1 ROWS ONLY
info: Microsoft.EntityFrameworkCore.Database.Command[20101]
      Executed DbCommand (16ms) [Parameters=[:Ma_0='?' (Size = 2000)], CommandType='Text', CommandTimeout='0']
      SELECT "l"."GIA_TRI"
      FROM "QL_NHAN_HIEN_THI" "l"
      WHERE "l"."MA" = :Ma_0
      FETCH FIRST 1 ROWS ONLY
info: Microsoft.EntityFrameworkCore.Database.Command[20101]
      Executed DbCommand (7ms) [Parameters=[:Ma_0='?' (Size = 2000)], CommandType='Text', CommandTimeout='0']
      SELECT "l"."GIA_TRI"
      FROM "QL_NHAN_HIEN_THI" "l"
      WHERE "l"."MA" = :Ma_0
      FETCH FIRST 1 ROWS ONLY
info: Microsoft.EntityFrameworkCore.Database.Command[20101]
      Executed DbCommand (9ms) [Parameters=[:Ma_0='?' (Size = 2000)], CommandType='Text', CommandTimeout='0']
      SELECT "l"."GIA_TRI"
      FROM "QL_NHAN_HIEN_THI" "l"
      WHERE "l"."MA" = :Ma_0
      FETCH FIRST 1 ROWS ONLY
info: Microsoft.AspNetCore.Mvc.ViewFeatures.ViewResultExecutor[4]
      Executed ViewResult - view ChonLoaiTaiSan executed in 10398.238ms.
info: Microsoft.AspNetCore.Mvc.Internal.ControllerActionInvoker[2]
      Executed action GS.Web.Controllers.TaiSanController.ChonLoaiTaiSan (GS.Web) in 11005.6064ms
info: Microsoft.AspNetCore.Hosting.Internal.WebHost[2]
      Request finished in 11059.9833ms 200 text/html; charset=utf-8
info: Microsoft.AspNetCore.Hosting.Internal.WebHost[1]
      Request starting HTTP/1.1 GET http://localhost:62432/Home/GetTLHD  
info: Microsoft.AspNetCore.Mvc.Internal.ControllerActionInvoker[1]
      Route matched with {action = "GetTLHD", controller = "Home"}. Executing action GS.Web.Controllers.HomeController.GetTLHD (GS.Web)
info: Microsoft.AspNetCore.Mvc.Internal.ControllerActionInvoker[1]
      Executing action method GS.Web.Controllers.HomeController.GetTLHD (GS.Web) - Validation state: Valid
info: Microsoft.EntityFrameworkCore.Infrastructure[10403]
      Entity Framework Core 2.2.6-servicing-10079 initialized 'GSObjectContext' using provider 'Oracle.EntityFrameworkCore' with options: using lazy-loading proxies 
info: Microsoft.EntityFrameworkCore.Database.Command[20101]
      Executed DbCommand (16ms) [Parameters=[:get_Item_0='?' (DbType = Decimal)], CommandType='Text', CommandTimeout='0']
      SELECT "e"."ID", "e"."DON_VI_ID", "e"."GIA_TRI", "e"."TEN"
      FROM "QL_CAU_HINH" "e"
      WHERE "e"."ID" = :get_Item_0
      FETCH FIRST 1 ROWS ONLY
info: Microsoft.AspNetCore.Mvc.Internal.ControllerActionInvoker[2]
      Executed action method GS.Web.Controllers.HomeController.GetTLHD (GS.Web), returned result Microsoft.AspNetCore.Mvc.JsonResult in 46.6627ms.
info: Microsoft.AspNetCore.Mvc.Formatters.Json.Internal.JsonResultExecutor[1]
      Executing JsonResult, writing value of type 'System.String'.
info: Microsoft.AspNetCore.Mvc.Internal.ControllerActionInvoker[2]
      Executed action GS.Web.Controllers.HomeController.GetTLHD (GS.Web) in 65.8012ms
info: Microsoft.AspNetCore.Hosting.Internal.WebHost[2]
      Request finished in 76.6756ms 200 application/json; charset=utf-8
info: Microsoft.AspNetCore.Hosting.Internal.WebHost[1]
      Request starting HTTP/1.1 GET http://localhost:62432/TaiSan/ChonLoaiTaiSan?isTangMoi=false  
info: Microsoft.AspNetCore.Mvc.Internal.ControllerActionInvoker[1]
      Route matched with {action = "ChonLoaiTaiSan", controller = "TaiSan"}. Executing action GS.Web.Controllers.TaiSanController.ChonLoaiTaiSan (GS.Web)
info: Microsoft.AspNetCore.Mvc.Internal.ControllerActionInvoker[1]
      Executing action method GS.Web.Controllers.TaiSanController.ChonLoaiTaiSan (GS.Web) with arguments (False, False) - Validation state: Valid
info: Microsoft.EntityFrameworkCore.Infrastructure[10403]
      Entity Framework Core 2.2.6-servicing-10079 initialized 'GSObjectContext' using provider 'Oracle.EntityFrameworkCore' with options: using lazy-loading proxies 
info: Microsoft.EntityFrameworkCore.Database.Command[20101]
      Executed DbCommand (61ms) [Parameters=[:Ma_0='?' (Size = 2000)], CommandType='Text', CommandTimeout='0']
      SELECT "l"."GIA_TRI"
      FROM "QL_NHAN_HIEN_THI" "l"
      WHERE "l"."MA" = :Ma_0
      FETCH FIRST 1 ROWS ONLY
info: Microsoft.EntityFrameworkCore.Database.Command[20101]
      Executed DbCommand (21ms) [Parameters=[:Ma_0='?' (Size = 2000)], CommandType='Text', CommandTimeout='0']
      SELECT "l"."GIA_TRI"
      FROM "QL_NHAN_HIEN_THI" "l"
      WHERE "l"."MA" = :Ma_0
      FETCH FIRST 1 ROWS ONLY
info: Microsoft.EntityFrameworkCore.Database.Command[20101]
      Executed DbCommand (23ms) [Parameters=[:Ma_0='?' (Size = 2000)], CommandType='Text', CommandTimeout='0']
      SELECT "l"."GIA_TRI"
      FROM "QL_NHAN_HIEN_THI" "l"
      WHERE "l"."MA" = :Ma_0
      FETCH FIRST 1 ROWS ONLY
info: Microsoft.EntityFrameworkCore.Database.Command[20101]
      Executed DbCommand (24ms) [Parameters=[:Ma_0='?' (Size = 2000)], CommandType='Text', CommandTimeout='0']
      SELECT "l"."GIA_TRI"
      FROM "QL_NHAN_HIEN_THI" "l"
      WHERE "l"."MA" = :Ma_0
      FETCH FIRST 1 ROWS ONLY
info: Microsoft.EntityFrameworkCore.Database.Command[20101]
      Executed DbCommand (22ms) [Parameters=[:Ma_0='?' (Size = 2000)], CommandType='Text', CommandTimeout='0']
      SELECT "l"."GIA_TRI"
      FROM "QL_NHAN_HIEN_THI" "l"
      WHERE "l"."MA" = :Ma_0
      FETCH FIRST 1 ROWS ONLY
info: Microsoft.EntityFrameworkCore.Database.Command[20101]
      Executed DbCommand (25ms) [Parameters=[:Ma_0='?' (Size = 2000)], CommandType='Text', CommandTimeout='0']
      SELECT "l"."GIA_TRI"
      FROM "QL_NHAN_HIEN_THI" "l"
      WHERE "l"."MA" = :Ma_0
      FETCH FIRST 1 ROWS ONLY
info: Microsoft.EntityFrameworkCore.Database.Command[20101]
      Executed DbCommand (20ms) [Parameters=[:Ma_0='?' (Size = 2000)], CommandType='Text', CommandTimeout='0']
      SELECT "l"."GIA_TRI"
      FROM "QL_NHAN_HIEN_THI" "l"
      WHERE "l"."MA" = :Ma_0
      FETCH FIRST 1 ROWS ONLY
info: Microsoft.EntityFrameworkCore.Database.Command[20101]
      Executed DbCommand (27ms) [Parameters=[:Ma_0='?' (Size = 2000)], CommandType='Text', CommandTimeout='0']
      SELECT "l"."GIA_TRI"
      FROM "QL_NHAN_HIEN_THI" "l"
      WHERE "l"."MA" = :Ma_0
      FETCH FIRST 1 ROWS ONLY
info: Microsoft.EntityFrameworkCore.Database.Command[20101]
      Executed DbCommand (25ms) [Parameters=[:Ma_0='?' (Size = 2000)], CommandType='Text', CommandTimeout='0']
      SELECT "l"."GIA_TRI"
      FROM "QL_NHAN_HIEN_THI" "l"
      WHERE "l"."MA" = :Ma_0
      FETCH FIRST 1 ROWS ONLY
info: Microsoft.EntityFrameworkCore.Database.Command[20101]
      Executed DbCommand (18ms) [Parameters=[:Ma_0='?' (Size = 2000)], CommandType='Text', CommandTimeout='0']
      SELECT "l"."GIA_TRI"
      FROM "QL_NHAN_HIEN_THI" "l"
      WHERE "l"."MA" = :Ma_0
      FETCH FIRST 1 ROWS ONLY
info: Microsoft.EntityFrameworkCore.Database.Command[20101]
      Executed DbCommand (21ms) [Parameters=[:Ma_0='?' (Size = 2000)], CommandType='Text', CommandTimeout='0']
      SELECT "l"."GIA_TRI"
      FROM "QL_NHAN_HIEN_THI" "l"
      WHERE "l"."MA" = :Ma_0
      FETCH FIRST 1 ROWS ONLY
info: Microsoft.EntityFrameworkCore.Database.Command[20101]
      Executed DbCommand (21ms) [Parameters=[:Ma_0='?' (Size = 2000)], CommandType='Text', CommandTimeout='0']
      SELECT "l"."GIA_TRI"
      FROM "QL_NHAN_HIEN_THI" "l"
      WHERE "l"."MA" = :Ma_0
      FETCH FIRST 1 ROWS ONLY
info: Microsoft.EntityFrameworkCore.Database.Command[20101]
      Executed DbCommand (17ms) [Parameters=[:get_Item_0='?' (DbType = Decimal)], CommandType='Text', CommandTimeout='0']
      SELECT "e"."ID", "e"."CAP_DON_VI_ID", "e"."CHE_DO_HACH_TOAN_ID", "e"."CO_TAI_SAN", "e"."CQTC_MA", "e"."DA_CO_QUYET_DINH_GIAO_VON", "e"."DB_ID", "e"."DIA_BAN_ID", "e"."DIA_CHI", "e"."DIEN_THOAI", "e"."DON_VI_HIEN_THI", "e"."FAX", "e"."HUYEN_ID", "e"."IS_TSQUAN_LY_CHU_KY_SO", "e"."IS_TSQUAN_LY_NHU_TSCD", "e"."IS_XAC_NHAN_DU_LIEU", "e"."KHONG_CHUYEN_MA", "e"."LA_BAN_QL_DU_AN", "e"."LA_DON_VI_NHAP_LIEU", "e"."LA_DON_VI_TU_CHU_TAI_CHINH", "e"."LIST_FILE_XAC_NHAN", "e"."LOAI_CAP_DON_VI_ID", "e"."LOAI_DON_VI_ID", "e"."MA", "e"."MA_BO", "e"."MA_CHUONG", "e"."MA_DIA_BAN", "e"."MA_DVQHNS", "e"."MA_HUYEN", "e"."MA_TINH", "e"."NGAY_CAP_NHAT", "e"."NGAY_QUYET_DINH", "e"."NGAY_QUYET_DINH_GIAO_VON", "e"."NGAY_TAO", "e"."NGAY_XAC_NHAN", "e"."NGUOI_CAP_NHAT_ID", "e"."NGUOI_TAO_ID", "e"."NHOM_DON_VI_ID", "e"."OLD_CAP_DON_VI_ID", "e"."PARENT_ID", "e"."SO_QUYET_DINH", "e"."SO_QUYET_DINH_GIAO_VON", "e"."TEN", "e"."TINH_ID", "e"."TRANG_THAI_DONG_BO_ID", "e"."TRANG_THAI_ID", "e"."TRANG_THAI_THAY_DOI_ID", "e"."TREE_LEVEL", "e"."TREE_NODE", "e"."XA_ID"
      FROM "DM_DON_VI" "e"
      WHERE "e"."ID" = :get_Item_0
      FETCH FIRST 1 ROWS ONLY
info: Microsoft.EntityFrameworkCore.Database.Command[20101]
      Executed DbCommand (40ms) [Parameters=[:TREE_NODE_LON_NHAT_0='?' (Size = 2000)], CommandType='Text', CommandTimeout='0']
      SELECT "p"."ID", "p"."CAP_DON_VI_ID", "p"."CHE_DO_HACH_TOAN_ID", "p"."CO_TAI_SAN", "p"."CQTC_MA", "p"."DA_CO_QUYET_DINH_GIAO_VON", "p"."DB_ID", "p"."DIA_BAN_ID", "p"."DIA_CHI", "p"."DIEN_THOAI", "p"."DON_VI_HIEN_THI", "p"."FAX", "p"."HUYEN_ID", "p"."IS_TSQUAN_LY_CHU_KY_SO", "p"."IS_TSQUAN_LY_NHU_TSCD", "p"."IS_XAC_NHAN_DU_LIEU", "p"."KHONG_CHUYEN_MA", "p"."LA_BAN_QL_DU_AN", "p"."LA_DON_VI_NHAP_LIEU", "p"."LA_DON_VI_TU_CHU_TAI_CHINH", "p"."LIST_FILE_XAC_NHAN", "p"."LOAI_CAP_DON_VI_ID", "p"."LOAI_DON_VI_ID", "p"."MA", "p"."MA_BO", "p"."MA_CHUONG", "p"."MA_DIA_BAN", "p"."MA_DVQHNS", "p"."MA_HUYEN", "p"."MA_TINH", "p"."NGAY_CAP_NHAT", "p"."NGAY_QUYET_DINH", "p"."NGAY_QUYET_DINH_GIAO_VON", "p"."NGAY_TAO", "p"."NGAY_XAC_NHAN", "p"."NGUOI_CAP_NHAT_ID", "p"."NGUOI_TAO_ID", "p"."NHOM_DON_VI_ID", "p"."OLD_CAP_DON_VI_ID", "p"."PARENT_ID", "p"."SO_QUYET_DINH", "p"."SO_QUYET_DINH_GIAO_VON", "p"."TEN", "p"."TINH_ID", "p"."TRANG_THAI_DONG_BO_ID", "p"."TRANG_THAI_ID", "p"."TRANG_THAI_THAY_DOI_ID", "p"."TREE_LEVEL", "p"."TREE_NODE", "p"."XA_ID"
      FROM "DM_DON_VI" "p"
      WHERE ("p"."TREE_NODE" = :TREE_NODE_LON_NHAT_0) AND (("p"."TRANG_THAI_ID" <> 0) OR "p"."TRANG_THAI_ID" IS NULL)
      FETCH FIRST 1 ROWS ONLY
info: Microsoft.EntityFrameworkCore.Database.Command[20101]
      Executed DbCommand (87ms) [Parameters=[], CommandType='Text', CommandTimeout='0']
      SELECT "c"."ID"
      FROM "DM_DON_VI" "c"
      WHERE (CAST(LENGTH("c"."MA") AS NUMBER(10)) = 3) AND (COALESCE("c"."TRANG_THAI_ID", 0) = 1)
info: Microsoft.EntityFrameworkCore.Database.Command[20101]
      Executed DbCommand (15ms) [Parameters=[:donViCapTren_ID_0='?' (DbType = Decimal)], CommandType='Text', CommandTimeout='0']
      SELECT CASE
          WHEN EXISTS (
              SELECT 1
              FROM "DM_LOAI_TAI_SAN_DON_VI" "c"
              WHERE ("c"."LOAI_HINH_TAI_SAN_ID" = 10.0) AND ("c"."DON_VI_ID" = :donViCapTren_ID_0))
          THEN 1 ELSE 0
      END FROM DUAL
info: Microsoft.EntityFrameworkCore.Database.Command[20101]
      Executed DbCommand (44ms) [Parameters=[:TREE_NODE_LON_NHAT_0='?' (Size = 2000)], CommandType='Text', CommandTimeout='0']
      SELECT "p"."ID", "p"."CAP_DON_VI_ID", "p"."CHE_DO_HACH_TOAN_ID", "p"."CO_TAI_SAN", "p"."CQTC_MA", "p"."DA_CO_QUYET_DINH_GIAO_VON", "p"."DB_ID", "p"."DIA_BAN_ID", "p"."DIA_CHI", "p"."DIEN_THOAI", "p"."DON_VI_HIEN_THI", "p"."FAX", "p"."HUYEN_ID", "p"."IS_TSQUAN_LY_CHU_KY_SO", "p"."IS_TSQUAN_LY_NHU_TSCD", "p"."IS_XAC_NHAN_DU_LIEU", "p"."KHONG_CHUYEN_MA", "p"."LA_BAN_QL_DU_AN", "p"."LA_DON_VI_NHAP_LIEU", "p"."LA_DON_VI_TU_CHU_TAI_CHINH", "p"."LIST_FILE_XAC_NHAN", "p"."LOAI_CAP_DON_VI_ID", "p"."LOAI_DON_VI_ID", "p"."MA", "p"."MA_BO", "p"."MA_CHUONG", "p"."MA_DIA_BAN", "p"."MA_DVQHNS", "p"."MA_HUYEN", "p"."MA_TINH", "p"."NGAY_CAP_NHAT", "p"."NGAY_QUYET_DINH", "p"."NGAY_QUYET_DINH_GIAO_VON", "p"."NGAY_TAO", "p"."NGAY_XAC_NHAN", "p"."NGUOI_CAP_NHAT_ID", "p"."NGUOI_TAO_ID", "p"."NHOM_DON_VI_ID", "p"."OLD_CAP_DON_VI_ID", "p"."PARENT_ID", "p"."SO_QUYET_DINH", "p"."SO_QUYET_DINH_GIAO_VON", "p"."TEN", "p"."TINH_ID", "p"."TRANG_THAI_DONG_BO_ID", "p"."TRANG_THAI_ID", "p"."TRANG_THAI_THAY_DOI_ID", "p"."TREE_LEVEL", "p"."TREE_NODE", "p"."XA_ID"
      FROM "DM_DON_VI" "p"
      WHERE ("p"."TREE_NODE" = :TREE_NODE_LON_NHAT_0) AND (("p"."TRANG_THAI_ID" <> 0) OR "p"."TRANG_THAI_ID" IS NULL)
      FETCH FIRST 1 ROWS ONLY
info: Microsoft.EntityFrameworkCore.Database.Command[20101]
      Executed DbCommand (12ms) [Parameters=[:get_Item_0='?' (DbType = Decimal)], CommandType='Text', CommandTimeout='0']
      SELECT "e"."ID", "e"."CAP_DON_VI_ID", "e"."CHE_DO_HACH_TOAN_ID", "e"."CO_TAI_SAN", "e"."CQTC_MA", "e"."DA_CO_QUYET_DINH_GIAO_VON", "e"."DB_ID", "e"."DIA_BAN_ID", "e"."DIA_CHI", "e"."DIEN_THOAI", "e"."DON_VI_HIEN_THI", "e"."FAX", "e"."HUYEN_ID", "e"."IS_TSQUAN_LY_CHU_KY_SO", "e"."IS_TSQUAN_LY_NHU_TSCD", "e"."IS_XAC_NHAN_DU_LIEU", "e"."KHONG_CHUYEN_MA", "e"."LA_BAN_QL_DU_AN", "e"."LA_DON_VI_NHAP_LIEU", "e"."LA_DON_VI_TU_CHU_TAI_CHINH", "e"."LIST_FILE_XAC_NHAN", "e"."LOAI_CAP_DON_VI_ID", "e"."LOAI_DON_VI_ID", "e"."MA", "e"."MA_BO", "e"."MA_CHUONG", "e"."MA_DIA_BAN", "e"."MA_DVQHNS", "e"."MA_HUYEN", "e"."MA_TINH", "e"."NGAY_CAP_NHAT", "e"."NGAY_QUYET_DINH", "e"."NGAY_QUYET_DINH_GIAO_VON", "e"."NGAY_TAO", "e"."NGAY_XAC_NHAN", "e"."NGUOI_CAP_NHAT_ID", "e"."NGUOI_TAO_ID", "e"."NHOM_DON_VI_ID", "e"."OLD_CAP_DON_VI_ID", "e"."PARENT_ID", "e"."SO_QUYET_DINH", "e"."SO_QUYET_DINH_GIAO_VON", "e"."TEN", "e"."TINH_ID", "e"."TRANG_THAI_DONG_BO_ID", "e"."TRANG_THAI_ID", "e"."TRANG_THAI_THAY_DOI_ID", "e"."TREE_LEVEL", "e"."TREE_NODE", "e"."XA_ID"
      FROM "DM_DON_VI" "e"
      WHERE "e"."ID" = :get_Item_0
      FETCH FIRST 1 ROWS ONLY
info: Microsoft.AspNetCore.Mvc.Internal.ControllerActionInvoker[2]
      Executed action method GS.Web.Controllers.TaiSanController.ChonLoaiTaiSan (GS.Web), returned result Microsoft.AspNetCore.Mvc.ViewResult in 704.7992ms.
info: Microsoft.AspNetCore.Mvc.ViewFeatures.ViewResultExecutor[1]
      Executing ViewResult, running view ChonLoaiTaiSan.
info: Microsoft.EntityFrameworkCore.Database.Command[20101]
      Executed DbCommand (15ms) [Parameters=[:Ma_0='?' (Size = 2000)], CommandType='Text', CommandTimeout='0']
      SELECT "l"."GIA_TRI"
      FROM "QL_NHAN_HIEN_THI" "l"
      WHERE "l"."MA" = :Ma_0
      FETCH FIRST 1 ROWS ONLY
info: Microsoft.EntityFrameworkCore.Database.Command[20101]
      Executed DbCommand (11ms) [Parameters=[:nguoiDung_ID_0='?' (DbType = Decimal)], CommandType='Text', CommandTimeout='0']
      SELECT "c"."VAI_TRO_ID"
      FROM "QL_VAI_TRO_NGUOI_DUNG" "c"
      WHERE "c"."NGUOI_DUNG_ID" = :nguoiDung_ID_0
info: Microsoft.EntityFrameworkCore.Database.Command[20101]
      Executed DbCommand (19ms) [Parameters=[:Ma_0='?' (Size = 2000)], CommandType='Text', CommandTimeout='0']
      SELECT "l"."GIA_TRI"
      FROM "QL_NHAN_HIEN_THI" "l"
      WHERE "l"."MA" = :Ma_0
      FETCH FIRST 1 ROWS ONLY
info: Microsoft.EntityFrameworkCore.Database.Command[20101]
      Executed DbCommand (13ms) [Parameters=[:nguoiDung_ID_0='?' (DbType = Decimal)], CommandType='Text', CommandTimeout='0']
      SELECT "c"."VAI_TRO_ID"
      FROM "QL_VAI_TRO_NGUOI_DUNG" "c"
      WHERE "c"."NGUOI_DUNG_ID" = :nguoiDung_ID_0
info: Microsoft.EntityFrameworkCore.Database.Command[20101]
      Executed DbCommand (11ms) [Parameters=[:Ma_0='?' (Size = 2000)], CommandType='Text', CommandTimeout='0']
      SELECT "l"."GIA_TRI"
      FROM "QL_NHAN_HIEN_THI" "l"
      WHERE "l"."MA" = :Ma_0
      FETCH FIRST 1 ROWS ONLY
info: Microsoft.EntityFrameworkCore.Database.Command[20101]
      Executed DbCommand (8ms) [Parameters=[:nguoiDung_ID_0='?' (DbType = Decimal)], CommandType='Text', CommandTimeout='0']
      SELECT "c"."VAI_TRO_ID"
      FROM "QL_VAI_TRO_NGUOI_DUNG" "c"
      WHERE "c"."NGUOI_DUNG_ID" = :nguoiDung_ID_0
info: Microsoft.EntityFrameworkCore.Database.Command[20101]
      Executed DbCommand (10ms) [Parameters=[:Ma_0='?' (Size = 2000)], CommandType='Text', CommandTimeout='0']
      SELECT "l"."GIA_TRI"
      FROM "QL_NHAN_HIEN_THI" "l"
      WHERE "l"."MA" = :Ma_0
      FETCH FIRST 1 ROWS ONLY
info: Microsoft.EntityFrameworkCore.Database.Command[20101]
      Executed DbCommand (12ms) [Parameters=[:nguoiDung_ID_0='?' (DbType = Decimal)], CommandType='Text', CommandTimeout='0']
      SELECT "c"."VAI_TRO_ID"
      FROM "QL_VAI_TRO_NGUOI_DUNG" "c"
      WHERE "c"."NGUOI_DUNG_ID" = :nguoiDung_ID_0
info: Microsoft.EntityFrameworkCore.Database.Command[20101]
      Executed DbCommand (27ms) [Parameters=[:Ma_0='?' (Size = 2000)], CommandType='Text', CommandTimeout='0']
      SELECT "l"."GIA_TRI"
      FROM "QL_NHAN_HIEN_THI" "l"
      WHERE "l"."MA" = :Ma_0
      FETCH FIRST 1 ROWS ONLY
info: Microsoft.EntityFrameworkCore.Database.Command[20101]
      Executed DbCommand (18ms) [Parameters=[:nguoiDung_ID_0='?' (DbType = Decimal)], CommandType='Text', CommandTimeout='0']
      SELECT "c"."VAI_TRO_ID"
      FROM "QL_VAI_TRO_NGUOI_DUNG" "c"
      WHERE "c"."NGUOI_DUNG_ID" = :nguoiDung_ID_0
info: Microsoft.EntityFrameworkCore.Database.Command[20101]
      Executed DbCommand (19ms) [Parameters=[:Ma_0='?' (Size = 2000)], CommandType='Text', CommandTimeout='0']
      SELECT "l"."GIA_TRI"
      FROM "QL_NHAN_HIEN_THI" "l"
      WHERE "l"."MA" = :Ma_0
      FETCH FIRST 1 ROWS ONLY
info: Microsoft.EntityFrameworkCore.Database.Command[20101]
      Executed DbCommand (14ms) [Parameters=[:nguoiDung_ID_0='?' (DbType = Decimal)], CommandType='Text', CommandTimeout='0']
      SELECT "c"."VAI_TRO_ID"
      FROM "QL_VAI_TRO_NGUOI_DUNG" "c"
      WHERE "c"."NGUOI_DUNG_ID" = :nguoiDung_ID_0
info: Microsoft.EntityFrameworkCore.Database.Command[20101]
      Executed DbCommand (13ms) [Parameters=[:Ma_0='?' (Size = 2000)], CommandType='Text', CommandTimeout='0']
      SELECT "l"."GIA_TRI"
      FROM "QL_NHAN_HIEN_THI" "l"
      WHERE "l"."MA" = :Ma_0
      FETCH FIRST 1 ROWS ONLY
info: Microsoft.EntityFrameworkCore.Database.Command[20101]
      Executed DbCommand (244ms) [Parameters=[:nguoiDung_ID_0='?' (DbType = Decimal)], CommandType='Text', CommandTimeout='0']
      SELECT "c"."VAI_TRO_ID"
      FROM "QL_VAI_TRO_NGUOI_DUNG" "c"
      WHERE "c"."NGUOI_DUNG_ID" = :nguoiDung_ID_0
info: Microsoft.EntityFrameworkCore.Database.Command[20101]
      Executed DbCommand (15ms) [Parameters=[:Ma_0='?' (Size = 2000)], CommandType='Text', CommandTimeout='0']
      SELECT "l"."GIA_TRI"
      FROM "QL_NHAN_HIEN_THI" "l"
      WHERE "l"."MA" = :Ma_0
      FETCH FIRST 1 ROWS ONLY
info: Microsoft.EntityFrameworkCore.Database.Command[20101]
      Executed DbCommand (18ms) [Parameters=[:nguoiDung_ID_0='?' (DbType = Decimal)], CommandType='Text', CommandTimeout='0']
      SELECT "c"."VAI_TRO_ID"
      FROM "QL_VAI_TRO_NGUOI_DUNG" "c"
      WHERE "c"."NGUOI_DUNG_ID" = :nguoiDung_ID_0
info: Microsoft.EntityFrameworkCore.Database.Command[20101]
      Executed DbCommand (11ms) [Parameters=[:Ma_0='?' (Size = 2000)], CommandType='Text', CommandTimeout='0']
      SELECT "l"."GIA_TRI"
      FROM "QL_NHAN_HIEN_THI" "l"
      WHERE "l"."MA" = :Ma_0
      FETCH FIRST 1 ROWS ONLY
info: Microsoft.EntityFrameworkCore.Database.Command[20101]
      Executed DbCommand (25ms) [Parameters=[:nguoiDung_ID_0='?' (DbType = Decimal)], CommandType='Text', CommandTimeout='0']
      SELECT "c"."VAI_TRO_ID"
      FROM "QL_VAI_TRO_NGUOI_DUNG" "c"
      WHERE "c"."NGUOI_DUNG_ID" = :nguoiDung_ID_0
info: Microsoft.EntityFrameworkCore.Database.Command[20101]
      Executed DbCommand (20ms) [Parameters=[:Ma_0='?' (Size = 2000)], CommandType='Text', CommandTimeout='0']
      SELECT "l"."GIA_TRI"
      FROM "QL_NHAN_HIEN_THI" "l"
      WHERE "l"."MA" = :Ma_0
      FETCH FIRST 1 ROWS ONLY
info: Microsoft.EntityFrameworkCore.Database.Command[20101]
      Executed DbCommand (25ms) [Parameters=[:nguoiDung_ID_0='?' (DbType = Decimal)], CommandType='Text', CommandTimeout='0']
      SELECT "c"."VAI_TRO_ID"
      FROM "QL_VAI_TRO_NGUOI_DUNG" "c"
      WHERE "c"."NGUOI_DUNG_ID" = :nguoiDung_ID_0
info: Microsoft.EntityFrameworkCore.Database.Command[20101]
      Executed DbCommand (22ms) [Parameters=[:Ma_0='?' (Size = 2000)], CommandType='Text', CommandTimeout='0']
      SELECT "l"."GIA_TRI"
      FROM "QL_NHAN_HIEN_THI" "l"
      WHERE "l"."MA" = :Ma_0
      FETCH FIRST 1 ROWS ONLY
info: Microsoft.EntityFrameworkCore.Database.Command[20101]
      Executed DbCommand (19ms) [Parameters=[:nguoiDung_ID_0='?' (DbType = Decimal)], CommandType='Text', CommandTimeout='0']
      SELECT "c"."VAI_TRO_ID"
      FROM "QL_VAI_TRO_NGUOI_DUNG" "c"
      WHERE "c"."NGUOI_DUNG_ID" = :nguoiDung_ID_0
info: Microsoft.EntityFrameworkCore.Database.Command[20101]
      Executed DbCommand (21ms) [Parameters=[:Ma_0='?' (Size = 2000)], CommandType='Text', CommandTimeout='0']
      SELECT "l"."GIA_TRI"
      FROM "QL_NHAN_HIEN_THI" "l"
      WHERE "l"."MA" = :Ma_0
      FETCH FIRST 1 ROWS ONLY
info: Microsoft.EntityFrameworkCore.Database.Command[20101]
      Executed DbCommand (20ms) [Parameters=[:nguoiDung_ID_0='?' (DbType = Decimal)], CommandType='Text', CommandTimeout='0']
      SELECT "c"."VAI_TRO_ID"
      FROM "QL_VAI_TRO_NGUOI_DUNG" "c"
      WHERE "c"."NGUOI_DUNG_ID" = :nguoiDung_ID_0
info: Microsoft.EntityFrameworkCore.Database.Command[20101]
      Executed DbCommand (20ms) [Parameters=[:nguoiDung_ID_0='?' (DbType = Decimal)], CommandType='Text', CommandTimeout='0']
      SELECT "c"."VAI_TRO_ID"
      FROM "QL_VAI_TRO_NGUOI_DUNG" "c"
      WHERE "c"."NGUOI_DUNG_ID" = :nguoiDung_ID_0
info: Microsoft.EntityFrameworkCore.Database.Command[20101]
      Executed DbCommand (21ms) [Parameters=[:Ma_0='?' (Size = 2000)], CommandType='Text', CommandTimeout='0']
      SELECT "l"."GIA_TRI"
      FROM "QL_NHAN_HIEN_THI" "l"
      WHERE "l"."MA" = :Ma_0
      FETCH FIRST 1 ROWS ONLY
info: Microsoft.EntityFrameworkCore.Database.Command[20101]
      Executed DbCommand (23ms) [Parameters=[:nguoiDung_ID_0='?' (DbType = Decimal)], CommandType='Text', CommandTimeout='0']
      SELECT "c"."VAI_TRO_ID"
      FROM "QL_VAI_TRO_NGUOI_DUNG" "c"
      WHERE "c"."NGUOI_DUNG_ID" = :nguoiDung_ID_0
info: Microsoft.EntityFrameworkCore.Database.Command[20101]
      Executed DbCommand (22ms) [Parameters=[:Ma_0='?' (Size = 2000)], CommandType='Text', CommandTimeout='0']
      SELECT "l"."GIA_TRI"
      FROM "QL_NHAN_HIEN_THI" "l"
      WHERE "l"."MA" = :Ma_0
      FETCH FIRST 1 ROWS ONLY
info: Microsoft.EntityFrameworkCore.Database.Command[20101]
      Executed DbCommand (22ms) [Parameters=[:nguoiDung_ID_0='?' (DbType = Decimal)], CommandType='Text', CommandTimeout='0']
      SELECT "c"."VAI_TRO_ID"
      FROM "QL_VAI_TRO_NGUOI_DUNG" "c"
      WHERE "c"."NGUOI_DUNG_ID" = :nguoiDung_ID_0
info: Microsoft.EntityFrameworkCore.Database.Command[20101]
      Executed DbCommand (13ms) [Parameters=[:Ma_0='?' (Size = 2000)], CommandType='Text', CommandTimeout='0']
      SELECT "l"."GIA_TRI"
      FROM "QL_NHAN_HIEN_THI" "l"
      WHERE "l"."MA" = :Ma_0
      FETCH FIRST 1 ROWS ONLY
info: Microsoft.EntityFrameworkCore.Database.Command[20101]
      Executed DbCommand (8ms) [Parameters=[:nguoiDung_ID_0='?' (DbType = Decimal)], CommandType='Text', CommandTimeout='0']
      SELECT "c"."VAI_TRO_ID"
      FROM "QL_VAI_TRO_NGUOI_DUNG" "c"
      WHERE "c"."NGUOI_DUNG_ID" = :nguoiDung_ID_0
info: Microsoft.EntityFrameworkCore.Database.Command[20101]
      Executed DbCommand (18ms) [Parameters=[:Ma_0='?' (Size = 2000)], CommandType='Text', CommandTimeout='0']
      SELECT "l"."GIA_TRI"
      FROM "QL_NHAN_HIEN_THI" "l"
      WHERE "l"."MA" = :Ma_0
      FETCH FIRST 1 ROWS ONLY
info: Microsoft.EntityFrameworkCore.Database.Command[20101]
      Executed DbCommand (12ms) [Parameters=[:nguoiDung_ID_0='?' (DbType = Decimal)], CommandType='Text', CommandTimeout='0']
      SELECT "c"."VAI_TRO_ID"
      FROM "QL_VAI_TRO_NGUOI_DUNG" "c"
      WHERE "c"."NGUOI_DUNG_ID" = :nguoiDung_ID_0
info: Microsoft.EntityFrameworkCore.Database.Command[20101]
      Executed DbCommand (14ms) [Parameters=[:Ma_0='?' (Size = 2000)], CommandType='Text', CommandTimeout='0']
      SELECT "l"."GIA_TRI"
      FROM "QL_NHAN_HIEN_THI" "l"
      WHERE "l"."MA" = :Ma_0
      FETCH FIRST 1 ROWS ONLY
info: Microsoft.EntityFrameworkCore.Database.Command[20101]
      Executed DbCommand (7ms) [Parameters=[:nguoiDung_ID_0='?' (DbType = Decimal)], CommandType='Text', CommandTimeout='0']
      SELECT "c"."VAI_TRO_ID"
      FROM "QL_VAI_TRO_NGUOI_DUNG" "c"
      WHERE "c"."NGUOI_DUNG_ID" = :nguoiDung_ID_0
info: Microsoft.EntityFrameworkCore.Database.Command[20101]
      Executed DbCommand (20ms) [Parameters=[:Ma_0='?' (Size = 2000)], CommandType='Text', CommandTimeout='0']
      SELECT "l"."GIA_TRI"
      FROM "QL_NHAN_HIEN_THI" "l"
      WHERE "l"."MA" = :Ma_0
      FETCH FIRST 1 ROWS ONLY
info: Microsoft.EntityFrameworkCore.Database.Command[20101]
      Executed DbCommand (25ms) [Parameters=[:nguoiDung_ID_0='?' (DbType = Decimal)], CommandType='Text', CommandTimeout='0']
      SELECT "c"."VAI_TRO_ID"
      FROM "QL_VAI_TRO_NGUOI_DUNG" "c"
      WHERE "c"."NGUOI_DUNG_ID" = :nguoiDung_ID_0
info: Microsoft.EntityFrameworkCore.Database.Command[20101]
      Executed DbCommand (21ms) [Parameters=[:Ma_0='?' (Size = 2000)], CommandType='Text', CommandTimeout='0']
      SELECT "l"."GIA_TRI"
      FROM "QL_NHAN_HIEN_THI" "l"
      WHERE "l"."MA" = :Ma_0
      FETCH FIRST 1 ROWS ONLY
info: Microsoft.EntityFrameworkCore.Database.Command[20101]
      Executed DbCommand (8ms) [Parameters=[:nguoiDung_ID_0='?' (DbType = Decimal)], CommandType='Text', CommandTimeout='0']
      SELECT "c"."VAI_TRO_ID"
      FROM "QL_VAI_TRO_NGUOI_DUNG" "c"
      WHERE "c"."NGUOI_DUNG_ID" = :nguoiDung_ID_0
info: Microsoft.EntityFrameworkCore.Database.Command[20101]
      Executed DbCommand (23ms) [Parameters=[:Ma_0='?' (Size = 2000)], CommandType='Text', CommandTimeout='0']
      SELECT "l"."GIA_TRI"
      FROM "QL_NHAN_HIEN_THI" "l"
      WHERE "l"."MA" = :Ma_0
      FETCH FIRST 1 ROWS ONLY
info: Microsoft.EntityFrameworkCore.Database.Command[20101]
      Executed DbCommand (24ms) [Parameters=[:nguoiDung_ID_0='?' (DbType = Decimal)], CommandType='Text', CommandTimeout='0']
      SELECT "c"."VAI_TRO_ID"
      FROM "QL_VAI_TRO_NGUOI_DUNG" "c"
      WHERE "c"."NGUOI_DUNG_ID" = :nguoiDung_ID_0
info: Microsoft.EntityFrameworkCore.Database.Command[20101]
      Executed DbCommand (23ms) [Parameters=[:Ma_0='?' (Size = 2000)], CommandType='Text', CommandTimeout='0']
      SELECT "l"."GIA_TRI"
      FROM "QL_NHAN_HIEN_THI" "l"
      WHERE "l"."MA" = :Ma_0
      FETCH FIRST 1 ROWS ONLY
info: Microsoft.EntityFrameworkCore.Database.Command[20101]
      Executed DbCommand (17ms) [Parameters=[:nguoiDung_ID_0='?' (DbType = Decimal)], CommandType='Text', CommandTimeout='0']
      SELECT "c"."VAI_TRO_ID"
      FROM "QL_VAI_TRO_NGUOI_DUNG" "c"
      WHERE "c"."NGUOI_DUNG_ID" = :nguoiDung_ID_0
info: Microsoft.EntityFrameworkCore.Database.Command[20101]
      Executed DbCommand (14ms) [Parameters=[:Ma_0='?' (Size = 2000)], CommandType='Text', CommandTimeout='0']
      SELECT "l"."GIA_TRI"
      FROM "QL_NHAN_HIEN_THI" "l"
      WHERE "l"."MA" = :Ma_0
      FETCH FIRST 1 ROWS ONLY
info: Microsoft.EntityFrameworkCore.Database.Command[20101]
      Executed DbCommand (10ms) [Parameters=[:nguoiDung_ID_0='?' (DbType = Decimal)], CommandType='Text', CommandTimeout='0']
      SELECT "c"."VAI_TRO_ID"
      FROM "QL_VAI_TRO_NGUOI_DUNG" "c"
      WHERE "c"."NGUOI_DUNG_ID" = :nguoiDung_ID_0
info: Microsoft.EntityFrameworkCore.Database.Command[20101]
      Executed DbCommand (14ms) [Parameters=[:Ma_0='?' (Size = 2000)], CommandType='Text', CommandTimeout='0']
      SELECT "l"."GIA_TRI"
      FROM "QL_NHAN_HIEN_THI" "l"
      WHERE "l"."MA" = :Ma_0
      FETCH FIRST 1 ROWS ONLY
info: Microsoft.EntityFrameworkCore.Database.Command[20101]
      Executed DbCommand (8ms) [Parameters=[:nguoiDung_ID_0='?' (DbType = Decimal)], CommandType='Text', CommandTimeout='0']
      SELECT "c"."VAI_TRO_ID"
      FROM "QL_VAI_TRO_NGUOI_DUNG" "c"
      WHERE "c"."NGUOI_DUNG_ID" = :nguoiDung_ID_0
info: Microsoft.EntityFrameworkCore.Database.Command[20101]
      Executed DbCommand (9ms) [Parameters=[:Ma_0='?' (Size = 2000)], CommandType='Text', CommandTimeout='0']
      SELECT "l"."GIA_TRI"
      FROM "QL_NHAN_HIEN_THI" "l"
      WHERE "l"."MA" = :Ma_0
      FETCH FIRST 1 ROWS ONLY
info: Microsoft.EntityFrameworkCore.Database.Command[20101]
      Executed DbCommand (9ms) [Parameters=[:nguoiDung_ID_0='?' (DbType = Decimal)], CommandType='Text', CommandTimeout='0']
      SELECT "c"."VAI_TRO_ID"
      FROM "QL_VAI_TRO_NGUOI_DUNG" "c"
      WHERE "c"."NGUOI_DUNG_ID" = :nguoiDung_ID_0
info: Microsoft.EntityFrameworkCore.Database.Command[20101]
      Executed DbCommand (13ms) [Parameters=[:Ma_0='?' (Size = 2000)], CommandType='Text', CommandTimeout='0']
      SELECT "l"."GIA_TRI"
      FROM "QL_NHAN_HIEN_THI" "l"
      WHERE "l"."MA" = :Ma_0
      FETCH FIRST 1 ROWS ONLY
info: Microsoft.EntityFrameworkCore.Database.Command[20101]
      Executed DbCommand (9ms) [Parameters=[:nguoiDung_ID_0='?' (DbType = Decimal)], CommandType='Text', CommandTimeout='0']
      SELECT "c"."VAI_TRO_ID"
      FROM "QL_VAI_TRO_NGUOI_DUNG" "c"
      WHERE "c"."NGUOI_DUNG_ID" = :nguoiDung_ID_0
info: Microsoft.EntityFrameworkCore.Database.Command[20101]
      Executed DbCommand (10ms) [Parameters=[:Ma_0='?' (Size = 2000)], CommandType='Text', CommandTimeout='0']
      SELECT "l"."GIA_TRI"
      FROM "QL_NHAN_HIEN_THI" "l"
      WHERE "l"."MA" = :Ma_0
      FETCH FIRST 1 ROWS ONLY
info: Microsoft.EntityFrameworkCore.Database.Command[20101]
      Executed DbCommand (24ms) [Parameters=[:nguoiDung_ID_0='?' (DbType = Decimal)], CommandType='Text', CommandTimeout='0']
      SELECT "c"."VAI_TRO_ID"
      FROM "QL_VAI_TRO_NGUOI_DUNG" "c"
      WHERE "c"."NGUOI_DUNG_ID" = :nguoiDung_ID_0
info: Microsoft.EntityFrameworkCore.Database.Command[20101]
      Executed DbCommand (10ms) [Parameters=[:Ma_0='?' (Size = 2000)], CommandType='Text', CommandTimeout='0']
      SELECT "l"."GIA_TRI"
      FROM "QL_NHAN_HIEN_THI" "l"
      WHERE "l"."MA" = :Ma_0
      FETCH FIRST 1 ROWS ONLY
info: Microsoft.EntityFrameworkCore.Database.Command[20101]
      Executed DbCommand (17ms) [Parameters=[:nguoiDung_ID_0='?' (DbType = Decimal)], CommandType='Text', CommandTimeout='0']
      SELECT "c"."VAI_TRO_ID"
      FROM "QL_VAI_TRO_NGUOI_DUNG" "c"
      WHERE "c"."NGUOI_DUNG_ID" = :nguoiDung_ID_0
info: Microsoft.EntityFrameworkCore.Database.Command[20101]
      Executed DbCommand (23ms) [Parameters=[:Ma_0='?' (Size = 2000)], CommandType='Text', CommandTimeout='0']
      SELECT "l"."GIA_TRI"
      FROM "QL_NHAN_HIEN_THI" "l"
      WHERE "l"."MA" = :Ma_0
      FETCH FIRST 1 ROWS ONLY
info: Microsoft.EntityFrameworkCore.Database.Command[20101]
      Executed DbCommand (18ms) [Parameters=[:nguoiDung_ID_0='?' (DbType = Decimal)], CommandType='Text', CommandTimeout='0']
      SELECT "c"."VAI_TRO_ID"
      FROM "QL_VAI_TRO_NGUOI_DUNG" "c"
      WHERE "c"."NGUOI_DUNG_ID" = :nguoiDung_ID_0
info: Microsoft.EntityFrameworkCore.Database.Command[20101]
      Executed DbCommand (24ms) [Parameters=[:Ma_0='?' (Size = 2000)], CommandType='Text', CommandTimeout='0']
      SELECT "l"."GIA_TRI"
      FROM "QL_NHAN_HIEN_THI" "l"
      WHERE "l"."MA" = :Ma_0
      FETCH FIRST 1 ROWS ONLY
info: Microsoft.EntityFrameworkCore.Database.Command[20101]
      Executed DbCommand (24ms) [Parameters=[:nguoiDung_ID_0='?' (DbType = Decimal)], CommandType='Text', CommandTimeout='0']
      SELECT "c"."VAI_TRO_ID"
      FROM "QL_VAI_TRO_NGUOI_DUNG" "c"
      WHERE "c"."NGUOI_DUNG_ID" = :nguoiDung_ID_0
info: Microsoft.EntityFrameworkCore.Database.Command[20101]
      Executed DbCommand (27ms) [Parameters=[:Ma_0='?' (Size = 2000)], CommandType='Text', CommandTimeout='0']
      SELECT "l"."GIA_TRI"
      FROM "QL_NHAN_HIEN_THI" "l"
      WHERE "l"."MA" = :Ma_0
      FETCH FIRST 1 ROWS ONLY
info: Microsoft.EntityFrameworkCore.Database.Command[20101]
      Executed DbCommand (23ms) [Parameters=[:nguoiDung_ID_0='?' (DbType = Decimal)], CommandType='Text', CommandTimeout='0']
      SELECT "c"."VAI_TRO_ID"
      FROM "QL_VAI_TRO_NGUOI_DUNG" "c"
      WHERE "c"."NGUOI_DUNG_ID" = :nguoiDung_ID_0
info: Microsoft.EntityFrameworkCore.Database.Command[20101]
      Executed DbCommand (15ms) [Parameters=[:Ma_0='?' (Size = 2000)], CommandType='Text', CommandTimeout='0']
      SELECT "l"."GIA_TRI"
      FROM "QL_NHAN_HIEN_THI" "l"
      WHERE "l"."MA" = :Ma_0
      FETCH FIRST 1 ROWS ONLY
info: Microsoft.EntityFrameworkCore.Database.Command[20101]
      Executed DbCommand (18ms) [Parameters=[:nguoiDung_ID_0='?' (DbType = Decimal)], CommandType='Text', CommandTimeout='0']
      SELECT "c"."VAI_TRO_ID"
      FROM "QL_VAI_TRO_NGUOI_DUNG" "c"
      WHERE "c"."NGUOI_DUNG_ID" = :nguoiDung_ID_0
info: Microsoft.EntityFrameworkCore.Database.Command[20101]
      Executed DbCommand (22ms) [Parameters=[:Ma_0='?' (Size = 2000)], CommandType='Text', CommandTimeout='0']
      SELECT "l"."GIA_TRI"
      FROM "QL_NHAN_HIEN_THI" "l"
      WHERE "l"."MA" = :Ma_0
      FETCH FIRST 1 ROWS ONLY
info: Microsoft.EntityFrameworkCore.Database.Command[20101]
      Executed DbCommand (24ms) [Parameters=[:nguoiDung_ID_0='?' (DbType = Decimal)], CommandType='Text', CommandTimeout='0']
      SELECT "c"."VAI_TRO_ID"
      FROM "QL_VAI_TRO_NGUOI_DUNG" "c"
      WHERE "c"."NGUOI_DUNG_ID" = :nguoiDung_ID_0
info: Microsoft.EntityFrameworkCore.Database.Command[20101]
      Executed DbCommand (21ms) [Parameters=[:Ma_0='?' (Size = 2000)], CommandType='Text', CommandTimeout='0']
      SELECT "l"."GIA_TRI"
      FROM "QL_NHAN_HIEN_THI" "l"
      WHERE "l"."MA" = :Ma_0
      FETCH FIRST 1 ROWS ONLY
info: Microsoft.EntityFrameworkCore.Database.Command[20101]
      Executed DbCommand (21ms) [Parameters=[:nguoiDung_ID_0='?' (DbType = Decimal)], CommandType='Text', CommandTimeout='0']
      SELECT "c"."VAI_TRO_ID"
      FROM "QL_VAI_TRO_NGUOI_DUNG" "c"
      WHERE "c"."NGUOI_DUNG_ID" = :nguoiDung_ID_0
info: Microsoft.EntityFrameworkCore.Database.Command[20101]
      Executed DbCommand (23ms) [Parameters=[:Ma_0='?' (Size = 2000)], CommandType='Text', CommandTimeout='0']
      SELECT "l"."GIA_TRI"
      FROM "QL_NHAN_HIEN_THI" "l"
      WHERE "l"."MA" = :Ma_0
      FETCH FIRST 1 ROWS ONLY
info: Microsoft.EntityFrameworkCore.Database.Command[20101]
      Executed DbCommand (23ms) [Parameters=[:nguoiDung_ID_0='?' (DbType = Decimal)], CommandType='Text', CommandTimeout='0']
      SELECT "c"."VAI_TRO_ID"
      FROM "QL_VAI_TRO_NGUOI_DUNG" "c"
      WHERE "c"."NGUOI_DUNG_ID" = :nguoiDung_ID_0
info: Microsoft.EntityFrameworkCore.Database.Command[20101]
      Executed DbCommand (21ms) [Parameters=[:Ma_0='?' (Size = 2000)], CommandType='Text', CommandTimeout='0']
      SELECT "l"."GIA_TRI"
      FROM "QL_NHAN_HIEN_THI" "l"
      WHERE "l"."MA" = :Ma_0
      FETCH FIRST 1 ROWS ONLY
info: Microsoft.EntityFrameworkCore.Database.Command[20101]
      Executed DbCommand (25ms) [Parameters=[:nguoiDung_ID_0='?' (DbType = Decimal)], CommandType='Text', CommandTimeout='0']
      SELECT "c"."VAI_TRO_ID"
      FROM "QL_VAI_TRO_NGUOI_DUNG" "c"
      WHERE "c"."NGUOI_DUNG_ID" = :nguoiDung_ID_0
info: Microsoft.EntityFrameworkCore.Database.Command[20101]
      Executed DbCommand (22ms) [Parameters=[:Ma_0='?' (Size = 2000)], CommandType='Text', CommandTimeout='0']
      SELECT "l"."GIA_TRI"
      FROM "QL_NHAN_HIEN_THI" "l"
      WHERE "l"."MA" = :Ma_0
      FETCH FIRST 1 ROWS ONLY
info: Microsoft.EntityFrameworkCore.Database.Command[20101]
      Executed DbCommand (26ms) [Parameters=[:nguoiDung_ID_0='?' (DbType = Decimal)], CommandType='Text', CommandTimeout='0']
      SELECT "c"."VAI_TRO_ID"
      FROM "QL_VAI_TRO_NGUOI_DUNG" "c"
      WHERE "c"."NGUOI_DUNG_ID" = :nguoiDung_ID_0
info: Microsoft.EntityFrameworkCore.Database.Command[20101]
      Executed DbCommand (17ms) [Parameters=[:Ma_0='?' (Size = 2000)], CommandType='Text', CommandTimeout='0']
      SELECT "l"."GIA_TRI"
      FROM "QL_NHAN_HIEN_THI" "l"
      WHERE "l"."MA" = :Ma_0
      FETCH FIRST 1 ROWS ONLY
info: Microsoft.EntityFrameworkCore.Database.Command[20101]
      Executed DbCommand (27ms) [Parameters=[:nguoiDung_ID_0='?' (DbType = Decimal)], CommandType='Text', CommandTimeout='0']
      SELECT "c"."VAI_TRO_ID"
      FROM "QL_VAI_TRO_NGUOI_DUNG" "c"
      WHERE "c"."NGUOI_DUNG_ID" = :nguoiDung_ID_0
info: Microsoft.EntityFrameworkCore.Database.Command[20101]
      Executed DbCommand (15ms) [Parameters=[:Ma_0='?' (Size = 2000)], CommandType='Text', CommandTimeout='0']
      SELECT "l"."GIA_TRI"
      FROM "QL_NHAN_HIEN_THI" "l"
      WHERE "l"."MA" = :Ma_0
      FETCH FIRST 1 ROWS ONLY
info: Microsoft.EntityFrameworkCore.Database.Command[20101]
      Executed DbCommand (19ms) [Parameters=[:nguoiDung_ID_0='?' (DbType = Decimal)], CommandType='Text', CommandTimeout='0']
      SELECT "c"."VAI_TRO_ID"
      FROM "QL_VAI_TRO_NGUOI_DUNG" "c"
      WHERE "c"."NGUOI_DUNG_ID" = :nguoiDung_ID_0
info: Microsoft.EntityFrameworkCore.Database.Command[20101]
      Executed DbCommand (26ms) [Parameters=[:Ma_0='?' (Size = 2000)], CommandType='Text', CommandTimeout='0']
      SELECT "l"."GIA_TRI"
      FROM "QL_NHAN_HIEN_THI" "l"
      WHERE "l"."MA" = :Ma_0
      FETCH FIRST 1 ROWS ONLY
info: Microsoft.EntityFrameworkCore.Database.Command[20101]
      Executed DbCommand (28ms) [Parameters=[:nguoiDung_ID_0='?' (DbType = Decimal)], CommandType='Text', CommandTimeout='0']
      SELECT "c"."VAI_TRO_ID"
      FROM "QL_VAI_TRO_NGUOI_DUNG" "c"
      WHERE "c"."NGUOI_DUNG_ID" = :nguoiDung_ID_0
info: Microsoft.EntityFrameworkCore.Database.Command[20101]
      Executed DbCommand (22ms) [Parameters=[:Ma_0='?' (Size = 2000)], CommandType='Text', CommandTimeout='0']
      SELECT "l"."GIA_TRI"
      FROM "QL_NHAN_HIEN_THI" "l"
      WHERE "l"."MA" = :Ma_0
      FETCH FIRST 1 ROWS ONLY
info: Microsoft.EntityFrameworkCore.Database.Command[20101]
      Executed DbCommand (48ms) [Parameters=[:nguoiDung_ID_0='?' (DbType = Decimal)], CommandType='Text', CommandTimeout='0']
      SELECT "c"."VAI_TRO_ID"
      FROM "QL_VAI_TRO_NGUOI_DUNG" "c"
      WHERE "c"."NGUOI_DUNG_ID" = :nguoiDung_ID_0
info: Microsoft.EntityFrameworkCore.Database.Command[20101]
      Executed DbCommand (26ms) [Parameters=[:Ma_0='?' (Size = 2000)], CommandType='Text', CommandTimeout='0']
      SELECT "l"."GIA_TRI"
      FROM "QL_NHAN_HIEN_THI" "l"
      WHERE "l"."MA" = :Ma_0
      FETCH FIRST 1 ROWS ONLY
info: Microsoft.EntityFrameworkCore.Database.Command[20101]
      Executed DbCommand (17ms) [Parameters=[:nguoiDung_ID_0='?' (DbType = Decimal)], CommandType='Text', CommandTimeout='0']
      SELECT "c"."VAI_TRO_ID"
      FROM "QL_VAI_TRO_NGUOI_DUNG" "c"
      WHERE "c"."NGUOI_DUNG_ID" = :nguoiDung_ID_0
info: Microsoft.EntityFrameworkCore.Database.Command[20101]
      Executed DbCommand (31ms) [Parameters=[:Ma_0='?' (Size = 2000)], CommandType='Text', CommandTimeout='0']
      SELECT "l"."GIA_TRI"
      FROM "QL_NHAN_HIEN_THI" "l"
      WHERE "l"."MA" = :Ma_0
      FETCH FIRST 1 ROWS ONLY
info: Microsoft.EntityFrameworkCore.Database.Command[20101]
      Executed DbCommand (16ms) [Parameters=[:nguoiDung_ID_0='?' (DbType = Decimal)], CommandType='Text', CommandTimeout='0']
      SELECT "c"."VAI_TRO_ID"
      FROM "QL_VAI_TRO_NGUOI_DUNG" "c"
      WHERE "c"."NGUOI_DUNG_ID" = :nguoiDung_ID_0
info: Microsoft.EntityFrameworkCore.Database.Command[20101]
      Executed DbCommand (19ms) [Parameters=[:Ma_0='?' (Size = 2000)], CommandType='Text', CommandTimeout='0']
      SELECT "l"."GIA_TRI"
      FROM "QL_NHAN_HIEN_THI" "l"
      WHERE "l"."MA" = :Ma_0
      FETCH FIRST 1 ROWS ONLY
info: Microsoft.EntityFrameworkCore.Database.Command[20101]
      Executed DbCommand (23ms) [Parameters=[:nguoiDung_ID_0='?' (DbType = Decimal)], CommandType='Text', CommandTimeout='0']
      SELECT "c"."VAI_TRO_ID"
      FROM "QL_VAI_TRO_NGUOI_DUNG" "c"
      WHERE "c"."NGUOI_DUNG_ID" = :nguoiDung_ID_0
info: Microsoft.EntityFrameworkCore.Database.Command[20101]
      Executed DbCommand (16ms) [Parameters=[:Ma_0='?' (Size = 2000)], CommandType='Text', CommandTimeout='0']
      SELECT "l"."GIA_TRI"
      FROM "QL_NHAN_HIEN_THI" "l"
      WHERE "l"."MA" = :Ma_0
      FETCH FIRST 1 ROWS ONLY
info: Microsoft.EntityFrameworkCore.Database.Command[20101]
      Executed DbCommand (24ms) [Parameters=[:nguoiDung_ID_0='?' (DbType = Decimal)], CommandType='Text', CommandTimeout='0']
      SELECT "c"."VAI_TRO_ID"
      FROM "QL_VAI_TRO_NGUOI_DUNG" "c"
      WHERE "c"."NGUOI_DUNG_ID" = :nguoiDung_ID_0
info: Microsoft.EntityFrameworkCore.Database.Command[20101]
      Executed DbCommand (18ms) [Parameters=[:Ma_0='?' (Size = 2000)], CommandType='Text', CommandTimeout='0']
      SELECT "l"."GIA_TRI"
      FROM "QL_NHAN_HIEN_THI" "l"
      WHERE "l"."MA" = :Ma_0
      FETCH FIRST 1 ROWS ONLY
info: Microsoft.EntityFrameworkCore.Database.Command[20101]
      Executed DbCommand (15ms) [Parameters=[:nguoiDung_ID_0='?' (DbType = Decimal)], CommandType='Text', CommandTimeout='0']
      SELECT "c"."VAI_TRO_ID"
      FROM "QL_VAI_TRO_NGUOI_DUNG" "c"
      WHERE "c"."NGUOI_DUNG_ID" = :nguoiDung_ID_0
info: Microsoft.EntityFrameworkCore.Database.Command[20101]
      Executed DbCommand (42ms) [Parameters=[:Ma_0='?' (Size = 2000)], CommandType='Text', CommandTimeout='0']
      SELECT "l"."GIA_TRI"
      FROM "QL_NHAN_HIEN_THI" "l"
      WHERE "l"."MA" = :Ma_0
      FETCH FIRST 1 ROWS ONLY
info: Microsoft.EntityFrameworkCore.Database.Command[20101]
      Executed DbCommand (15ms) [Parameters=[:nguoiDung_ID_0='?' (DbType = Decimal)], CommandType='Text', CommandTimeout='0']
      SELECT "c"."VAI_TRO_ID"
      FROM "QL_VAI_TRO_NGUOI_DUNG" "c"
      WHERE "c"."NGUOI_DUNG_ID" = :nguoiDung_ID_0
info: Microsoft.EntityFrameworkCore.Database.Command[20101]
      Executed DbCommand (14ms) [Parameters=[:Ma_0='?' (Size = 2000)], CommandType='Text', CommandTimeout='0']
      SELECT "l"."GIA_TRI"
      FROM "QL_NHAN_HIEN_THI" "l"
      WHERE "l"."MA" = :Ma_0
      FETCH FIRST 1 ROWS ONLY
info: Microsoft.EntityFrameworkCore.Database.Command[20101]
      Executed DbCommand (17ms) [Parameters=[:nguoiDung_ID_0='?' (DbType = Decimal)], CommandType='Text', CommandTimeout='0']
      SELECT "c"."VAI_TRO_ID"
      FROM "QL_VAI_TRO_NGUOI_DUNG" "c"
      WHERE "c"."NGUOI_DUNG_ID" = :nguoiDung_ID_0
info: Microsoft.EntityFrameworkCore.Database.Command[20101]
      Executed DbCommand (17ms) [Parameters=[:Ma_0='?' (Size = 2000)], CommandType='Text', CommandTimeout='0']
      SELECT "l"."GIA_TRI"
      FROM "QL_NHAN_HIEN_THI" "l"
      WHERE "l"."MA" = :Ma_0
      FETCH FIRST 1 ROWS ONLY
info: Microsoft.EntityFrameworkCore.Database.Command[20101]
      Executed DbCommand (13ms) [Parameters=[:nguoiDung_ID_0='?' (DbType = Decimal)], CommandType='Text', CommandTimeout='0']
      SELECT "c"."VAI_TRO_ID"
      FROM "QL_VAI_TRO_NGUOI_DUNG" "c"
      WHERE "c"."NGUOI_DUNG_ID" = :nguoiDung_ID_0
info: Microsoft.EntityFrameworkCore.Database.Command[20101]
      Executed DbCommand (11ms) [Parameters=[:Ma_0='?' (Size = 2000)], CommandType='Text', CommandTimeout='0']
      SELECT "l"."GIA_TRI"
      FROM "QL_NHAN_HIEN_THI" "l"
      WHERE "l"."MA" = :Ma_0
      FETCH FIRST 1 ROWS ONLY
info: Microsoft.EntityFrameworkCore.Database.Command[20101]
      Executed DbCommand (14ms) [Parameters=[:nguoiDung_ID_0='?' (DbType = Decimal)], CommandType='Text', CommandTimeout='0']
      SELECT "c"."VAI_TRO_ID"
      FROM "QL_VAI_TRO_NGUOI_DUNG" "c"
      WHERE "c"."NGUOI_DUNG_ID" = :nguoiDung_ID_0
info: Microsoft.EntityFrameworkCore.Database.Command[20101]
      Executed DbCommand (10ms) [Parameters=[:Ma_0='?' (Size = 2000)], CommandType='Text', CommandTimeout='0']
      SELECT "l"."GIA_TRI"
      FROM "QL_NHAN_HIEN_THI" "l"
      WHERE "l"."MA" = :Ma_0
      FETCH FIRST 1 ROWS ONLY
info: Microsoft.EntityFrameworkCore.Database.Command[20101]
      Executed DbCommand (24ms) [Parameters=[:nguoiDung_ID_0='?' (DbType = Decimal)], CommandType='Text', CommandTimeout='0']
      SELECT "c"."VAI_TRO_ID"
      FROM "QL_VAI_TRO_NGUOI_DUNG" "c"
      WHERE "c"."NGUOI_DUNG_ID" = :nguoiDung_ID_0
info: Microsoft.EntityFrameworkCore.Database.Command[20101]
      Executed DbCommand (25ms) [Parameters=[:Ma_0='?' (Size = 2000)], CommandType='Text', CommandTimeout='0']
      SELECT "l"."GIA_TRI"
      FROM "QL_NHAN_HIEN_THI" "l"
      WHERE "l"."MA" = :Ma_0
      FETCH FIRST 1 ROWS ONLY
info: Microsoft.EntityFrameworkCore.Database.Command[20101]
      Executed DbCommand (19ms) [Parameters=[:nguoiDung_ID_0='?' (DbType = Decimal)], CommandType='Text', CommandTimeout='0']
      SELECT "c"."VAI_TRO_ID"
      FROM "QL_VAI_TRO_NGUOI_DUNG" "c"
      WHERE "c"."NGUOI_DUNG_ID" = :nguoiDung_ID_0
info: Microsoft.EntityFrameworkCore.Database.Command[20101]
      Executed DbCommand (21ms) [Parameters=[:Ma_0='?' (Size = 2000)], CommandType='Text', CommandTimeout='0']
      SELECT "l"."GIA_TRI"
      FROM "QL_NHAN_HIEN_THI" "l"
      WHERE "l"."MA" = :Ma_0
      FETCH FIRST 1 ROWS ONLY
info: Microsoft.EntityFrameworkCore.Database.Command[20101]
      Executed DbCommand (21ms) [Parameters=[:nguoiDung_ID_0='?' (DbType = Decimal)], CommandType='Text', CommandTimeout='0']
      SELECT "c"."VAI_TRO_ID"
      FROM "QL_VAI_TRO_NGUOI_DUNG" "c"
      WHERE "c"."NGUOI_DUNG_ID" = :nguoiDung_ID_0
info: Microsoft.EntityFrameworkCore.Database.Command[20101]
      Executed DbCommand (21ms) [Parameters=[:Ma_0='?' (Size = 2000)], CommandType='Text', CommandTimeout='0']
      SELECT "l"."GIA_TRI"
      FROM "QL_NHAN_HIEN_THI" "l"
      WHERE "l"."MA" = :Ma_0
      FETCH FIRST 1 ROWS ONLY
info: Microsoft.EntityFrameworkCore.Database.Command[20101]
      Executed DbCommand (23ms) [Parameters=[:nguoiDung_ID_0='?' (DbType = Decimal)], CommandType='Text', CommandTimeout='0']
      SELECT "c"."VAI_TRO_ID"
      FROM "QL_VAI_TRO_NGUOI_DUNG" "c"
      WHERE "c"."NGUOI_DUNG_ID" = :nguoiDung_ID_0
info: Microsoft.EntityFrameworkCore.Database.Command[20101]
      Executed DbCommand (22ms) [Parameters=[:Ma_0='?' (Size = 2000)], CommandType='Text', CommandTimeout='0']
      SELECT "l"."GIA_TRI"
      FROM "QL_NHAN_HIEN_THI" "l"
      WHERE "l"."MA" = :Ma_0
      FETCH FIRST 1 ROWS ONLY
info: Microsoft.EntityFrameworkCore.Database.Command[20101]
      Executed DbCommand (23ms) [Parameters=[:nguoiDung_ID_0='?' (DbType = Decimal)], CommandType='Text', CommandTimeout='0']
      SELECT "c"."VAI_TRO_ID"
      FROM "QL_VAI_TRO_NGUOI_DUNG" "c"
      WHERE "c"."NGUOI_DUNG_ID" = :nguoiDung_ID_0
info: Microsoft.EntityFrameworkCore.Database.Command[20101]
      Executed DbCommand (20ms) [Parameters=[:Ma_0='?' (Size = 2000)], CommandType='Text', CommandTimeout='0']
      SELECT "l"."GIA_TRI"
      FROM "QL_NHAN_HIEN_THI" "l"
      WHERE "l"."MA" = :Ma_0
      FETCH FIRST 1 ROWS ONLY
info: Microsoft.EntityFrameworkCore.Database.Command[20101]
      Executed DbCommand (19ms) [Parameters=[:nguoiDung_ID_0='?' (DbType = Decimal)], CommandType='Text', CommandTimeout='0']
      SELECT "c"."VAI_TRO_ID"
      FROM "QL_VAI_TRO_NGUOI_DUNG" "c"
      WHERE "c"."NGUOI_DUNG_ID" = :nguoiDung_ID_0
info: Microsoft.EntityFrameworkCore.Database.Command[20101]
      Executed DbCommand (30ms) [Parameters=[:Ma_0='?' (Size = 2000)], CommandType='Text', CommandTimeout='0']
      SELECT "l"."GIA_TRI"
      FROM "QL_NHAN_HIEN_THI" "l"
      WHERE "l"."MA" = :Ma_0
      FETCH FIRST 1 ROWS ONLY
info: Microsoft.EntityFrameworkCore.Database.Command[20101]
      Executed DbCommand (15ms) [Parameters=[:nguoiDung_ID_0='?' (DbType = Decimal)], CommandType='Text', CommandTimeout='0']
      SELECT "c"."VAI_TRO_ID"
      FROM "QL_VAI_TRO_NGUOI_DUNG" "c"
      WHERE "c"."NGUOI_DUNG_ID" = :nguoiDung_ID_0
info: Microsoft.EntityFrameworkCore.Database.Command[20101]
      Executed DbCommand (20ms) [Parameters=[:Ma_0='?' (Size = 2000)], CommandType='Text', CommandTimeout='0']
      SELECT "l"."GIA_TRI"
      FROM "QL_NHAN_HIEN_THI" "l"
      WHERE "l"."MA" = :Ma_0
      FETCH FIRST 1 ROWS ONLY
info: Microsoft.EntityFrameworkCore.Database.Command[20101]
      Executed DbCommand (22ms) [Parameters=[:nguoiDung_ID_0='?' (DbType = Decimal)], CommandType='Text', CommandTimeout='0']
      SELECT "c"."VAI_TRO_ID"
      FROM "QL_VAI_TRO_NGUOI_DUNG" "c"
      WHERE "c"."NGUOI_DUNG_ID" = :nguoiDung_ID_0
info: Microsoft.EntityFrameworkCore.Database.Command[20101]
      Executed DbCommand (24ms) [Parameters=[:Ma_0='?' (Size = 2000)], CommandType='Text', CommandTimeout='0']
      SELECT "l"."GIA_TRI"
      FROM "QL_NHAN_HIEN_THI" "l"
      WHERE "l"."MA" = :Ma_0
      FETCH FIRST 1 ROWS ONLY
info: Microsoft.EntityFrameworkCore.Database.Command[20101]
      Executed DbCommand (12ms) [Parameters=[:nguoiDung_ID_0='?' (DbType = Decimal)], CommandType='Text', CommandTimeout='0']
      SELECT "c"."VAI_TRO_ID"
      FROM "QL_VAI_TRO_NGUOI_DUNG" "c"
      WHERE "c"."NGUOI_DUNG_ID" = :nguoiDung_ID_0
info: Microsoft.EntityFrameworkCore.Database.Command[20101]
      Executed DbCommand (24ms) [Parameters=[:Ma_0='?' (Size = 2000)], CommandType='Text', CommandTimeout='0']
      SELECT "l"."GIA_TRI"
      FROM "QL_NHAN_HIEN_THI" "l"
      WHERE "l"."MA" = :Ma_0
      FETCH FIRST 1 ROWS ONLY
info: Microsoft.EntityFrameworkCore.Database.Command[20101]
      Executed DbCommand (27ms) [Parameters=[:nguoiDung_ID_0='?' (DbType = Decimal)], CommandType='Text', CommandTimeout='0']
      SELECT "c"."VAI_TRO_ID"
      FROM "QL_VAI_TRO_NGUOI_DUNG" "c"
      WHERE "c"."NGUOI_DUNG_ID" = :nguoiDung_ID_0
info: Microsoft.EntityFrameworkCore.Database.Command[20101]
      Executed DbCommand (18ms) [Parameters=[:Ma_0='?' (Size = 2000)], CommandType='Text', CommandTimeout='0']
      SELECT "l"."GIA_TRI"
      FROM "QL_NHAN_HIEN_THI" "l"
      WHERE "l"."MA" = :Ma_0
      FETCH FIRST 1 ROWS ONLY
info: Microsoft.EntityFrameworkCore.Database.Command[20101]
      Executed DbCommand (24ms) [Parameters=[:nguoiDung_ID_0='?' (DbType = Decimal)], CommandType='Text', CommandTimeout='0']
      SELECT "c"."VAI_TRO_ID"
      FROM "QL_VAI_TRO_NGUOI_DUNG" "c"
      WHERE "c"."NGUOI_DUNG_ID" = :nguoiDung_ID_0
info: Microsoft.EntityFrameworkCore.Database.Command[20101]
      Executed DbCommand (20ms) [Parameters=[:Ma_0='?' (Size = 2000)], CommandType='Text', CommandTimeout='0']
      SELECT "l"."GIA_TRI"
      FROM "QL_NHAN_HIEN_THI" "l"
      WHERE "l"."MA" = :Ma_0
      FETCH FIRST 1 ROWS ONLY
info: Microsoft.EntityFrameworkCore.Database.Command[20101]
      Executed DbCommand (11ms) [Parameters=[:nguoiDung_ID_0='?' (DbType = Decimal)], CommandType='Text', CommandTimeout='0']
      SELECT "c"."VAI_TRO_ID"
      FROM "QL_VAI_TRO_NGUOI_DUNG" "c"
      WHERE "c"."NGUOI_DUNG_ID" = :nguoiDung_ID_0
info: Microsoft.EntityFrameworkCore.Database.Command[20101]
      Executed DbCommand (67ms) [Parameters=[:donViId_0='?' (DbType = Decimal)], CommandType='Text', CommandTimeout='0']
      SELECT COUNT(*)
      FROM "DM_DON_VI" "p"
      WHERE ((("p"."PARENT_ID" = :donViId_0) AND ("p"."LA_BAN_QL_DU_AN" = 1)) OR (("p"."ID" = :donViId_0) AND ("p"."LOAI_DON_VI_ID" = 15.0))) OR (("p"."ID" = :donViId_0) AND ("p"."LA_BAN_QL_DU_AN" = 1))
info: Microsoft.EntityFrameworkCore.Database.Command[20101]
      Executed DbCommand (24ms) [Parameters=[:Ma_0='?' (Size = 2000)], CommandType='Text', CommandTimeout='0']
      SELECT "l"."GIA_TRI"
      FROM "QL_NHAN_HIEN_THI" "l"
      WHERE "l"."MA" = :Ma_0
      FETCH FIRST 1 ROWS ONLY
info: Microsoft.EntityFrameworkCore.Database.Command[20101]
      Executed DbCommand (12ms) [Parameters=[:nguoiDung_ID_0='?' (DbType = Decimal)], CommandType='Text', CommandTimeout='0']
      SELECT "c"."VAI_TRO_ID"
      FROM "QL_VAI_TRO_NGUOI_DUNG" "c"
      WHERE "c"."NGUOI_DUNG_ID" = :nguoiDung_ID_0
info: Microsoft.EntityFrameworkCore.Database.Command[20101]
      Executed DbCommand (24ms) [Parameters=[:Ma_0='?' (Size = 2000)], CommandType='Text', CommandTimeout='0']
      SELECT "l"."GIA_TRI"
      FROM "QL_NHAN_HIEN_THI" "l"
      WHERE "l"."MA" = :Ma_0
      FETCH FIRST 1 ROWS ONLY
info: Microsoft.EntityFrameworkCore.Database.Command[20101]
      Executed DbCommand (12ms) [Parameters=[:nguoiDung_ID_0='?' (DbType = Decimal)], CommandType='Text', CommandTimeout='0']
      SELECT "c"."VAI_TRO_ID"
      FROM "QL_VAI_TRO_NGUOI_DUNG" "c"
      WHERE "c"."NGUOI_DUNG_ID" = :nguoiDung_ID_0
info: Microsoft.EntityFrameworkCore.Database.Command[20101]
      Executed DbCommand (13ms) [Parameters=[:Ma_0='?' (Size = 2000)], CommandType='Text', CommandTimeout='0']
      SELECT "l"."GIA_TRI"
      FROM "QL_NHAN_HIEN_THI" "l"
      WHERE "l"."MA" = :Ma_0
      FETCH FIRST 1 ROWS ONLY
info: Microsoft.EntityFrameworkCore.Database.Command[20101]
      Executed DbCommand (11ms) [Parameters=[:nguoiDung_ID_0='?' (DbType = Decimal)], CommandType='Text', CommandTimeout='0']
      SELECT "c"."VAI_TRO_ID"
      FROM "QL_VAI_TRO_NGUOI_DUNG" "c"
      WHERE "c"."NGUOI_DUNG_ID" = :nguoiDung_ID_0
info: Microsoft.EntityFrameworkCore.Database.Command[20101]
      Executed DbCommand (10ms) [Parameters=[:Ma_0='?' (Size = 2000)], CommandType='Text', CommandTimeout='0']
      SELECT "l"."GIA_TRI"
      FROM "QL_NHAN_HIEN_THI" "l"
      WHERE "l"."MA" = :Ma_0
      FETCH FIRST 1 ROWS ONLY
info: Microsoft.EntityFrameworkCore.Database.Command[20101]
      Executed DbCommand (10ms) [Parameters=[:nguoiDung_ID_0='?' (DbType = Decimal)], CommandType='Text', CommandTimeout='0']
      SELECT "c"."VAI_TRO_ID"
      FROM "QL_VAI_TRO_NGUOI_DUNG" "c"
      WHERE "c"."NGUOI_DUNG_ID" = :nguoiDung_ID_0
info: Microsoft.EntityFrameworkCore.Database.Command[20101]
      Executed DbCommand (24ms) [Parameters=[:Ma_0='?' (Size = 2000)], CommandType='Text', CommandTimeout='0']
      SELECT "l"."GIA_TRI"
      FROM "QL_NHAN_HIEN_THI" "l"
      WHERE "l"."MA" = :Ma_0
      FETCH FIRST 1 ROWS ONLY
info: Microsoft.EntityFrameworkCore.Database.Command[20101]
      Executed DbCommand (23ms) [Parameters=[:nguoiDung_ID_0='?' (DbType = Decimal)], CommandType='Text', CommandTimeout='0']
      SELECT "c"."VAI_TRO_ID"
      FROM "QL_VAI_TRO_NGUOI_DUNG" "c"
      WHERE "c"."NGUOI_DUNG_ID" = :nguoiDung_ID_0
info: Microsoft.EntityFrameworkCore.Database.Command[20101]
      Executed DbCommand (12ms) [Parameters=[:Ma_0='?' (Size = 2000)], CommandType='Text', CommandTimeout='0']
      SELECT "l"."GIA_TRI"
      FROM "QL_NHAN_HIEN_THI" "l"
      WHERE "l"."MA" = :Ma_0
      FETCH FIRST 1 ROWS ONLY
info: Microsoft.EntityFrameworkCore.Database.Command[20101]
      Executed DbCommand (14ms) [Parameters=[:nguoiDung_ID_0='?' (DbType = Decimal)], CommandType='Text', CommandTimeout='0']
      SELECT "c"."VAI_TRO_ID"
      FROM "QL_VAI_TRO_NGUOI_DUNG" "c"
      WHERE "c"."NGUOI_DUNG_ID" = :nguoiDung_ID_0
info: Microsoft.EntityFrameworkCore.Database.Command[20101]
      Executed DbCommand (24ms) [Parameters=[:Ma_0='?' (Size = 2000)], CommandType='Text', CommandTimeout='0']
      SELECT "l"."GIA_TRI"
      FROM "QL_NHAN_HIEN_THI" "l"
      WHERE "l"."MA" = :Ma_0
      FETCH FIRST 1 ROWS ONLY
info: Microsoft.EntityFrameworkCore.Database.Command[20101]
      Executed DbCommand (10ms) [Parameters=[:nguoiDung_ID_0='?' (DbType = Decimal)], CommandType='Text', CommandTimeout='0']
      SELECT "c"."VAI_TRO_ID"
      FROM "QL_VAI_TRO_NGUOI_DUNG" "c"
      WHERE "c"."NGUOI_DUNG_ID" = :nguoiDung_ID_0
info: Microsoft.EntityFrameworkCore.Database.Command[20101]
      Executed DbCommand (10ms) [Parameters=[:Ma_0='?' (Size = 2000)], CommandType='Text', CommandTimeout='0']
      SELECT "l"."GIA_TRI"
      FROM "QL_NHAN_HIEN_THI" "l"
      WHERE "l"."MA" = :Ma_0
      FETCH FIRST 1 ROWS ONLY
info: Microsoft.EntityFrameworkCore.Database.Command[20101]
      Executed DbCommand (10ms) [Parameters=[:nguoiDung_ID_0='?' (DbType = Decimal)], CommandType='Text', CommandTimeout='0']
      SELECT "c"."VAI_TRO_ID"
      FROM "QL_VAI_TRO_NGUOI_DUNG" "c"
      WHERE "c"."NGUOI_DUNG_ID" = :nguoiDung_ID_0
info: Microsoft.EntityFrameworkCore.Database.Command[20101]
      Executed DbCommand (27ms) [Parameters=[:Ma_0='?' (Size = 2000)], CommandType='Text', CommandTimeout='0']
      SELECT "l"."GIA_TRI"
      FROM "QL_NHAN_HIEN_THI" "l"
      WHERE "l"."MA" = :Ma_0
      FETCH FIRST 1 ROWS ONLY
info: Microsoft.EntityFrameworkCore.Database.Command[20101]
      Executed DbCommand (18ms) [Parameters=[:nguoiDung_ID_0='?' (DbType = Decimal)], CommandType='Text', CommandTimeout='0']
      SELECT "c"."VAI_TRO_ID"
      FROM "QL_VAI_TRO_NGUOI_DUNG" "c"
      WHERE "c"."NGUOI_DUNG_ID" = :nguoiDung_ID_0
info: Microsoft.EntityFrameworkCore.Database.Command[20101]
      Executed DbCommand (20ms) [Parameters=[:Ma_0='?' (Size = 2000)], CommandType='Text', CommandTimeout='0']
      SELECT "l"."GIA_TRI"
      FROM "QL_NHAN_HIEN_THI" "l"
      WHERE "l"."MA" = :Ma_0
      FETCH FIRST 1 ROWS ONLY
info: Microsoft.EntityFrameworkCore.Database.Command[20101]
      Executed DbCommand (24ms) [Parameters=[:nguoiDung_ID_0='?' (DbType = Decimal)], CommandType='Text', CommandTimeout='0']
      SELECT "c"."VAI_TRO_ID"
      FROM "QL_VAI_TRO_NGUOI_DUNG" "c"
      WHERE "c"."NGUOI_DUNG_ID" = :nguoiDung_ID_0
info: Microsoft.EntityFrameworkCore.Database.Command[20101]
      Executed DbCommand (18ms) [Parameters=[:Ma_0='?' (Size = 2000)], CommandType='Text', CommandTimeout='0']
      SELECT "l"."GIA_TRI"
      FROM "QL_NHAN_HIEN_THI" "l"
      WHERE "l"."MA" = :Ma_0
      FETCH FIRST 1 ROWS ONLY
info: Microsoft.EntityFrameworkCore.Database.Command[20101]
      Executed DbCommand (25ms) [Parameters=[:nguoiDung_ID_0='?' (DbType = Decimal)], CommandType='Text', CommandTimeout='0']
      SELECT "c"."VAI_TRO_ID"
      FROM "QL_VAI_TRO_NGUOI_DUNG" "c"
      WHERE "c"."NGUOI_DUNG_ID" = :nguoiDung_ID_0
info: Microsoft.EntityFrameworkCore.Database.Command[20101]
      Executed DbCommand (20ms) [Parameters=[:Ma_0='?' (Size = 2000)], CommandType='Text', CommandTimeout='0']
      SELECT "l"."GIA_TRI"
      FROM "QL_NHAN_HIEN_THI" "l"
      WHERE "l"."MA" = :Ma_0
      FETCH FIRST 1 ROWS ONLY
info: Microsoft.EntityFrameworkCore.Database.Command[20101]
      Executed DbCommand (22ms) [Parameters=[:nguoiDung_ID_0='?' (DbType = Decimal)], CommandType='Text', CommandTimeout='0']
      SELECT "c"."VAI_TRO_ID"
      FROM "QL_VAI_TRO_NGUOI_DUNG" "c"
      WHERE "c"."NGUOI_DUNG_ID" = :nguoiDung_ID_0
info: Microsoft.EntityFrameworkCore.Database.Command[20101]
      Executed DbCommand (21ms) [Parameters=[:Ma_0='?' (Size = 2000)], CommandType='Text', CommandTimeout='0']
      SELECT "l"."GIA_TRI"
      FROM "QL_NHAN_HIEN_THI" "l"
      WHERE "l"."MA" = :Ma_0
      FETCH FIRST 1 ROWS ONLY
info: Microsoft.EntityFrameworkCore.Database.Command[20101]
      Executed DbCommand (21ms) [Parameters=[:nguoiDung_ID_0='?' (DbType = Decimal)], CommandType='Text', CommandTimeout='0']
      SELECT "c"."VAI_TRO_ID"
      FROM "QL_VAI_TRO_NGUOI_DUNG" "c"
      WHERE "c"."NGUOI_DUNG_ID" = :nguoiDung_ID_0
info: Microsoft.EntityFrameworkCore.Database.Command[20101]
      Executed DbCommand (20ms) [Parameters=[:Ma_0='?' (Size = 2000)], CommandType='Text', CommandTimeout='0']
      SELECT "l"."GIA_TRI"
      FROM "QL_NHAN_HIEN_THI" "l"
      WHERE "l"."MA" = :Ma_0
      FETCH FIRST 1 ROWS ONLY
info: Microsoft.EntityFrameworkCore.Database.Command[20101]
      Executed DbCommand (23ms) [Parameters=[:nguoiDung_ID_0='?' (DbType = Decimal)], CommandType='Text', CommandTimeout='0']
      SELECT "c"."VAI_TRO_ID"
      FROM "QL_VAI_TRO_NGUOI_DUNG" "c"
      WHERE "c"."NGUOI_DUNG_ID" = :nguoiDung_ID_0
info: Microsoft.EntityFrameworkCore.Database.Command[20101]
      Executed DbCommand (23ms) [Parameters=[:Ma_0='?' (Size = 2000)], CommandType='Text', CommandTimeout='0']
      SELECT "l"."GIA_TRI"
      FROM "QL_NHAN_HIEN_THI" "l"
      WHERE "l"."MA" = :Ma_0
      FETCH FIRST 1 ROWS ONLY
info: Microsoft.EntityFrameworkCore.Database.Command[20101]
      Executed DbCommand (16ms) [Parameters=[:nguoiDung_ID_0='?' (DbType = Decimal)], CommandType='Text', CommandTimeout='0']
      SELECT "c"."VAI_TRO_ID"
      FROM "QL_VAI_TRO_NGUOI_DUNG" "c"
      WHERE "c"."NGUOI_DUNG_ID" = :nguoiDung_ID_0
info: Microsoft.EntityFrameworkCore.Database.Command[20101]
      Executed DbCommand (8ms) [Parameters=[:Ma_0='?' (Size = 2000)], CommandType='Text', CommandTimeout='0']
      SELECT "l"."GIA_TRI"
      FROM "QL_NHAN_HIEN_THI" "l"
      WHERE "l"."MA" = :Ma_0
      FETCH FIRST 1 ROWS ONLY
info: Microsoft.EntityFrameworkCore.Database.Command[20101]
      Executed DbCommand (13ms) [Parameters=[:nguoiDung_ID_0='?' (DbType = Decimal)], CommandType='Text', CommandTimeout='0']
      SELECT "c"."VAI_TRO_ID"
      FROM "QL_VAI_TRO_NGUOI_DUNG" "c"
      WHERE "c"."NGUOI_DUNG_ID" = :nguoiDung_ID_0
info: Microsoft.EntityFrameworkCore.Database.Command[20101]
      Executed DbCommand (18ms) [Parameters=[:Ma_0='?' (Size = 2000)], CommandType='Text', CommandTimeout='0']
      SELECT "l"."GIA_TRI"
      FROM "QL_NHAN_HIEN_THI" "l"
      WHERE "l"."MA" = :Ma_0
      FETCH FIRST 1 ROWS ONLY
info: Microsoft.EntityFrameworkCore.Database.Command[20101]
      Executed DbCommand (23ms) [Parameters=[:nguoiDung_ID_0='?' (DbType = Decimal)], CommandType='Text', CommandTimeout='0']
      SELECT "c"."VAI_TRO_ID"
      FROM "QL_VAI_TRO_NGUOI_DUNG" "c"
      WHERE "c"."NGUOI_DUNG_ID" = :nguoiDung_ID_0
info: Microsoft.EntityFrameworkCore.Database.Command[20101]
      Executed DbCommand (24ms) [Parameters=[:Ma_0='?' (Size = 2000)], CommandType='Text', CommandTimeout='0']
      SELECT "l"."GIA_TRI"
      FROM "QL_NHAN_HIEN_THI" "l"
      WHERE "l"."MA" = :Ma_0
      FETCH FIRST 1 ROWS ONLY
info: Microsoft.EntityFrameworkCore.Database.Command[20101]
      Executed DbCommand (22ms) [Parameters=[:nguoiDung_ID_0='?' (DbType = Decimal)], CommandType='Text', CommandTimeout='0']
      SELECT "c"."VAI_TRO_ID"
      FROM "QL_VAI_TRO_NGUOI_DUNG" "c"
      WHERE "c"."NGUOI_DUNG_ID" = :nguoiDung_ID_0
info: Microsoft.EntityFrameworkCore.Database.Command[20101]
      Executed DbCommand (25ms) [Parameters=[:Ma_0='?' (Size = 2000)], CommandType='Text', CommandTimeout='0']
      SELECT "l"."GIA_TRI"
      FROM "QL_NHAN_HIEN_THI" "l"
      WHERE "l"."MA" = :Ma_0
      FETCH FIRST 1 ROWS ONLY
info: Microsoft.EntityFrameworkCore.Database.Command[20101]
      Executed DbCommand (20ms) [Parameters=[:nguoiDung_ID_0='?' (DbType = Decimal)], CommandType='Text', CommandTimeout='0']
      SELECT "c"."VAI_TRO_ID"
      FROM "QL_VAI_TRO_NGUOI_DUNG" "c"
      WHERE "c"."NGUOI_DUNG_ID" = :nguoiDung_ID_0
info: Microsoft.EntityFrameworkCore.Database.Command[20101]
      Executed DbCommand (10ms) [Parameters=[:Ma_0='?' (Size = 2000)], CommandType='Text', CommandTimeout='0']
      SELECT "l"."GIA_TRI"
      FROM "QL_NHAN_HIEN_THI" "l"
      WHERE "l"."MA" = :Ma_0
      FETCH FIRST 1 ROWS ONLY
info: Microsoft.EntityFrameworkCore.Database.Command[20101]
      Executed DbCommand (10ms) [Parameters=[:nguoiDung_ID_0='?' (DbType = Decimal)], CommandType='Text', CommandTimeout='0']
      SELECT "c"."VAI_TRO_ID"
      FROM "QL_VAI_TRO_NGUOI_DUNG" "c"
      WHERE "c"."NGUOI_DUNG_ID" = :nguoiDung_ID_0
info: Microsoft.EntityFrameworkCore.Database.Command[20101]
      Executed DbCommand (13ms) [Parameters=[:Ma_0='?' (Size = 2000)], CommandType='Text', CommandTimeout='0']
      SELECT "l"."GIA_TRI"
      FROM "QL_NHAN_HIEN_THI" "l"
      WHERE "l"."MA" = :Ma_0
      FETCH FIRST 1 ROWS ONLY
info: Microsoft.EntityFrameworkCore.Database.Command[20101]
      Executed DbCommand (9ms) [Parameters=[:nguoiDung_ID_0='?' (DbType = Decimal)], CommandType='Text', CommandTimeout='0']
      SELECT "c"."VAI_TRO_ID"
      FROM "QL_VAI_TRO_NGUOI_DUNG" "c"
      WHERE "c"."NGUOI_DUNG_ID" = :nguoiDung_ID_0
info: Microsoft.EntityFrameworkCore.Database.Command[20101]
      Executed DbCommand (11ms) [Parameters=[:Ma_0='?' (Size = 2000)], CommandType='Text', CommandTimeout='0']
      SELECT "l"."GIA_TRI"
      FROM "QL_NHAN_HIEN_THI" "l"
      WHERE "l"."MA" = :Ma_0
      FETCH FIRST 1 ROWS ONLY
info: Microsoft.EntityFrameworkCore.Database.Command[20101]
      Executed DbCommand (20ms) [Parameters=[:nguoiDung_ID_0='?' (DbType = Decimal)], CommandType='Text', CommandTimeout='0']
      SELECT "c"."VAI_TRO_ID"
      FROM "QL_VAI_TRO_NGUOI_DUNG" "c"
      WHERE "c"."NGUOI_DUNG_ID" = :nguoiDung_ID_0
info: Microsoft.EntityFrameworkCore.Database.Command[20101]
      Executed DbCommand (9ms) [Parameters=[:Ma_0='?' (Size = 2000)], CommandType='Text', CommandTimeout='0']
      SELECT "l"."GIA_TRI"
      FROM "QL_NHAN_HIEN_THI" "l"
      WHERE "l"."MA" = :Ma_0
      FETCH FIRST 1 ROWS ONLY
info: Microsoft.EntityFrameworkCore.Database.Command[20101]
      Executed DbCommand (7ms) [Parameters=[:nguoiDung_ID_0='?' (DbType = Decimal)], CommandType='Text', CommandTimeout='0']
      SELECT "c"."VAI_TRO_ID"
      FROM "QL_VAI_TRO_NGUOI_DUNG" "c"
      WHERE "c"."NGUOI_DUNG_ID" = :nguoiDung_ID_0
info: Microsoft.EntityFrameworkCore.Database.Command[20101]
      Executed DbCommand (11ms) [Parameters=[:Ma_0='?' (Size = 2000)], CommandType='Text', CommandTimeout='0']
      SELECT "l"."GIA_TRI"
      FROM "QL_NHAN_HIEN_THI" "l"
      WHERE "l"."MA" = :Ma_0
      FETCH FIRST 1 ROWS ONLY
info: Microsoft.EntityFrameworkCore.Database.Command[20101]
      Executed DbCommand (9ms) [Parameters=[:nguoiDung_ID_0='?' (DbType = Decimal)], CommandType='Text', CommandTimeout='0']
      SELECT "c"."VAI_TRO_ID"
      FROM "QL_VAI_TRO_NGUOI_DUNG" "c"
      WHERE "c"."NGUOI_DUNG_ID" = :nguoiDung_ID_0
info: Microsoft.EntityFrameworkCore.Database.Command[20101]
      Executed DbCommand (8ms) [Parameters=[:Ma_0='?' (Size = 2000)], CommandType='Text', CommandTimeout='0']
      SELECT "l"."GIA_TRI"
      FROM "QL_NHAN_HIEN_THI" "l"
      WHERE "l"."MA" = :Ma_0
      FETCH FIRST 1 ROWS ONLY
info: Microsoft.EntityFrameworkCore.Database.Command[20101]
      Executed DbCommand (9ms) [Parameters=[:nguoiDung_ID_0='?' (DbType = Decimal)], CommandType='Text', CommandTimeout='0']
      SELECT "c"."VAI_TRO_ID"
      FROM "QL_VAI_TRO_NGUOI_DUNG" "c"
      WHERE "c"."NGUOI_DUNG_ID" = :nguoiDung_ID_0
info: Microsoft.EntityFrameworkCore.Database.Command[20101]
      Executed DbCommand (9ms) [Parameters=[:Ma_0='?' (Size = 2000)], CommandType='Text', CommandTimeout='0']
      SELECT "l"."GIA_TRI"
      FROM "QL_NHAN_HIEN_THI" "l"
      WHERE "l"."MA" = :Ma_0
      FETCH FIRST 1 ROWS ONLY
info: Microsoft.EntityFrameworkCore.Database.Command[20101]
      Executed DbCommand (15ms) [Parameters=[:nguoiDung_ID_0='?' (DbType = Decimal)], CommandType='Text', CommandTimeout='0']
      SELECT "c"."VAI_TRO_ID"
      FROM "QL_VAI_TRO_NGUOI_DUNG" "c"
      WHERE "c"."NGUOI_DUNG_ID" = :nguoiDung_ID_0
info: Microsoft.EntityFrameworkCore.Database.Command[20101]
      Executed DbCommand (10ms) [Parameters=[:Ma_0='?' (Size = 2000)], CommandType='Text', CommandTimeout='0']
      SELECT "l"."GIA_TRI"
      FROM "QL_NHAN_HIEN_THI" "l"
      WHERE "l"."MA" = :Ma_0
      FETCH FIRST 1 ROWS ONLY
info: Microsoft.EntityFrameworkCore.Database.Command[20101]
      Executed DbCommand (9ms) [Parameters=[:nguoiDung_ID_0='?' (DbType = Decimal)], CommandType='Text', CommandTimeout='0']
      SELECT "c"."VAI_TRO_ID"
      FROM "QL_VAI_TRO_NGUOI_DUNG" "c"
      WHERE "c"."NGUOI_DUNG_ID" = :nguoiDung_ID_0
info: Microsoft.EntityFrameworkCore.Database.Command[20101]
      Executed DbCommand (22ms) [Parameters=[:Ma_0='?' (Size = 2000)], CommandType='Text', CommandTimeout='0']
      SELECT "l"."GIA_TRI"
      FROM "QL_NHAN_HIEN_THI" "l"
      WHERE "l"."MA" = :Ma_0
      FETCH FIRST 1 ROWS ONLY
info: Microsoft.EntityFrameworkCore.Database.Command[20101]
      Executed DbCommand (18ms) [Parameters=[:nguoiDung_ID_0='?' (DbType = Decimal)], CommandType='Text', CommandTimeout='0']
      SELECT "c"."VAI_TRO_ID"
      FROM "QL_VAI_TRO_NGUOI_DUNG" "c"
      WHERE "c"."NGUOI_DUNG_ID" = :nguoiDung_ID_0
info: Microsoft.EntityFrameworkCore.Database.Command[20101]
      Executed DbCommand (15ms) [Parameters=[:Ma_0='?' (Size = 2000)], CommandType='Text', CommandTimeout='0']
      SELECT "l"."GIA_TRI"
      FROM "QL_NHAN_HIEN_THI" "l"
      WHERE "l"."MA" = :Ma_0
      FETCH FIRST 1 ROWS ONLY
info: Microsoft.EntityFrameworkCore.Database.Command[20101]
      Executed DbCommand (12ms) [Parameters=[:nguoiDung_ID_0='?' (DbType = Decimal)], CommandType='Text', CommandTimeout='0']
      SELECT "c"."VAI_TRO_ID"
      FROM "QL_VAI_TRO_NGUOI_DUNG" "c"
      WHERE "c"."NGUOI_DUNG_ID" = :nguoiDung_ID_0
info: Microsoft.EntityFrameworkCore.Database.Command[20101]
      Executed DbCommand (69ms) [Parameters=[:donViId_0='?' (DbType = Decimal)], CommandType='Text', CommandTimeout='0']
      SELECT COUNT(*)
      FROM "DM_DON_VI" "p"
      WHERE ((("p"."PARENT_ID" = :donViId_0) AND ("p"."LA_BAN_QL_DU_AN" = 1)) OR (("p"."ID" = :donViId_0) AND ("p"."LOAI_DON_VI_ID" = 15.0))) OR (("p"."ID" = :donViId_0) AND ("p"."LA_BAN_QL_DU_AN" = 1))
info: Microsoft.EntityFrameworkCore.Database.Command[20101]
      Executed DbCommand (25ms) [Parameters=[:Ma_0='?' (Size = 2000)], CommandType='Text', CommandTimeout='0']
      SELECT "l"."GIA_TRI"
      FROM "QL_NHAN_HIEN_THI" "l"
      WHERE "l"."MA" = :Ma_0
      FETCH FIRST 1 ROWS ONLY
info: Microsoft.EntityFrameworkCore.Database.Command[20101]
      Executed DbCommand (32ms) [Parameters=[:nguoiDung_ID_0='?' (DbType = Decimal)], CommandType='Text', CommandTimeout='0']
      SELECT "c"."VAI_TRO_ID"
      FROM "QL_VAI_TRO_NGUOI_DUNG" "c"
      WHERE "c"."NGUOI_DUNG_ID" = :nguoiDung_ID_0
info: Microsoft.EntityFrameworkCore.Database.Command[20101]
      Executed DbCommand (69ms) [Parameters=[:donViId_0='?' (DbType = Decimal)], CommandType='Text', CommandTimeout='0']
      SELECT COUNT(*)
      FROM "DM_DON_VI" "p"
      WHERE ((("p"."PARENT_ID" = :donViId_0) AND ("p"."LA_BAN_QL_DU_AN" = 1)) OR (("p"."ID" = :donViId_0) AND ("p"."LOAI_DON_VI_ID" = 15.0))) OR (("p"."ID" = :donViId_0) AND ("p"."LA_BAN_QL_DU_AN" = 1))
info: Microsoft.EntityFrameworkCore.Database.Command[20101]
      Executed DbCommand (15ms) [Parameters=[:Ma_0='?' (Size = 2000)], CommandType='Text', CommandTimeout='0']
      SELECT "l"."GIA_TRI"
      FROM "QL_NHAN_HIEN_THI" "l"
      WHERE "l"."MA" = :Ma_0
      FETCH FIRST 1 ROWS ONLY
info: Microsoft.EntityFrameworkCore.Database.Command[20101]
      Executed DbCommand (18ms) [Parameters=[:nguoiDung_ID_0='?' (DbType = Decimal)], CommandType='Text', CommandTimeout='0']
      SELECT "c"."VAI_TRO_ID"
      FROM "QL_VAI_TRO_NGUOI_DUNG" "c"
      WHERE "c"."NGUOI_DUNG_ID" = :nguoiDung_ID_0
info: Microsoft.EntityFrameworkCore.Database.Command[20101]
      Executed DbCommand (65ms) [Parameters=[:donViId_0='?' (DbType = Decimal)], CommandType='Text', CommandTimeout='0']
      SELECT COUNT(*)
      FROM "DM_DON_VI" "p"
      WHERE ((("p"."PARENT_ID" = :donViId_0) AND ("p"."LA_BAN_QL_DU_AN" = 1)) OR (("p"."ID" = :donViId_0) AND ("p"."LOAI_DON_VI_ID" = 15.0))) OR (("p"."ID" = :donViId_0) AND ("p"."LA_BAN_QL_DU_AN" = 1))
info: Microsoft.EntityFrameworkCore.Database.Command[20101]
      Executed DbCommand (23ms) [Parameters=[:nguoiDung_ID_0='?' (DbType = Decimal)], CommandType='Text', CommandTimeout='0']
      SELECT "c"."VAI_TRO_ID"
      FROM "QL_VAI_TRO_NGUOI_DUNG" "c"
      WHERE "c"."NGUOI_DUNG_ID" = :nguoiDung_ID_0
info: Microsoft.EntityFrameworkCore.Database.Command[20101]
      Executed DbCommand (61ms) [Parameters=[:donViId_0='?' (DbType = Decimal)], CommandType='Text', CommandTimeout='0']
      SELECT COUNT(*)
      FROM "DM_DON_VI" "p"
      WHERE ((("p"."PARENT_ID" = :donViId_0) AND ("p"."LA_BAN_QL_DU_AN" = 1)) OR (("p"."ID" = :donViId_0) AND ("p"."LOAI_DON_VI_ID" = 15.0))) OR (("p"."ID" = :donViId_0) AND ("p"."LA_BAN_QL_DU_AN" = 1))
info: Microsoft.EntityFrameworkCore.Database.Command[20101]
      Executed DbCommand (26ms) [Parameters=[:nguoiDung_ID_0='?' (DbType = Decimal)], CommandType='Text', CommandTimeout='0']
      SELECT "c"."VAI_TRO_ID"
      FROM "QL_VAI_TRO_NGUOI_DUNG" "c"
      WHERE "c"."NGUOI_DUNG_ID" = :nguoiDung_ID_0
info: Microsoft.EntityFrameworkCore.Database.Command[20101]
      Executed DbCommand (71ms) [Parameters=[:donViId_0='?' (DbType = Decimal)], CommandType='Text', CommandTimeout='0']
      SELECT COUNT(*)
      FROM "DM_DON_VI" "p"
      WHERE ((("p"."PARENT_ID" = :donViId_0) AND ("p"."LA_BAN_QL_DU_AN" = 1)) OR (("p"."ID" = :donViId_0) AND ("p"."LOAI_DON_VI_ID" = 15.0))) OR (("p"."ID" = :donViId_0) AND ("p"."LA_BAN_QL_DU_AN" = 1))
info: Microsoft.EntityFrameworkCore.Database.Command[20101]
      Executed DbCommand (15ms) [Parameters=[:nguoiDung_ID_0='?' (DbType = Decimal)], CommandType='Text', CommandTimeout='0']
      SELECT "c"."VAI_TRO_ID"
      FROM "QL_VAI_TRO_NGUOI_DUNG" "c"
      WHERE "c"."NGUOI_DUNG_ID" = :nguoiDung_ID_0
info: Microsoft.EntityFrameworkCore.Database.Command[20101]
      Executed DbCommand (69ms) [Parameters=[:donViId_0='?' (DbType = Decimal)], CommandType='Text', CommandTimeout='0']
      SELECT COUNT(*)
      FROM "DM_DON_VI" "p"
      WHERE ((("p"."PARENT_ID" = :donViId_0) AND ("p"."LA_BAN_QL_DU_AN" = 1)) OR (("p"."ID" = :donViId_0) AND ("p"."LOAI_DON_VI_ID" = 15.0))) OR (("p"."ID" = :donViId_0) AND ("p"."LA_BAN_QL_DU_AN" = 1))
info: Microsoft.EntityFrameworkCore.Database.Command[20101]
      Executed DbCommand (11ms) [Parameters=[:nguoiDung_ID_0='?' (DbType = Decimal)], CommandType='Text', CommandTimeout='0']
      SELECT "c"."VAI_TRO_ID"
      FROM "QL_VAI_TRO_NGUOI_DUNG" "c"
      WHERE "c"."NGUOI_DUNG_ID" = :nguoiDung_ID_0
info: Microsoft.EntityFrameworkCore.Database.Command[20101]
      Executed DbCommand (70ms) [Parameters=[:donViId_0='?' (DbType = Decimal)], CommandType='Text', CommandTimeout='0']
      SELECT COUNT(*)
      FROM "DM_DON_VI" "p"
      WHERE ((("p"."PARENT_ID" = :donViId_0) AND ("p"."LA_BAN_QL_DU_AN" = 1)) OR (("p"."ID" = :donViId_0) AND ("p"."LOAI_DON_VI_ID" = 15.0))) OR (("p"."ID" = :donViId_0) AND ("p"."LA_BAN_QL_DU_AN" = 1))
info: Microsoft.EntityFrameworkCore.Database.Command[20101]
      Executed DbCommand (10ms) [Parameters=[:Ma_0='?' (Size = 2000)], CommandType='Text', CommandTimeout='0']
      SELECT "l"."GIA_TRI"
      FROM "QL_NHAN_HIEN_THI" "l"
      WHERE "l"."MA" = :Ma_0
      FETCH FIRST 1 ROWS ONLY
info: Microsoft.EntityFrameworkCore.Database.Command[20101]
      Executed DbCommand (13ms) [Parameters=[:nguoiDung_ID_0='?' (DbType = Decimal)], CommandType='Text', CommandTimeout='0']
      SELECT "c"."VAI_TRO_ID"
      FROM "QL_VAI_TRO_NGUOI_DUNG" "c"
      WHERE "c"."NGUOI_DUNG_ID" = :nguoiDung_ID_0
info: Microsoft.EntityFrameworkCore.Database.Command[20101]
      Executed DbCommand (8ms) [Parameters=[:Ma_0='?' (Size = 2000)], CommandType='Text', CommandTimeout='0']
      SELECT "l"."GIA_TRI"
      FROM "QL_NHAN_HIEN_THI" "l"
      WHERE "l"."MA" = :Ma_0
      FETCH FIRST 1 ROWS ONLY
info: Microsoft.EntityFrameworkCore.Database.Command[20101]
      Executed DbCommand (9ms) [Parameters=[:nguoiDung_ID_0='?' (DbType = Decimal)], CommandType='Text', CommandTimeout='0']
      SELECT "c"."VAI_TRO_ID"
      FROM "QL_VAI_TRO_NGUOI_DUNG" "c"
      WHERE "c"."NGUOI_DUNG_ID" = :nguoiDung_ID_0
info: Microsoft.EntityFrameworkCore.Database.Command[20101]
      Executed DbCommand (14ms) [Parameters=[:Ma_0='?' (Size = 2000)], CommandType='Text', CommandTimeout='0']
      SELECT "l"."GIA_TRI"
      FROM "QL_NHAN_HIEN_THI" "l"
      WHERE "l"."MA" = :Ma_0
      FETCH FIRST 1 ROWS ONLY
info: Microsoft.EntityFrameworkCore.Database.Command[20101]
      Executed DbCommand (10ms) [Parameters=[:nguoiDung_ID_0='?' (DbType = Decimal)], CommandType='Text', CommandTimeout='0']
      SELECT "c"."VAI_TRO_ID"
      FROM "QL_VAI_TRO_NGUOI_DUNG" "c"
      WHERE "c"."NGUOI_DUNG_ID" = :nguoiDung_ID_0
info: Microsoft.EntityFrameworkCore.Database.Command[20101]
      Executed DbCommand (10ms) [Parameters=[:Ma_0='?' (Size = 2000)], CommandType='Text', CommandTimeout='0']
      SELECT "l"."GIA_TRI"
      FROM "QL_NHAN_HIEN_THI" "l"
      WHERE "l"."MA" = :Ma_0
      FETCH FIRST 1 ROWS ONLY
info: Microsoft.EntityFrameworkCore.Database.Command[20101]
      Executed DbCommand (29ms) [Parameters=[:nguoiDung_ID_0='?' (DbType = Decimal)], CommandType='Text', CommandTimeout='0']
      SELECT "c"."VAI_TRO_ID"
      FROM "QL_VAI_TRO_NGUOI_DUNG" "c"
      WHERE "c"."NGUOI_DUNG_ID" = :nguoiDung_ID_0
info: Microsoft.EntityFrameworkCore.Database.Command[20101]
      Executed DbCommand (27ms) [Parameters=[:Ma_0='?' (Size = 2000)], CommandType='Text', CommandTimeout='0']
      SELECT "l"."GIA_TRI"
      FROM "QL_NHAN_HIEN_THI" "l"
      WHERE "l"."MA" = :Ma_0
      FETCH FIRST 1 ROWS ONLY
info: Microsoft.EntityFrameworkCore.Database.Command[20101]
      Executed DbCommand (19ms) [Parameters=[:nguoiDung_ID_0='?' (DbType = Decimal)], CommandType='Text', CommandTimeout='0']
      SELECT "c"."VAI_TRO_ID"
      FROM "QL_VAI_TRO_NGUOI_DUNG" "c"
      WHERE "c"."NGUOI_DUNG_ID" = :nguoiDung_ID_0
info: Microsoft.EntityFrameworkCore.Database.Command[20101]
      Executed DbCommand (18ms) [Parameters=[:Ma_0='?' (Size = 2000)], CommandType='Text', CommandTimeout='0']
      SELECT "l"."GIA_TRI"
      FROM "QL_NHAN_HIEN_THI" "l"
      WHERE "l"."MA" = :Ma_0
      FETCH FIRST 1 ROWS ONLY
info: Microsoft.EntityFrameworkCore.Database.Command[20101]
      Executed DbCommand (20ms) [Parameters=[:nguoiDung_ID_0='?' (DbType = Decimal)], CommandType='Text', CommandTimeout='0']
      SELECT "c"."VAI_TRO_ID"
      FROM "QL_VAI_TRO_NGUOI_DUNG" "c"
      WHERE "c"."NGUOI_DUNG_ID" = :nguoiDung_ID_0
info: Microsoft.EntityFrameworkCore.Database.Command[20101]
      Executed DbCommand (20ms) [Parameters=[:Ma_0='?' (Size = 2000)], CommandType='Text', CommandTimeout='0']
      SELECT "l"."GIA_TRI"
      FROM "QL_NHAN_HIEN_THI" "l"
      WHERE "l"."MA" = :Ma_0
      FETCH FIRST 1 ROWS ONLY
info: Microsoft.EntityFrameworkCore.Database.Command[20101]
      Executed DbCommand (14ms) [Parameters=[:nguoiDung_ID_0='?' (DbType = Decimal)], CommandType='Text', CommandTimeout='0']
      SELECT "c"."VAI_TRO_ID"
      FROM "QL_VAI_TRO_NGUOI_DUNG" "c"
      WHERE "c"."NGUOI_DUNG_ID" = :nguoiDung_ID_0
info: Microsoft.EntityFrameworkCore.Database.Command[20101]
      Executed DbCommand (21ms) [Parameters=[:Ma_0='?' (Size = 2000)], CommandType='Text', CommandTimeout='0']
      SELECT "l"."GIA_TRI"
      FROM "QL_NHAN_HIEN_THI" "l"
      WHERE "l"."MA" = :Ma_0
      FETCH FIRST 1 ROWS ONLY
info: Microsoft.EntityFrameworkCore.Database.Command[20101]
      Executed DbCommand (20ms) [Parameters=[:nguoiDung_ID_0='?' (DbType = Decimal)], CommandType='Text', CommandTimeout='0']
      SELECT "c"."VAI_TRO_ID"
      FROM "QL_VAI_TRO_NGUOI_DUNG" "c"
      WHERE "c"."NGUOI_DUNG_ID" = :nguoiDung_ID_0
info: Microsoft.EntityFrameworkCore.Database.Command[20101]
      Executed DbCommand (24ms) [Parameters=[:Ma_0='?' (Size = 2000)], CommandType='Text', CommandTimeout='0']
      SELECT "l"."GIA_TRI"
      FROM "QL_NHAN_HIEN_THI" "l"
      WHERE "l"."MA" = :Ma_0
      FETCH FIRST 1 ROWS ONLY
info: Microsoft.EntityFrameworkCore.Database.Command[20101]
      Executed DbCommand (24ms) [Parameters=[:nguoiDung_ID_0='?' (DbType = Decimal)], CommandType='Text', CommandTimeout='0']
      SELECT "c"."VAI_TRO_ID"
      FROM "QL_VAI_TRO_NGUOI_DUNG" "c"
      WHERE "c"."NGUOI_DUNG_ID" = :nguoiDung_ID_0
info: Microsoft.EntityFrameworkCore.Database.Command[20101]
      Executed DbCommand (37ms) [Parameters=[:Ma_0='?' (Size = 2000)], CommandType='Text', CommandTimeout='0']
      SELECT "l"."GIA_TRI"
      FROM "QL_NHAN_HIEN_THI" "l"
      WHERE "l"."MA" = :Ma_0
      FETCH FIRST 1 ROWS ONLY
info: Microsoft.EntityFrameworkCore.Database.Command[20101]
      Executed DbCommand (19ms) [Parameters=[:nguoiDung_ID_0='?' (DbType = Decimal)], CommandType='Text', CommandTimeout='0']
      SELECT "c"."VAI_TRO_ID"
      FROM "QL_VAI_TRO_NGUOI_DUNG" "c"
      WHERE "c"."NGUOI_DUNG_ID" = :nguoiDung_ID_0
info: Microsoft.EntityFrameworkCore.Database.Command[20101]
      Executed DbCommand (22ms) [Parameters=[:Ma_0='?' (Size = 2000)], CommandType='Text', CommandTimeout='0']
      SELECT "l"."GIA_TRI"
      FROM "QL_NHAN_HIEN_THI" "l"
      WHERE "l"."MA" = :Ma_0
      FETCH FIRST 1 ROWS ONLY
info: Microsoft.EntityFrameworkCore.Database.Command[20101]
      Executed DbCommand (21ms) [Parameters=[:nguoiDung_ID_0='?' (DbType = Decimal)], CommandType='Text', CommandTimeout='0']
      SELECT "c"."VAI_TRO_ID"
      FROM "QL_VAI_TRO_NGUOI_DUNG" "c"
      WHERE "c"."NGUOI_DUNG_ID" = :nguoiDung_ID_0
info: Microsoft.EntityFrameworkCore.Database.Command[20101]
      Executed DbCommand (18ms) [Parameters=[:Ma_0='?' (Size = 2000)], CommandType='Text', CommandTimeout='0']
      SELECT "l"."GIA_TRI"
      FROM "QL_NHAN_HIEN_THI" "l"
      WHERE "l"."MA" = :Ma_0
      FETCH FIRST 1 ROWS ONLY
info: Microsoft.EntityFrameworkCore.Database.Command[20101]
      Executed DbCommand (18ms) [Parameters=[:nguoiDung_ID_0='?' (DbType = Decimal)], CommandType='Text', CommandTimeout='0']
      SELECT "c"."VAI_TRO_ID"
      FROM "QL_VAI_TRO_NGUOI_DUNG" "c"
      WHERE "c"."NGUOI_DUNG_ID" = :nguoiDung_ID_0
info: Microsoft.EntityFrameworkCore.Database.Command[20101]
      Executed DbCommand (9ms) [Parameters=[:Ma_0='?' (Size = 2000)], CommandType='Text', CommandTimeout='0']
      SELECT "l"."GIA_TRI"
      FROM "QL_NHAN_HIEN_THI" "l"
      WHERE "l"."MA" = :Ma_0
      FETCH FIRST 1 ROWS ONLY
info: Microsoft.EntityFrameworkCore.Database.Command[20101]
      Executed DbCommand (17ms) [Parameters=[:nguoiDung_ID_0='?' (DbType = Decimal)], CommandType='Text', CommandTimeout='0']
      SELECT "c"."VAI_TRO_ID"
      FROM "QL_VAI_TRO_NGUOI_DUNG" "c"
      WHERE "c"."NGUOI_DUNG_ID" = :nguoiDung_ID_0
info: Microsoft.EntityFrameworkCore.Database.Command[20101]
      Executed DbCommand (22ms) [Parameters=[:Ma_0='?' (Size = 2000)], CommandType='Text', CommandTimeout='0']
      SELECT "l"."GIA_TRI"
      FROM "QL_NHAN_HIEN_THI" "l"
      WHERE "l"."MA" = :Ma_0
      FETCH FIRST 1 ROWS ONLY
info: Microsoft.EntityFrameworkCore.Database.Command[20101]
      Executed DbCommand (23ms) [Parameters=[:nguoiDung_ID_0='?' (DbType = Decimal)], CommandType='Text', CommandTimeout='0']
      SELECT "c"."VAI_TRO_ID"
      FROM "QL_VAI_TRO_NGUOI_DUNG" "c"
      WHERE "c"."NGUOI_DUNG_ID" = :nguoiDung_ID_0
info: Microsoft.EntityFrameworkCore.Database.Command[20101]
      Executed DbCommand (17ms) [Parameters=[:Ma_0='?' (Size = 2000)], CommandType='Text', CommandTimeout='0']
      SELECT "l"."GIA_TRI"
      FROM "QL_NHAN_HIEN_THI" "l"
      WHERE "l"."MA" = :Ma_0
      FETCH FIRST 1 ROWS ONLY
info: Microsoft.EntityFrameworkCore.Database.Command[20101]
      Executed DbCommand (21ms) [Parameters=[:nguoiDung_ID_0='?' (DbType = Decimal)], CommandType='Text', CommandTimeout='0']
      SELECT "c"."VAI_TRO_ID"
      FROM "QL_VAI_TRO_NGUOI_DUNG" "c"
      WHERE "c"."NGUOI_DUNG_ID" = :nguoiDung_ID_0
info: Microsoft.EntityFrameworkCore.Database.Command[20101]
      Executed DbCommand (10ms) [Parameters=[:Ma_0='?' (Size = 2000)], CommandType='Text', CommandTimeout='0']
      SELECT "l"."GIA_TRI"
      FROM "QL_NHAN_HIEN_THI" "l"
      WHERE "l"."MA" = :Ma_0
      FETCH FIRST 1 ROWS ONLY
info: Microsoft.EntityFrameworkCore.Database.Command[20101]
      Executed DbCommand (9ms) [Parameters=[:nguoiDung_ID_0='?' (DbType = Decimal)], CommandType='Text', CommandTimeout='0']
      SELECT "c"."VAI_TRO_ID"
      FROM "QL_VAI_TRO_NGUOI_DUNG" "c"
      WHERE "c"."NGUOI_DUNG_ID" = :nguoiDung_ID_0
info: Microsoft.EntityFrameworkCore.Database.Command[20101]
      Executed DbCommand (6ms) [Parameters=[:Ma_0='?' (Size = 2000)], CommandType='Text', CommandTimeout='0']
      SELECT "l"."GIA_TRI"
      FROM "QL_NHAN_HIEN_THI" "l"
      WHERE "l"."MA" = :Ma_0
      FETCH FIRST 1 ROWS ONLY
info: Microsoft.EntityFrameworkCore.Database.Command[20101]
      Executed DbCommand (12ms) [Parameters=[:nguoiDung_ID_0='?' (DbType = Decimal)], CommandType='Text', CommandTimeout='0']
      SELECT "c"."VAI_TRO_ID"
      FROM "QL_VAI_TRO_NGUOI_DUNG" "c"
      WHERE "c"."NGUOI_DUNG_ID" = :nguoiDung_ID_0
info: Microsoft.EntityFrameworkCore.Database.Command[20101]
      Executed DbCommand (13ms) [Parameters=[:Ma_0='?' (Size = 2000)], CommandType='Text', CommandTimeout='0']
      SELECT "l"."GIA_TRI"
      FROM "QL_NHAN_HIEN_THI" "l"
      WHERE "l"."MA" = :Ma_0
      FETCH FIRST 1 ROWS ONLY
info: Microsoft.EntityFrameworkCore.Database.Command[20101]
      Executed DbCommand (9ms) [Parameters=[:nguoiDung_ID_0='?' (DbType = Decimal)], CommandType='Text', CommandTimeout='0']
      SELECT "c"."VAI_TRO_ID"
      FROM "QL_VAI_TRO_NGUOI_DUNG" "c"
      WHERE "c"."NGUOI_DUNG_ID" = :nguoiDung_ID_0
info: Microsoft.EntityFrameworkCore.Database.Command[20101]
      Executed DbCommand (9ms) [Parameters=[:Ma_0='?' (Size = 2000)], CommandType='Text', CommandTimeout='0']
      SELECT "l"."GIA_TRI"
      FROM "QL_NHAN_HIEN_THI" "l"
      WHERE "l"."MA" = :Ma_0
      FETCH FIRST 1 ROWS ONLY
info: Microsoft.EntityFrameworkCore.Database.Command[20101]
      Executed DbCommand (9ms) [Parameters=[:Ma_0='?' (Size = 2000)], CommandType='Text', CommandTimeout='0']
      SELECT "l"."GIA_TRI"
      FROM "QL_NHAN_HIEN_THI" "l"
      WHERE "l"."MA" = :Ma_0
      FETCH FIRST 1 ROWS ONLY
info: Microsoft.EntityFrameworkCore.Database.Command[20101]
      Executed DbCommand (11ms) [Parameters=[:Ma_0='?' (Size = 2000)], CommandType='Text', CommandTimeout='0']
      SELECT "l"."GIA_TRI"
      FROM "QL_NHAN_HIEN_THI" "l"
      WHERE "l"."MA" = :Ma_0
      FETCH FIRST 1 ROWS ONLY
info: Microsoft.EntityFrameworkCore.Database.Command[20101]
      Executed DbCommand (10ms) [Parameters=[:Ma_0='?' (Size = 2000)], CommandType='Text', CommandTimeout='0']
      SELECT "l"."GIA_TRI"
      FROM "QL_NHAN_HIEN_THI" "l"
      WHERE "l"."MA" = :Ma_0
      FETCH FIRST 1 ROWS ONLY
info: Microsoft.EntityFrameworkCore.Database.Command[20101]
      Executed DbCommand (10ms) [Parameters=[:Ma_0='?' (Size = 2000)], CommandType='Text', CommandTimeout='0']
      SELECT "l"."GIA_TRI"
      FROM "QL_NHAN_HIEN_THI" "l"
      WHERE "l"."MA" = :Ma_0
      FETCH FIRST 1 ROWS ONLY
info: Microsoft.EntityFrameworkCore.Database.Command[20101]
      Executed DbCommand (11ms) [Parameters=[:nguoiDung_ID_0='?' (DbType = Decimal)], CommandType='Text', CommandTimeout='0']
      SELECT "c"."VAI_TRO_ID"
      FROM "QL_VAI_TRO_NGUOI_DUNG" "c"
      WHERE "c"."NGUOI_DUNG_ID" = :nguoiDung_ID_0
info: Microsoft.EntityFrameworkCore.Database.Command[20101]
      Executed DbCommand (8ms) [Parameters=[:Ma_0='?' (Size = 2000)], CommandType='Text', CommandTimeout='0']
      SELECT "l"."GIA_TRI"
      FROM "QL_NHAN_HIEN_THI" "l"
      WHERE "l"."MA" = :Ma_0
      FETCH FIRST 1 ROWS ONLY
info: Microsoft.EntityFrameworkCore.Database.Command[20101]
      Executed DbCommand (12ms) [Parameters=[:Ma_0='?' (Size = 2000)], CommandType='Text', CommandTimeout='0']
      SELECT "l"."GIA_TRI"
      FROM "QL_NHAN_HIEN_THI" "l"
      WHERE "l"."MA" = :Ma_0
      FETCH FIRST 1 ROWS ONLY
info: Microsoft.EntityFrameworkCore.Database.Command[20101]
      Executed DbCommand (13ms) [Parameters=[:Ma_0='?' (Size = 2000)], CommandType='Text', CommandTimeout='0']
      SELECT "l"."GIA_TRI"
      FROM "QL_NHAN_HIEN_THI" "l"
      WHERE "l"."MA" = :Ma_0
      FETCH FIRST 1 ROWS ONLY
info: Microsoft.EntityFrameworkCore.Database.Command[20101]
      Executed DbCommand (9ms) [Parameters=[:nguoiDung_ID_0='?' (DbType = Decimal)], CommandType='Text', CommandTimeout='0']
      SELECT "c"."VAI_TRO_ID"
      FROM "QL_VAI_TRO_NGUOI_DUNG" "c"
      WHERE "c"."NGUOI_DUNG_ID" = :nguoiDung_ID_0
info: Microsoft.EntityFrameworkCore.Database.Command[20101]
      Executed DbCommand (13ms) [Parameters=[:Ma_0='?' (Size = 2000)], CommandType='Text', CommandTimeout='0']
      SELECT "l"."GIA_TRI"
      FROM "QL_NHAN_HIEN_THI" "l"
      WHERE "l"."MA" = :Ma_0
      FETCH FIRST 1 ROWS ONLY
info: Microsoft.EntityFrameworkCore.Database.Command[20101]
      Executed DbCommand (12ms) [Parameters=[:Ma_0='?' (Size = 2000)], CommandType='Text', CommandTimeout='0']
      SELECT "l"."GIA_TRI"
      FROM "QL_NHAN_HIEN_THI" "l"
      WHERE "l"."MA" = :Ma_0
      FETCH FIRST 1 ROWS ONLY
info: Microsoft.EntityFrameworkCore.Database.Command[20101]
      Executed DbCommand (16ms) [Parameters=[:Ma_0='?' (Size = 2000)], CommandType='Text', CommandTimeout='0']
      SELECT "l"."GIA_TRI"
      FROM "QL_NHAN_HIEN_THI" "l"
      WHERE "l"."MA" = :Ma_0
      FETCH FIRST 1 ROWS ONLY
info: Microsoft.EntityFrameworkCore.Database.Command[20101]
      Executed DbCommand (20ms) [Parameters=[:nguoiDung_ID_0='?' (DbType = Decimal)], CommandType='Text', CommandTimeout='0']
      SELECT "c"."VAI_TRO_ID"
      FROM "QL_VAI_TRO_NGUOI_DUNG" "c"
      WHERE "c"."NGUOI_DUNG_ID" = :nguoiDung_ID_0
info: Microsoft.EntityFrameworkCore.Database.Command[20101]
      Executed DbCommand (21ms) [Parameters=[:Ma_0='?' (Size = 2000)], CommandType='Text', CommandTimeout='0']
      SELECT "l"."GIA_TRI"
      FROM "QL_NHAN_HIEN_THI" "l"
      WHERE "l"."MA" = :Ma_0
      FETCH FIRST 1 ROWS ONLY
info: Microsoft.EntityFrameworkCore.Database.Command[20101]
      Executed DbCommand (21ms) [Parameters=[:Ma_0='?' (Size = 2000)], CommandType='Text', CommandTimeout='0']
      SELECT "l"."GIA_TRI"
      FROM "QL_NHAN_HIEN_THI" "l"
      WHERE "l"."MA" = :Ma_0
      FETCH FIRST 1 ROWS ONLY
info: Microsoft.EntityFrameworkCore.Database.Command[20101]
      Executed DbCommand (19ms) [Parameters=[:nguoiDung_ID_0='?' (DbType = Decimal)], CommandType='Text', CommandTimeout='0']
      SELECT "c"."VAI_TRO_ID"
      FROM "QL_VAI_TRO_NGUOI_DUNG" "c"
      WHERE "c"."NGUOI_DUNG_ID" = :nguoiDung_ID_0
info: Microsoft.EntityFrameworkCore.Database.Command[20101]
      Executed DbCommand (22ms) [Parameters=[:Ma_0='?' (Size = 2000)], CommandType='Text', CommandTimeout='0']
      SELECT "l"."GIA_TRI"
      FROM "QL_NHAN_HIEN_THI" "l"
      WHERE "l"."MA" = :Ma_0
      FETCH FIRST 1 ROWS ONLY
info: Microsoft.EntityFrameworkCore.Database.Command[20101]
      Executed DbCommand (19ms) [Parameters=[:nguoiDung_ID_0='?' (DbType = Decimal)], CommandType='Text', CommandTimeout='0']
      SELECT "c"."VAI_TRO_ID"
      FROM "QL_VAI_TRO_NGUOI_DUNG" "c"
      WHERE "c"."NGUOI_DUNG_ID" = :nguoiDung_ID_0
info: Microsoft.EntityFrameworkCore.Database.Command[20101]
      Executed DbCommand (22ms) [Parameters=[:Ma_0='?' (Size = 2000)], CommandType='Text', CommandTimeout='0']
      SELECT "l"."GIA_TRI"
      FROM "QL_NHAN_HIEN_THI" "l"
      WHERE "l"."MA" = :Ma_0
      FETCH FIRST 1 ROWS ONLY
info: Microsoft.EntityFrameworkCore.Database.Command[20101]
      Executed DbCommand (25ms) [Parameters=[:nguoiDung_ID_0='?' (DbType = Decimal)], CommandType='Text', CommandTimeout='0']
      SELECT "c"."VAI_TRO_ID"
      FROM "QL_VAI_TRO_NGUOI_DUNG" "c"
      WHERE "c"."NGUOI_DUNG_ID" = :nguoiDung_ID_0
info: Microsoft.EntityFrameworkCore.Database.Command[20101]
      Executed DbCommand (38ms) [Parameters=[:Ma_0='?' (Size = 2000)], CommandType='Text', CommandTimeout='0']
      SELECT "l"."GIA_TRI"
      FROM "QL_NHAN_HIEN_THI" "l"
      WHERE "l"."MA" = :Ma_0
      FETCH FIRST 1 ROWS ONLY
info: Microsoft.EntityFrameworkCore.Database.Command[20101]
      Executed DbCommand (23ms) [Parameters=[:nguoiDung_ID_0='?' (DbType = Decimal)], CommandType='Text', CommandTimeout='0']
      SELECT "c"."VAI_TRO_ID"
      FROM "QL_VAI_TRO_NGUOI_DUNG" "c"
      WHERE "c"."NGUOI_DUNG_ID" = :nguoiDung_ID_0
info: Microsoft.EntityFrameworkCore.Database.Command[20101]
      Executed DbCommand (22ms) [Parameters=[:Ma_0='?' (Size = 2000)], CommandType='Text', CommandTimeout='0']
      SELECT "l"."GIA_TRI"
      FROM "QL_NHAN_HIEN_THI" "l"
      WHERE "l"."MA" = :Ma_0
      FETCH FIRST 1 ROWS ONLY
info: Microsoft.EntityFrameworkCore.Database.Command[20101]
      Executed DbCommand (34ms) [Parameters=[:nguoiDung_ID_0='?' (DbType = Decimal)], CommandType='Text', CommandTimeout='0']
      SELECT "c"."VAI_TRO_ID"
      FROM "QL_VAI_TRO_NGUOI_DUNG" "c"
      WHERE "c"."NGUOI_DUNG_ID" = :nguoiDung_ID_0
info: Microsoft.EntityFrameworkCore.Database.Command[20101]
      Executed DbCommand (19ms) [Parameters=[:Ma_0='?' (Size = 2000)], CommandType='Text', CommandTimeout='0']
      SELECT "l"."GIA_TRI"
      FROM "QL_NHAN_HIEN_THI" "l"
      WHERE "l"."MA" = :Ma_0
      FETCH FIRST 1 ROWS ONLY
info: Microsoft.EntityFrameworkCore.Database.Command[20101]
      Executed DbCommand (19ms) [Parameters=[:nguoiDung_ID_0='?' (DbType = Decimal)], CommandType='Text', CommandTimeout='0']
      SELECT "c"."VAI_TRO_ID"
      FROM "QL_VAI_TRO_NGUOI_DUNG" "c"
      WHERE "c"."NGUOI_DUNG_ID" = :nguoiDung_ID_0
info: Microsoft.EntityFrameworkCore.Database.Command[20101]
      Executed DbCommand (22ms) [Parameters=[:Ma_0='?' (Size = 2000)], CommandType='Text', CommandTimeout='0']
      SELECT "l"."GIA_TRI"
      FROM "QL_NHAN_HIEN_THI" "l"
      WHERE "l"."MA" = :Ma_0
      FETCH FIRST 1 ROWS ONLY
info: Microsoft.EntityFrameworkCore.Database.Command[20101]
      Executed DbCommand (23ms) [Parameters=[:Ma_0='?' (Size = 2000)], CommandType='Text', CommandTimeout='0']
      SELECT "l"."GIA_TRI"
      FROM "QL_NHAN_HIEN_THI" "l"
      WHERE "l"."MA" = :Ma_0
      FETCH FIRST 1 ROWS ONLY
info: Microsoft.EntityFrameworkCore.Database.Command[20101]
      Executed DbCommand (22ms) [Parameters=[:Ma_0='?' (Size = 2000)], CommandType='Text', CommandTimeout='0']
      SELECT "l"."GIA_TRI"
      FROM "QL_NHAN_HIEN_THI" "l"
      WHERE "l"."MA" = :Ma_0
      FETCH FIRST 1 ROWS ONLY
info: Microsoft.EntityFrameworkCore.Database.Command[20101]
      Executed DbCommand (21ms) [Parameters=[:Ma_0='?' (Size = 2000)], CommandType='Text', CommandTimeout='0']
      SELECT "l"."GIA_TRI"
      FROM "QL_NHAN_HIEN_THI" "l"
      WHERE "l"."MA" = :Ma_0
      FETCH FIRST 1 ROWS ONLY
info: Microsoft.EntityFrameworkCore.Database.Command[20101]
      Executed DbCommand (24ms) [Parameters=[:nguoiDung_ID_0='?' (DbType = Decimal)], CommandType='Text', CommandTimeout='0']
      SELECT "c"."VAI_TRO_ID"
      FROM "QL_VAI_TRO_NGUOI_DUNG" "c"
      WHERE "c"."NGUOI_DUNG_ID" = :nguoiDung_ID_0
info: Microsoft.EntityFrameworkCore.Database.Command[20101]
      Executed DbCommand (20ms) [Parameters=[:Ma_0='?' (Size = 2000)], CommandType='Text', CommandTimeout='0']
      SELECT "l"."GIA_TRI"
      FROM "QL_NHAN_HIEN_THI" "l"
      WHERE "l"."MA" = :Ma_0
      FETCH FIRST 1 ROWS ONLY
info: Microsoft.EntityFrameworkCore.Database.Command[20101]
      Executed DbCommand (22ms) [Parameters=[:nguoiDung_ID_0='?' (DbType = Decimal)], CommandType='Text', CommandTimeout='0']
      SELECT "c"."VAI_TRO_ID"
      FROM "QL_VAI_TRO_NGUOI_DUNG" "c"
      WHERE "c"."NGUOI_DUNG_ID" = :nguoiDung_ID_0
info: Microsoft.EntityFrameworkCore.Database.Command[20101]
      Executed DbCommand (21ms) [Parameters=[:Ma_0='?' (Size = 2000)], CommandType='Text', CommandTimeout='0']
      SELECT "l"."GIA_TRI"
      FROM "QL_NHAN_HIEN_THI" "l"
      WHERE "l"."MA" = :Ma_0
      FETCH FIRST 1 ROWS ONLY
info: Microsoft.EntityFrameworkCore.Database.Command[20101]
      Executed DbCommand (21ms) [Parameters=[:nguoiDung_ID_0='?' (DbType = Decimal)], CommandType='Text', CommandTimeout='0']
      SELECT "c"."VAI_TRO_ID"
      FROM "QL_VAI_TRO_NGUOI_DUNG" "c"
      WHERE "c"."NGUOI_DUNG_ID" = :nguoiDung_ID_0
info: Microsoft.EntityFrameworkCore.Database.Command[20101]
      Executed DbCommand (21ms) [Parameters=[:Ma_0='?' (Size = 2000)], CommandType='Text', CommandTimeout='0']
      SELECT "l"."GIA_TRI"
      FROM "QL_NHAN_HIEN_THI" "l"
      WHERE "l"."MA" = :Ma_0
      FETCH FIRST 1 ROWS ONLY
info: Microsoft.EntityFrameworkCore.Database.Command[20101]
      Executed DbCommand (10ms) [Parameters=[:nguoiDung_ID_0='?' (DbType = Decimal)], CommandType='Text', CommandTimeout='0']
      SELECT "c"."VAI_TRO_ID"
      FROM "QL_VAI_TRO_NGUOI_DUNG" "c"
      WHERE "c"."NGUOI_DUNG_ID" = :nguoiDung_ID_0
info: Microsoft.EntityFrameworkCore.Database.Command[20101]
      Executed DbCommand (9ms) [Parameters=[:Ma_0='?' (Size = 2000)], CommandType='Text', CommandTimeout='0']
      SELECT "l"."GIA_TRI"
      FROM "QL_NHAN_HIEN_THI" "l"
      WHERE "l"."MA" = :Ma_0
      FETCH FIRST 1 ROWS ONLY
info: Microsoft.EntityFrameworkCore.Database.Command[20101]
      Executed DbCommand (9ms) [Parameters=[:nguoiDung_ID_0='?' (DbType = Decimal)], CommandType='Text', CommandTimeout='0']
      SELECT "c"."VAI_TRO_ID"
      FROM "QL_VAI_TRO_NGUOI_DUNG" "c"
      WHERE "c"."NGUOI_DUNG_ID" = :nguoiDung_ID_0
info: Microsoft.EntityFrameworkCore.Database.Command[20101]
      Executed DbCommand (18ms) [Parameters=[:Ma_0='?' (Size = 2000)], CommandType='Text', CommandTimeout='0']
      SELECT "l"."GIA_TRI"
      FROM "QL_NHAN_HIEN_THI" "l"
      WHERE "l"."MA" = :Ma_0
      FETCH FIRST 1 ROWS ONLY
info: Microsoft.EntityFrameworkCore.Database.Command[20101]
      Executed DbCommand (13ms) [Parameters=[:nguoiDung_ID_0='?' (DbType = Decimal)], CommandType='Text', CommandTimeout='0']
      SELECT "c"."VAI_TRO_ID"
      FROM "QL_VAI_TRO_NGUOI_DUNG" "c"
      WHERE "c"."NGUOI_DUNG_ID" = :nguoiDung_ID_0
info: Microsoft.EntityFrameworkCore.Database.Command[20101]
      Executed DbCommand (9ms) [Parameters=[:Ma_0='?' (Size = 2000)], CommandType='Text', CommandTimeout='0']
      SELECT "l"."GIA_TRI"
      FROM "QL_NHAN_HIEN_THI" "l"
      WHERE "l"."MA" = :Ma_0
      FETCH FIRST 1 ROWS ONLY
info: Microsoft.EntityFrameworkCore.Database.Command[20101]
      Executed DbCommand (12ms) [Parameters=[:nguoiDung_ID_0='?' (DbType = Decimal)], CommandType='Text', CommandTimeout='0']
      SELECT "c"."VAI_TRO_ID"
      FROM "QL_VAI_TRO_NGUOI_DUNG" "c"
      WHERE "c"."NGUOI_DUNG_ID" = :nguoiDung_ID_0
info: Microsoft.EntityFrameworkCore.Database.Command[20101]
      Executed DbCommand (13ms) [Parameters=[:Ma_0='?' (Size = 2000)], CommandType='Text', CommandTimeout='0']
      SELECT "l"."GIA_TRI"
      FROM "QL_NHAN_HIEN_THI" "l"
      WHERE "l"."MA" = :Ma_0
      FETCH FIRST 1 ROWS ONLY
info: Microsoft.EntityFrameworkCore.Database.Command[20101]
      Executed DbCommand (12ms) [Parameters=[:nguoiDung_ID_0='?' (DbType = Decimal)], CommandType='Text', CommandTimeout='0']
      SELECT "c"."VAI_TRO_ID"
      FROM "QL_VAI_TRO_NGUOI_DUNG" "c"
      WHERE "c"."NGUOI_DUNG_ID" = :nguoiDung_ID_0
info: Microsoft.EntityFrameworkCore.Database.Command[20101]
      Executed DbCommand (15ms) [Parameters=[:Ma_0='?' (Size = 2000)], CommandType='Text', CommandTimeout='0']
      SELECT "l"."GIA_TRI"
      FROM "QL_NHAN_HIEN_THI" "l"
      WHERE "l"."MA" = :Ma_0
      FETCH FIRST 1 ROWS ONLY
info: Microsoft.EntityFrameworkCore.Database.Command[20101]
      Executed DbCommand (11ms) [Parameters=[:nguoiDung_ID_0='?' (DbType = Decimal)], CommandType='Text', CommandTimeout='0']
      SELECT "c"."VAI_TRO_ID"
      FROM "QL_VAI_TRO_NGUOI_DUNG" "c"
      WHERE "c"."NGUOI_DUNG_ID" = :nguoiDung_ID_0
info: Microsoft.EntityFrameworkCore.Database.Command[20101]
      Executed DbCommand (15ms) [Parameters=[:Ma_0='?' (Size = 2000)], CommandType='Text', CommandTimeout='0']
      SELECT "l"."GIA_TRI"
      FROM "QL_NHAN_HIEN_THI" "l"
      WHERE "l"."MA" = :Ma_0
      FETCH FIRST 1 ROWS ONLY
info: Microsoft.EntityFrameworkCore.Database.Command[20101]
      Executed DbCommand (12ms) [Parameters=[:nguoiDung_ID_0='?' (DbType = Decimal)], CommandType='Text', CommandTimeout='0']
      SELECT "c"."VAI_TRO_ID"
      FROM "QL_VAI_TRO_NGUOI_DUNG" "c"
      WHERE "c"."NGUOI_DUNG_ID" = :nguoiDung_ID_0
info: Microsoft.EntityFrameworkCore.Database.Command[20101]
      Executed DbCommand (10ms) [Parameters=[:Ma_0='?' (Size = 2000)], CommandType='Text', CommandTimeout='0']
      SELECT "l"."GIA_TRI"
      FROM "QL_NHAN_HIEN_THI" "l"
      WHERE "l"."MA" = :Ma_0
      FETCH FIRST 1 ROWS ONLY
info: Microsoft.EntityFrameworkCore.Database.Command[20101]
      Executed DbCommand (14ms) [Parameters=[:nguoiDung_ID_0='?' (DbType = Decimal)], CommandType='Text', CommandTimeout='0']
      SELECT "c"."VAI_TRO_ID"
      FROM "QL_VAI_TRO_NGUOI_DUNG" "c"
      WHERE "c"."NGUOI_DUNG_ID" = :nguoiDung_ID_0
info: Microsoft.EntityFrameworkCore.Database.Command[20101]
      Executed DbCommand (14ms) [Parameters=[:Ma_0='?' (Size = 2000)], CommandType='Text', CommandTimeout='0']
      SELECT "l"."GIA_TRI"
      FROM "QL_NHAN_HIEN_THI" "l"
      WHERE "l"."MA" = :Ma_0
      FETCH FIRST 1 ROWS ONLY
info: Microsoft.EntityFrameworkCore.Database.Command[20101]
      Executed DbCommand (17ms) [Parameters=[:nguoiDung_ID_0='?' (DbType = Decimal)], CommandType='Text', CommandTimeout='0']
      SELECT "c"."VAI_TRO_ID"
      FROM "QL_VAI_TRO_NGUOI_DUNG" "c"
      WHERE "c"."NGUOI_DUNG_ID" = :nguoiDung_ID_0
info: Microsoft.EntityFrameworkCore.Database.Command[20101]
      Executed DbCommand (13ms) [Parameters=[:Ma_0='?' (Size = 2000)], CommandType='Text', CommandTimeout='0']
      SELECT "l"."GIA_TRI"
      FROM "QL_NHAN_HIEN_THI" "l"
      WHERE "l"."MA" = :Ma_0
      FETCH FIRST 1 ROWS ONLY
info: Microsoft.EntityFrameworkCore.Database.Command[20101]
      Executed DbCommand (17ms) [Parameters=[:nguoiDung_ID_0='?' (DbType = Decimal)], CommandType='Text', CommandTimeout='0']
      SELECT "c"."VAI_TRO_ID"
      FROM "QL_VAI_TRO_NGUOI_DUNG" "c"
      WHERE "c"."NGUOI_DUNG_ID" = :nguoiDung_ID_0
info: Microsoft.EntityFrameworkCore.Database.Command[20101]
      Executed DbCommand (12ms) [Parameters=[:Ma_0='?' (Size = 2000)], CommandType='Text', CommandTimeout='0']
      SELECT "l"."GIA_TRI"
      FROM "QL_NHAN_HIEN_THI" "l"
      WHERE "l"."MA" = :Ma_0
      FETCH FIRST 1 ROWS ONLY
info: Microsoft.EntityFrameworkCore.Database.Command[20101]
      Executed DbCommand (22ms) [Parameters=[:nguoiDung_ID_0='?' (DbType = Decimal)], CommandType='Text', CommandTimeout='0']
      SELECT "c"."VAI_TRO_ID"
      FROM "QL_VAI_TRO_NGUOI_DUNG" "c"
      WHERE "c"."NGUOI_DUNG_ID" = :nguoiDung_ID_0
info: Microsoft.EntityFrameworkCore.Database.Command[20101]
      Executed DbCommand (11ms) [Parameters=[:Ma_0='?' (Size = 2000)], CommandType='Text', CommandTimeout='0']
      SELECT "l"."GIA_TRI"
      FROM "QL_NHAN_HIEN_THI" "l"
      WHERE "l"."MA" = :Ma_0
      FETCH FIRST 1 ROWS ONLY
info: Microsoft.EntityFrameworkCore.Database.Command[20101]
      Executed DbCommand (11ms) [Parameters=[:nguoiDung_ID_0='?' (DbType = Decimal)], CommandType='Text', CommandTimeout='0']
      SELECT "c"."VAI_TRO_ID"
      FROM "QL_VAI_TRO_NGUOI_DUNG" "c"
      WHERE "c"."NGUOI_DUNG_ID" = :nguoiDung_ID_0
info: Microsoft.EntityFrameworkCore.Database.Command[20101]
      Executed DbCommand (18ms) [Parameters=[:Ma_0='?' (Size = 2000)], CommandType='Text', CommandTimeout='0']
      SELECT "l"."GIA_TRI"
      FROM "QL_NHAN_HIEN_THI" "l"
      WHERE "l"."MA" = :Ma_0
      FETCH FIRST 1 ROWS ONLY
info: Microsoft.EntityFrameworkCore.Database.Command[20101]
      Executed DbCommand (21ms) [Parameters=[:Ma_0='?' (Size = 2000)], CommandType='Text', CommandTimeout='0']
      SELECT "l"."GIA_TRI"
      FROM "QL_NHAN_HIEN_THI" "l"
      WHERE "l"."MA" = :Ma_0
      FETCH FIRST 1 ROWS ONLY
info: Microsoft.EntityFrameworkCore.Database.Command[20101]
      Executed DbCommand (18ms) [Parameters=[:Ma_0='?' (Size = 2000)], CommandType='Text', CommandTimeout='0']
      SELECT "l"."GIA_TRI"
      FROM "QL_NHAN_HIEN_THI" "l"
      WHERE "l"."MA" = :Ma_0
      FETCH FIRST 1 ROWS ONLY
info: Microsoft.EntityFrameworkCore.Database.Command[20101]
      Executed DbCommand (21ms) [Parameters=[:Ma_0='?' (Size = 2000)], CommandType='Text', CommandTimeout='0']
      SELECT "l"."GIA_TRI"
      FROM "QL_NHAN_HIEN_THI" "l"
      WHERE "l"."MA" = :Ma_0
      FETCH FIRST 1 ROWS ONLY
info: Microsoft.EntityFrameworkCore.Database.Command[20101]
      Executed DbCommand (22ms) [Parameters=[:Ma_0='?' (Size = 2000)], CommandType='Text', CommandTimeout='0']
      SELECT "l"."GIA_TRI"
      FROM "QL_NHAN_HIEN_THI" "l"
      WHERE "l"."MA" = :Ma_0
      FETCH FIRST 1 ROWS ONLY
info: Microsoft.EntityFrameworkCore.Database.Command[20101]
      Executed DbCommand (18ms) [Parameters=[:Ma_0='?' (Size = 2000)], CommandType='Text', CommandTimeout='0']
      SELECT "l"."GIA_TRI"
      FROM "QL_NHAN_HIEN_THI" "l"
      WHERE "l"."MA" = :Ma_0
      FETCH FIRST 1 ROWS ONLY
info: Microsoft.EntityFrameworkCore.Database.Command[20101]
      Executed DbCommand (18ms) [Parameters=[:nguoiDung_ID_0='?' (DbType = Decimal)], CommandType='Text', CommandTimeout='0']
      SELECT "c"."VAI_TRO_ID"
      FROM "QL_VAI_TRO_NGUOI_DUNG" "c"
      WHERE "c"."NGUOI_DUNG_ID" = :nguoiDung_ID_0
info: Microsoft.EntityFrameworkCore.Database.Command[20101]
      Executed DbCommand (43ms) [Parameters=[:Ma_0='?' (Size = 2000)], CommandType='Text', CommandTimeout='0']
      SELECT "l"."GIA_TRI"
      FROM "QL_NHAN_HIEN_THI" "l"
      WHERE "l"."MA" = :Ma_0
      FETCH FIRST 1 ROWS ONLY
info: Microsoft.EntityFrameworkCore.Database.Command[20101]
      Executed DbCommand (15ms) [Parameters=[:nguoiDung_ID_0='?' (DbType = Decimal)], CommandType='Text', CommandTimeout='0']
      SELECT "c"."VAI_TRO_ID"
      FROM "QL_VAI_TRO_NGUOI_DUNG" "c"
      WHERE "c"."NGUOI_DUNG_ID" = :nguoiDung_ID_0
info: Microsoft.EntityFrameworkCore.Database.Command[20101]
      Executed DbCommand (23ms) [Parameters=[:nguoiDung_ID_0='?' (DbType = Decimal)], CommandType='Text', CommandTimeout='0']
      SELECT "c"."VAI_TRO_ID"
      FROM "QL_VAI_TRO_NGUOI_DUNG" "c"
      WHERE "c"."NGUOI_DUNG_ID" = :nguoiDung_ID_0
info: Microsoft.EntityFrameworkCore.Database.Command[20101]
      Executed DbCommand (15ms) [Parameters=[:Ma_0='?' (Size = 2000)], CommandType='Text', CommandTimeout='0']
      SELECT "l"."GIA_TRI"
      FROM "QL_NHAN_HIEN_THI" "l"
      WHERE "l"."MA" = :Ma_0
      FETCH FIRST 1 ROWS ONLY
info: Microsoft.EntityFrameworkCore.Database.Command[20101]
      Executed DbCommand (20ms) [Parameters=[:nguoiDung_ID_0='?' (DbType = Decimal)], CommandType='Text', CommandTimeout='0']
      SELECT "c"."VAI_TRO_ID"
      FROM "QL_VAI_TRO_NGUOI_DUNG" "c"
      WHERE "c"."NGUOI_DUNG_ID" = :nguoiDung_ID_0
info: Microsoft.EntityFrameworkCore.Database.Command[20101]
      Executed DbCommand (11ms) [Parameters=[:Ma_0='?' (Size = 2000)], CommandType='Text', CommandTimeout='0']
      SELECT "l"."GIA_TRI"
      FROM "QL_NHAN_HIEN_THI" "l"
      WHERE "l"."MA" = :Ma_0
      FETCH FIRST 1 ROWS ONLY
info: Microsoft.EntityFrameworkCore.Database.Command[20101]
      Executed DbCommand (9ms) [Parameters=[:nguoiDung_ID_0='?' (DbType = Decimal)], CommandType='Text', CommandTimeout='0']
      SELECT "c"."VAI_TRO_ID"
      FROM "QL_VAI_TRO_NGUOI_DUNG" "c"
      WHERE "c"."NGUOI_DUNG_ID" = :nguoiDung_ID_0
info: Microsoft.EntityFrameworkCore.Database.Command[20101]
      Executed DbCommand (8ms) [Parameters=[:nguoiDung_ID_0='?' (DbType = Decimal)], CommandType='Text', CommandTimeout='0']
      SELECT "c"."VAI_TRO_ID"
      FROM "QL_VAI_TRO_NGUOI_DUNG" "c"
      WHERE "c"."NGUOI_DUNG_ID" = :nguoiDung_ID_0
info: Microsoft.EntityFrameworkCore.Database.Command[20101]
      Executed DbCommand (10ms) [Parameters=[:Ma_0='?' (Size = 2000)], CommandType='Text', CommandTimeout='0']
      SELECT "l"."GIA_TRI"
      FROM "QL_NHAN_HIEN_THI" "l"
      WHERE "l"."MA" = :Ma_0
      FETCH FIRST 1 ROWS ONLY
info: Microsoft.EntityFrameworkCore.Database.Command[20101]
      Executed DbCommand (11ms) [Parameters=[:nguoiDung_ID_0='?' (DbType = Decimal)], CommandType='Text', CommandTimeout='0']
      SELECT "c"."VAI_TRO_ID"
      FROM "QL_VAI_TRO_NGUOI_DUNG" "c"
      WHERE "c"."NGUOI_DUNG_ID" = :nguoiDung_ID_0
info: Microsoft.EntityFrameworkCore.Database.Command[20101]
      Executed DbCommand (20ms) [Parameters=[:Ma_0='?' (Size = 2000)], CommandType='Text', CommandTimeout='0']
      SELECT "l"."GIA_TRI"
      FROM "QL_NHAN_HIEN_THI" "l"
      WHERE "l"."MA" = :Ma_0
      FETCH FIRST 1 ROWS ONLY
info: Microsoft.EntityFrameworkCore.Database.Command[20101]
      Executed DbCommand (19ms) [Parameters=[:nguoiDung_ID_0='?' (DbType = Decimal)], CommandType='Text', CommandTimeout='0']
      SELECT "c"."VAI_TRO_ID"
      FROM "QL_VAI_TRO_NGUOI_DUNG" "c"
      WHERE "c"."NGUOI_DUNG_ID" = :nguoiDung_ID_0
info: Microsoft.EntityFrameworkCore.Database.Command[20101]
      Executed DbCommand (14ms) [Parameters=[:Ma_0='?' (Size = 2000)], CommandType='Text', CommandTimeout='0']
      SELECT "l"."GIA_TRI"
      FROM "QL_NHAN_HIEN_THI" "l"
      WHERE "l"."MA" = :Ma_0
      FETCH FIRST 1 ROWS ONLY
info: Microsoft.EntityFrameworkCore.Database.Command[20101]
      Executed DbCommand (12ms) [Parameters=[:nguoiDung_ID_0='?' (DbType = Decimal)], CommandType='Text', CommandTimeout='0']
      SELECT "c"."VAI_TRO_ID"
      FROM "QL_VAI_TRO_NGUOI_DUNG" "c"
      WHERE "c"."NGUOI_DUNG_ID" = :nguoiDung_ID_0
info: Microsoft.EntityFrameworkCore.Database.Command[20101]
      Executed DbCommand (11ms) [Parameters=[:Ma_0='?' (Size = 2000)], CommandType='Text', CommandTimeout='0']
      SELECT "l"."GIA_TRI"
      FROM "QL_NHAN_HIEN_THI" "l"
      WHERE "l"."MA" = :Ma_0
      FETCH FIRST 1 ROWS ONLY
info: Microsoft.EntityFrameworkCore.Database.Command[20101]
      Executed DbCommand (10ms) [Parameters=[:nguoiDung_ID_0='?' (DbType = Decimal)], CommandType='Text', CommandTimeout='0']
      SELECT "c"."VAI_TRO_ID"
      FROM "QL_VAI_TRO_NGUOI_DUNG" "c"
      WHERE "c"."NGUOI_DUNG_ID" = :nguoiDung_ID_0
info: Microsoft.EntityFrameworkCore.Database.Command[20101]
      Executed DbCommand (20ms) [Parameters=[:Ma_0='?' (Size = 2000)], CommandType='Text', CommandTimeout='0']
      SELECT "l"."GIA_TRI"
      FROM "QL_NHAN_HIEN_THI" "l"
      WHERE "l"."MA" = :Ma_0
      FETCH FIRST 1 ROWS ONLY
info: Microsoft.EntityFrameworkCore.Database.Command[20101]
      Executed DbCommand (10ms) [Parameters=[:nguoiDung_ID_0='?' (DbType = Decimal)], CommandType='Text', CommandTimeout='0']
      SELECT "c"."VAI_TRO_ID"
      FROM "QL_VAI_TRO_NGUOI_DUNG" "c"
      WHERE "c"."NGUOI_DUNG_ID" = :nguoiDung_ID_0
info: Microsoft.EntityFrameworkCore.Database.Command[20101]
      Executed DbCommand (13ms) [Parameters=[:Ma_0='?' (Size = 2000)], CommandType='Text', CommandTimeout='0']
      SELECT "l"."GIA_TRI"
      FROM "QL_NHAN_HIEN_THI" "l"
      WHERE "l"."MA" = :Ma_0
      FETCH FIRST 1 ROWS ONLY
info: Microsoft.EntityFrameworkCore.Database.Command[20101]
      Executed DbCommand (16ms) [Parameters=[:nguoiDung_ID_0='?' (DbType = Decimal)], CommandType='Text', CommandTimeout='0']
      SELECT "c"."VAI_TRO_ID"
      FROM "QL_VAI_TRO_NGUOI_DUNG" "c"
      WHERE "c"."NGUOI_DUNG_ID" = :nguoiDung_ID_0
info: Microsoft.EntityFrameworkCore.Database.Command[20101]
      Executed DbCommand (10ms) [Parameters=[:Ma_0='?' (Size = 2000)], CommandType='Text', CommandTimeout='0']
      SELECT "l"."GIA_TRI"
      FROM "QL_NHAN_HIEN_THI" "l"
      WHERE "l"."MA" = :Ma_0
      FETCH FIRST 1 ROWS ONLY
info: Microsoft.EntityFrameworkCore.Database.Command[20101]
      Executed DbCommand (13ms) [Parameters=[:nguoiDung_ID_0='?' (DbType = Decimal)], CommandType='Text', CommandTimeout='0']
      SELECT "c"."VAI_TRO_ID"
      FROM "QL_VAI_TRO_NGUOI_DUNG" "c"
      WHERE "c"."NGUOI_DUNG_ID" = :nguoiDung_ID_0
info: Microsoft.EntityFrameworkCore.Database.Command[20101]
      Executed DbCommand (12ms) [Parameters=[:Ma_0='?' (Size = 2000)], CommandType='Text', CommandTimeout='0']
      SELECT "l"."GIA_TRI"
      FROM "QL_NHAN_HIEN_THI" "l"
      WHERE "l"."MA" = :Ma_0
      FETCH FIRST 1 ROWS ONLY
info: Microsoft.EntityFrameworkCore.Database.Command[20101]
      Executed DbCommand (10ms) [Parameters=[:nguoiDung_ID_0='?' (DbType = Decimal)], CommandType='Text', CommandTimeout='0']
      SELECT "c"."VAI_TRO_ID"
      FROM "QL_VAI_TRO_NGUOI_DUNG" "c"
      WHERE "c"."NGUOI_DUNG_ID" = :nguoiDung_ID_0
info: Microsoft.EntityFrameworkCore.Database.Command[20101]
      Executed DbCommand (13ms) [Parameters=[:Ma_0='?' (Size = 2000)], CommandType='Text', CommandTimeout='0']
      SELECT "l"."GIA_TRI"
      FROM "QL_NHAN_HIEN_THI" "l"
      WHERE "l"."MA" = :Ma_0
      FETCH FIRST 1 ROWS ONLY
info: Microsoft.EntityFrameworkCore.Database.Command[20101]
      Executed DbCommand (10ms) [Parameters=[:nguoiDung_ID_0='?' (DbType = Decimal)], CommandType='Text', CommandTimeout='0']
      SELECT "c"."VAI_TRO_ID"
      FROM "QL_VAI_TRO_NGUOI_DUNG" "c"
      WHERE "c"."NGUOI_DUNG_ID" = :nguoiDung_ID_0
info: Microsoft.EntityFrameworkCore.Database.Command[20101]
      Executed DbCommand (30ms) [Parameters=[:Ma_0='?' (Size = 2000)], CommandType='Text', CommandTimeout='0']
      SELECT "l"."GIA_TRI"
      FROM "QL_NHAN_HIEN_THI" "l"
      WHERE "l"."MA" = :Ma_0
      FETCH FIRST 1 ROWS ONLY
info: Microsoft.EntityFrameworkCore.Database.Command[20101]
      Executed DbCommand (41ms) [Parameters=[:nguoiDung_ID_0='?' (DbType = Decimal)], CommandType='Text', CommandTimeout='0']
      SELECT "c"."VAI_TRO_ID"
      FROM "QL_VAI_TRO_NGUOI_DUNG" "c"
      WHERE "c"."NGUOI_DUNG_ID" = :nguoiDung_ID_0
info: Microsoft.EntityFrameworkCore.Database.Command[20101]
      Executed DbCommand (38ms) [Parameters=[:Ma_0='?' (Size = 2000)], CommandType='Text', CommandTimeout='0']
      SELECT "l"."GIA_TRI"
      FROM "QL_NHAN_HIEN_THI" "l"
      WHERE "l"."MA" = :Ma_0
      FETCH FIRST 1 ROWS ONLY
info: Microsoft.EntityFrameworkCore.Database.Command[20101]
      Executed DbCommand (9ms) [Parameters=[:nguoiDung_ID_0='?' (DbType = Decimal)], CommandType='Text', CommandTimeout='0']
      SELECT "c"."VAI_TRO_ID"
      FROM "QL_VAI_TRO_NGUOI_DUNG" "c"
      WHERE "c"."NGUOI_DUNG_ID" = :nguoiDung_ID_0
info: Microsoft.EntityFrameworkCore.Database.Command[20101]
      Executed DbCommand (28ms) [Parameters=[:Ma_0='?' (Size = 2000)], CommandType='Text', CommandTimeout='0']
      SELECT "l"."GIA_TRI"
      FROM "QL_NHAN_HIEN_THI" "l"
      WHERE "l"."MA" = :Ma_0
      FETCH FIRST 1 ROWS ONLY
info: Microsoft.EntityFrameworkCore.Database.Command[20101]
      Executed DbCommand (20ms) [Parameters=[:nguoiDung_ID_0='?' (DbType = Decimal)], CommandType='Text', CommandTimeout='0']
      SELECT "c"."VAI_TRO_ID"
      FROM "QL_VAI_TRO_NGUOI_DUNG" "c"
      WHERE "c"."NGUOI_DUNG_ID" = :nguoiDung_ID_0
info: Microsoft.EntityFrameworkCore.Database.Command[20101]
      Executed DbCommand (9ms) [Parameters=[:Ma_0='?' (Size = 2000)], CommandType='Text', CommandTimeout='0']
      SELECT "l"."GIA_TRI"
      FROM "QL_NHAN_HIEN_THI" "l"
      WHERE "l"."MA" = :Ma_0
      FETCH FIRST 1 ROWS ONLY
info: Microsoft.EntityFrameworkCore.Database.Command[20101]
      Executed DbCommand (9ms) [Parameters=[:nguoiDung_ID_0='?' (DbType = Decimal)], CommandType='Text', CommandTimeout='0']
      SELECT "c"."VAI_TRO_ID"
      FROM "QL_VAI_TRO_NGUOI_DUNG" "c"
      WHERE "c"."NGUOI_DUNG_ID" = :nguoiDung_ID_0
info: Microsoft.EntityFrameworkCore.Database.Command[20101]
      Executed DbCommand (22ms) [Parameters=[:Ma_0='?' (Size = 2000)], CommandType='Text', CommandTimeout='0']
      SELECT "l"."GIA_TRI"
      FROM "QL_NHAN_HIEN_THI" "l"
      WHERE "l"."MA" = :Ma_0
      FETCH FIRST 1 ROWS ONLY
info: Microsoft.EntityFrameworkCore.Database.Command[20101]
      Executed DbCommand (22ms) [Parameters=[:nguoiDung_ID_0='?' (DbType = Decimal)], CommandType='Text', CommandTimeout='0']
      SELECT "c"."VAI_TRO_ID"
      FROM "QL_VAI_TRO_NGUOI_DUNG" "c"
      WHERE "c"."NGUOI_DUNG_ID" = :nguoiDung_ID_0
info: Microsoft.EntityFrameworkCore.Database.Command[20101]
      Executed DbCommand (12ms) [Parameters=[:Ma_0='?' (Size = 2000)], CommandType='Text', CommandTimeout='0']
      SELECT "l"."GIA_TRI"
      FROM "QL_NHAN_HIEN_THI" "l"
      WHERE "l"."MA" = :Ma_0
      FETCH FIRST 1 ROWS ONLY
info: Microsoft.EntityFrameworkCore.Database.Command[20101]
      Executed DbCommand (6ms) [Parameters=[:nguoiDung_ID_0='?' (DbType = Decimal)], CommandType='Text', CommandTimeout='0']
      SELECT "c"."VAI_TRO_ID"
      FROM "QL_VAI_TRO_NGUOI_DUNG" "c"
      WHERE "c"."NGUOI_DUNG_ID" = :nguoiDung_ID_0
info: Microsoft.EntityFrameworkCore.Database.Command[20101]
      Executed DbCommand (77ms) [Parameters=[:donViId_0='?' (DbType = Decimal)], CommandType='Text', CommandTimeout='0']
      SELECT COUNT(*)
      FROM "DM_DON_VI" "p"
      WHERE ((("p"."PARENT_ID" = :donViId_0) AND ("p"."LA_BAN_QL_DU_AN" = 1)) OR (("p"."ID" = :donViId_0) AND ("p"."LOAI_DON_VI_ID" = 15.0))) OR (("p"."ID" = :donViId_0) AND ("p"."LA_BAN_QL_DU_AN" = 1))
info: Microsoft.EntityFrameworkCore.Database.Command[20101]
      Executed DbCommand (29ms) [Parameters=[:Ma_0='?' (Size = 2000)], CommandType='Text', CommandTimeout='0']
      SELECT "l"."GIA_TRI"
      FROM "QL_NHAN_HIEN_THI" "l"
      WHERE "l"."MA" = :Ma_0
      FETCH FIRST 1 ROWS ONLY
info: Microsoft.EntityFrameworkCore.Database.Command[20101]
      Executed DbCommand (28ms) [Parameters=[:nguoiDung_ID_0='?' (DbType = Decimal)], CommandType='Text', CommandTimeout='0']
      SELECT "c"."VAI_TRO_ID"
      FROM "QL_VAI_TRO_NGUOI_DUNG" "c"
      WHERE "c"."NGUOI_DUNG_ID" = :nguoiDung_ID_0
info: Microsoft.EntityFrameworkCore.Database.Command[20101]
      Executed DbCommand (90ms) [Parameters=[:Ma_0='?' (Size = 2000)], CommandType='Text', CommandTimeout='0']
      SELECT "l"."GIA_TRI"
      FROM "QL_NHAN_HIEN_THI" "l"
      WHERE "l"."MA" = :Ma_0
      FETCH FIRST 1 ROWS ONLY
info: Microsoft.EntityFrameworkCore.Database.Command[20101]
      Executed DbCommand (14ms) [Parameters=[:nguoiDung_ID_0='?' (DbType = Decimal)], CommandType='Text', CommandTimeout='0']
      SELECT "c"."VAI_TRO_ID"
      FROM "QL_VAI_TRO_NGUOI_DUNG" "c"
      WHERE "c"."NGUOI_DUNG_ID" = :nguoiDung_ID_0
info: Microsoft.EntityFrameworkCore.Database.Command[20101]
      Executed DbCommand (14ms) [Parameters=[:Ma_0='?' (Size = 2000)], CommandType='Text', CommandTimeout='0']
      SELECT "l"."GIA_TRI"
      FROM "QL_NHAN_HIEN_THI" "l"
      WHERE "l"."MA" = :Ma_0
      FETCH FIRST 1 ROWS ONLY
info: Microsoft.EntityFrameworkCore.Database.Command[20101]
      Executed DbCommand (25ms) [Parameters=[:nguoiDung_ID_0='?' (DbType = Decimal)], CommandType='Text', CommandTimeout='0']
      SELECT "c"."VAI_TRO_ID"
      FROM "QL_VAI_TRO_NGUOI_DUNG" "c"
      WHERE "c"."NGUOI_DUNG_ID" = :nguoiDung_ID_0
info: Microsoft.EntityFrameworkCore.Database.Command[20101]
      Executed DbCommand (18ms) [Parameters=[:Ma_0='?' (Size = 2000)], CommandType='Text', CommandTimeout='0']
      SELECT "l"."GIA_TRI"
      FROM "QL_NHAN_HIEN_THI" "l"
      WHERE "l"."MA" = :Ma_0
      FETCH FIRST 1 ROWS ONLY
info: Microsoft.EntityFrameworkCore.Database.Command[20101]
      Executed DbCommand (14ms) [Parameters=[:nguoiDung_ID_0='?' (DbType = Decimal)], CommandType='Text', CommandTimeout='0']
      SELECT "c"."VAI_TRO_ID"
      FROM "QL_VAI_TRO_NGUOI_DUNG" "c"
      WHERE "c"."NGUOI_DUNG_ID" = :nguoiDung_ID_0
info: Microsoft.EntityFrameworkCore.Database.Command[20101]
      Executed DbCommand (16ms) [Parameters=[:Ma_0='?' (Size = 2000)], CommandType='Text', CommandTimeout='0']
      SELECT "l"."GIA_TRI"
      FROM "QL_NHAN_HIEN_THI" "l"
      WHERE "l"."MA" = :Ma_0
      FETCH FIRST 1 ROWS ONLY
info: Microsoft.EntityFrameworkCore.Database.Command[20101]
      Executed DbCommand (12ms) [Parameters=[:nguoiDung_ID_0='?' (DbType = Decimal)], CommandType='Text', CommandTimeout='0']
      SELECT "c"."VAI_TRO_ID"
      FROM "QL_VAI_TRO_NGUOI_DUNG" "c"
      WHERE "c"."NGUOI_DUNG_ID" = :nguoiDung_ID_0
info: Microsoft.EntityFrameworkCore.Database.Command[20101]
      Executed DbCommand (8ms) [Parameters=[:Ma_0='?' (Size = 2000)], CommandType='Text', CommandTimeout='0']
      SELECT "l"."GIA_TRI"
      FROM "QL_NHAN_HIEN_THI" "l"
      WHERE "l"."MA" = :Ma_0
      FETCH FIRST 1 ROWS ONLY
info: Microsoft.EntityFrameworkCore.Database.Command[20101]
      Executed DbCommand (13ms) [Parameters=[:nguoiDung_ID_0='?' (DbType = Decimal)], CommandType='Text', CommandTimeout='0']
      SELECT "c"."VAI_TRO_ID"
      FROM "QL_VAI_TRO_NGUOI_DUNG" "c"
      WHERE "c"."NGUOI_DUNG_ID" = :nguoiDung_ID_0
info: Microsoft.EntityFrameworkCore.Database.Command[20101]
      Executed DbCommand (20ms) [Parameters=[:Ma_0='?' (Size = 2000)], CommandType='Text', CommandTimeout='0']
      SELECT "l"."GIA_TRI"
      FROM "QL_NHAN_HIEN_THI" "l"
      WHERE "l"."MA" = :Ma_0
      FETCH FIRST 1 ROWS ONLY
info: Microsoft.EntityFrameworkCore.Database.Command[20101]
      Executed DbCommand (10ms) [Parameters=[:nguoiDung_ID_0='?' (DbType = Decimal)], CommandType='Text', CommandTimeout='0']
      SELECT "c"."VAI_TRO_ID"
      FROM "QL_VAI_TRO_NGUOI_DUNG" "c"
      WHERE "c"."NGUOI_DUNG_ID" = :nguoiDung_ID_0
info: Microsoft.EntityFrameworkCore.Database.Command[20101]
      Executed DbCommand (22ms) [Parameters=[:Ma_0='?' (Size = 2000)], CommandType='Text', CommandTimeout='0']
      SELECT "l"."GIA_TRI"
      FROM "QL_NHAN_HIEN_THI" "l"
      WHERE "l"."MA" = :Ma_0
      FETCH FIRST 1 ROWS ONLY
info: Microsoft.EntityFrameworkCore.Database.Command[20101]
      Executed DbCommand (17ms) [Parameters=[:nguoiDung_ID_0='?' (DbType = Decimal)], CommandType='Text', CommandTimeout='0']
      SELECT "c"."VAI_TRO_ID"
      FROM "QL_VAI_TRO_NGUOI_DUNG" "c"
      WHERE "c"."NGUOI_DUNG_ID" = :nguoiDung_ID_0
info: Microsoft.EntityFrameworkCore.Database.Command[20101]
      Executed DbCommand (12ms) [Parameters=[:Ma_0='?' (Size = 2000)], CommandType='Text', CommandTimeout='0']
      SELECT "l"."GIA_TRI"
      FROM "QL_NHAN_HIEN_THI" "l"
      WHERE "l"."MA" = :Ma_0
      FETCH FIRST 1 ROWS ONLY
info: Microsoft.EntityFrameworkCore.Database.Command[20101]
      Executed DbCommand (9ms) [Parameters=[:nguoiDung_ID_0='?' (DbType = Decimal)], CommandType='Text', CommandTimeout='0']
      SELECT "c"."VAI_TRO_ID"
      FROM "QL_VAI_TRO_NGUOI_DUNG" "c"
      WHERE "c"."NGUOI_DUNG_ID" = :nguoiDung_ID_0
info: Microsoft.EntityFrameworkCore.Database.Command[20101]
      Executed DbCommand (7ms) [Parameters=[:guid_0='?' (DbType = Binary)], CommandType='Text', CommandTimeout='0']
      SELECT "c"."ID", "c"."CURRENT_DON_VI_ID", "c"."DB_ID", "c"."EMAIL", "c"."GHI_CHU", "c"."GUID", "c"."IP_TRUY_CAP", "c"."IS_QUAN_TRI", "c"."MAT_KHAU", "c"."MAT_KHAU_KEY", "c"."MA_CAN_BO", "c"."MOBILE", "c"."NGAY_TAO", "c"."NGAY_TRUY_CAP", "c"."NGUOI_TAO", "c"."NGUON_ID", "c"."PASSWORD_HASH", "c"."TEN_DANG_NHAP", "c"."TEN_DAY_DU", "c"."TMP_MAT_KHAU", "c"."TRANG_THAI_ID", "c"."UNG_DUNG"
      FROM "QL_NGUOI_DUNG" "c"
      WHERE "c"."GUID" = :guid_0
      FETCH FIRST 1 ROWS ONLY
info: Microsoft.EntityFrameworkCore.Database.Command[20101]
      Executed DbCommand (11ms) [Parameters=[:nguoiDung_ID_0='?' (DbType = Int32)], CommandType='Text', CommandTimeout='0']
      SELECT "p"."ID", "p"."DATA_JSON", "p"."DB_QUEUE_PROCESS_ID", "p"."DON_VI_ID", "p"."FILE_TYPE", "p"."GUID", "p"."GUID_FILE", "p"."MA_BAO_CAO", "p"."MODEL_DATA_TYPE", "p"."NGAY_TAO", "p"."NGUOI_TAO_ID", "p"."REPORT_CLASS", "p"."RESPONSE", "p"."SEARCH_MODEL_CLASS", "p"."SEARCH_MODEL_JSON", "p"."STATEMENT", "p"."TIME_END_GET_DATA", "p"."TIME_START_GET_DATA", "p"."TRANG_THAI_ID", "p"."TYPE_QUEUE_PROCESS_ID"
      FROM "BC_QUEUE_PROCESS" "p"
      WHERE "p"."NGUOI_TAO_ID" = :nguoiDung_ID_0
      ORDER BY "p"."ID" DESC
      FETCH FIRST 1 ROWS ONLY
info: Microsoft.EntityFrameworkCore.Database.Command[20101]
      Executed DbCommand (10ms) [Parameters=[:Ma_0='?' (Size = 2000)], CommandType='Text', CommandTimeout='0']
      SELECT "l"."GIA_TRI"
      FROM "QL_NHAN_HIEN_THI" "l"
      WHERE "l"."MA" = :Ma_0
      FETCH FIRST 1 ROWS ONLY
info: Microsoft.EntityFrameworkCore.Database.Command[20101]
      Executed DbCommand (10ms) [Parameters=[:Ma_0='?' (Size = 2000)], CommandType='Text', CommandTimeout='0']
      SELECT "l"."GIA_TRI"
      FROM "QL_NHAN_HIEN_THI" "l"
      WHERE "l"."MA" = :Ma_0
      FETCH FIRST 1 ROWS ONLY
info: Microsoft.EntityFrameworkCore.Database.Command[20101]
      Executed DbCommand (16ms) [Parameters=[:Ma_0='?' (Size = 2000)], CommandType='Text', CommandTimeout='0']
      SELECT "l"."GIA_TRI"
      FROM "QL_NHAN_HIEN_THI" "l"
      WHERE "l"."MA" = :Ma_0
      FETCH FIRST 1 ROWS ONLY
info: Microsoft.EntityFrameworkCore.Database.Command[20101]
      Executed DbCommand (12ms) [Parameters=[:Ma_0='?' (Size = 2000)], CommandType='Text', CommandTimeout='0']
      SELECT "l"."GIA_TRI"
      FROM "QL_NHAN_HIEN_THI" "l"
      WHERE "l"."MA" = :Ma_0
      FETCH FIRST 1 ROWS ONLY
info: Microsoft.AspNetCore.Mvc.ViewFeatures.ViewResultExecutor[4]
      Executed ViewResult - view ChonLoaiTaiSan executed in 10469.2501ms.
info: Microsoft.AspNetCore.Mvc.Internal.ControllerActionInvoker[2]
      Executed action GS.Web.Controllers.TaiSanController.ChonLoaiTaiSan (GS.Web) in 11191.8719ms
info: Microsoft.AspNetCore.Hosting.Internal.WebHost[2]
      Request finished in 11202.9736ms 200 text/html; charset=utf-8
info: Microsoft.AspNetCore.Hosting.Internal.WebHost[1]
      Request starting HTTP/1.1 GET http://localhost:62432/Home/GetTLHD  
info: Microsoft.AspNetCore.Mvc.Internal.ControllerActionInvoker[1]
      Route matched with {action = "GetTLHD", controller = "Home"}. Executing action GS.Web.Controllers.HomeController.GetTLHD (GS.Web)
info: Microsoft.AspNetCore.Mvc.Internal.ControllerActionInvoker[1]
      Executing action method GS.Web.Controllers.HomeController.GetTLHD (GS.Web) - Validation state: Valid
info: Microsoft.EntityFrameworkCore.Infrastructure[10403]
      Entity Framework Core 2.2.6-servicing-10079 initialized 'GSObjectContext' using provider 'Oracle.EntityFrameworkCore' with options: using lazy-loading proxies 
info: Microsoft.EntityFrameworkCore.Database.Command[20101]
      Executed DbCommand (44ms) [Parameters=[:get_Item_0='?' (DbType = Decimal)], CommandType='Text', CommandTimeout='0']
      SELECT "e"."ID", "e"."DON_VI_ID", "e"."GIA_TRI", "e"."TEN"
      FROM "QL_CAU_HINH" "e"
      WHERE "e"."ID" = :get_Item_0
      FETCH FIRST 1 ROWS ONLY
info: Microsoft.AspNetCore.Mvc.Internal.ControllerActionInvoker[2]
      Executed action method GS.Web.Controllers.HomeController.GetTLHD (GS.Web), returned result Microsoft.AspNetCore.Mvc.JsonResult in 172.4004ms.
info: Microsoft.AspNetCore.Mvc.Formatters.Json.Internal.JsonResultExecutor[1]
      Executing JsonResult, writing value of type 'System.String'.
info: Microsoft.AspNetCore.Mvc.Internal.ControllerActionInvoker[2]
      Executed action GS.Web.Controllers.HomeController.GetTLHD (GS.Web) in 293.427ms
info: Microsoft.AspNetCore.Hosting.Internal.WebHost[2]
      Request finished in 314.8679ms 200 application/json; charset=utf-8
info: Microsoft.AspNetCore.Hosting.Internal.WebHost[1]
      Request starting HTTP/1.1 GET http://localhost:62432/TaiSan/ChonLoaiTaiSan?isTangMoi=false  
info: Microsoft.AspNetCore.Mvc.Internal.ControllerActionInvoker[1]
      Route matched with {action = "ChonLoaiTaiSan", controller = "TaiSan"}. Executing action GS.Web.Controllers.TaiSanController.ChonLoaiTaiSan (GS.Web)
info: Microsoft.AspNetCore.Mvc.Internal.ControllerActionInvoker[1]
      Executing action method GS.Web.Controllers.TaiSanController.ChonLoaiTaiSan (GS.Web) with arguments (False, False) - Validation state: Valid
info: Microsoft.EntityFrameworkCore.Infrastructure[10403]
      Entity Framework Core 2.2.6-servicing-10079 initialized 'GSObjectContext' using provider 'Oracle.EntityFrameworkCore' with options: using lazy-loading proxies 
info: Microsoft.EntityFrameworkCore.Database.Command[20101]
      Executed DbCommand (22ms) [Parameters=[:Ma_0='?' (Size = 2000)], CommandType='Text', CommandTimeout='0']
      SELECT "l"."GIA_TRI"
      FROM "QL_NHAN_HIEN_THI" "l"
      WHERE "l"."MA" = :Ma_0
      FETCH FIRST 1 ROWS ONLY
info: Microsoft.EntityFrameworkCore.Database.Command[20101]
      Executed DbCommand (22ms) [Parameters=[:Ma_0='?' (Size = 2000)], CommandType='Text', CommandTimeout='0']
      SELECT "l"."GIA_TRI"
      FROM "QL_NHAN_HIEN_THI" "l"
      WHERE "l"."MA" = :Ma_0
      FETCH FIRST 1 ROWS ONLY
info: Microsoft.EntityFrameworkCore.Database.Command[20101]
      Executed DbCommand (8ms) [Parameters=[:Ma_0='?' (Size = 2000)], CommandType='Text', CommandTimeout='0']
      SELECT "l"."GIA_TRI"
      FROM "QL_NHAN_HIEN_THI" "l"
      WHERE "l"."MA" = :Ma_0
      FETCH FIRST 1 ROWS ONLY
info: Microsoft.EntityFrameworkCore.Database.Command[20101]
      Executed DbCommand (17ms) [Parameters=[:Ma_0='?' (Size = 2000)], CommandType='Text', CommandTimeout='0']
      SELECT "l"."GIA_TRI"
      FROM "QL_NHAN_HIEN_THI" "l"
      WHERE "l"."MA" = :Ma_0
      FETCH FIRST 1 ROWS ONLY
info: Microsoft.EntityFrameworkCore.Database.Command[20101]
      Executed DbCommand (22ms) [Parameters=[:Ma_0='?' (Size = 2000)], CommandType='Text', CommandTimeout='0']
      SELECT "l"."GIA_TRI"
      FROM "QL_NHAN_HIEN_THI" "l"
      WHERE "l"."MA" = :Ma_0
      FETCH FIRST 1 ROWS ONLY
info: Microsoft.EntityFrameworkCore.Database.Command[20101]
      Executed DbCommand (14ms) [Parameters=[:Ma_0='?' (Size = 2000)], CommandType='Text', CommandTimeout='0']
      SELECT "l"."GIA_TRI"
      FROM "QL_NHAN_HIEN_THI" "l"
      WHERE "l"."MA" = :Ma_0
      FETCH FIRST 1 ROWS ONLY
info: Microsoft.EntityFrameworkCore.Database.Command[20101]
      Executed DbCommand (16ms) [Parameters=[:Ma_0='?' (Size = 2000)], CommandType='Text', CommandTimeout='0']
      SELECT "l"."GIA_TRI"
      FROM "QL_NHAN_HIEN_THI" "l"
      WHERE "l"."MA" = :Ma_0
      FETCH FIRST 1 ROWS ONLY
info: Microsoft.EntityFrameworkCore.Database.Command[20101]
      Executed DbCommand (13ms) [Parameters=[:Ma_0='?' (Size = 2000)], CommandType='Text', CommandTimeout='0']
      SELECT "l"."GIA_TRI"
      FROM "QL_NHAN_HIEN_THI" "l"
      WHERE "l"."MA" = :Ma_0
      FETCH FIRST 1 ROWS ONLY
info: Microsoft.EntityFrameworkCore.Database.Command[20101]
      Executed DbCommand (13ms) [Parameters=[:Ma_0='?' (Size = 2000)], CommandType='Text', CommandTimeout='0']
      SELECT "l"."GIA_TRI"
      FROM "QL_NHAN_HIEN_THI" "l"
      WHERE "l"."MA" = :Ma_0
      FETCH FIRST 1 ROWS ONLY
info: Microsoft.EntityFrameworkCore.Database.Command[20101]
      Executed DbCommand (8ms) [Parameters=[:Ma_0='?' (Size = 2000)], CommandType='Text', CommandTimeout='0']
      SELECT "l"."GIA_TRI"
      FROM "QL_NHAN_HIEN_THI" "l"
      WHERE "l"."MA" = :Ma_0
      FETCH FIRST 1 ROWS ONLY
info: Microsoft.EntityFrameworkCore.Database.Command[20101]
      Executed DbCommand (12ms) [Parameters=[:Ma_0='?' (Size = 2000)], CommandType='Text', CommandTimeout='0']
      SELECT "l"."GIA_TRI"
      FROM "QL_NHAN_HIEN_THI" "l"
      WHERE "l"."MA" = :Ma_0
      FETCH FIRST 1 ROWS ONLY
info: Microsoft.EntityFrameworkCore.Database.Command[20101]
      Executed DbCommand (13ms) [Parameters=[:Ma_0='?' (Size = 2000)], CommandType='Text', CommandTimeout='0']
      SELECT "l"."GIA_TRI"
      FROM "QL_NHAN_HIEN_THI" "l"
      WHERE "l"."MA" = :Ma_0
      FETCH FIRST 1 ROWS ONLY
info: Microsoft.EntityFrameworkCore.Database.Command[20101]
      Executed DbCommand (10ms) [Parameters=[:get_Item_0='?' (DbType = Decimal)], CommandType='Text', CommandTimeout='0']
      SELECT "e"."ID", "e"."CAP_DON_VI_ID", "e"."CHE_DO_HACH_TOAN_ID", "e"."CO_TAI_SAN", "e"."CQTC_MA", "e"."DA_CO_QUYET_DINH_GIAO_VON", "e"."DB_ID", "e"."DIA_BAN_ID", "e"."DIA_CHI", "e"."DIEN_THOAI", "e"."DON_VI_HIEN_THI", "e"."FAX", "e"."HUYEN_ID", "e"."IS_TSQUAN_LY_CHU_KY_SO", "e"."IS_TSQUAN_LY_NHU_TSCD", "e"."IS_XAC_NHAN_DU_LIEU", "e"."KHONG_CHUYEN_MA", "e"."LA_BAN_QL_DU_AN", "e"."LA_DON_VI_NHAP_LIEU", "e"."LA_DON_VI_TU_CHU_TAI_CHINH", "e"."LIST_FILE_XAC_NHAN", "e"."LOAI_CAP_DON_VI_ID", "e"."LOAI_DON_VI_ID", "e"."MA", "e"."MA_BO", "e"."MA_CHUONG", "e"."MA_DIA_BAN", "e"."MA_DVQHNS", "e"."MA_HUYEN", "e"."MA_TINH", "e"."NGAY_CAP_NHAT", "e"."NGAY_QUYET_DINH", "e"."NGAY_QUYET_DINH_GIAO_VON", "e"."NGAY_TAO", "e"."NGAY_XAC_NHAN", "e"."NGUOI_CAP_NHAT_ID", "e"."NGUOI_TAO_ID", "e"."NHOM_DON_VI_ID", "e"."OLD_CAP_DON_VI_ID", "e"."PARENT_ID", "e"."SO_QUYET_DINH", "e"."SO_QUYET_DINH_GIAO_VON", "e"."TEN", "e"."TINH_ID", "e"."TRANG_THAI_DONG_BO_ID", "e"."TRANG_THAI_ID", "e"."TRANG_THAI_THAY_DOI_ID", "e"."TREE_LEVEL", "e"."TREE_NODE", "e"."XA_ID"
      FROM "DM_DON_VI" "e"
      WHERE "e"."ID" = :get_Item_0
      FETCH FIRST 1 ROWS ONLY
info: Microsoft.EntityFrameworkCore.Database.Command[20101]
      Executed DbCommand (37ms) [Parameters=[:TREE_NODE_LON_NHAT_0='?' (Size = 2000)], CommandType='Text', CommandTimeout='0']
      SELECT "p"."ID", "p"."CAP_DON_VI_ID", "p"."CHE_DO_HACH_TOAN_ID", "p"."CO_TAI_SAN", "p"."CQTC_MA", "p"."DA_CO_QUYET_DINH_GIAO_VON", "p"."DB_ID", "p"."DIA_BAN_ID", "p"."DIA_CHI", "p"."DIEN_THOAI", "p"."DON_VI_HIEN_THI", "p"."FAX", "p"."HUYEN_ID", "p"."IS_TSQUAN_LY_CHU_KY_SO", "p"."IS_TSQUAN_LY_NHU_TSCD", "p"."IS_XAC_NHAN_DU_LIEU", "p"."KHONG_CHUYEN_MA", "p"."LA_BAN_QL_DU_AN", "p"."LA_DON_VI_NHAP_LIEU", "p"."LA_DON_VI_TU_CHU_TAI_CHINH", "p"."LIST_FILE_XAC_NHAN", "p"."LOAI_CAP_DON_VI_ID", "p"."LOAI_DON_VI_ID", "p"."MA", "p"."MA_BO", "p"."MA_CHUONG", "p"."MA_DIA_BAN", "p"."MA_DVQHNS", "p"."MA_HUYEN", "p"."MA_TINH", "p"."NGAY_CAP_NHAT", "p"."NGAY_QUYET_DINH", "p"."NGAY_QUYET_DINH_GIAO_VON", "p"."NGAY_TAO", "p"."NGAY_XAC_NHAN", "p"."NGUOI_CAP_NHAT_ID", "p"."NGUOI_TAO_ID", "p"."NHOM_DON_VI_ID", "p"."OLD_CAP_DON_VI_ID", "p"."PARENT_ID", "p"."SO_QUYET_DINH", "p"."SO_QUYET_DINH_GIAO_VON", "p"."TEN", "p"."TINH_ID", "p"."TRANG_THAI_DONG_BO_ID", "p"."TRANG_THAI_ID", "p"."TRANG_THAI_THAY_DOI_ID", "p"."TREE_LEVEL", "p"."TREE_NODE", "p"."XA_ID"
      FROM "DM_DON_VI" "p"
      WHERE ("p"."TREE_NODE" = :TREE_NODE_LON_NHAT_0) AND (("p"."TRANG_THAI_ID" <> 0) OR "p"."TRANG_THAI_ID" IS NULL)
      FETCH FIRST 1 ROWS ONLY
info: Microsoft.EntityFrameworkCore.Database.Command[20101]
      Executed DbCommand (105ms) [Parameters=[], CommandType='Text', CommandTimeout='0']
      SELECT "c"."ID"
      FROM "DM_DON_VI" "c"
      WHERE (CAST(LENGTH("c"."MA") AS NUMBER(10)) = 3) AND (COALESCE("c"."TRANG_THAI_ID", 0) = 1)
info: Microsoft.EntityFrameworkCore.Database.Command[20101]
      Executed DbCommand (10ms) [Parameters=[:donViCapTren_ID_0='?' (DbType = Decimal)], CommandType='Text', CommandTimeout='0']
      SELECT CASE
          WHEN EXISTS (
              SELECT 1
              FROM "DM_LOAI_TAI_SAN_DON_VI" "c"
              WHERE ("c"."LOAI_HINH_TAI_SAN_ID" = 10.0) AND ("c"."DON_VI_ID" = :donViCapTren_ID_0))
          THEN 1 ELSE 0
      END FROM DUAL
info: Microsoft.EntityFrameworkCore.Database.Command[20101]
      Executed DbCommand (38ms) [Parameters=[:TREE_NODE_LON_NHAT_0='?' (Size = 2000)], CommandType='Text', CommandTimeout='0']
      SELECT "p"."ID", "p"."CAP_DON_VI_ID", "p"."CHE_DO_HACH_TOAN_ID", "p"."CO_TAI_SAN", "p"."CQTC_MA", "p"."DA_CO_QUYET_DINH_GIAO_VON", "p"."DB_ID", "p"."DIA_BAN_ID", "p"."DIA_CHI", "p"."DIEN_THOAI", "p"."DON_VI_HIEN_THI", "p"."FAX", "p"."HUYEN_ID", "p"."IS_TSQUAN_LY_CHU_KY_SO", "p"."IS_TSQUAN_LY_NHU_TSCD", "p"."IS_XAC_NHAN_DU_LIEU", "p"."KHONG_CHUYEN_MA", "p"."LA_BAN_QL_DU_AN", "p"."LA_DON_VI_NHAP_LIEU", "p"."LA_DON_VI_TU_CHU_TAI_CHINH", "p"."LIST_FILE_XAC_NHAN", "p"."LOAI_CAP_DON_VI_ID", "p"."LOAI_DON_VI_ID", "p"."MA", "p"."MA_BO", "p"."MA_CHUONG", "p"."MA_DIA_BAN", "p"."MA_DVQHNS", "p"."MA_HUYEN", "p"."MA_TINH", "p"."NGAY_CAP_NHAT", "p"."NGAY_QUYET_DINH", "p"."NGAY_QUYET_DINH_GIAO_VON", "p"."NGAY_TAO", "p"."NGAY_XAC_NHAN", "p"."NGUOI_CAP_NHAT_ID", "p"."NGUOI_TAO_ID", "p"."NHOM_DON_VI_ID", "p"."OLD_CAP_DON_VI_ID", "p"."PARENT_ID", "p"."SO_QUYET_DINH", "p"."SO_QUYET_DINH_GIAO_VON", "p"."TEN", "p"."TINH_ID", "p"."TRANG_THAI_DONG_BO_ID", "p"."TRANG_THAI_ID", "p"."TRANG_THAI_THAY_DOI_ID", "p"."TREE_LEVEL", "p"."TREE_NODE", "p"."XA_ID"
      FROM "DM_DON_VI" "p"
      WHERE ("p"."TREE_NODE" = :TREE_NODE_LON_NHAT_0) AND (("p"."TRANG_THAI_ID" <> 0) OR "p"."TRANG_THAI_ID" IS NULL)
      FETCH FIRST 1 ROWS ONLY
info: Microsoft.EntityFrameworkCore.Database.Command[20101]
      Executed DbCommand (15ms) [Parameters=[:get_Item_0='?' (DbType = Decimal)], CommandType='Text', CommandTimeout='0']
      SELECT "e"."ID", "e"."CAP_DON_VI_ID", "e"."CHE_DO_HACH_TOAN_ID", "e"."CO_TAI_SAN", "e"."CQTC_MA", "e"."DA_CO_QUYET_DINH_GIAO_VON", "e"."DB_ID", "e"."DIA_BAN_ID", "e"."DIA_CHI", "e"."DIEN_THOAI", "e"."DON_VI_HIEN_THI", "e"."FAX", "e"."HUYEN_ID", "e"."IS_TSQUAN_LY_CHU_KY_SO", "e"."IS_TSQUAN_LY_NHU_TSCD", "e"."IS_XAC_NHAN_DU_LIEU", "e"."KHONG_CHUYEN_MA", "e"."LA_BAN_QL_DU_AN", "e"."LA_DON_VI_NHAP_LIEU", "e"."LA_DON_VI_TU_CHU_TAI_CHINH", "e"."LIST_FILE_XAC_NHAN", "e"."LOAI_CAP_DON_VI_ID", "e"."LOAI_DON_VI_ID", "e"."MA", "e"."MA_BO", "e"."MA_CHUONG", "e"."MA_DIA_BAN", "e"."MA_DVQHNS", "e"."MA_HUYEN", "e"."MA_TINH", "e"."NGAY_CAP_NHAT", "e"."NGAY_QUYET_DINH", "e"."NGAY_QUYET_DINH_GIAO_VON", "e"."NGAY_TAO", "e"."NGAY_XAC_NHAN", "e"."NGUOI_CAP_NHAT_ID", "e"."NGUOI_TAO_ID", "e"."NHOM_DON_VI_ID", "e"."OLD_CAP_DON_VI_ID", "e"."PARENT_ID", "e"."SO_QUYET_DINH", "e"."SO_QUYET_DINH_GIAO_VON", "e"."TEN", "e"."TINH_ID", "e"."TRANG_THAI_DONG_BO_ID", "e"."TRANG_THAI_ID", "e"."TRANG_THAI_THAY_DOI_ID", "e"."TREE_LEVEL", "e"."TREE_NODE", "e"."XA_ID"
      FROM "DM_DON_VI" "e"
      WHERE "e"."ID" = :get_Item_0
      FETCH FIRST 1 ROWS ONLY
info: Microsoft.AspNetCore.Mvc.Internal.ControllerActionInvoker[2]
      Executed action method GS.Web.Controllers.TaiSanController.ChonLoaiTaiSan (GS.Web), returned result Microsoft.AspNetCore.Mvc.ViewResult in 1263.1623ms.
info: Microsoft.AspNetCore.Mvc.ViewFeatures.ViewResultExecutor[1]
      Executing ViewResult, running view ChonLoaiTaiSan.
info: Microsoft.EntityFrameworkCore.Database.Command[20101]
      Executed DbCommand (11ms) [Parameters=[:Ma_0='?' (Size = 2000)], CommandType='Text', CommandTimeout='0']
      SELECT "l"."GIA_TRI"
      FROM "QL_NHAN_HIEN_THI" "l"
      WHERE "l"."MA" = :Ma_0
      FETCH FIRST 1 ROWS ONLY
info: Microsoft.EntityFrameworkCore.Database.Command[20101]
      Executed DbCommand (17ms) [Parameters=[:nguoiDung_ID_0='?' (DbType = Decimal)], CommandType='Text', CommandTimeout='0']
      SELECT "c"."VAI_TRO_ID"
      FROM "QL_VAI_TRO_NGUOI_DUNG" "c"
      WHERE "c"."NGUOI_DUNG_ID" = :nguoiDung_ID_0
info: Microsoft.EntityFrameworkCore.Database.Command[20101]
      Executed DbCommand (11ms) [Parameters=[:Ma_0='?' (Size = 2000)], CommandType='Text', CommandTimeout='0']
      SELECT "l"."GIA_TRI"
      FROM "QL_NHAN_HIEN_THI" "l"
      WHERE "l"."MA" = :Ma_0
      FETCH FIRST 1 ROWS ONLY
info: Microsoft.EntityFrameworkCore.Database.Command[20101]
      Executed DbCommand (11ms) [Parameters=[:nguoiDung_ID_0='?' (DbType = Decimal)], CommandType='Text', CommandTimeout='0']
      SELECT "c"."VAI_TRO_ID"
      FROM "QL_VAI_TRO_NGUOI_DUNG" "c"
      WHERE "c"."NGUOI_DUNG_ID" = :nguoiDung_ID_0
info: Microsoft.EntityFrameworkCore.Database.Command[20101]
      Executed DbCommand (16ms) [Parameters=[:Ma_0='?' (Size = 2000)], CommandType='Text', CommandTimeout='0']
      SELECT "l"."GIA_TRI"
      FROM "QL_NHAN_HIEN_THI" "l"
      WHERE "l"."MA" = :Ma_0
      FETCH FIRST 1 ROWS ONLY
info: Microsoft.EntityFrameworkCore.Database.Command[20101]
      Executed DbCommand (14ms) [Parameters=[:nguoiDung_ID_0='?' (DbType = Decimal)], CommandType='Text', CommandTimeout='0']
      SELECT "c"."VAI_TRO_ID"
      FROM "QL_VAI_TRO_NGUOI_DUNG" "c"
      WHERE "c"."NGUOI_DUNG_ID" = :nguoiDung_ID_0
info: Microsoft.EntityFrameworkCore.Database.Command[20101]
      Executed DbCommand (17ms) [Parameters=[:Ma_0='?' (Size = 2000)], CommandType='Text', CommandTimeout='0']
      SELECT "l"."GIA_TRI"
      FROM "QL_NHAN_HIEN_THI" "l"
      WHERE "l"."MA" = :Ma_0
      FETCH FIRST 1 ROWS ONLY
info: Microsoft.EntityFrameworkCore.Database.Command[20101]
      Executed DbCommand (9ms) [Parameters=[:nguoiDung_ID_0='?' (DbType = Decimal)], CommandType='Text', CommandTimeout='0']
      SELECT "c"."VAI_TRO_ID"
      FROM "QL_VAI_TRO_NGUOI_DUNG" "c"
      WHERE "c"."NGUOI_DUNG_ID" = :nguoiDung_ID_0
info: Microsoft.EntityFrameworkCore.Database.Command[20101]
      Executed DbCommand (13ms) [Parameters=[:Ma_0='?' (Size = 2000)], CommandType='Text', CommandTimeout='0']
      SELECT "l"."GIA_TRI"
      FROM "QL_NHAN_HIEN_THI" "l"
      WHERE "l"."MA" = :Ma_0
      FETCH FIRST 1 ROWS ONLY
info: Microsoft.EntityFrameworkCore.Database.Command[20101]
      Executed DbCommand (13ms) [Parameters=[:nguoiDung_ID_0='?' (DbType = Decimal)], CommandType='Text', CommandTimeout='0']
      SELECT "c"."VAI_TRO_ID"
      FROM "QL_VAI_TRO_NGUOI_DUNG" "c"
      WHERE "c"."NGUOI_DUNG_ID" = :nguoiDung_ID_0
info: Microsoft.EntityFrameworkCore.Database.Command[20101]
      Executed DbCommand (26ms) [Parameters=[:Ma_0='?' (Size = 2000)], CommandType='Text', CommandTimeout='0']
      SELECT "l"."GIA_TRI"
      FROM "QL_NHAN_HIEN_THI" "l"
      WHERE "l"."MA" = :Ma_0
      FETCH FIRST 1 ROWS ONLY
info: Microsoft.EntityFrameworkCore.Database.Command[20101]
      Executed DbCommand (24ms) [Parameters=[:nguoiDung_ID_0='?' (DbType = Decimal)], CommandType='Text', CommandTimeout='0']
      SELECT "c"."VAI_TRO_ID"
      FROM "QL_VAI_TRO_NGUOI_DUNG" "c"
      WHERE "c"."NGUOI_DUNG_ID" = :nguoiDung_ID_0
info: Microsoft.EntityFrameworkCore.Database.Command[20101]
      Executed DbCommand (16ms) [Parameters=[:Ma_0='?' (Size = 2000)], CommandType='Text', CommandTimeout='0']
      SELECT "l"."GIA_TRI"
      FROM "QL_NHAN_HIEN_THI" "l"
      WHERE "l"."MA" = :Ma_0
      FETCH FIRST 1 ROWS ONLY
info: Microsoft.EntityFrameworkCore.Database.Command[20101]
      Executed DbCommand (9ms) [Parameters=[:nguoiDung_ID_0='?' (DbType = Decimal)], CommandType='Text', CommandTimeout='0']
      SELECT "c"."VAI_TRO_ID"
      FROM "QL_VAI_TRO_NGUOI_DUNG" "c"
      WHERE "c"."NGUOI_DUNG_ID" = :nguoiDung_ID_0
info: Microsoft.EntityFrameworkCore.Database.Command[20101]
      Executed DbCommand (15ms) [Parameters=[:Ma_0='?' (Size = 2000)], CommandType='Text', CommandTimeout='0']
      SELECT "l"."GIA_TRI"
      FROM "QL_NHAN_HIEN_THI" "l"
      WHERE "l"."MA" = :Ma_0
      FETCH FIRST 1 ROWS ONLY
info: Microsoft.EntityFrameworkCore.Database.Command[20101]
      Executed DbCommand (13ms) [Parameters=[:nguoiDung_ID_0='?' (DbType = Decimal)], CommandType='Text', CommandTimeout='0']
      SELECT "c"."VAI_TRO_ID"
      FROM "QL_VAI_TRO_NGUOI_DUNG" "c"
      WHERE "c"."NGUOI_DUNG_ID" = :nguoiDung_ID_0
info: Microsoft.EntityFrameworkCore.Database.Command[20101]
      Executed DbCommand (15ms) [Parameters=[:Ma_0='?' (Size = 2000)], CommandType='Text', CommandTimeout='0']
      SELECT "l"."GIA_TRI"
      FROM "QL_NHAN_HIEN_THI" "l"
      WHERE "l"."MA" = :Ma_0
      FETCH FIRST 1 ROWS ONLY
info: Microsoft.EntityFrameworkCore.Database.Command[20101]
      Executed DbCommand (15ms) [Parameters=[:nguoiDung_ID_0='?' (DbType = Decimal)], CommandType='Text', CommandTimeout='0']
      SELECT "c"."VAI_TRO_ID"
      FROM "QL_VAI_TRO_NGUOI_DUNG" "c"
      WHERE "c"."NGUOI_DUNG_ID" = :nguoiDung_ID_0
info: Microsoft.EntityFrameworkCore.Database.Command[20101]
      Executed DbCommand (15ms) [Parameters=[:Ma_0='?' (Size = 2000)], CommandType='Text', CommandTimeout='0']
      SELECT "l"."GIA_TRI"
      FROM "QL_NHAN_HIEN_THI" "l"
      WHERE "l"."MA" = :Ma_0
      FETCH FIRST 1 ROWS ONLY
info: Microsoft.EntityFrameworkCore.Database.Command[20101]
      Executed DbCommand (15ms) [Parameters=[:nguoiDung_ID_0='?' (DbType = Decimal)], CommandType='Text', CommandTimeout='0']
      SELECT "c"."VAI_TRO_ID"
      FROM "QL_VAI_TRO_NGUOI_DUNG" "c"
      WHERE "c"."NGUOI_DUNG_ID" = :nguoiDung_ID_0
info: Microsoft.EntityFrameworkCore.Database.Command[20101]
      Executed DbCommand (16ms) [Parameters=[:Ma_0='?' (Size = 2000)], CommandType='Text', CommandTimeout='0']
      SELECT "l"."GIA_TRI"
      FROM "QL_NHAN_HIEN_THI" "l"
      WHERE "l"."MA" = :Ma_0
      FETCH FIRST 1 ROWS ONLY
info: Microsoft.EntityFrameworkCore.Database.Command[20101]
      Executed DbCommand (11ms) [Parameters=[:nguoiDung_ID_0='?' (DbType = Decimal)], CommandType='Text', CommandTimeout='0']
      SELECT "c"."VAI_TRO_ID"
      FROM "QL_VAI_TRO_NGUOI_DUNG" "c"
      WHERE "c"."NGUOI_DUNG_ID" = :nguoiDung_ID_0
info: Microsoft.EntityFrameworkCore.Database.Command[20101]
      Executed DbCommand (12ms) [Parameters=[:Ma_0='?' (Size = 2000)], CommandType='Text', CommandTimeout='0']
      SELECT "l"."GIA_TRI"
      FROM "QL_NHAN_HIEN_THI" "l"
      WHERE "l"."MA" = :Ma_0
      FETCH FIRST 1 ROWS ONLY
info: Microsoft.EntityFrameworkCore.Database.Command[20101]
      Executed DbCommand (17ms) [Parameters=[:nguoiDung_ID_0='?' (DbType = Decimal)], CommandType='Text', CommandTimeout='0']
      SELECT "c"."VAI_TRO_ID"
      FROM "QL_VAI_TRO_NGUOI_DUNG" "c"
      WHERE "c"."NGUOI_DUNG_ID" = :nguoiDung_ID_0
info: Microsoft.EntityFrameworkCore.Database.Command[20101]
      Executed DbCommand (12ms) [Parameters=[:nguoiDung_ID_0='?' (DbType = Decimal)], CommandType='Text', CommandTimeout='0']
      SELECT "c"."VAI_TRO_ID"
      FROM "QL_VAI_TRO_NGUOI_DUNG" "c"
      WHERE "c"."NGUOI_DUNG_ID" = :nguoiDung_ID_0
info: Microsoft.EntityFrameworkCore.Database.Command[20101]
      Executed DbCommand (10ms) [Parameters=[:Ma_0='?' (Size = 2000)], CommandType='Text', CommandTimeout='0']
      SELECT "l"."GIA_TRI"
      FROM "QL_NHAN_HIEN_THI" "l"
      WHERE "l"."MA" = :Ma_0
      FETCH FIRST 1 ROWS ONLY
info: Microsoft.EntityFrameworkCore.Database.Command[20101]
      Executed DbCommand (14ms) [Parameters=[:nguoiDung_ID_0='?' (DbType = Decimal)], CommandType='Text', CommandTimeout='0']
      SELECT "c"."VAI_TRO_ID"
      FROM "QL_VAI_TRO_NGUOI_DUNG" "c"
      WHERE "c"."NGUOI_DUNG_ID" = :nguoiDung_ID_0
info: Microsoft.EntityFrameworkCore.Database.Command[20101]
      Executed DbCommand (12ms) [Parameters=[:Ma_0='?' (Size = 2000)], CommandType='Text', CommandTimeout='0']
      SELECT "l"."GIA_TRI"
      FROM "QL_NHAN_HIEN_THI" "l"
      WHERE "l"."MA" = :Ma_0
      FETCH FIRST 1 ROWS ONLY
info: Microsoft.EntityFrameworkCore.Database.Command[20101]
      Executed DbCommand (24ms) [Parameters=[:nguoiDung_ID_0='?' (DbType = Decimal)], CommandType='Text', CommandTimeout='0']
      SELECT "c"."VAI_TRO_ID"
      FROM "QL_VAI_TRO_NGUOI_DUNG" "c"
      WHERE "c"."NGUOI_DUNG_ID" = :nguoiDung_ID_0
info: Microsoft.EntityFrameworkCore.Database.Command[20101]
      Executed DbCommand (17ms) [Parameters=[:Ma_0='?' (Size = 2000)], CommandType='Text', CommandTimeout='0']
      SELECT "l"."GIA_TRI"
      FROM "QL_NHAN_HIEN_THI" "l"
      WHERE "l"."MA" = :Ma_0
      FETCH FIRST 1 ROWS ONLY
info: Microsoft.EntityFrameworkCore.Database.Command[20101]
      Executed DbCommand (15ms) [Parameters=[:nguoiDung_ID_0='?' (DbType = Decimal)], CommandType='Text', CommandTimeout='0']
      SELECT "c"."VAI_TRO_ID"
      FROM "QL_VAI_TRO_NGUOI_DUNG" "c"
      WHERE "c"."NGUOI_DUNG_ID" = :nguoiDung_ID_0
info: Microsoft.EntityFrameworkCore.Database.Command[20101]
      Executed DbCommand (12ms) [Parameters=[:Ma_0='?' (Size = 2000)], CommandType='Text', CommandTimeout='0']
      SELECT "l"."GIA_TRI"
      FROM "QL_NHAN_HIEN_THI" "l"
      WHERE "l"."MA" = :Ma_0
      FETCH FIRST 1 ROWS ONLY
info: Microsoft.EntityFrameworkCore.Database.Command[20101]
      Executed DbCommand (14ms) [Parameters=[:nguoiDung_ID_0='?' (DbType = Decimal)], CommandType='Text', CommandTimeout='0']
      SELECT "c"."VAI_TRO_ID"
      FROM "QL_VAI_TRO_NGUOI_DUNG" "c"
      WHERE "c"."NGUOI_DUNG_ID" = :nguoiDung_ID_0
info: Microsoft.EntityFrameworkCore.Database.Command[20101]
      Executed DbCommand (26ms) [Parameters=[:Ma_0='?' (Size = 2000)], CommandType='Text', CommandTimeout='0']
      SELECT "l"."GIA_TRI"
      FROM "QL_NHAN_HIEN_THI" "l"
      WHERE "l"."MA" = :Ma_0
      FETCH FIRST 1 ROWS ONLY
info: Microsoft.EntityFrameworkCore.Database.Command[20101]
      Executed DbCommand (19ms) [Parameters=[:nguoiDung_ID_0='?' (DbType = Decimal)], CommandType='Text', CommandTimeout='0']
      SELECT "c"."VAI_TRO_ID"
      FROM "QL_VAI_TRO_NGUOI_DUNG" "c"
      WHERE "c"."NGUOI_DUNG_ID" = :nguoiDung_ID_0
info: Microsoft.EntityFrameworkCore.Database.Command[20101]
      Executed DbCommand (12ms) [Parameters=[:Ma_0='?' (Size = 2000)], CommandType='Text', CommandTimeout='0']
      SELECT "l"."GIA_TRI"
      FROM "QL_NHAN_HIEN_THI" "l"
      WHERE "l"."MA" = :Ma_0
      FETCH FIRST 1 ROWS ONLY
info: Microsoft.EntityFrameworkCore.Database.Command[20101]
      Executed DbCommand (12ms) [Parameters=[:nguoiDung_ID_0='?' (DbType = Decimal)], CommandType='Text', CommandTimeout='0']
      SELECT "c"."VAI_TRO_ID"
      FROM "QL_VAI_TRO_NGUOI_DUNG" "c"
      WHERE "c"."NGUOI_DUNG_ID" = :nguoiDung_ID_0
info: Microsoft.EntityFrameworkCore.Database.Command[20101]
      Executed DbCommand (35ms) [Parameters=[:Ma_0='?' (Size = 2000)], CommandType='Text', CommandTimeout='0']
      SELECT "l"."GIA_TRI"
      FROM "QL_NHAN_HIEN_THI" "l"
      WHERE "l"."MA" = :Ma_0
      FETCH FIRST 1 ROWS ONLY
info: Microsoft.EntityFrameworkCore.Database.Command[20101]
      Executed DbCommand (12ms) [Parameters=[:nguoiDung_ID_0='?' (DbType = Decimal)], CommandType='Text', CommandTimeout='0']
      SELECT "c"."VAI_TRO_ID"
      FROM "QL_VAI_TRO_NGUOI_DUNG" "c"
      WHERE "c"."NGUOI_DUNG_ID" = :nguoiDung_ID_0
info: Microsoft.EntityFrameworkCore.Database.Command[20101]
      Executed DbCommand (46ms) [Parameters=[:Ma_0='?' (Size = 2000)], CommandType='Text', CommandTimeout='0']
      SELECT "l"."GIA_TRI"
      FROM "QL_NHAN_HIEN_THI" "l"
      WHERE "l"."MA" = :Ma_0
      FETCH FIRST 1 ROWS ONLY
info: Microsoft.EntityFrameworkCore.Database.Command[20101]
      Executed DbCommand (25ms) [Parameters=[:nguoiDung_ID_0='?' (DbType = Decimal)], CommandType='Text', CommandTimeout='0']
      SELECT "c"."VAI_TRO_ID"
      FROM "QL_VAI_TRO_NGUOI_DUNG" "c"
      WHERE "c"."NGUOI_DUNG_ID" = :nguoiDung_ID_0
info: Microsoft.EntityFrameworkCore.Database.Command[20101]
      Executed DbCommand (16ms) [Parameters=[:Ma_0='?' (Size = 2000)], CommandType='Text', CommandTimeout='0']
      SELECT "l"."GIA_TRI"
      FROM "QL_NHAN_HIEN_THI" "l"
      WHERE "l"."MA" = :Ma_0
      FETCH FIRST 1 ROWS ONLY
info: Microsoft.EntityFrameworkCore.Database.Command[20101]
      Executed DbCommand (14ms) [Parameters=[:nguoiDung_ID_0='?' (DbType = Decimal)], CommandType='Text', CommandTimeout='0']
      SELECT "c"."VAI_TRO_ID"
      FROM "QL_VAI_TRO_NGUOI_DUNG" "c"
      WHERE "c"."NGUOI_DUNG_ID" = :nguoiDung_ID_0
info: Microsoft.EntityFrameworkCore.Database.Command[20101]
      Executed DbCommand (9ms) [Parameters=[:Ma_0='?' (Size = 2000)], CommandType='Text', CommandTimeout='0']
      SELECT "l"."GIA_TRI"
      FROM "QL_NHAN_HIEN_THI" "l"
      WHERE "l"."MA" = :Ma_0
      FETCH FIRST 1 ROWS ONLY
info: Microsoft.EntityFrameworkCore.Database.Command[20101]
      Executed DbCommand (8ms) [Parameters=[:nguoiDung_ID_0='?' (DbType = Decimal)], CommandType='Text', CommandTimeout='0']
      SELECT "c"."VAI_TRO_ID"
      FROM "QL_VAI_TRO_NGUOI_DUNG" "c"
      WHERE "c"."NGUOI_DUNG_ID" = :nguoiDung_ID_0
info: Microsoft.EntityFrameworkCore.Database.Command[20101]
      Executed DbCommand (14ms) [Parameters=[:Ma_0='?' (Size = 2000)], CommandType='Text', CommandTimeout='0']
      SELECT "l"."GIA_TRI"
      FROM "QL_NHAN_HIEN_THI" "l"
      WHERE "l"."MA" = :Ma_0
      FETCH FIRST 1 ROWS ONLY
info: Microsoft.EntityFrameworkCore.Database.Command[20101]
      Executed DbCommand (15ms) [Parameters=[:nguoiDung_ID_0='?' (DbType = Decimal)], CommandType='Text', CommandTimeout='0']
      SELECT "c"."VAI_TRO_ID"
      FROM "QL_VAI_TRO_NGUOI_DUNG" "c"
      WHERE "c"."NGUOI_DUNG_ID" = :nguoiDung_ID_0
info: Microsoft.EntityFrameworkCore.Database.Command[20101]
      Executed DbCommand (13ms) [Parameters=[:Ma_0='?' (Size = 2000)], CommandType='Text', CommandTimeout='0']
      SELECT "l"."GIA_TRI"
      FROM "QL_NHAN_HIEN_THI" "l"
      WHERE "l"."MA" = :Ma_0
      FETCH FIRST 1 ROWS ONLY
info: Microsoft.EntityFrameworkCore.Database.Command[20101]
      Executed DbCommand (12ms) [Parameters=[:nguoiDung_ID_0='?' (DbType = Decimal)], CommandType='Text', CommandTimeout='0']
      SELECT "c"."VAI_TRO_ID"
      FROM "QL_VAI_TRO_NGUOI_DUNG" "c"
      WHERE "c"."NGUOI_DUNG_ID" = :nguoiDung_ID_0
info: Microsoft.EntityFrameworkCore.Database.Command[20101]
      Executed DbCommand (10ms) [Parameters=[:Ma_0='?' (Size = 2000)], CommandType='Text', CommandTimeout='0']
      SELECT "l"."GIA_TRI"
      FROM "QL_NHAN_HIEN_THI" "l"
      WHERE "l"."MA" = :Ma_0
      FETCH FIRST 1 ROWS ONLY
info: Microsoft.EntityFrameworkCore.Database.Command[20101]
      Executed DbCommand (10ms) [Parameters=[:nguoiDung_ID_0='?' (DbType = Decimal)], CommandType='Text', CommandTimeout='0']
      SELECT "c"."VAI_TRO_ID"
      FROM "QL_VAI_TRO_NGUOI_DUNG" "c"
      WHERE "c"."NGUOI_DUNG_ID" = :nguoiDung_ID_0
info: Microsoft.EntityFrameworkCore.Database.Command[20101]
      Executed DbCommand (13ms) [Parameters=[:Ma_0='?' (Size = 2000)], CommandType='Text', CommandTimeout='0']
      SELECT "l"."GIA_TRI"
      FROM "QL_NHAN_HIEN_THI" "l"
      WHERE "l"."MA" = :Ma_0
      FETCH FIRST 1 ROWS ONLY
info: Microsoft.EntityFrameworkCore.Database.Command[20101]
      Executed DbCommand (10ms) [Parameters=[:nguoiDung_ID_0='?' (DbType = Decimal)], CommandType='Text', CommandTimeout='0']
      SELECT "c"."VAI_TRO_ID"
      FROM "QL_VAI_TRO_NGUOI_DUNG" "c"
      WHERE "c"."NGUOI_DUNG_ID" = :nguoiDung_ID_0
info: Microsoft.EntityFrameworkCore.Database.Command[20101]
      Executed DbCommand (13ms) [Parameters=[:Ma_0='?' (Size = 2000)], CommandType='Text', CommandTimeout='0']
      SELECT "l"."GIA_TRI"
      FROM "QL_NHAN_HIEN_THI" "l"
      WHERE "l"."MA" = :Ma_0
      FETCH FIRST 1 ROWS ONLY
info: Microsoft.EntityFrameworkCore.Database.Command[20101]
      Executed DbCommand (36ms) [Parameters=[:nguoiDung_ID_0='?' (DbType = Decimal)], CommandType='Text', CommandTimeout='0']
      SELECT "c"."VAI_TRO_ID"
      FROM "QL_VAI_TRO_NGUOI_DUNG" "c"
      WHERE "c"."NGUOI_DUNG_ID" = :nguoiDung_ID_0
info: Microsoft.EntityFrameworkCore.Database.Command[20101]
      Executed DbCommand (29ms) [Parameters=[:Ma_0='?' (Size = 2000)], CommandType='Text', CommandTimeout='0']
      SELECT "l"."GIA_TRI"
      FROM "QL_NHAN_HIEN_THI" "l"
      WHERE "l"."MA" = :Ma_0
      FETCH FIRST 1 ROWS ONLY
info: Microsoft.EntityFrameworkCore.Database.Command[20101]
      Executed DbCommand (12ms) [Parameters=[:nguoiDung_ID_0='?' (DbType = Decimal)], CommandType='Text', CommandTimeout='0']
      SELECT "c"."VAI_TRO_ID"
      FROM "QL_VAI_TRO_NGUOI_DUNG" "c"
      WHERE "c"."NGUOI_DUNG_ID" = :nguoiDung_ID_0
info: Microsoft.EntityFrameworkCore.Database.Command[20101]
      Executed DbCommand (19ms) [Parameters=[:Ma_0='?' (Size = 2000)], CommandType='Text', CommandTimeout='0']
      SELECT "l"."GIA_TRI"
      FROM "QL_NHAN_HIEN_THI" "l"
      WHERE "l"."MA" = :Ma_0
      FETCH FIRST 1 ROWS ONLY
info: Microsoft.EntityFrameworkCore.Database.Command[20101]
      Executed DbCommand (12ms) [Parameters=[:nguoiDung_ID_0='?' (DbType = Decimal)], CommandType='Text', CommandTimeout='0']
      SELECT "c"."VAI_TRO_ID"
      FROM "QL_VAI_TRO_NGUOI_DUNG" "c"
      WHERE "c"."NGUOI_DUNG_ID" = :nguoiDung_ID_0
info: Microsoft.EntityFrameworkCore.Database.Command[20101]
      Executed DbCommand (11ms) [Parameters=[:Ma_0='?' (Size = 2000)], CommandType='Text', CommandTimeout='0']
      SELECT "l"."GIA_TRI"
      FROM "QL_NHAN_HIEN_THI" "l"
      WHERE "l"."MA" = :Ma_0
      FETCH FIRST 1 ROWS ONLY
info: Microsoft.EntityFrameworkCore.Database.Command[20101]
      Executed DbCommand (9ms) [Parameters=[:nguoiDung_ID_0='?' (DbType = Decimal)], CommandType='Text', CommandTimeout='0']
      SELECT "c"."VAI_TRO_ID"
      FROM "QL_VAI_TRO_NGUOI_DUNG" "c"
      WHERE "c"."NGUOI_DUNG_ID" = :nguoiDung_ID_0
info: Microsoft.EntityFrameworkCore.Database.Command[20101]
      Executed DbCommand (16ms) [Parameters=[:Ma_0='?' (Size = 2000)], CommandType='Text', CommandTimeout='0']
      SELECT "l"."GIA_TRI"
      FROM "QL_NHAN_HIEN_THI" "l"
      WHERE "l"."MA" = :Ma_0
      FETCH FIRST 1 ROWS ONLY
info: Microsoft.EntityFrameworkCore.Database.Command[20101]
      Executed DbCommand (15ms) [Parameters=[:nguoiDung_ID_0='?' (DbType = Decimal)], CommandType='Text', CommandTimeout='0']
      SELECT "c"."VAI_TRO_ID"
      FROM "QL_VAI_TRO_NGUOI_DUNG" "c"
      WHERE "c"."NGUOI_DUNG_ID" = :nguoiDung_ID_0
info: Microsoft.EntityFrameworkCore.Database.Command[20101]
      Executed DbCommand (14ms) [Parameters=[:Ma_0='?' (Size = 2000)], CommandType='Text', CommandTimeout='0']
      SELECT "l"."GIA_TRI"
      FROM "QL_NHAN_HIEN_THI" "l"
      WHERE "l"."MA" = :Ma_0
      FETCH FIRST 1 ROWS ONLY
info: Microsoft.EntityFrameworkCore.Database.Command[20101]
      Executed DbCommand (16ms) [Parameters=[:nguoiDung_ID_0='?' (DbType = Decimal)], CommandType='Text', CommandTimeout='0']
      SELECT "c"."VAI_TRO_ID"
      FROM "QL_VAI_TRO_NGUOI_DUNG" "c"
      WHERE "c"."NGUOI_DUNG_ID" = :nguoiDung_ID_0
info: Microsoft.EntityFrameworkCore.Database.Command[20101]
      Executed DbCommand (14ms) [Parameters=[:Ma_0='?' (Size = 2000)], CommandType='Text', CommandTimeout='0']
      SELECT "l"."GIA_TRI"
      FROM "QL_NHAN_HIEN_THI" "l"
      WHERE "l"."MA" = :Ma_0
      FETCH FIRST 1 ROWS ONLY
info: Microsoft.EntityFrameworkCore.Database.Command[20101]
      Executed DbCommand (12ms) [Parameters=[:nguoiDung_ID_0='?' (DbType = Decimal)], CommandType='Text', CommandTimeout='0']
      SELECT "c"."VAI_TRO_ID"
      FROM "QL_VAI_TRO_NGUOI_DUNG" "c"
      WHERE "c"."NGUOI_DUNG_ID" = :nguoiDung_ID_0
info: Microsoft.EntityFrameworkCore.Database.Command[20101]
      Executed DbCommand (19ms) [Parameters=[:Ma_0='?' (Size = 2000)], CommandType='Text', CommandTimeout='0']
      SELECT "l"."GIA_TRI"
      FROM "QL_NHAN_HIEN_THI" "l"
      WHERE "l"."MA" = :Ma_0
      FETCH FIRST 1 ROWS ONLY
info: Microsoft.EntityFrameworkCore.Database.Command[20101]
      Executed DbCommand (13ms) [Parameters=[:nguoiDung_ID_0='?' (DbType = Decimal)], CommandType='Text', CommandTimeout='0']
      SELECT "c"."VAI_TRO_ID"
      FROM "QL_VAI_TRO_NGUOI_DUNG" "c"
      WHERE "c"."NGUOI_DUNG_ID" = :nguoiDung_ID_0
info: Microsoft.EntityFrameworkCore.Database.Command[20101]
      Executed DbCommand (10ms) [Parameters=[:Ma_0='?' (Size = 2000)], CommandType='Text', CommandTimeout='0']
      SELECT "l"."GIA_TRI"
      FROM "QL_NHAN_HIEN_THI" "l"
      WHERE "l"."MA" = :Ma_0
      FETCH FIRST 1 ROWS ONLY
info: Microsoft.EntityFrameworkCore.Database.Command[20101]
      Executed DbCommand (20ms) [Parameters=[:nguoiDung_ID_0='?' (DbType = Decimal)], CommandType='Text', CommandTimeout='0']
      SELECT "c"."VAI_TRO_ID"
      FROM "QL_VAI_TRO_NGUOI_DUNG" "c"
      WHERE "c"."NGUOI_DUNG_ID" = :nguoiDung_ID_0
info: Microsoft.EntityFrameworkCore.Database.Command[20101]
      Executed DbCommand (20ms) [Parameters=[:Ma_0='?' (Size = 2000)], CommandType='Text', CommandTimeout='0']
      SELECT "l"."GIA_TRI"
      FROM "QL_NHAN_HIEN_THI" "l"
      WHERE "l"."MA" = :Ma_0
      FETCH FIRST 1 ROWS ONLY
info: Microsoft.EntityFrameworkCore.Database.Command[20101]
      Executed DbCommand (14ms) [Parameters=[:nguoiDung_ID_0='?' (DbType = Decimal)], CommandType='Text', CommandTimeout='0']
      SELECT "c"."VAI_TRO_ID"
      FROM "QL_VAI_TRO_NGUOI_DUNG" "c"
      WHERE "c"."NGUOI_DUNG_ID" = :nguoiDung_ID_0
info: Microsoft.EntityFrameworkCore.Database.Command[20101]
      Executed DbCommand (13ms) [Parameters=[:Ma_0='?' (Size = 2000)], CommandType='Text', CommandTimeout='0']
      SELECT "l"."GIA_TRI"
      FROM "QL_NHAN_HIEN_THI" "l"
      WHERE "l"."MA" = :Ma_0
      FETCH FIRST 1 ROWS ONLY
info: Microsoft.EntityFrameworkCore.Database.Command[20101]
      Executed DbCommand (13ms) [Parameters=[:nguoiDung_ID_0='?' (DbType = Decimal)], CommandType='Text', CommandTimeout='0']
      SELECT "c"."VAI_TRO_ID"
      FROM "QL_VAI_TRO_NGUOI_DUNG" "c"
      WHERE "c"."NGUOI_DUNG_ID" = :nguoiDung_ID_0
info: Microsoft.EntityFrameworkCore.Database.Command[20101]
      Executed DbCommand (12ms) [Parameters=[:Ma_0='?' (Size = 2000)], CommandType='Text', CommandTimeout='0']
      SELECT "l"."GIA_TRI"
      FROM "QL_NHAN_HIEN_THI" "l"
      WHERE "l"."MA" = :Ma_0
      FETCH FIRST 1 ROWS ONLY
info: Microsoft.EntityFrameworkCore.Database.Command[20101]
      Executed DbCommand (14ms) [Parameters=[:nguoiDung_ID_0='?' (DbType = Decimal)], CommandType='Text', CommandTimeout='0']
      SELECT "c"."VAI_TRO_ID"
      FROM "QL_VAI_TRO_NGUOI_DUNG" "c"
      WHERE "c"."NGUOI_DUNG_ID" = :nguoiDung_ID_0
info: Microsoft.EntityFrameworkCore.Database.Command[20101]
      Executed DbCommand (11ms) [Parameters=[:Ma_0='?' (Size = 2000)], CommandType='Text', CommandTimeout='0']
      SELECT "l"."GIA_TRI"
      FROM "QL_NHAN_HIEN_THI" "l"
      WHERE "l"."MA" = :Ma_0
      FETCH FIRST 1 ROWS ONLY
info: Microsoft.EntityFrameworkCore.Database.Command[20101]
      Executed DbCommand (15ms) [Parameters=[:nguoiDung_ID_0='?' (DbType = Decimal)], CommandType='Text', CommandTimeout='0']
      SELECT "c"."VAI_TRO_ID"
      FROM "QL_VAI_TRO_NGUOI_DUNG" "c"
      WHERE "c"."NGUOI_DUNG_ID" = :nguoiDung_ID_0
info: Microsoft.EntityFrameworkCore.Database.Command[20101]
      Executed DbCommand (14ms) [Parameters=[:Ma_0='?' (Size = 2000)], CommandType='Text', CommandTimeout='0']
      SELECT "l"."GIA_TRI"
      FROM "QL_NHAN_HIEN_THI" "l"
      WHERE "l"."MA" = :Ma_0
      FETCH FIRST 1 ROWS ONLY
info: Microsoft.EntityFrameworkCore.Database.Command[20101]
      Executed DbCommand (12ms) [Parameters=[:nguoiDung_ID_0='?' (DbType = Decimal)], CommandType='Text', CommandTimeout='0']
      SELECT "c"."VAI_TRO_ID"
      FROM "QL_VAI_TRO_NGUOI_DUNG" "c"
      WHERE "c"."NGUOI_DUNG_ID" = :nguoiDung_ID_0
info: Microsoft.EntityFrameworkCore.Database.Command[20101]
      Executed DbCommand (7ms) [Parameters=[:Ma_0='?' (Size = 2000)], CommandType='Text', CommandTimeout='0']
      SELECT "l"."GIA_TRI"
      FROM "QL_NHAN_HIEN_THI" "l"
      WHERE "l"."MA" = :Ma_0
      FETCH FIRST 1 ROWS ONLY
info: Microsoft.EntityFrameworkCore.Database.Command[20101]
      Executed DbCommand (15ms) [Parameters=[:nguoiDung_ID_0='?' (DbType = Decimal)], CommandType='Text', CommandTimeout='0']
      SELECT "c"."VAI_TRO_ID"
      FROM "QL_VAI_TRO_NGUOI_DUNG" "c"
      WHERE "c"."NGUOI_DUNG_ID" = :nguoiDung_ID_0
info: Microsoft.EntityFrameworkCore.Database.Command[20101]
      Executed DbCommand (13ms) [Parameters=[:Ma_0='?' (Size = 2000)], CommandType='Text', CommandTimeout='0']
      SELECT "l"."GIA_TRI"
      FROM "QL_NHAN_HIEN_THI" "l"
      WHERE "l"."MA" = :Ma_0
      FETCH FIRST 1 ROWS ONLY
info: Microsoft.EntityFrameworkCore.Database.Command[20101]
      Executed DbCommand (27ms) [Parameters=[:nguoiDung_ID_0='?' (DbType = Decimal)], CommandType='Text', CommandTimeout='0']
      SELECT "c"."VAI_TRO_ID"
      FROM "QL_VAI_TRO_NGUOI_DUNG" "c"
      WHERE "c"."NGUOI_DUNG_ID" = :nguoiDung_ID_0
info: Microsoft.EntityFrameworkCore.Database.Command[20101]
      Executed DbCommand (33ms) [Parameters=[:Ma_0='?' (Size = 2000)], CommandType='Text', CommandTimeout='0']
      SELECT "l"."GIA_TRI"
      FROM "QL_NHAN_HIEN_THI" "l"
      WHERE "l"."MA" = :Ma_0
      FETCH FIRST 1 ROWS ONLY
info: Microsoft.EntityFrameworkCore.Database.Command[20101]
      Executed DbCommand (21ms) [Parameters=[:nguoiDung_ID_0='?' (DbType = Decimal)], CommandType='Text', CommandTimeout='0']
      SELECT "c"."VAI_TRO_ID"
      FROM "QL_VAI_TRO_NGUOI_DUNG" "c"
      WHERE "c"."NGUOI_DUNG_ID" = :nguoiDung_ID_0
info: Microsoft.EntityFrameworkCore.Database.Command[20101]
      Executed DbCommand (25ms) [Parameters=[:Ma_0='?' (Size = 2000)], CommandType='Text', CommandTimeout='0']
      SELECT "l"."GIA_TRI"
      FROM "QL_NHAN_HIEN_THI" "l"
      WHERE "l"."MA" = :Ma_0
      FETCH FIRST 1 ROWS ONLY
info: Microsoft.EntityFrameworkCore.Database.Command[20101]
      Executed DbCommand (9ms) [Parameters=[:nguoiDung_ID_0='?' (DbType = Decimal)], CommandType='Text', CommandTimeout='0']
      SELECT "c"."VAI_TRO_ID"
      FROM "QL_VAI_TRO_NGUOI_DUNG" "c"
      WHERE "c"."NGUOI_DUNG_ID" = :nguoiDung_ID_0
info: Microsoft.EntityFrameworkCore.Database.Command[20101]
      Executed DbCommand (25ms) [Parameters=[:Ma_0='?' (Size = 2000)], CommandType='Text', CommandTimeout='0']
      SELECT "l"."GIA_TRI"
      FROM "QL_NHAN_HIEN_THI" "l"
      WHERE "l"."MA" = :Ma_0
      FETCH FIRST 1 ROWS ONLY
info: Microsoft.EntityFrameworkCore.Database.Command[20101]
      Executed DbCommand (76ms) [Parameters=[:nguoiDung_ID_0='?' (DbType = Decimal)], CommandType='Text', CommandTimeout='0']
      SELECT "c"."VAI_TRO_ID"
      FROM "QL_VAI_TRO_NGUOI_DUNG" "c"
      WHERE "c"."NGUOI_DUNG_ID" = :nguoiDung_ID_0
info: Microsoft.EntityFrameworkCore.Database.Command[20101]
      Executed DbCommand (17ms) [Parameters=[:Ma_0='?' (Size = 2000)], CommandType='Text', CommandTimeout='0']
      SELECT "l"."GIA_TRI"
      FROM "QL_NHAN_HIEN_THI" "l"
      WHERE "l"."MA" = :Ma_0
      FETCH FIRST 1 ROWS ONLY
info: Microsoft.EntityFrameworkCore.Database.Command[20101]
      Executed DbCommand (23ms) [Parameters=[:nguoiDung_ID_0='?' (DbType = Decimal)], CommandType='Text', CommandTimeout='0']
      SELECT "c"."VAI_TRO_ID"
      FROM "QL_VAI_TRO_NGUOI_DUNG" "c"
      WHERE "c"."NGUOI_DUNG_ID" = :nguoiDung_ID_0
info: Microsoft.EntityFrameworkCore.Database.Command[20101]
      Executed DbCommand (12ms) [Parameters=[:Ma_0='?' (Size = 2000)], CommandType='Text', CommandTimeout='0']
      SELECT "l"."GIA_TRI"
      FROM "QL_NHAN_HIEN_THI" "l"
      WHERE "l"."MA" = :Ma_0
      FETCH FIRST 1 ROWS ONLY
info: Microsoft.EntityFrameworkCore.Database.Command[20101]
      Executed DbCommand (9ms) [Parameters=[:nguoiDung_ID_0='?' (DbType = Decimal)], CommandType='Text', CommandTimeout='0']
      SELECT "c"."VAI_TRO_ID"
      FROM "QL_VAI_TRO_NGUOI_DUNG" "c"
      WHERE "c"."NGUOI_DUNG_ID" = :nguoiDung_ID_0
info: Microsoft.EntityFrameworkCore.Database.Command[20101]
      Executed DbCommand (16ms) [Parameters=[:Ma_0='?' (Size = 2000)], CommandType='Text', CommandTimeout='0']
      SELECT "l"."GIA_TRI"
      FROM "QL_NHAN_HIEN_THI" "l"
      WHERE "l"."MA" = :Ma_0
      FETCH FIRST 1 ROWS ONLY
info: Microsoft.EntityFrameworkCore.Database.Command[20101]
      Executed DbCommand (23ms) [Parameters=[:nguoiDung_ID_0='?' (DbType = Decimal)], CommandType='Text', CommandTimeout='0']
      SELECT "c"."VAI_TRO_ID"
      FROM "QL_VAI_TRO_NGUOI_DUNG" "c"
      WHERE "c"."NGUOI_DUNG_ID" = :nguoiDung_ID_0
info: Microsoft.EntityFrameworkCore.Database.Command[20101]
      Executed DbCommand (32ms) [Parameters=[:Ma_0='?' (Size = 2000)], CommandType='Text', CommandTimeout='0']
      SELECT "l"."GIA_TRI"
      FROM "QL_NHAN_HIEN_THI" "l"
      WHERE "l"."MA" = :Ma_0
      FETCH FIRST 1 ROWS ONLY
info: Microsoft.EntityFrameworkCore.Database.Command[20101]
      Executed DbCommand (21ms) [Parameters=[:nguoiDung_ID_0='?' (DbType = Decimal)], CommandType='Text', CommandTimeout='0']
      SELECT "c"."VAI_TRO_ID"
      FROM "QL_VAI_TRO_NGUOI_DUNG" "c"
      WHERE "c"."NGUOI_DUNG_ID" = :nguoiDung_ID_0
info: Microsoft.EntityFrameworkCore.Database.Command[20101]
      Executed DbCommand (51ms) [Parameters=[:Ma_0='?' (Size = 2000)], CommandType='Text', CommandTimeout='0']
      SELECT "l"."GIA_TRI"
      FROM "QL_NHAN_HIEN_THI" "l"
      WHERE "l"."MA" = :Ma_0
      FETCH FIRST 1 ROWS ONLY
info: Microsoft.EntityFrameworkCore.Database.Command[20101]
      Executed DbCommand (51ms) [Parameters=[:nguoiDung_ID_0='?' (DbType = Decimal)], CommandType='Text', CommandTimeout='0']
      SELECT "c"."VAI_TRO_ID"
      FROM "QL_VAI_TRO_NGUOI_DUNG" "c"
      WHERE "c"."NGUOI_DUNG_ID" = :nguoiDung_ID_0
info: Microsoft.EntityFrameworkCore.Database.Command[20101]
      Executed DbCommand (24ms) [Parameters=[:Ma_0='?' (Size = 2000)], CommandType='Text', CommandTimeout='0']
      SELECT "l"."GIA_TRI"
      FROM "QL_NHAN_HIEN_THI" "l"
      WHERE "l"."MA" = :Ma_0
      FETCH FIRST 1 ROWS ONLY
info: Microsoft.EntityFrameworkCore.Database.Command[20101]
      Executed DbCommand (22ms) [Parameters=[:nguoiDung_ID_0='?' (DbType = Decimal)], CommandType='Text', CommandTimeout='0']
      SELECT "c"."VAI_TRO_ID"
      FROM "QL_VAI_TRO_NGUOI_DUNG" "c"
      WHERE "c"."NGUOI_DUNG_ID" = :nguoiDung_ID_0
info: Microsoft.EntityFrameworkCore.Database.Command[20101]
      Executed DbCommand (24ms) [Parameters=[:Ma_0='?' (Size = 2000)], CommandType='Text', CommandTimeout='0']
      SELECT "l"."GIA_TRI"
      FROM "QL_NHAN_HIEN_THI" "l"
      WHERE "l"."MA" = :Ma_0
      FETCH FIRST 1 ROWS ONLY
info: Microsoft.EntityFrameworkCore.Database.Command[20101]
      Executed DbCommand (21ms) [Parameters=[:nguoiDung_ID_0='?' (DbType = Decimal)], CommandType='Text', CommandTimeout='0']
      SELECT "c"."VAI_TRO_ID"
      FROM "QL_VAI_TRO_NGUOI_DUNG" "c"
      WHERE "c"."NGUOI_DUNG_ID" = :nguoiDung_ID_0
info: Microsoft.EntityFrameworkCore.Database.Command[20101]
      Executed DbCommand (23ms) [Parameters=[:Ma_0='?' (Size = 2000)], CommandType='Text', CommandTimeout='0']
      SELECT "l"."GIA_TRI"
      FROM "QL_NHAN_HIEN_THI" "l"
      WHERE "l"."MA" = :Ma_0
      FETCH FIRST 1 ROWS ONLY
info: Microsoft.EntityFrameworkCore.Database.Command[20101]
      Executed DbCommand (13ms) [Parameters=[:nguoiDung_ID_0='?' (DbType = Decimal)], CommandType='Text', CommandTimeout='0']
      SELECT "c"."VAI_TRO_ID"
      FROM "QL_VAI_TRO_NGUOI_DUNG" "c"
      WHERE "c"."NGUOI_DUNG_ID" = :nguoiDung_ID_0
info: Microsoft.EntityFrameworkCore.Database.Command[20101]
      Executed DbCommand (13ms) [Parameters=[:Ma_0='?' (Size = 2000)], CommandType='Text', CommandTimeout='0']
      SELECT "l"."GIA_TRI"
      FROM "QL_NHAN_HIEN_THI" "l"
      WHERE "l"."MA" = :Ma_0
      FETCH FIRST 1 ROWS ONLY
info: Microsoft.EntityFrameworkCore.Database.Command[20101]
      Executed DbCommand (22ms) [Parameters=[:nguoiDung_ID_0='?' (DbType = Decimal)], CommandType='Text', CommandTimeout='0']
      SELECT "c"."VAI_TRO_ID"
      FROM "QL_VAI_TRO_NGUOI_DUNG" "c"
      WHERE "c"."NGUOI_DUNG_ID" = :nguoiDung_ID_0
info: Microsoft.EntityFrameworkCore.Database.Command[20101]
      Executed DbCommand (8ms) [Parameters=[:Ma_0='?' (Size = 2000)], CommandType='Text', CommandTimeout='0']
      SELECT "l"."GIA_TRI"
      FROM "QL_NHAN_HIEN_THI" "l"
      WHERE "l"."MA" = :Ma_0
      FETCH FIRST 1 ROWS ONLY
info: Microsoft.EntityFrameworkCore.Database.Command[20101]
      Executed DbCommand (13ms) [Parameters=[:nguoiDung_ID_0='?' (DbType = Decimal)], CommandType='Text', CommandTimeout='0']
      SELECT "c"."VAI_TRO_ID"
      FROM "QL_VAI_TRO_NGUOI_DUNG" "c"
      WHERE "c"."NGUOI_DUNG_ID" = :nguoiDung_ID_0
info: Microsoft.EntityFrameworkCore.Database.Command[20101]
      Executed DbCommand (12ms) [Parameters=[:Ma_0='?' (Size = 2000)], CommandType='Text', CommandTimeout='0']
      SELECT "l"."GIA_TRI"
      FROM "QL_NHAN_HIEN_THI" "l"
      WHERE "l"."MA" = :Ma_0
      FETCH FIRST 1 ROWS ONLY
info: Microsoft.EntityFrameworkCore.Database.Command[20101]
      Executed DbCommand (11ms) [Parameters=[:nguoiDung_ID_0='?' (DbType = Decimal)], CommandType='Text', CommandTimeout='0']
      SELECT "c"."VAI_TRO_ID"
      FROM "QL_VAI_TRO_NGUOI_DUNG" "c"
      WHERE "c"."NGUOI_DUNG_ID" = :nguoiDung_ID_0
info: Microsoft.EntityFrameworkCore.Database.Command[20101]
      Executed DbCommand (11ms) [Parameters=[:Ma_0='?' (Size = 2000)], CommandType='Text', CommandTimeout='0']
      SELECT "l"."GIA_TRI"
      FROM "QL_NHAN_HIEN_THI" "l"
      WHERE "l"."MA" = :Ma_0
      FETCH FIRST 1 ROWS ONLY
info: Microsoft.EntityFrameworkCore.Database.Command[20101]
      Executed DbCommand (14ms) [Parameters=[:nguoiDung_ID_0='?' (DbType = Decimal)], CommandType='Text', CommandTimeout='0']
      SELECT "c"."VAI_TRO_ID"
      FROM "QL_VAI_TRO_NGUOI_DUNG" "c"
      WHERE "c"."NGUOI_DUNG_ID" = :nguoiDung_ID_0
info: Microsoft.EntityFrameworkCore.Database.Command[20101]
      Executed DbCommand (11ms) [Parameters=[:Ma_0='?' (Size = 2000)], CommandType='Text', CommandTimeout='0']
      SELECT "l"."GIA_TRI"
      FROM "QL_NHAN_HIEN_THI" "l"
      WHERE "l"."MA" = :Ma_0
      FETCH FIRST 1 ROWS ONLY
info: Microsoft.EntityFrameworkCore.Database.Command[20101]
      Executed DbCommand (14ms) [Parameters=[:nguoiDung_ID_0='?' (DbType = Decimal)], CommandType='Text', CommandTimeout='0']
      SELECT "c"."VAI_TRO_ID"
      FROM "QL_VAI_TRO_NGUOI_DUNG" "c"
      WHERE "c"."NGUOI_DUNG_ID" = :nguoiDung_ID_0
info: Microsoft.EntityFrameworkCore.Database.Command[20101]
      Executed DbCommand (19ms) [Parameters=[:Ma_0='?' (Size = 2000)], CommandType='Text', CommandTimeout='0']
      SELECT "l"."GIA_TRI"
      FROM "QL_NHAN_HIEN_THI" "l"
      WHERE "l"."MA" = :Ma_0
      FETCH FIRST 1 ROWS ONLY
info: Microsoft.EntityFrameworkCore.Database.Command[20101]
      Executed DbCommand (9ms) [Parameters=[:nguoiDung_ID_0='?' (DbType = Decimal)], CommandType='Text', CommandTimeout='0']
      SELECT "c"."VAI_TRO_ID"
      FROM "QL_VAI_TRO_NGUOI_DUNG" "c"
      WHERE "c"."NGUOI_DUNG_ID" = :nguoiDung_ID_0
info: Microsoft.EntityFrameworkCore.Database.Command[20101]
      Executed DbCommand (15ms) [Parameters=[:Ma_0='?' (Size = 2000)], CommandType='Text', CommandTimeout='0']
      SELECT "l"."GIA_TRI"
      FROM "QL_NHAN_HIEN_THI" "l"
      WHERE "l"."MA" = :Ma_0
      FETCH FIRST 1 ROWS ONLY
info: Microsoft.EntityFrameworkCore.Database.Command[20101]
      Executed DbCommand (8ms) [Parameters=[:nguoiDung_ID_0='?' (DbType = Decimal)], CommandType='Text', CommandTimeout='0']
      SELECT "c"."VAI_TRO_ID"
      FROM "QL_VAI_TRO_NGUOI_DUNG" "c"
      WHERE "c"."NGUOI_DUNG_ID" = :nguoiDung_ID_0
info: Microsoft.EntityFrameworkCore.Database.Command[20101]
      Executed DbCommand (12ms) [Parameters=[:Ma_0='?' (Size = 2000)], CommandType='Text', CommandTimeout='0']
      SELECT "l"."GIA_TRI"
      FROM "QL_NHAN_HIEN_THI" "l"
      WHERE "l"."MA" = :Ma_0
      FETCH FIRST 1 ROWS ONLY
info: Microsoft.EntityFrameworkCore.Database.Command[20101]
      Executed DbCommand (11ms) [Parameters=[:nguoiDung_ID_0='?' (DbType = Decimal)], CommandType='Text', CommandTimeout='0']
      SELECT "c"."VAI_TRO_ID"
      FROM "QL_VAI_TRO_NGUOI_DUNG" "c"
      WHERE "c"."NGUOI_DUNG_ID" = :nguoiDung_ID_0
info: Microsoft.EntityFrameworkCore.Database.Command[20101]
      Executed DbCommand (63ms) [Parameters=[:donViId_0='?' (DbType = Decimal)], CommandType='Text', CommandTimeout='0']
      SELECT COUNT(*)
      FROM "DM_DON_VI" "p"
      WHERE ((("p"."PARENT_ID" = :donViId_0) AND ("p"."LA_BAN_QL_DU_AN" = 1)) OR (("p"."ID" = :donViId_0) AND ("p"."LOAI_DON_VI_ID" = 15.0))) OR (("p"."ID" = :donViId_0) AND ("p"."LA_BAN_QL_DU_AN" = 1))
info: Microsoft.EntityFrameworkCore.Database.Command[20101]
      Executed DbCommand (10ms) [Parameters=[:Ma_0='?' (Size = 2000)], CommandType='Text', CommandTimeout='0']
      SELECT "l"."GIA_TRI"
      FROM "QL_NHAN_HIEN_THI" "l"
      WHERE "l"."MA" = :Ma_0
      FETCH FIRST 1 ROWS ONLY
info: Microsoft.EntityFrameworkCore.Database.Command[20101]
      Executed DbCommand (10ms) [Parameters=[:nguoiDung_ID_0='?' (DbType = Decimal)], CommandType='Text', CommandTimeout='0']
      SELECT "c"."VAI_TRO_ID"
      FROM "QL_VAI_TRO_NGUOI_DUNG" "c"
      WHERE "c"."NGUOI_DUNG_ID" = :nguoiDung_ID_0
info: Microsoft.EntityFrameworkCore.Database.Command[20101]
      Executed DbCommand (19ms) [Parameters=[:Ma_0='?' (Size = 2000)], CommandType='Text', CommandTimeout='0']
      SELECT "l"."GIA_TRI"
      FROM "QL_NHAN_HIEN_THI" "l"
      WHERE "l"."MA" = :Ma_0
      FETCH FIRST 1 ROWS ONLY
info: Microsoft.EntityFrameworkCore.Database.Command[20101]
      Executed DbCommand (20ms) [Parameters=[:nguoiDung_ID_0='?' (DbType = Decimal)], CommandType='Text', CommandTimeout='0']
      SELECT "c"."VAI_TRO_ID"
      FROM "QL_VAI_TRO_NGUOI_DUNG" "c"
      WHERE "c"."NGUOI_DUNG_ID" = :nguoiDung_ID_0
info: Microsoft.EntityFrameworkCore.Database.Command[20101]
      Executed DbCommand (23ms) [Parameters=[:Ma_0='?' (Size = 2000)], CommandType='Text', CommandTimeout='0']
      SELECT "l"."GIA_TRI"
      FROM "QL_NHAN_HIEN_THI" "l"
      WHERE "l"."MA" = :Ma_0
      FETCH FIRST 1 ROWS ONLY
info: Microsoft.EntityFrameworkCore.Database.Command[20101]
      Executed DbCommand (24ms) [Parameters=[:nguoiDung_ID_0='?' (DbType = Decimal)], CommandType='Text', CommandTimeout='0']
      SELECT "c"."VAI_TRO_ID"
      FROM "QL_VAI_TRO_NGUOI_DUNG" "c"
      WHERE "c"."NGUOI_DUNG_ID" = :nguoiDung_ID_0
info: Microsoft.EntityFrameworkCore.Database.Command[20101]
      Executed DbCommand (25ms) [Parameters=[:Ma_0='?' (Size = 2000)], CommandType='Text', CommandTimeout='0']
      SELECT "l"."GIA_TRI"
      FROM "QL_NHAN_HIEN_THI" "l"
      WHERE "l"."MA" = :Ma_0
      FETCH FIRST 1 ROWS ONLY
info: Microsoft.EntityFrameworkCore.Database.Command[20101]
      Executed DbCommand (24ms) [Parameters=[:nguoiDung_ID_0='?' (DbType = Decimal)], CommandType='Text', CommandTimeout='0']
      SELECT "c"."VAI_TRO_ID"
      FROM "QL_VAI_TRO_NGUOI_DUNG" "c"
      WHERE "c"."NGUOI_DUNG_ID" = :nguoiDung_ID_0
info: Microsoft.EntityFrameworkCore.Database.Command[20101]
      Executed DbCommand (30ms) [Parameters=[:Ma_0='?' (Size = 2000)], CommandType='Text', CommandTimeout='0']
      SELECT "l"."GIA_TRI"
      FROM "QL_NHAN_HIEN_THI" "l"
      WHERE "l"."MA" = :Ma_0
      FETCH FIRST 1 ROWS ONLY
info: Microsoft.EntityFrameworkCore.Database.Command[20101]
      Executed DbCommand (19ms) [Parameters=[:nguoiDung_ID_0='?' (DbType = Decimal)], CommandType='Text', CommandTimeout='0']
      SELECT "c"."VAI_TRO_ID"
      FROM "QL_VAI_TRO_NGUOI_DUNG" "c"
      WHERE "c"."NGUOI_DUNG_ID" = :nguoiDung_ID_0
info: Microsoft.EntityFrameworkCore.Database.Command[20101]
      Executed DbCommand (276ms) [Parameters=[:Ma_0='?' (Size = 2000)], CommandType='Text', CommandTimeout='0']
      SELECT "l"."GIA_TRI"
      FROM "QL_NHAN_HIEN_THI" "l"
      WHERE "l"."MA" = :Ma_0
      FETCH FIRST 1 ROWS ONLY
info: Microsoft.EntityFrameworkCore.Database.Command[20101]
      Executed DbCommand (18ms) [Parameters=[:nguoiDung_ID_0='?' (DbType = Decimal)], CommandType='Text', CommandTimeout='0']
      SELECT "c"."VAI_TRO_ID"
      FROM "QL_VAI_TRO_NGUOI_DUNG" "c"
      WHERE "c"."NGUOI_DUNG_ID" = :nguoiDung_ID_0
info: Microsoft.EntityFrameworkCore.Database.Command[20101]
      Executed DbCommand (30ms) [Parameters=[:Ma_0='?' (Size = 2000)], CommandType='Text', CommandTimeout='0']
      SELECT "l"."GIA_TRI"
      FROM "QL_NHAN_HIEN_THI" "l"
      WHERE "l"."MA" = :Ma_0
      FETCH FIRST 1 ROWS ONLY
info: Microsoft.EntityFrameworkCore.Database.Command[20101]
      Executed DbCommand (26ms) [Parameters=[:nguoiDung_ID_0='?' (DbType = Decimal)], CommandType='Text', CommandTimeout='0']
      SELECT "c"."VAI_TRO_ID"
      FROM "QL_VAI_TRO_NGUOI_DUNG" "c"
      WHERE "c"."NGUOI_DUNG_ID" = :nguoiDung_ID_0
info: Microsoft.EntityFrameworkCore.Database.Command[20101]
      Executed DbCommand (13ms) [Parameters=[:Ma_0='?' (Size = 2000)], CommandType='Text', CommandTimeout='0']
      SELECT "l"."GIA_TRI"
      FROM "QL_NHAN_HIEN_THI" "l"
      WHERE "l"."MA" = :Ma_0
      FETCH FIRST 1 ROWS ONLY
info: Microsoft.EntityFrameworkCore.Database.Command[20101]
      Executed DbCommand (12ms) [Parameters=[:nguoiDung_ID_0='?' (DbType = Decimal)], CommandType='Text', CommandTimeout='0']
      SELECT "c"."VAI_TRO_ID"
      FROM "QL_VAI_TRO_NGUOI_DUNG" "c"
      WHERE "c"."NGUOI_DUNG_ID" = :nguoiDung_ID_0
info: Microsoft.EntityFrameworkCore.Database.Command[20101]
      Executed DbCommand (14ms) [Parameters=[:Ma_0='?' (Size = 2000)], CommandType='Text', CommandTimeout='0']
      SELECT "l"."GIA_TRI"
      FROM "QL_NHAN_HIEN_THI" "l"
      WHERE "l"."MA" = :Ma_0
      FETCH FIRST 1 ROWS ONLY
info: Microsoft.EntityFrameworkCore.Database.Command[20101]
      Executed DbCommand (11ms) [Parameters=[:nguoiDung_ID_0='?' (DbType = Decimal)], CommandType='Text', CommandTimeout='0']
      SELECT "c"."VAI_TRO_ID"
      FROM "QL_VAI_TRO_NGUOI_DUNG" "c"
      WHERE "c"."NGUOI_DUNG_ID" = :nguoiDung_ID_0
info: Microsoft.EntityFrameworkCore.Database.Command[20101]
      Executed DbCommand (13ms) [Parameters=[:Ma_0='?' (Size = 2000)], CommandType='Text', CommandTimeout='0']
      SELECT "l"."GIA_TRI"
      FROM "QL_NHAN_HIEN_THI" "l"
      WHERE "l"."MA" = :Ma_0
      FETCH FIRST 1 ROWS ONLY
info: Microsoft.EntityFrameworkCore.Database.Command[20101]
      Executed DbCommand (45ms) [Parameters=[:nguoiDung_ID_0='?' (DbType = Decimal)], CommandType='Text', CommandTimeout='0']
      SELECT "c"."VAI_TRO_ID"
      FROM "QL_VAI_TRO_NGUOI_DUNG" "c"
      WHERE "c"."NGUOI_DUNG_ID" = :nguoiDung_ID_0
info: Microsoft.EntityFrameworkCore.Database.Command[20101]
      Executed DbCommand (38ms) [Parameters=[:Ma_0='?' (Size = 2000)], CommandType='Text', CommandTimeout='0']
      SELECT "l"."GIA_TRI"
      FROM "QL_NHAN_HIEN_THI" "l"
      WHERE "l"."MA" = :Ma_0
      FETCH FIRST 1 ROWS ONLY
info: Microsoft.EntityFrameworkCore.Database.Command[20101]
      Executed DbCommand (13ms) [Parameters=[:nguoiDung_ID_0='?' (DbType = Decimal)], CommandType='Text', CommandTimeout='0']
      SELECT "c"."VAI_TRO_ID"
      FROM "QL_VAI_TRO_NGUOI_DUNG" "c"
      WHERE "c"."NGUOI_DUNG_ID" = :nguoiDung_ID_0
info: Microsoft.EntityFrameworkCore.Database.Command[20101]
      Executed DbCommand (16ms) [Parameters=[:Ma_0='?' (Size = 2000)], CommandType='Text', CommandTimeout='0']
      SELECT "l"."GIA_TRI"
      FROM "QL_NHAN_HIEN_THI" "l"
      WHERE "l"."MA" = :Ma_0
      FETCH FIRST 1 ROWS ONLY
info: Microsoft.EntityFrameworkCore.Database.Command[20101]
      Executed DbCommand (8ms) [Parameters=[:nguoiDung_ID_0='?' (DbType = Decimal)], CommandType='Text', CommandTimeout='0']
      SELECT "c"."VAI_TRO_ID"
      FROM "QL_VAI_TRO_NGUOI_DUNG" "c"
      WHERE "c"."NGUOI_DUNG_ID" = :nguoiDung_ID_0
info: Microsoft.EntityFrameworkCore.Database.Command[20101]
      Executed DbCommand (13ms) [Parameters=[:Ma_0='?' (Size = 2000)], CommandType='Text', CommandTimeout='0']
      SELECT "l"."GIA_TRI"
      FROM "QL_NHAN_HIEN_THI" "l"
      WHERE "l"."MA" = :Ma_0
      FETCH FIRST 1 ROWS ONLY
info: Microsoft.EntityFrameworkCore.Database.Command[20101]
      Executed DbCommand (10ms) [Parameters=[:nguoiDung_ID_0='?' (DbType = Decimal)], CommandType='Text', CommandTimeout='0']
      SELECT "c"."VAI_TRO_ID"
      FROM "QL_VAI_TRO_NGUOI_DUNG" "c"
      WHERE "c"."NGUOI_DUNG_ID" = :nguoiDung_ID_0
info: Microsoft.EntityFrameworkCore.Database.Command[20101]
      Executed DbCommand (12ms) [Parameters=[:Ma_0='?' (Size = 2000)], CommandType='Text', CommandTimeout='0']
      SELECT "l"."GIA_TRI"
      FROM "QL_NHAN_HIEN_THI" "l"
      WHERE "l"."MA" = :Ma_0
      FETCH FIRST 1 ROWS ONLY
info: Microsoft.EntityFrameworkCore.Database.Command[20101]
      Executed DbCommand (9ms) [Parameters=[:nguoiDung_ID_0='?' (DbType = Decimal)], CommandType='Text', CommandTimeout='0']
      SELECT "c"."VAI_TRO_ID"
      FROM "QL_VAI_TRO_NGUOI_DUNG" "c"
      WHERE "c"."NGUOI_DUNG_ID" = :nguoiDung_ID_0
info: Microsoft.EntityFrameworkCore.Database.Command[20101]
      Executed DbCommand (12ms) [Parameters=[:Ma_0='?' (Size = 2000)], CommandType='Text', CommandTimeout='0']
      SELECT "l"."GIA_TRI"
      FROM "QL_NHAN_HIEN_THI" "l"
      WHERE "l"."MA" = :Ma_0
      FETCH FIRST 1 ROWS ONLY
info: Microsoft.EntityFrameworkCore.Database.Command[20101]
      Executed DbCommand (12ms) [Parameters=[:nguoiDung_ID_0='?' (DbType = Decimal)], CommandType='Text', CommandTimeout='0']
      SELECT "c"."VAI_TRO_ID"
      FROM "QL_VAI_TRO_NGUOI_DUNG" "c"
      WHERE "c"."NGUOI_DUNG_ID" = :nguoiDung_ID_0
info: Microsoft.EntityFrameworkCore.Database.Command[20101]
      Executed DbCommand (7ms) [Parameters=[:Ma_0='?' (Size = 2000)], CommandType='Text', CommandTimeout='0']
      SELECT "l"."GIA_TRI"
      FROM "QL_NHAN_HIEN_THI" "l"
      WHERE "l"."MA" = :Ma_0
      FETCH FIRST 1 ROWS ONLY
info: Microsoft.EntityFrameworkCore.Database.Command[20101]
      Executed DbCommand (7ms) [Parameters=[:nguoiDung_ID_0='?' (DbType = Decimal)], CommandType='Text', CommandTimeout='0']
      SELECT "c"."VAI_TRO_ID"
      FROM "QL_VAI_TRO_NGUOI_DUNG" "c"
      WHERE "c"."NGUOI_DUNG_ID" = :nguoiDung_ID_0
info: Microsoft.EntityFrameworkCore.Database.Command[20101]
      Executed DbCommand (11ms) [Parameters=[:Ma_0='?' (Size = 2000)], CommandType='Text', CommandTimeout='0']
      SELECT "l"."GIA_TRI"
      FROM "QL_NHAN_HIEN_THI" "l"
      WHERE "l"."MA" = :Ma_0
      FETCH FIRST 1 ROWS ONLY
info: Microsoft.EntityFrameworkCore.Database.Command[20101]
      Executed DbCommand (14ms) [Parameters=[:nguoiDung_ID_0='?' (DbType = Decimal)], CommandType='Text', CommandTimeout='0']
      SELECT "c"."VAI_TRO_ID"
      FROM "QL_VAI_TRO_NGUOI_DUNG" "c"
      WHERE "c"."NGUOI_DUNG_ID" = :nguoiDung_ID_0
info: Microsoft.EntityFrameworkCore.Database.Command[20101]
      Executed DbCommand (12ms) [Parameters=[:Ma_0='?' (Size = 2000)], CommandType='Text', CommandTimeout='0']
      SELECT "l"."GIA_TRI"
      FROM "QL_NHAN_HIEN_THI" "l"
      WHERE "l"."MA" = :Ma_0
      FETCH FIRST 1 ROWS ONLY
info: Microsoft.EntityFrameworkCore.Database.Command[20101]
      Executed DbCommand (9ms) [Parameters=[:nguoiDung_ID_0='?' (DbType = Decimal)], CommandType='Text', CommandTimeout='0']
      SELECT "c"."VAI_TRO_ID"
      FROM "QL_VAI_TRO_NGUOI_DUNG" "c"
      WHERE "c"."NGUOI_DUNG_ID" = :nguoiDung_ID_0
info: Microsoft.EntityFrameworkCore.Database.Command[20101]
      Executed DbCommand (14ms) [Parameters=[:Ma_0='?' (Size = 2000)], CommandType='Text', CommandTimeout='0']
      SELECT "l"."GIA_TRI"
      FROM "QL_NHAN_HIEN_THI" "l"
      WHERE "l"."MA" = :Ma_0
      FETCH FIRST 1 ROWS ONLY
info: Microsoft.EntityFrameworkCore.Database.Command[20101]
      Executed DbCommand (10ms) [Parameters=[:nguoiDung_ID_0='?' (DbType = Decimal)], CommandType='Text', CommandTimeout='0']
      SELECT "c"."VAI_TRO_ID"
      FROM "QL_VAI_TRO_NGUOI_DUNG" "c"
      WHERE "c"."NGUOI_DUNG_ID" = :nguoiDung_ID_0
info: Microsoft.EntityFrameworkCore.Database.Command[20101]
      Executed DbCommand (11ms) [Parameters=[:Ma_0='?' (Size = 2000)], CommandType='Text', CommandTimeout='0']
      SELECT "l"."GIA_TRI"
      FROM "QL_NHAN_HIEN_THI" "l"
      WHERE "l"."MA" = :Ma_0
      FETCH FIRST 1 ROWS ONLY
info: Microsoft.EntityFrameworkCore.Database.Command[20101]
      Executed DbCommand (10ms) [Parameters=[:nguoiDung_ID_0='?' (DbType = Decimal)], CommandType='Text', CommandTimeout='0']
      SELECT "c"."VAI_TRO_ID"
      FROM "QL_VAI_TRO_NGUOI_DUNG" "c"
      WHERE "c"."NGUOI_DUNG_ID" = :nguoiDung_ID_0
info: Microsoft.EntityFrameworkCore.Database.Command[20101]
      Executed DbCommand (11ms) [Parameters=[:Ma_0='?' (Size = 2000)], CommandType='Text', CommandTimeout='0']
      SELECT "l"."GIA_TRI"
      FROM "QL_NHAN_HIEN_THI" "l"
      WHERE "l"."MA" = :Ma_0
      FETCH FIRST 1 ROWS ONLY
info: Microsoft.EntityFrameworkCore.Database.Command[20101]
      Executed DbCommand (12ms) [Parameters=[:nguoiDung_ID_0='?' (DbType = Decimal)], CommandType='Text', CommandTimeout='0']
      SELECT "c"."VAI_TRO_ID"
      FROM "QL_VAI_TRO_NGUOI_DUNG" "c"
      WHERE "c"."NGUOI_DUNG_ID" = :nguoiDung_ID_0
info: Microsoft.EntityFrameworkCore.Database.Command[20101]
      Executed DbCommand (20ms) [Parameters=[:Ma_0='?' (Size = 2000)], CommandType='Text', CommandTimeout='0']
      SELECT "l"."GIA_TRI"
      FROM "QL_NHAN_HIEN_THI" "l"
      WHERE "l"."MA" = :Ma_0
      FETCH FIRST 1 ROWS ONLY
info: Microsoft.EntityFrameworkCore.Database.Command[20101]
      Executed DbCommand (9ms) [Parameters=[:nguoiDung_ID_0='?' (DbType = Decimal)], CommandType='Text', CommandTimeout='0']
      SELECT "c"."VAI_TRO_ID"
      FROM "QL_VAI_TRO_NGUOI_DUNG" "c"
      WHERE "c"."NGUOI_DUNG_ID" = :nguoiDung_ID_0
info: Microsoft.EntityFrameworkCore.Database.Command[20101]
      Executed DbCommand (11ms) [Parameters=[:Ma_0='?' (Size = 2000)], CommandType='Text', CommandTimeout='0']
      SELECT "l"."GIA_TRI"
      FROM "QL_NHAN_HIEN_THI" "l"
      WHERE "l"."MA" = :Ma_0
      FETCH FIRST 1 ROWS ONLY
info: Microsoft.EntityFrameworkCore.Database.Command[20101]
      Executed DbCommand (16ms) [Parameters=[:nguoiDung_ID_0='?' (DbType = Decimal)], CommandType='Text', CommandTimeout='0']
      SELECT "c"."VAI_TRO_ID"
      FROM "QL_VAI_TRO_NGUOI_DUNG" "c"
      WHERE "c"."NGUOI_DUNG_ID" = :nguoiDung_ID_0
info: Microsoft.EntityFrameworkCore.Database.Command[20101]
      Executed DbCommand (7ms) [Parameters=[:Ma_0='?' (Size = 2000)], CommandType='Text', CommandTimeout='0']
      SELECT "l"."GIA_TRI"
      FROM "QL_NHAN_HIEN_THI" "l"
      WHERE "l"."MA" = :Ma_0
      FETCH FIRST 1 ROWS ONLY
info: Microsoft.EntityFrameworkCore.Database.Command[20101]
      Executed DbCommand (25ms) [Parameters=[:nguoiDung_ID_0='?' (DbType = Decimal)], CommandType='Text', CommandTimeout='0']
      SELECT "c"."VAI_TRO_ID"
      FROM "QL_VAI_TRO_NGUOI_DUNG" "c"
      WHERE "c"."NGUOI_DUNG_ID" = :nguoiDung_ID_0
info: Microsoft.EntityFrameworkCore.Database.Command[20101]
      Executed DbCommand (16ms) [Parameters=[:Ma_0='?' (Size = 2000)], CommandType='Text', CommandTimeout='0']
      SELECT "l"."GIA_TRI"
      FROM "QL_NHAN_HIEN_THI" "l"
      WHERE "l"."MA" = :Ma_0
      FETCH FIRST 1 ROWS ONLY
info: Microsoft.EntityFrameworkCore.Database.Command[20101]
      Executed DbCommand (33ms) [Parameters=[:nguoiDung_ID_0='?' (DbType = Decimal)], CommandType='Text', CommandTimeout='0']
      SELECT "c"."VAI_TRO_ID"
      FROM "QL_VAI_TRO_NGUOI_DUNG" "c"
      WHERE "c"."NGUOI_DUNG_ID" = :nguoiDung_ID_0
info: Microsoft.EntityFrameworkCore.Database.Command[20101]
      Executed DbCommand (24ms) [Parameters=[:Ma_0='?' (Size = 2000)], CommandType='Text', CommandTimeout='0']
      SELECT "l"."GIA_TRI"
      FROM "QL_NHAN_HIEN_THI" "l"
      WHERE "l"."MA" = :Ma_0
      FETCH FIRST 1 ROWS ONLY
info: Microsoft.EntityFrameworkCore.Database.Command[20101]
      Executed DbCommand (8ms) [Parameters=[:nguoiDung_ID_0='?' (DbType = Decimal)], CommandType='Text', CommandTimeout='0']
      SELECT "c"."VAI_TRO_ID"
      FROM "QL_VAI_TRO_NGUOI_DUNG" "c"
      WHERE "c"."NGUOI_DUNG_ID" = :nguoiDung_ID_0
info: Microsoft.EntityFrameworkCore.Database.Command[20101]
      Executed DbCommand (26ms) [Parameters=[:Ma_0='?' (Size = 2000)], CommandType='Text', CommandTimeout='0']
      SELECT "l"."GIA_TRI"
      FROM "QL_NHAN_HIEN_THI" "l"
      WHERE "l"."MA" = :Ma_0
      FETCH FIRST 1 ROWS ONLY
info: Microsoft.EntityFrameworkCore.Database.Command[20101]
      Executed DbCommand (32ms) [Parameters=[:nguoiDung_ID_0='?' (DbType = Decimal)], CommandType='Text', CommandTimeout='0']
      SELECT "c"."VAI_TRO_ID"
      FROM "QL_VAI_TRO_NGUOI_DUNG" "c"
      WHERE "c"."NGUOI_DUNG_ID" = :nguoiDung_ID_0
info: Microsoft.EntityFrameworkCore.Database.Command[20101]
      Executed DbCommand (14ms) [Parameters=[:Ma_0='?' (Size = 2000)], CommandType='Text', CommandTimeout='0']
      SELECT "l"."GIA_TRI"
      FROM "QL_NHAN_HIEN_THI" "l"
      WHERE "l"."MA" = :Ma_0
      FETCH FIRST 1 ROWS ONLY
info: Microsoft.EntityFrameworkCore.Database.Command[20101]
      Executed DbCommand (8ms) [Parameters=[:nguoiDung_ID_0='?' (DbType = Decimal)], CommandType='Text', CommandTimeout='0']
      SELECT "c"."VAI_TRO_ID"
      FROM "QL_VAI_TRO_NGUOI_DUNG" "c"
      WHERE "c"."NGUOI_DUNG_ID" = :nguoiDung_ID_0
info: Microsoft.EntityFrameworkCore.Database.Command[20101]
      Executed DbCommand (9ms) [Parameters=[:Ma_0='?' (Size = 2000)], CommandType='Text', CommandTimeout='0']
      SELECT "l"."GIA_TRI"
      FROM "QL_NHAN_HIEN_THI" "l"
      WHERE "l"."MA" = :Ma_0
      FETCH FIRST 1 ROWS ONLY
info: Microsoft.EntityFrameworkCore.Database.Command[20101]
      Executed DbCommand (10ms) [Parameters=[:nguoiDung_ID_0='?' (DbType = Decimal)], CommandType='Text', CommandTimeout='0']
      SELECT "c"."VAI_TRO_ID"
      FROM "QL_VAI_TRO_NGUOI_DUNG" "c"
      WHERE "c"."NGUOI_DUNG_ID" = :nguoiDung_ID_0
info: Microsoft.EntityFrameworkCore.Database.Command[20101]
      Executed DbCommand (66ms) [Parameters=[:donViId_0='?' (DbType = Decimal)], CommandType='Text', CommandTimeout='0']
      SELECT COUNT(*)
      FROM "DM_DON_VI" "p"
      WHERE ((("p"."PARENT_ID" = :donViId_0) AND ("p"."LA_BAN_QL_DU_AN" = 1)) OR (("p"."ID" = :donViId_0) AND ("p"."LOAI_DON_VI_ID" = 15.0))) OR (("p"."ID" = :donViId_0) AND ("p"."LA_BAN_QL_DU_AN" = 1))
info: Microsoft.EntityFrameworkCore.Database.Command[20101]
      Executed DbCommand (15ms) [Parameters=[:Ma_0='?' (Size = 2000)], CommandType='Text', CommandTimeout='0']
      SELECT "l"."GIA_TRI"
      FROM "QL_NHAN_HIEN_THI" "l"
      WHERE "l"."MA" = :Ma_0
      FETCH FIRST 1 ROWS ONLY
info: Microsoft.EntityFrameworkCore.Database.Command[20101]
      Executed DbCommand (11ms) [Parameters=[:nguoiDung_ID_0='?' (DbType = Decimal)], CommandType='Text', CommandTimeout='0']
      SELECT "c"."VAI_TRO_ID"
      FROM "QL_VAI_TRO_NGUOI_DUNG" "c"
      WHERE "c"."NGUOI_DUNG_ID" = :nguoiDung_ID_0
info: Microsoft.EntityFrameworkCore.Database.Command[20101]
      Executed DbCommand (64ms) [Parameters=[:donViId_0='?' (DbType = Decimal)], CommandType='Text', CommandTimeout='0']
      SELECT COUNT(*)
      FROM "DM_DON_VI" "p"
      WHERE ((("p"."PARENT_ID" = :donViId_0) AND ("p"."LA_BAN_QL_DU_AN" = 1)) OR (("p"."ID" = :donViId_0) AND ("p"."LOAI_DON_VI_ID" = 15.0))) OR (("p"."ID" = :donViId_0) AND ("p"."LA_BAN_QL_DU_AN" = 1))
info: Microsoft.EntityFrameworkCore.Database.Command[20101]
      Executed DbCommand (15ms) [Parameters=[:Ma_0='?' (Size = 2000)], CommandType='Text', CommandTimeout='0']
      SELECT "l"."GIA_TRI"
      FROM "QL_NHAN_HIEN_THI" "l"
      WHERE "l"."MA" = :Ma_0
      FETCH FIRST 1 ROWS ONLY
info: Microsoft.EntityFrameworkCore.Database.Command[20101]
      Executed DbCommand (10ms) [Parameters=[:nguoiDung_ID_0='?' (DbType = Decimal)], CommandType='Text', CommandTimeout='0']
      SELECT "c"."VAI_TRO_ID"
      FROM "QL_VAI_TRO_NGUOI_DUNG" "c"
      WHERE "c"."NGUOI_DUNG_ID" = :nguoiDung_ID_0
info: Microsoft.EntityFrameworkCore.Database.Command[20101]
      Executed DbCommand (81ms) [Parameters=[:donViId_0='?' (DbType = Decimal)], CommandType='Text', CommandTimeout='0']
      SELECT COUNT(*)
      FROM "DM_DON_VI" "p"
      WHERE ((("p"."PARENT_ID" = :donViId_0) AND ("p"."LA_BAN_QL_DU_AN" = 1)) OR (("p"."ID" = :donViId_0) AND ("p"."LOAI_DON_VI_ID" = 15.0))) OR (("p"."ID" = :donViId_0) AND ("p"."LA_BAN_QL_DU_AN" = 1))
info: Microsoft.EntityFrameworkCore.Database.Command[20101]
      Executed DbCommand (29ms) [Parameters=[:nguoiDung_ID_0='?' (DbType = Decimal)], CommandType='Text', CommandTimeout='0']
      SELECT "c"."VAI_TRO_ID"
      FROM "QL_VAI_TRO_NGUOI_DUNG" "c"
      WHERE "c"."NGUOI_DUNG_ID" = :nguoiDung_ID_0
info: Microsoft.EntityFrameworkCore.Database.Command[20101]
      Executed DbCommand (66ms) [Parameters=[:donViId_0='?' (DbType = Decimal)], CommandType='Text', CommandTimeout='0']
      SELECT COUNT(*)
      FROM "DM_DON_VI" "p"
      WHERE ((("p"."PARENT_ID" = :donViId_0) AND ("p"."LA_BAN_QL_DU_AN" = 1)) OR (("p"."ID" = :donViId_0) AND ("p"."LOAI_DON_VI_ID" = 15.0))) OR (("p"."ID" = :donViId_0) AND ("p"."LA_BAN_QL_DU_AN" = 1))
info: Microsoft.EntityFrameworkCore.Database.Command[20101]
      Executed DbCommand (10ms) [Parameters=[:nguoiDung_ID_0='?' (DbType = Decimal)], CommandType='Text', CommandTimeout='0']
      SELECT "c"."VAI_TRO_ID"
      FROM "QL_VAI_TRO_NGUOI_DUNG" "c"
      WHERE "c"."NGUOI_DUNG_ID" = :nguoiDung_ID_0
info: Microsoft.EntityFrameworkCore.Database.Command[20101]
      Executed DbCommand (59ms) [Parameters=[:donViId_0='?' (DbType = Decimal)], CommandType='Text', CommandTimeout='0']
      SELECT COUNT(*)
      FROM "DM_DON_VI" "p"
      WHERE ((("p"."PARENT_ID" = :donViId_0) AND ("p"."LA_BAN_QL_DU_AN" = 1)) OR (("p"."ID" = :donViId_0) AND ("p"."LOAI_DON_VI_ID" = 15.0))) OR (("p"."ID" = :donViId_0) AND ("p"."LA_BAN_QL_DU_AN" = 1))
info: Microsoft.EntityFrameworkCore.Database.Command[20101]
      Executed DbCommand (22ms) [Parameters=[:nguoiDung_ID_0='?' (DbType = Decimal)], CommandType='Text', CommandTimeout='0']
      SELECT "c"."VAI_TRO_ID"
      FROM "QL_VAI_TRO_NGUOI_DUNG" "c"
      WHERE "c"."NGUOI_DUNG_ID" = :nguoiDung_ID_0
info: Microsoft.EntityFrameworkCore.Database.Command[20101]
      Executed DbCommand (71ms) [Parameters=[:donViId_0='?' (DbType = Decimal)], CommandType='Text', CommandTimeout='0']
      SELECT COUNT(*)
      FROM "DM_DON_VI" "p"
      WHERE ((("p"."PARENT_ID" = :donViId_0) AND ("p"."LA_BAN_QL_DU_AN" = 1)) OR (("p"."ID" = :donViId_0) AND ("p"."LOAI_DON_VI_ID" = 15.0))) OR (("p"."ID" = :donViId_0) AND ("p"."LA_BAN_QL_DU_AN" = 1))
info: Microsoft.EntityFrameworkCore.Database.Command[20101]
      Executed DbCommand (27ms) [Parameters=[:nguoiDung_ID_0='?' (DbType = Decimal)], CommandType='Text', CommandTimeout='0']
      SELECT "c"."VAI_TRO_ID"
      FROM "QL_VAI_TRO_NGUOI_DUNG" "c"
      WHERE "c"."NGUOI_DUNG_ID" = :nguoiDung_ID_0
info: Microsoft.EntityFrameworkCore.Database.Command[20101]
      Executed DbCommand (86ms) [Parameters=[:donViId_0='?' (DbType = Decimal)], CommandType='Text', CommandTimeout='0']
      SELECT COUNT(*)
      FROM "DM_DON_VI" "p"
      WHERE ((("p"."PARENT_ID" = :donViId_0) AND ("p"."LA_BAN_QL_DU_AN" = 1)) OR (("p"."ID" = :donViId_0) AND ("p"."LOAI_DON_VI_ID" = 15.0))) OR (("p"."ID" = :donViId_0) AND ("p"."LA_BAN_QL_DU_AN" = 1))
info: Microsoft.EntityFrameworkCore.Database.Command[20101]
      Executed DbCommand (15ms) [Parameters=[:Ma_0='?' (Size = 2000)], CommandType='Text', CommandTimeout='0']
      SELECT "l"."GIA_TRI"
      FROM "QL_NHAN_HIEN_THI" "l"
      WHERE "l"."MA" = :Ma_0
      FETCH FIRST 1 ROWS ONLY
info: Microsoft.EntityFrameworkCore.Database.Command[20101]
      Executed DbCommand (13ms) [Parameters=[:nguoiDung_ID_0='?' (DbType = Decimal)], CommandType='Text', CommandTimeout='0']
      SELECT "c"."VAI_TRO_ID"
      FROM "QL_VAI_TRO_NGUOI_DUNG" "c"
      WHERE "c"."NGUOI_DUNG_ID" = :nguoiDung_ID_0
info: Microsoft.EntityFrameworkCore.Database.Command[20101]
      Executed DbCommand (18ms) [Parameters=[:Ma_0='?' (Size = 2000)], CommandType='Text', CommandTimeout='0']
      SELECT "l"."GIA_TRI"
      FROM "QL_NHAN_HIEN_THI" "l"
      WHERE "l"."MA" = :Ma_0
      FETCH FIRST 1 ROWS ONLY
info: Microsoft.EntityFrameworkCore.Database.Command[20101]
      Executed DbCommand (10ms) [Parameters=[:nguoiDung_ID_0='?' (DbType = Decimal)], CommandType='Text', CommandTimeout='0']
      SELECT "c"."VAI_TRO_ID"
      FROM "QL_VAI_TRO_NGUOI_DUNG" "c"
      WHERE "c"."NGUOI_DUNG_ID" = :nguoiDung_ID_0
info: Microsoft.EntityFrameworkCore.Database.Command[20101]
      Executed DbCommand (19ms) [Parameters=[:Ma_0='?' (Size = 2000)], CommandType='Text', CommandTimeout='0']
      SELECT "l"."GIA_TRI"
      FROM "QL_NHAN_HIEN_THI" "l"
      WHERE "l"."MA" = :Ma_0
      FETCH FIRST 1 ROWS ONLY
info: Microsoft.EntityFrameworkCore.Database.Command[20101]
      Executed DbCommand (24ms) [Parameters=[:nguoiDung_ID_0='?' (DbType = Decimal)], CommandType='Text', CommandTimeout='0']
      SELECT "c"."VAI_TRO_ID"
      FROM "QL_VAI_TRO_NGUOI_DUNG" "c"
      WHERE "c"."NGUOI_DUNG_ID" = :nguoiDung_ID_0
info: Microsoft.EntityFrameworkCore.Database.Command[20101]
      Executed DbCommand (27ms) [Parameters=[:Ma_0='?' (Size = 2000)], CommandType='Text', CommandTimeout='0']
      SELECT "l"."GIA_TRI"
      FROM "QL_NHAN_HIEN_THI" "l"
      WHERE "l"."MA" = :Ma_0
      FETCH FIRST 1 ROWS ONLY
info: Microsoft.EntityFrameworkCore.Database.Command[20101]
      Executed DbCommand (16ms) [Parameters=[:nguoiDung_ID_0='?' (DbType = Decimal)], CommandType='Text', CommandTimeout='0']
      SELECT "c"."VAI_TRO_ID"
      FROM "QL_VAI_TRO_NGUOI_DUNG" "c"
      WHERE "c"."NGUOI_DUNG_ID" = :nguoiDung_ID_0
info: Microsoft.EntityFrameworkCore.Database.Command[20101]
      Executed DbCommand (11ms) [Parameters=[:Ma_0='?' (Size = 2000)], CommandType='Text', CommandTimeout='0']
      SELECT "l"."GIA_TRI"
      FROM "QL_NHAN_HIEN_THI" "l"
      WHERE "l"."MA" = :Ma_0
      FETCH FIRST 1 ROWS ONLY
info: Microsoft.EntityFrameworkCore.Database.Command[20101]
      Executed DbCommand (28ms) [Parameters=[:nguoiDung_ID_0='?' (DbType = Decimal)], CommandType='Text', CommandTimeout='0']
      SELECT "c"."VAI_TRO_ID"
      FROM "QL_VAI_TRO_NGUOI_DUNG" "c"
      WHERE "c"."NGUOI_DUNG_ID" = :nguoiDung_ID_0
info: Microsoft.EntityFrameworkCore.Database.Command[20101]
      Executed DbCommand (17ms) [Parameters=[:Ma_0='?' (Size = 2000)], CommandType='Text', CommandTimeout='0']
      SELECT "l"."GIA_TRI"
      FROM "QL_NHAN_HIEN_THI" "l"
      WHERE "l"."MA" = :Ma_0
      FETCH FIRST 1 ROWS ONLY
info: Microsoft.EntityFrameworkCore.Database.Command[20101]
      Executed DbCommand (26ms) [Parameters=[:nguoiDung_ID_0='?' (DbType = Decimal)], CommandType='Text', CommandTimeout='0']
      SELECT "c"."VAI_TRO_ID"
      FROM "QL_VAI_TRO_NGUOI_DUNG" "c"
      WHERE "c"."NGUOI_DUNG_ID" = :nguoiDung_ID_0
info: Microsoft.EntityFrameworkCore.Database.Command[20101]
      Executed DbCommand (24ms) [Parameters=[:Ma_0='?' (Size = 2000)], CommandType='Text', CommandTimeout='0']
      SELECT "l"."GIA_TRI"
      FROM "QL_NHAN_HIEN_THI" "l"
      WHERE "l"."MA" = :Ma_0
      FETCH FIRST 1 ROWS ONLY
info: Microsoft.EntityFrameworkCore.Database.Command[20101]
      Executed DbCommand (30ms) [Parameters=[:nguoiDung_ID_0='?' (DbType = Decimal)], CommandType='Text', CommandTimeout='0']
      SELECT "c"."VAI_TRO_ID"
      FROM "QL_VAI_TRO_NGUOI_DUNG" "c"
      WHERE "c"."NGUOI_DUNG_ID" = :nguoiDung_ID_0
info: Microsoft.EntityFrameworkCore.Database.Command[20101]
      Executed DbCommand (36ms) [Parameters=[:Ma_0='?' (Size = 2000)], CommandType='Text', CommandTimeout='0']
      SELECT "l"."GIA_TRI"
      FROM "QL_NHAN_HIEN_THI" "l"
      WHERE "l"."MA" = :Ma_0
      FETCH FIRST 1 ROWS ONLY
info: Microsoft.EntityFrameworkCore.Database.Command[20101]
      Executed DbCommand (41ms) [Parameters=[:nguoiDung_ID_0='?' (DbType = Decimal)], CommandType='Text', CommandTimeout='0']
      SELECT "c"."VAI_TRO_ID"
      FROM "QL_VAI_TRO_NGUOI_DUNG" "c"
      WHERE "c"."NGUOI_DUNG_ID" = :nguoiDung_ID_0
info: Microsoft.EntityFrameworkCore.Database.Command[20101]
      Executed DbCommand (70ms) [Parameters=[:Ma_0='?' (Size = 2000)], CommandType='Text', CommandTimeout='0']
      SELECT "l"."GIA_TRI"
      FROM "QL_NHAN_HIEN_THI" "l"
      WHERE "l"."MA" = :Ma_0
      FETCH FIRST 1 ROWS ONLY
info: Microsoft.EntityFrameworkCore.Database.Command[20101]
      Executed DbCommand (47ms) [Parameters=[:nguoiDung_ID_0='?' (DbType = Decimal)], CommandType='Text', CommandTimeout='0']
      SELECT "c"."VAI_TRO_ID"
      FROM "QL_VAI_TRO_NGUOI_DUNG" "c"
      WHERE "c"."NGUOI_DUNG_ID" = :nguoiDung_ID_0
info: Microsoft.EntityFrameworkCore.Database.Command[20101]
      Executed DbCommand (15ms) [Parameters=[:Ma_0='?' (Size = 2000)], CommandType='Text', CommandTimeout='0']
      SELECT "l"."GIA_TRI"
      FROM "QL_NHAN_HIEN_THI" "l"
      WHERE "l"."MA" = :Ma_0
      FETCH FIRST 1 ROWS ONLY
info: Microsoft.EntityFrameworkCore.Database.Command[20101]
      Executed DbCommand (18ms) [Parameters=[:nguoiDung_ID_0='?' (DbType = Decimal)], CommandType='Text', CommandTimeout='0']
      SELECT "c"."VAI_TRO_ID"
      FROM "QL_VAI_TRO_NGUOI_DUNG" "c"
      WHERE "c"."NGUOI_DUNG_ID" = :nguoiDung_ID_0
info: Microsoft.EntityFrameworkCore.Database.Command[20101]
      Executed DbCommand (11ms) [Parameters=[:Ma_0='?' (Size = 2000)], CommandType='Text', CommandTimeout='0']
      SELECT "l"."GIA_TRI"
      FROM "QL_NHAN_HIEN_THI" "l"
      WHERE "l"."MA" = :Ma_0
      FETCH FIRST 1 ROWS ONLY
info: Microsoft.EntityFrameworkCore.Database.Command[20101]
      Executed DbCommand (23ms) [Parameters=[:nguoiDung_ID_0='?' (DbType = Decimal)], CommandType='Text', CommandTimeout='0']
      SELECT "c"."VAI_TRO_ID"
      FROM "QL_VAI_TRO_NGUOI_DUNG" "c"
      WHERE "c"."NGUOI_DUNG_ID" = :nguoiDung_ID_0
info: Microsoft.EntityFrameworkCore.Database.Command[20101]
      Executed DbCommand (12ms) [Parameters=[:Ma_0='?' (Size = 2000)], CommandType='Text', CommandTimeout='0']
      SELECT "l"."GIA_TRI"
      FROM "QL_NHAN_HIEN_THI" "l"
      WHERE "l"."MA" = :Ma_0
      FETCH FIRST 1 ROWS ONLY
info: Microsoft.EntityFrameworkCore.Database.Command[20101]
      Executed DbCommand (18ms) [Parameters=[:nguoiDung_ID_0='?' (DbType = Decimal)], CommandType='Text', CommandTimeout='0']
      SELECT "c"."VAI_TRO_ID"
      FROM "QL_VAI_TRO_NGUOI_DUNG" "c"
      WHERE "c"."NGUOI_DUNG_ID" = :nguoiDung_ID_0
info: Microsoft.EntityFrameworkCore.Database.Command[20101]
      Executed DbCommand (23ms) [Parameters=[:Ma_0='?' (Size = 2000)], CommandType='Text', CommandTimeout='0']
      SELECT "l"."GIA_TRI"
      FROM "QL_NHAN_HIEN_THI" "l"
      WHERE "l"."MA" = :Ma_0
      FETCH FIRST 1 ROWS ONLY
info: Microsoft.EntityFrameworkCore.Database.Command[20101]
      Executed DbCommand (11ms) [Parameters=[:nguoiDung_ID_0='?' (DbType = Decimal)], CommandType='Text', CommandTimeout='0']
      SELECT "c"."VAI_TRO_ID"
      FROM "QL_VAI_TRO_NGUOI_DUNG" "c"
      WHERE "c"."NGUOI_DUNG_ID" = :nguoiDung_ID_0
info: Microsoft.EntityFrameworkCore.Database.Command[20101]
      Executed DbCommand (12ms) [Parameters=[:Ma_0='?' (Size = 2000)], CommandType='Text', CommandTimeout='0']
      SELECT "l"."GIA_TRI"
      FROM "QL_NHAN_HIEN_THI" "l"
      WHERE "l"."MA" = :Ma_0
      FETCH FIRST 1 ROWS ONLY
info: Microsoft.EntityFrameworkCore.Database.Command[20101]
      Executed DbCommand (8ms) [Parameters=[:nguoiDung_ID_0='?' (DbType = Decimal)], CommandType='Text', CommandTimeout='0']
      SELECT "c"."VAI_TRO_ID"
      FROM "QL_VAI_TRO_NGUOI_DUNG" "c"
      WHERE "c"."NGUOI_DUNG_ID" = :nguoiDung_ID_0
info: Microsoft.EntityFrameworkCore.Database.Command[20101]
      Executed DbCommand (10ms) [Parameters=[:Ma_0='?' (Size = 2000)], CommandType='Text', CommandTimeout='0']
      SELECT "l"."GIA_TRI"
      FROM "QL_NHAN_HIEN_THI" "l"
      WHERE "l"."MA" = :Ma_0
      FETCH FIRST 1 ROWS ONLY
info: Microsoft.EntityFrameworkCore.Database.Command[20101]
      Executed DbCommand (9ms) [Parameters=[:nguoiDung_ID_0='?' (DbType = Decimal)], CommandType='Text', CommandTimeout='0']
      SELECT "c"."VAI_TRO_ID"
      FROM "QL_VAI_TRO_NGUOI_DUNG" "c"
      WHERE "c"."NGUOI_DUNG_ID" = :nguoiDung_ID_0
info: Microsoft.EntityFrameworkCore.Database.Command[20101]
      Executed DbCommand (13ms) [Parameters=[:Ma_0='?' (Size = 2000)], CommandType='Text', CommandTimeout='0']
      SELECT "l"."GIA_TRI"
      FROM "QL_NHAN_HIEN_THI" "l"
      WHERE "l"."MA" = :Ma_0
      FETCH FIRST 1 ROWS ONLY
info: Microsoft.EntityFrameworkCore.Database.Command[20101]
      Executed DbCommand (12ms) [Parameters=[:nguoiDung_ID_0='?' (DbType = Decimal)], CommandType='Text', CommandTimeout='0']
      SELECT "c"."VAI_TRO_ID"
      FROM "QL_VAI_TRO_NGUOI_DUNG" "c"
      WHERE "c"."NGUOI_DUNG_ID" = :nguoiDung_ID_0
info: Microsoft.EntityFrameworkCore.Database.Command[20101]
      Executed DbCommand (15ms) [Parameters=[:Ma_0='?' (Size = 2000)], CommandType='Text', CommandTimeout='0']
      SELECT "l"."GIA_TRI"
      FROM "QL_NHAN_HIEN_THI" "l"
      WHERE "l"."MA" = :Ma_0
      FETCH FIRST 1 ROWS ONLY
info: Microsoft.EntityFrameworkCore.Database.Command[20101]
      Executed DbCommand (7ms) [Parameters=[:nguoiDung_ID_0='?' (DbType = Decimal)], CommandType='Text', CommandTimeout='0']
      SELECT "c"."VAI_TRO_ID"
      FROM "QL_VAI_TRO_NGUOI_DUNG" "c"
      WHERE "c"."NGUOI_DUNG_ID" = :nguoiDung_ID_0
info: Microsoft.EntityFrameworkCore.Database.Command[20101]
      Executed DbCommand (26ms) [Parameters=[:Ma_0='?' (Size = 2000)], CommandType='Text', CommandTimeout='0']
      SELECT "l"."GIA_TRI"
      FROM "QL_NHAN_HIEN_THI" "l"
      WHERE "l"."MA" = :Ma_0
      FETCH FIRST 1 ROWS ONLY
info: Microsoft.EntityFrameworkCore.Database.Command[20101]
      Executed DbCommand (24ms) [Parameters=[:nguoiDung_ID_0='?' (DbType = Decimal)], CommandType='Text', CommandTimeout='0']
      SELECT "c"."VAI_TRO_ID"
      FROM "QL_VAI_TRO_NGUOI_DUNG" "c"
      WHERE "c"."NGUOI_DUNG_ID" = :nguoiDung_ID_0
info: Microsoft.EntityFrameworkCore.Database.Command[20101]
      Executed DbCommand (17ms) [Parameters=[:Ma_0='?' (Size = 2000)], CommandType='Text', CommandTimeout='0']
      SELECT "l"."GIA_TRI"
      FROM "QL_NHAN_HIEN_THI" "l"
      WHERE "l"."MA" = :Ma_0
      FETCH FIRST 1 ROWS ONLY
info: Microsoft.EntityFrameworkCore.Database.Command[20101]
      Executed DbCommand (16ms) [Parameters=[:Ma_0='?' (Size = 2000)], CommandType='Text', CommandTimeout='0']
      SELECT "l"."GIA_TRI"
      FROM "QL_NHAN_HIEN_THI" "l"
      WHERE "l"."MA" = :Ma_0
      FETCH FIRST 1 ROWS ONLY
info: Microsoft.EntityFrameworkCore.Database.Command[20101]
      Executed DbCommand (12ms) [Parameters=[:Ma_0='?' (Size = 2000)], CommandType='Text', CommandTimeout='0']
      SELECT "l"."GIA_TRI"
      FROM "QL_NHAN_HIEN_THI" "l"
      WHERE "l"."MA" = :Ma_0
      FETCH FIRST 1 ROWS ONLY
info: Microsoft.EntityFrameworkCore.Database.Command[20101]
      Executed DbCommand (12ms) [Parameters=[:Ma_0='?' (Size = 2000)], CommandType='Text', CommandTimeout='0']
      SELECT "l"."GIA_TRI"
      FROM "QL_NHAN_HIEN_THI" "l"
      WHERE "l"."MA" = :Ma_0
      FETCH FIRST 1 ROWS ONLY
info: Microsoft.EntityFrameworkCore.Database.Command[20101]
      Executed DbCommand (9ms) [Parameters=[:Ma_0='?' (Size = 2000)], CommandType='Text', CommandTimeout='0']
      SELECT "l"."GIA_TRI"
      FROM "QL_NHAN_HIEN_THI" "l"
      WHERE "l"."MA" = :Ma_0
      FETCH FIRST 1 ROWS ONLY
info: Microsoft.EntityFrameworkCore.Database.Command[20101]
      Executed DbCommand (14ms) [Parameters=[:nguoiDung_ID_0='?' (DbType = Decimal)], CommandType='Text', CommandTimeout='0']
      SELECT "c"."VAI_TRO_ID"
      FROM "QL_VAI_TRO_NGUOI_DUNG" "c"
      WHERE "c"."NGUOI_DUNG_ID" = :nguoiDung_ID_0
info: Microsoft.EntityFrameworkCore.Database.Command[20101]
      Executed DbCommand (11ms) [Parameters=[:Ma_0='?' (Size = 2000)], CommandType='Text', CommandTimeout='0']
      SELECT "l"."GIA_TRI"
      FROM "QL_NHAN_HIEN_THI" "l"
      WHERE "l"."MA" = :Ma_0
      FETCH FIRST 1 ROWS ONLY
info: Microsoft.EntityFrameworkCore.Database.Command[20101]
      Executed DbCommand (96ms) [Parameters=[:Ma_0='?' (Size = 2000)], CommandType='Text', CommandTimeout='0']
      SELECT "l"."GIA_TRI"
      FROM "QL_NHAN_HIEN_THI" "l"
      WHERE "l"."MA" = :Ma_0
      FETCH FIRST 1 ROWS ONLY
info: Microsoft.EntityFrameworkCore.Database.Command[20101]
      Executed DbCommand (58ms) [Parameters=[:Ma_0='?' (Size = 2000)], CommandType='Text', CommandTimeout='0']
      SELECT "l"."GIA_TRI"
      FROM "QL_NHAN_HIEN_THI" "l"
      WHERE "l"."MA" = :Ma_0
      FETCH FIRST 1 ROWS ONLY
info: Microsoft.EntityFrameworkCore.Database.Command[20101]
      Executed DbCommand (10ms) [Parameters=[:nguoiDung_ID_0='?' (DbType = Decimal)], CommandType='Text', CommandTimeout='0']
      SELECT "c"."VAI_TRO_ID"
      FROM "QL_VAI_TRO_NGUOI_DUNG" "c"
      WHERE "c"."NGUOI_DUNG_ID" = :nguoiDung_ID_0
info: Microsoft.EntityFrameworkCore.Database.Command[20101]
      Executed DbCommand (18ms) [Parameters=[:Ma_0='?' (Size = 2000)], CommandType='Text', CommandTimeout='0']
      SELECT "l"."GIA_TRI"
      FROM "QL_NHAN_HIEN_THI" "l"
      WHERE "l"."MA" = :Ma_0
      FETCH FIRST 1 ROWS ONLY
info: Microsoft.EntityFrameworkCore.Database.Command[20101]
      Executed DbCommand (22ms) [Parameters=[:Ma_0='?' (Size = 2000)], CommandType='Text', CommandTimeout='0']
      SELECT "l"."GIA_TRI"
      FROM "QL_NHAN_HIEN_THI" "l"
      WHERE "l"."MA" = :Ma_0
      FETCH FIRST 1 ROWS ONLY
info: Microsoft.EntityFrameworkCore.Database.Command[20101]
      Executed DbCommand (22ms) [Parameters=[:Ma_0='?' (Size = 2000)], CommandType='Text', CommandTimeout='0']
      SELECT "l"."GIA_TRI"
      FROM "QL_NHAN_HIEN_THI" "l"
      WHERE "l"."MA" = :Ma_0
      FETCH FIRST 1 ROWS ONLY
info: Microsoft.EntityFrameworkCore.Database.Command[20101]
      Executed DbCommand (13ms) [Parameters=[:nguoiDung_ID_0='?' (DbType = Decimal)], CommandType='Text', CommandTimeout='0']
      SELECT "c"."VAI_TRO_ID"
      FROM "QL_VAI_TRO_NGUOI_DUNG" "c"
      WHERE "c"."NGUOI_DUNG_ID" = :nguoiDung_ID_0
info: Microsoft.EntityFrameworkCore.Database.Command[20101]
      Executed DbCommand (20ms) [Parameters=[:Ma_0='?' (Size = 2000)], CommandType='Text', CommandTimeout='0']
      SELECT "l"."GIA_TRI"
      FROM "QL_NHAN_HIEN_THI" "l"
      WHERE "l"."MA" = :Ma_0
      FETCH FIRST 1 ROWS ONLY
info: Microsoft.EntityFrameworkCore.Database.Command[20101]
      Executed DbCommand (24ms) [Parameters=[:Ma_0='?' (Size = 2000)], CommandType='Text', CommandTimeout='0']
      SELECT "l"."GIA_TRI"
      FROM "QL_NHAN_HIEN_THI" "l"
      WHERE "l"."MA" = :Ma_0
      FETCH FIRST 1 ROWS ONLY
info: Microsoft.EntityFrameworkCore.Database.Command[20101]
      Executed DbCommand (25ms) [Parameters=[:nguoiDung_ID_0='?' (DbType = Decimal)], CommandType='Text', CommandTimeout='0']
      SELECT "c"."VAI_TRO_ID"
      FROM "QL_VAI_TRO_NGUOI_DUNG" "c"
      WHERE "c"."NGUOI_DUNG_ID" = :nguoiDung_ID_0
info: Microsoft.EntityFrameworkCore.Database.Command[20101]
      Executed DbCommand (14ms) [Parameters=[:Ma_0='?' (Size = 2000)], CommandType='Text', CommandTimeout='0']
      SELECT "l"."GIA_TRI"
      FROM "QL_NHAN_HIEN_THI" "l"
      WHERE "l"."MA" = :Ma_0
      FETCH FIRST 1 ROWS ONLY
info: Microsoft.EntityFrameworkCore.Database.Command[20101]
      Executed DbCommand (14ms) [Parameters=[:nguoiDung_ID_0='?' (DbType = Decimal)], CommandType='Text', CommandTimeout='0']
      SELECT "c"."VAI_TRO_ID"
      FROM "QL_VAI_TRO_NGUOI_DUNG" "c"
      WHERE "c"."NGUOI_DUNG_ID" = :nguoiDung_ID_0
info: Microsoft.EntityFrameworkCore.Database.Command[20101]
      Executed DbCommand (23ms) [Parameters=[:Ma_0='?' (Size = 2000)], CommandType='Text', CommandTimeout='0']
      SELECT "l"."GIA_TRI"
      FROM "QL_NHAN_HIEN_THI" "l"
      WHERE "l"."MA" = :Ma_0
      FETCH FIRST 1 ROWS ONLY
info: Microsoft.EntityFrameworkCore.Database.Command[20101]
      Executed DbCommand (21ms) [Parameters=[:nguoiDung_ID_0='?' (DbType = Decimal)], CommandType='Text', CommandTimeout='0']
      SELECT "c"."VAI_TRO_ID"
      FROM "QL_VAI_TRO_NGUOI_DUNG" "c"
      WHERE "c"."NGUOI_DUNG_ID" = :nguoiDung_ID_0
info: Microsoft.EntityFrameworkCore.Database.Command[20101]
      Executed DbCommand (23ms) [Parameters=[:Ma_0='?' (Size = 2000)], CommandType='Text', CommandTimeout='0']
      SELECT "l"."GIA_TRI"
      FROM "QL_NHAN_HIEN_THI" "l"
      WHERE "l"."MA" = :Ma_0
      FETCH FIRST 1 ROWS ONLY
info: Microsoft.EntityFrameworkCore.Database.Command[20101]
      Executed DbCommand (20ms) [Parameters=[:nguoiDung_ID_0='?' (DbType = Decimal)], CommandType='Text', CommandTimeout='0']
      SELECT "c"."VAI_TRO_ID"
      FROM "QL_VAI_TRO_NGUOI_DUNG" "c"
      WHERE "c"."NGUOI_DUNG_ID" = :nguoiDung_ID_0
info: Microsoft.EntityFrameworkCore.Database.Command[20101]
      Executed DbCommand (27ms) [Parameters=[:Ma_0='?' (Size = 2000)], CommandType='Text', CommandTimeout='0']
      SELECT "l"."GIA_TRI"
      FROM "QL_NHAN_HIEN_THI" "l"
      WHERE "l"."MA" = :Ma_0
      FETCH FIRST 1 ROWS ONLY
info: Microsoft.EntityFrameworkCore.Database.Command[20101]
      Executed DbCommand (19ms) [Parameters=[:nguoiDung_ID_0='?' (DbType = Decimal)], CommandType='Text', CommandTimeout='0']
      SELECT "c"."VAI_TRO_ID"
      FROM "QL_VAI_TRO_NGUOI_DUNG" "c"
      WHERE "c"."NGUOI_DUNG_ID" = :nguoiDung_ID_0
info: Microsoft.EntityFrameworkCore.Database.Command[20101]
      Executed DbCommand (22ms) [Parameters=[:Ma_0='?' (Size = 2000)], CommandType='Text', CommandTimeout='0']
      SELECT "l"."GIA_TRI"
      FROM "QL_NHAN_HIEN_THI" "l"
      WHERE "l"."MA" = :Ma_0
      FETCH FIRST 1 ROWS ONLY
info: Microsoft.EntityFrameworkCore.Database.Command[20101]
      Executed DbCommand (28ms) [Parameters=[:nguoiDung_ID_0='?' (DbType = Decimal)], CommandType='Text', CommandTimeout='0']
      SELECT "c"."VAI_TRO_ID"
      FROM "QL_VAI_TRO_NGUOI_DUNG" "c"
      WHERE "c"."NGUOI_DUNG_ID" = :nguoiDung_ID_0
info: Microsoft.EntityFrameworkCore.Database.Command[20101]
      Executed DbCommand (19ms) [Parameters=[:Ma_0='?' (Size = 2000)], CommandType='Text', CommandTimeout='0']
      SELECT "l"."GIA_TRI"
      FROM "QL_NHAN_HIEN_THI" "l"
      WHERE "l"."MA" = :Ma_0
      FETCH FIRST 1 ROWS ONLY
info: Microsoft.EntityFrameworkCore.Database.Command[20101]
      Executed DbCommand (18ms) [Parameters=[:Ma_0='?' (Size = 2000)], CommandType='Text', CommandTimeout='0']
      SELECT "l"."GIA_TRI"
      FROM "QL_NHAN_HIEN_THI" "l"
      WHERE "l"."MA" = :Ma_0
      FETCH FIRST 1 ROWS ONLY
info: Microsoft.EntityFrameworkCore.Database.Command[20101]
      Executed DbCommand (27ms) [Parameters=[:Ma_0='?' (Size = 2000)], CommandType='Text', CommandTimeout='0']
      SELECT "l"."GIA_TRI"
      FROM "QL_NHAN_HIEN_THI" "l"
      WHERE "l"."MA" = :Ma_0
      FETCH FIRST 1 ROWS ONLY
info: Microsoft.EntityFrameworkCore.Database.Command[20101]
      Executed DbCommand (55ms) [Parameters=[:Ma_0='?' (Size = 2000)], CommandType='Text', CommandTimeout='0']
      SELECT "l"."GIA_TRI"
      FROM "QL_NHAN_HIEN_THI" "l"
      WHERE "l"."MA" = :Ma_0
      FETCH FIRST 1 ROWS ONLY
info: Microsoft.EntityFrameworkCore.Database.Command[20101]
      Executed DbCommand (24ms) [Parameters=[:nguoiDung_ID_0='?' (DbType = Decimal)], CommandType='Text', CommandTimeout='0']
      SELECT "c"."VAI_TRO_ID"
      FROM "QL_VAI_TRO_NGUOI_DUNG" "c"
      WHERE "c"."NGUOI_DUNG_ID" = :nguoiDung_ID_0
info: Microsoft.EntityFrameworkCore.Database.Command[20101]
      Executed DbCommand (11ms) [Parameters=[:Ma_0='?' (Size = 2000)], CommandType='Text', CommandTimeout='0']
      SELECT "l"."GIA_TRI"
      FROM "QL_NHAN_HIEN_THI" "l"
      WHERE "l"."MA" = :Ma_0
      FETCH FIRST 1 ROWS ONLY
info: Microsoft.EntityFrameworkCore.Database.Command[20101]
      Executed DbCommand (10ms) [Parameters=[:nguoiDung_ID_0='?' (DbType = Decimal)], CommandType='Text', CommandTimeout='0']
      SELECT "c"."VAI_TRO_ID"
      FROM "QL_VAI_TRO_NGUOI_DUNG" "c"
      WHERE "c"."NGUOI_DUNG_ID" = :nguoiDung_ID_0
info: Microsoft.EntityFrameworkCore.Database.Command[20101]
      Executed DbCommand (16ms) [Parameters=[:Ma_0='?' (Size = 2000)], CommandType='Text', CommandTimeout='0']
      SELECT "l"."GIA_TRI"
      FROM "QL_NHAN_HIEN_THI" "l"
      WHERE "l"."MA" = :Ma_0
      FETCH FIRST 1 ROWS ONLY
info: Microsoft.EntityFrameworkCore.Database.Command[20101]
      Executed DbCommand (9ms) [Parameters=[:nguoiDung_ID_0='?' (DbType = Decimal)], CommandType='Text', CommandTimeout='0']
      SELECT "c"."VAI_TRO_ID"
      FROM "QL_VAI_TRO_NGUOI_DUNG" "c"
      WHERE "c"."NGUOI_DUNG_ID" = :nguoiDung_ID_0
info: Microsoft.EntityFrameworkCore.Database.Command[20101]
      Executed DbCommand (9ms) [Parameters=[:Ma_0='?' (Size = 2000)], CommandType='Text', CommandTimeout='0']
      SELECT "l"."GIA_TRI"
      FROM "QL_NHAN_HIEN_THI" "l"
      WHERE "l"."MA" = :Ma_0
      FETCH FIRST 1 ROWS ONLY
info: Microsoft.EntityFrameworkCore.Database.Command[20101]
      Executed DbCommand (15ms) [Parameters=[:nguoiDung_ID_0='?' (DbType = Decimal)], CommandType='Text', CommandTimeout='0']
      SELECT "c"."VAI_TRO_ID"
      FROM "QL_VAI_TRO_NGUOI_DUNG" "c"
      WHERE "c"."NGUOI_DUNG_ID" = :nguoiDung_ID_0
info: Microsoft.EntityFrameworkCore.Database.Command[20101]
      Executed DbCommand (13ms) [Parameters=[:Ma_0='?' (Size = 2000)], CommandType='Text', CommandTimeout='0']
      SELECT "l"."GIA_TRI"
      FROM "QL_NHAN_HIEN_THI" "l"
      WHERE "l"."MA" = :Ma_0
      FETCH FIRST 1 ROWS ONLY
info: Microsoft.EntityFrameworkCore.Database.Command[20101]
      Executed DbCommand (13ms) [Parameters=[:nguoiDung_ID_0='?' (DbType = Decimal)], CommandType='Text', CommandTimeout='0']
      SELECT "c"."VAI_TRO_ID"
      FROM "QL_VAI_TRO_NGUOI_DUNG" "c"
      WHERE "c"."NGUOI_DUNG_ID" = :nguoiDung_ID_0
info: Microsoft.EntityFrameworkCore.Database.Command[20101]
      Executed DbCommand (14ms) [Parameters=[:Ma_0='?' (Size = 2000)], CommandType='Text', CommandTimeout='0']
      SELECT "l"."GIA_TRI"
      FROM "QL_NHAN_HIEN_THI" "l"
      WHERE "l"."MA" = :Ma_0
      FETCH FIRST 1 ROWS ONLY
info: Microsoft.EntityFrameworkCore.Database.Command[20101]
      Executed DbCommand (9ms) [Parameters=[:nguoiDung_ID_0='?' (DbType = Decimal)], CommandType='Text', CommandTimeout='0']
      SELECT "c"."VAI_TRO_ID"
      FROM "QL_VAI_TRO_NGUOI_DUNG" "c"
      WHERE "c"."NGUOI_DUNG_ID" = :nguoiDung_ID_0
info: Microsoft.EntityFrameworkCore.Database.Command[20101]
      Executed DbCommand (15ms) [Parameters=[:Ma_0='?' (Size = 2000)], CommandType='Text', CommandTimeout='0']
      SELECT "l"."GIA_TRI"
      FROM "QL_NHAN_HIEN_THI" "l"
      WHERE "l"."MA" = :Ma_0
      FETCH FIRST 1 ROWS ONLY
info: Microsoft.EntityFrameworkCore.Database.Command[20101]
      Executed DbCommand (17ms) [Parameters=[:nguoiDung_ID_0='?' (DbType = Decimal)], CommandType='Text', CommandTimeout='0']
      SELECT "c"."VAI_TRO_ID"
      FROM "QL_VAI_TRO_NGUOI_DUNG" "c"
      WHERE "c"."NGUOI_DUNG_ID" = :nguoiDung_ID_0
info: Microsoft.EntityFrameworkCore.Database.Command[20101]
      Executed DbCommand (11ms) [Parameters=[:Ma_0='?' (Size = 2000)], CommandType='Text', CommandTimeout='0']
      SELECT "l"."GIA_TRI"
      FROM "QL_NHAN_HIEN_THI" "l"
      WHERE "l"."MA" = :Ma_0
      FETCH FIRST 1 ROWS ONLY
info: Microsoft.EntityFrameworkCore.Database.Command[20101]
      Executed DbCommand (9ms) [Parameters=[:nguoiDung_ID_0='?' (DbType = Decimal)], CommandType='Text', CommandTimeout='0']
      SELECT "c"."VAI_TRO_ID"
      FROM "QL_VAI_TRO_NGUOI_DUNG" "c"
      WHERE "c"."NGUOI_DUNG_ID" = :nguoiDung_ID_0
info: Microsoft.EntityFrameworkCore.Database.Command[20101]
      Executed DbCommand (18ms) [Parameters=[:Ma_0='?' (Size = 2000)], CommandType='Text', CommandTimeout='0']
      SELECT "l"."GIA_TRI"
      FROM "QL_NHAN_HIEN_THI" "l"
      WHERE "l"."MA" = :Ma_0
      FETCH FIRST 1 ROWS ONLY
info: Microsoft.EntityFrameworkCore.Database.Command[20101]
      Executed DbCommand (12ms) [Parameters=[:nguoiDung_ID_0='?' (DbType = Decimal)], CommandType='Text', CommandTimeout='0']
      SELECT "c"."VAI_TRO_ID"
      FROM "QL_VAI_TRO_NGUOI_DUNG" "c"
      WHERE "c"."NGUOI_DUNG_ID" = :nguoiDung_ID_0
info: Microsoft.EntityFrameworkCore.Database.Command[20101]
      Executed DbCommand (15ms) [Parameters=[:Ma_0='?' (Size = 2000)], CommandType='Text', CommandTimeout='0']
      SELECT "l"."GIA_TRI"
      FROM "QL_NHAN_HIEN_THI" "l"
      WHERE "l"."MA" = :Ma_0
      FETCH FIRST 1 ROWS ONLY
info: Microsoft.EntityFrameworkCore.Database.Command[20101]
      Executed DbCommand (14ms) [Parameters=[:nguoiDung_ID_0='?' (DbType = Decimal)], CommandType='Text', CommandTimeout='0']
      SELECT "c"."VAI_TRO_ID"
      FROM "QL_VAI_TRO_NGUOI_DUNG" "c"
      WHERE "c"."NGUOI_DUNG_ID" = :nguoiDung_ID_0
info: Microsoft.EntityFrameworkCore.Database.Command[20101]
      Executed DbCommand (10ms) [Parameters=[:Ma_0='?' (Size = 2000)], CommandType='Text', CommandTimeout='0']
      SELECT "l"."GIA_TRI"
      FROM "QL_NHAN_HIEN_THI" "l"
      WHERE "l"."MA" = :Ma_0
      FETCH FIRST 1 ROWS ONLY
info: Microsoft.EntityFrameworkCore.Database.Command[20101]
      Executed DbCommand (8ms) [Parameters=[:nguoiDung_ID_0='?' (DbType = Decimal)], CommandType='Text', CommandTimeout='0']
      SELECT "c"."VAI_TRO_ID"
      FROM "QL_VAI_TRO_NGUOI_DUNG" "c"
      WHERE "c"."NGUOI_DUNG_ID" = :nguoiDung_ID_0
info: Microsoft.EntityFrameworkCore.Database.Command[20101]
      Executed DbCommand (13ms) [Parameters=[:Ma_0='?' (Size = 2000)], CommandType='Text', CommandTimeout='0']
      SELECT "l"."GIA_TRI"
      FROM "QL_NHAN_HIEN_THI" "l"
      WHERE "l"."MA" = :Ma_0
      FETCH FIRST 1 ROWS ONLY
info: Microsoft.EntityFrameworkCore.Database.Command[20101]
      Executed DbCommand (15ms) [Parameters=[:nguoiDung_ID_0='?' (DbType = Decimal)], CommandType='Text', CommandTimeout='0']
      SELECT "c"."VAI_TRO_ID"
      FROM "QL_VAI_TRO_NGUOI_DUNG" "c"
      WHERE "c"."NGUOI_DUNG_ID" = :nguoiDung_ID_0
info: Microsoft.EntityFrameworkCore.Database.Command[20101]
      Executed DbCommand (17ms) [Parameters=[:Ma_0='?' (Size = 2000)], CommandType='Text', CommandTimeout='0']
      SELECT "l"."GIA_TRI"
      FROM "QL_NHAN_HIEN_THI" "l"
      WHERE "l"."MA" = :Ma_0
      FETCH FIRST 1 ROWS ONLY
info: Microsoft.EntityFrameworkCore.Database.Command[20101]
      Executed DbCommand (17ms) [Parameters=[:nguoiDung_ID_0='?' (DbType = Decimal)], CommandType='Text', CommandTimeout='0']
      SELECT "c"."VAI_TRO_ID"
      FROM "QL_VAI_TRO_NGUOI_DUNG" "c"
      WHERE "c"."NGUOI_DUNG_ID" = :nguoiDung_ID_0
info: Microsoft.EntityFrameworkCore.Database.Command[20101]
      Executed DbCommand (13ms) [Parameters=[:Ma_0='?' (Size = 2000)], CommandType='Text', CommandTimeout='0']
      SELECT "l"."GIA_TRI"
      FROM "QL_NHAN_HIEN_THI" "l"
      WHERE "l"."MA" = :Ma_0
      FETCH FIRST 1 ROWS ONLY
info: Microsoft.EntityFrameworkCore.Database.Command[20101]
      Executed DbCommand (12ms) [Parameters=[:nguoiDung_ID_0='?' (DbType = Decimal)], CommandType='Text', CommandTimeout='0']
      SELECT "c"."VAI_TRO_ID"
      FROM "QL_VAI_TRO_NGUOI_DUNG" "c"
      WHERE "c"."NGUOI_DUNG_ID" = :nguoiDung_ID_0
info: Microsoft.EntityFrameworkCore.Database.Command[20101]
      Executed DbCommand (15ms) [Parameters=[:Ma_0='?' (Size = 2000)], CommandType='Text', CommandTimeout='0']
      SELECT "l"."GIA_TRI"
      FROM "QL_NHAN_HIEN_THI" "l"
      WHERE "l"."MA" = :Ma_0
      FETCH FIRST 1 ROWS ONLY
info: Microsoft.EntityFrameworkCore.Database.Command[20101]
      Executed DbCommand (10ms) [Parameters=[:nguoiDung_ID_0='?' (DbType = Decimal)], CommandType='Text', CommandTimeout='0']
      SELECT "c"."VAI_TRO_ID"
      FROM "QL_VAI_TRO_NGUOI_DUNG" "c"
      WHERE "c"."NGUOI_DUNG_ID" = :nguoiDung_ID_0
info: Microsoft.EntityFrameworkCore.Database.Command[20101]
      Executed DbCommand (15ms) [Parameters=[:Ma_0='?' (Size = 2000)], CommandType='Text', CommandTimeout='0']
      SELECT "l"."GIA_TRI"
      FROM "QL_NHAN_HIEN_THI" "l"
      WHERE "l"."MA" = :Ma_0
      FETCH FIRST 1 ROWS ONLY
info: Microsoft.EntityFrameworkCore.Database.Command[20101]
      Executed DbCommand (11ms) [Parameters=[:Ma_0='?' (Size = 2000)], CommandType='Text', CommandTimeout='0']
      SELECT "l"."GIA_TRI"
      FROM "QL_NHAN_HIEN_THI" "l"
      WHERE "l"."MA" = :Ma_0
      FETCH FIRST 1 ROWS ONLY
info: Microsoft.EntityFrameworkCore.Database.Command[20101]
      Executed DbCommand (12ms) [Parameters=[:Ma_0='?' (Size = 2000)], CommandType='Text', CommandTimeout='0']
      SELECT "l"."GIA_TRI"
      FROM "QL_NHAN_HIEN_THI" "l"
      WHERE "l"."MA" = :Ma_0
      FETCH FIRST 1 ROWS ONLY
info: Microsoft.EntityFrameworkCore.Database.Command[20101]
      Executed DbCommand (17ms) [Parameters=[:Ma_0='?' (Size = 2000)], CommandType='Text', CommandTimeout='0']
      SELECT "l"."GIA_TRI"
      FROM "QL_NHAN_HIEN_THI" "l"
      WHERE "l"."MA" = :Ma_0
      FETCH FIRST 1 ROWS ONLY
info: Microsoft.EntityFrameworkCore.Database.Command[20101]
      Executed DbCommand (9ms) [Parameters=[:Ma_0='?' (Size = 2000)], CommandType='Text', CommandTimeout='0']
      SELECT "l"."GIA_TRI"
      FROM "QL_NHAN_HIEN_THI" "l"
      WHERE "l"."MA" = :Ma_0
      FETCH FIRST 1 ROWS ONLY
info: Microsoft.EntityFrameworkCore.Database.Command[20101]
      Executed DbCommand (13ms) [Parameters=[:Ma_0='?' (Size = 2000)], CommandType='Text', CommandTimeout='0']
      SELECT "l"."GIA_TRI"
      FROM "QL_NHAN_HIEN_THI" "l"
      WHERE "l"."MA" = :Ma_0
      FETCH FIRST 1 ROWS ONLY
info: Microsoft.EntityFrameworkCore.Database.Command[20101]
      Executed DbCommand (11ms) [Parameters=[:nguoiDung_ID_0='?' (DbType = Decimal)], CommandType='Text', CommandTimeout='0']
      SELECT "c"."VAI_TRO_ID"
      FROM "QL_VAI_TRO_NGUOI_DUNG" "c"
      WHERE "c"."NGUOI_DUNG_ID" = :nguoiDung_ID_0
info: Microsoft.EntityFrameworkCore.Database.Command[20101]
      Executed DbCommand (18ms) [Parameters=[:Ma_0='?' (Size = 2000)], CommandType='Text', CommandTimeout='0']
      SELECT "l"."GIA_TRI"
      FROM "QL_NHAN_HIEN_THI" "l"
      WHERE "l"."MA" = :Ma_0
      FETCH FIRST 1 ROWS ONLY
info: Microsoft.EntityFrameworkCore.Database.Command[20101]
      Executed DbCommand (13ms) [Parameters=[:nguoiDung_ID_0='?' (DbType = Decimal)], CommandType='Text', CommandTimeout='0']
      SELECT "c"."VAI_TRO_ID"
      FROM "QL_VAI_TRO_NGUOI_DUNG" "c"
      WHERE "c"."NGUOI_DUNG_ID" = :nguoiDung_ID_0
info: Microsoft.EntityFrameworkCore.Database.Command[20101]
      Executed DbCommand (7ms) [Parameters=[:nguoiDung_ID_0='?' (DbType = Decimal)], CommandType='Text', CommandTimeout='0']
      SELECT "c"."VAI_TRO_ID"
      FROM "QL_VAI_TRO_NGUOI_DUNG" "c"
      WHERE "c"."NGUOI_DUNG_ID" = :nguoiDung_ID_0
info: Microsoft.EntityFrameworkCore.Database.Command[20101]
      Executed DbCommand (9ms) [Parameters=[:Ma_0='?' (Size = 2000)], CommandType='Text', CommandTimeout='0']
      SELECT "l"."GIA_TRI"
      FROM "QL_NHAN_HIEN_THI" "l"
      WHERE "l"."MA" = :Ma_0
      FETCH FIRST 1 ROWS ONLY
info: Microsoft.EntityFrameworkCore.Database.Command[20101]
      Executed DbCommand (17ms) [Parameters=[:nguoiDung_ID_0='?' (DbType = Decimal)], CommandType='Text', CommandTimeout='0']
      SELECT "c"."VAI_TRO_ID"
      FROM "QL_VAI_TRO_NGUOI_DUNG" "c"
      WHERE "c"."NGUOI_DUNG_ID" = :nguoiDung_ID_0
info: Microsoft.EntityFrameworkCore.Database.Command[20101]
      Executed DbCommand (17ms) [Parameters=[:Ma_0='?' (Size = 2000)], CommandType='Text', CommandTimeout='0']
      SELECT "l"."GIA_TRI"
      FROM "QL_NHAN_HIEN_THI" "l"
      WHERE "l"."MA" = :Ma_0
      FETCH FIRST 1 ROWS ONLY
info: Microsoft.EntityFrameworkCore.Database.Command[20101]
      Executed DbCommand (21ms) [Parameters=[:nguoiDung_ID_0='?' (DbType = Decimal)], CommandType='Text', CommandTimeout='0']
      SELECT "c"."VAI_TRO_ID"
      FROM "QL_VAI_TRO_NGUOI_DUNG" "c"
      WHERE "c"."NGUOI_DUNG_ID" = :nguoiDung_ID_0
info: Microsoft.EntityFrameworkCore.Database.Command[20101]
      Executed DbCommand (15ms) [Parameters=[:nguoiDung_ID_0='?' (DbType = Decimal)], CommandType='Text', CommandTimeout='0']
      SELECT "c"."VAI_TRO_ID"
      FROM "QL_VAI_TRO_NGUOI_DUNG" "c"
      WHERE "c"."NGUOI_DUNG_ID" = :nguoiDung_ID_0
info: Microsoft.EntityFrameworkCore.Database.Command[20101]
      Executed DbCommand (11ms) [Parameters=[:Ma_0='?' (Size = 2000)], CommandType='Text', CommandTimeout='0']
      SELECT "l"."GIA_TRI"
      FROM "QL_NHAN_HIEN_THI" "l"
      WHERE "l"."MA" = :Ma_0
      FETCH FIRST 1 ROWS ONLY
info: Microsoft.EntityFrameworkCore.Database.Command[20101]
      Executed DbCommand (13ms) [Parameters=[:nguoiDung_ID_0='?' (DbType = Decimal)], CommandType='Text', CommandTimeout='0']
      SELECT "c"."VAI_TRO_ID"
      FROM "QL_VAI_TRO_NGUOI_DUNG" "c"
      WHERE "c"."NGUOI_DUNG_ID" = :nguoiDung_ID_0
info: Microsoft.EntityFrameworkCore.Database.Command[20101]
      Executed DbCommand (16ms) [Parameters=[:Ma_0='?' (Size = 2000)], CommandType='Text', CommandTimeout='0']
      SELECT "l"."GIA_TRI"
      FROM "QL_NHAN_HIEN_THI" "l"
      WHERE "l"."MA" = :Ma_0
      FETCH FIRST 1 ROWS ONLY
info: Microsoft.EntityFrameworkCore.Database.Command[20101]
      Executed DbCommand (13ms) [Parameters=[:nguoiDung_ID_0='?' (DbType = Decimal)], CommandType='Text', CommandTimeout='0']
      SELECT "c"."VAI_TRO_ID"
      FROM "QL_VAI_TRO_NGUOI_DUNG" "c"
      WHERE "c"."NGUOI_DUNG_ID" = :nguoiDung_ID_0
info: Microsoft.EntityFrameworkCore.Database.Command[20101]
      Executed DbCommand (17ms) [Parameters=[:Ma_0='?' (Size = 2000)], CommandType='Text', CommandTimeout='0']
      SELECT "l"."GIA_TRI"
      FROM "QL_NHAN_HIEN_THI" "l"
      WHERE "l"."MA" = :Ma_0
      FETCH FIRST 1 ROWS ONLY
info: Microsoft.EntityFrameworkCore.Database.Command[20101]
      Executed DbCommand (12ms) [Parameters=[:nguoiDung_ID_0='?' (DbType = Decimal)], CommandType='Text', CommandTimeout='0']
      SELECT "c"."VAI_TRO_ID"
      FROM "QL_VAI_TRO_NGUOI_DUNG" "c"
      WHERE "c"."NGUOI_DUNG_ID" = :nguoiDung_ID_0
info: Microsoft.EntityFrameworkCore.Database.Command[20101]
      Executed DbCommand (14ms) [Parameters=[:Ma_0='?' (Size = 2000)], CommandType='Text', CommandTimeout='0']
      SELECT "l"."GIA_TRI"
      FROM "QL_NHAN_HIEN_THI" "l"
      WHERE "l"."MA" = :Ma_0
      FETCH FIRST 1 ROWS ONLY
info: Microsoft.EntityFrameworkCore.Database.Command[20101]
      Executed DbCommand (15ms) [Parameters=[:nguoiDung_ID_0='?' (DbType = Decimal)], CommandType='Text', CommandTimeout='0']
      SELECT "c"."VAI_TRO_ID"
      FROM "QL_VAI_TRO_NGUOI_DUNG" "c"
      WHERE "c"."NGUOI_DUNG_ID" = :nguoiDung_ID_0
info: Microsoft.EntityFrameworkCore.Database.Command[20101]
      Executed DbCommand (14ms) [Parameters=[:Ma_0='?' (Size = 2000)], CommandType='Text', CommandTimeout='0']
      SELECT "l"."GIA_TRI"
      FROM "QL_NHAN_HIEN_THI" "l"
      WHERE "l"."MA" = :Ma_0
      FETCH FIRST 1 ROWS ONLY
info: Microsoft.EntityFrameworkCore.Database.Command[20101]
      Executed DbCommand (14ms) [Parameters=[:nguoiDung_ID_0='?' (DbType = Decimal)], CommandType='Text', CommandTimeout='0']
      SELECT "c"."VAI_TRO_ID"
      FROM "QL_VAI_TRO_NGUOI_DUNG" "c"
      WHERE "c"."NGUOI_DUNG_ID" = :nguoiDung_ID_0
info: Microsoft.EntityFrameworkCore.Database.Command[20101]
      Executed DbCommand (13ms) [Parameters=[:Ma_0='?' (Size = 2000)], CommandType='Text', CommandTimeout='0']
      SELECT "l"."GIA_TRI"
      FROM "QL_NHAN_HIEN_THI" "l"
      WHERE "l"."MA" = :Ma_0
      FETCH FIRST 1 ROWS ONLY
info: Microsoft.EntityFrameworkCore.Database.Command[20101]
      Executed DbCommand (14ms) [Parameters=[:nguoiDung_ID_0='?' (DbType = Decimal)], CommandType='Text', CommandTimeout='0']
      SELECT "c"."VAI_TRO_ID"
      FROM "QL_VAI_TRO_NGUOI_DUNG" "c"
      WHERE "c"."NGUOI_DUNG_ID" = :nguoiDung_ID_0
info: Microsoft.EntityFrameworkCore.Database.Command[20101]
      Executed DbCommand (11ms) [Parameters=[:Ma_0='?' (Size = 2000)], CommandType='Text', CommandTimeout='0']
      SELECT "l"."GIA_TRI"
      FROM "QL_NHAN_HIEN_THI" "l"
      WHERE "l"."MA" = :Ma_0
      FETCH FIRST 1 ROWS ONLY
info: Microsoft.EntityFrameworkCore.Database.Command[20101]
      Executed DbCommand (14ms) [Parameters=[:nguoiDung_ID_0='?' (DbType = Decimal)], CommandType='Text', CommandTimeout='0']
      SELECT "c"."VAI_TRO_ID"
      FROM "QL_VAI_TRO_NGUOI_DUNG" "c"
      WHERE "c"."NGUOI_DUNG_ID" = :nguoiDung_ID_0
info: Microsoft.EntityFrameworkCore.Database.Command[20101]
      Executed DbCommand (14ms) [Parameters=[:Ma_0='?' (Size = 2000)], CommandType='Text', CommandTimeout='0']
      SELECT "l"."GIA_TRI"
      FROM "QL_NHAN_HIEN_THI" "l"
      WHERE "l"."MA" = :Ma_0
      FETCH FIRST 1 ROWS ONLY
info: Microsoft.EntityFrameworkCore.Database.Command[20101]
      Executed DbCommand (16ms) [Parameters=[:nguoiDung_ID_0='?' (DbType = Decimal)], CommandType='Text', CommandTimeout='0']
      SELECT "c"."VAI_TRO_ID"
      FROM "QL_VAI_TRO_NGUOI_DUNG" "c"
      WHERE "c"."NGUOI_DUNG_ID" = :nguoiDung_ID_0
info: Microsoft.EntityFrameworkCore.Database.Command[20101]
      Executed DbCommand (17ms) [Parameters=[:Ma_0='?' (Size = 2000)], CommandType='Text', CommandTimeout='0']
      SELECT "l"."GIA_TRI"
      FROM "QL_NHAN_HIEN_THI" "l"
      WHERE "l"."MA" = :Ma_0
      FETCH FIRST 1 ROWS ONLY
info: Microsoft.EntityFrameworkCore.Database.Command[20101]
      Executed DbCommand (9ms) [Parameters=[:nguoiDung_ID_0='?' (DbType = Decimal)], CommandType='Text', CommandTimeout='0']
      SELECT "c"."VAI_TRO_ID"
      FROM "QL_VAI_TRO_NGUOI_DUNG" "c"
      WHERE "c"."NGUOI_DUNG_ID" = :nguoiDung_ID_0
info: Microsoft.EntityFrameworkCore.Database.Command[20101]
      Executed DbCommand (15ms) [Parameters=[:Ma_0='?' (Size = 2000)], CommandType='Text', CommandTimeout='0']
      SELECT "l"."GIA_TRI"
      FROM "QL_NHAN_HIEN_THI" "l"
      WHERE "l"."MA" = :Ma_0
      FETCH FIRST 1 ROWS ONLY
info: Microsoft.EntityFrameworkCore.Database.Command[20101]
      Executed DbCommand (12ms) [Parameters=[:nguoiDung_ID_0='?' (DbType = Decimal)], CommandType='Text', CommandTimeout='0']
      SELECT "c"."VAI_TRO_ID"
      FROM "QL_VAI_TRO_NGUOI_DUNG" "c"
      WHERE "c"."NGUOI_DUNG_ID" = :nguoiDung_ID_0
info: Microsoft.EntityFrameworkCore.Database.Command[20101]
      Executed DbCommand (11ms) [Parameters=[:Ma_0='?' (Size = 2000)], CommandType='Text', CommandTimeout='0']
      SELECT "l"."GIA_TRI"
      FROM "QL_NHAN_HIEN_THI" "l"
      WHERE "l"."MA" = :Ma_0
      FETCH FIRST 1 ROWS ONLY
info: Microsoft.EntityFrameworkCore.Database.Command[20101]
      Executed DbCommand (12ms) [Parameters=[:nguoiDung_ID_0='?' (DbType = Decimal)], CommandType='Text', CommandTimeout='0']
      SELECT "c"."VAI_TRO_ID"
      FROM "QL_VAI_TRO_NGUOI_DUNG" "c"
      WHERE "c"."NGUOI_DUNG_ID" = :nguoiDung_ID_0
info: Microsoft.EntityFrameworkCore.Database.Command[20101]
      Executed DbCommand (13ms) [Parameters=[:Ma_0='?' (Size = 2000)], CommandType='Text', CommandTimeout='0']
      SELECT "l"."GIA_TRI"
      FROM "QL_NHAN_HIEN_THI" "l"
      WHERE "l"."MA" = :Ma_0
      FETCH FIRST 1 ROWS ONLY
info: Microsoft.EntityFrameworkCore.Database.Command[20101]
      Executed DbCommand (10ms) [Parameters=[:nguoiDung_ID_0='?' (DbType = Decimal)], CommandType='Text', CommandTimeout='0']
      SELECT "c"."VAI_TRO_ID"
      FROM "QL_VAI_TRO_NGUOI_DUNG" "c"
      WHERE "c"."NGUOI_DUNG_ID" = :nguoiDung_ID_0
info: Microsoft.EntityFrameworkCore.Database.Command[20101]
      Executed DbCommand (16ms) [Parameters=[:Ma_0='?' (Size = 2000)], CommandType='Text', CommandTimeout='0']
      SELECT "l"."GIA_TRI"
      FROM "QL_NHAN_HIEN_THI" "l"
      WHERE "l"."MA" = :Ma_0
      FETCH FIRST 1 ROWS ONLY
info: Microsoft.EntityFrameworkCore.Database.Command[20101]
      Executed DbCommand (12ms) [Parameters=[:nguoiDung_ID_0='?' (DbType = Decimal)], CommandType='Text', CommandTimeout='0']
      SELECT "c"."VAI_TRO_ID"
      FROM "QL_VAI_TRO_NGUOI_DUNG" "c"
      WHERE "c"."NGUOI_DUNG_ID" = :nguoiDung_ID_0
info: Microsoft.EntityFrameworkCore.Database.Command[20101]
      Executed DbCommand (14ms) [Parameters=[:Ma_0='?' (Size = 2000)], CommandType='Text', CommandTimeout='0']
      SELECT "l"."GIA_TRI"
      FROM "QL_NHAN_HIEN_THI" "l"
      WHERE "l"."MA" = :Ma_0
      FETCH FIRST 1 ROWS ONLY
info: Microsoft.EntityFrameworkCore.Database.Command[20101]
      Executed DbCommand (9ms) [Parameters=[:nguoiDung_ID_0='?' (DbType = Decimal)], CommandType='Text', CommandTimeout='0']
      SELECT "c"."VAI_TRO_ID"
      FROM "QL_VAI_TRO_NGUOI_DUNG" "c"
      WHERE "c"."NGUOI_DUNG_ID" = :nguoiDung_ID_0
info: Microsoft.EntityFrameworkCore.Database.Command[20101]
      Executed DbCommand (11ms) [Parameters=[:Ma_0='?' (Size = 2000)], CommandType='Text', CommandTimeout='0']
      SELECT "l"."GIA_TRI"
      FROM "QL_NHAN_HIEN_THI" "l"
      WHERE "l"."MA" = :Ma_0
      FETCH FIRST 1 ROWS ONLY
info: Microsoft.EntityFrameworkCore.Database.Command[20101]
      Executed DbCommand (8ms) [Parameters=[:nguoiDung_ID_0='?' (DbType = Decimal)], CommandType='Text', CommandTimeout='0']
      SELECT "c"."VAI_TRO_ID"
      FROM "QL_VAI_TRO_NGUOI_DUNG" "c"
      WHERE "c"."NGUOI_DUNG_ID" = :nguoiDung_ID_0
info: Microsoft.EntityFrameworkCore.Database.Command[20101]
      Executed DbCommand (64ms) [Parameters=[:donViId_0='?' (DbType = Decimal)], CommandType='Text', CommandTimeout='0']
      SELECT COUNT(*)
      FROM "DM_DON_VI" "p"
      WHERE ((("p"."PARENT_ID" = :donViId_0) AND ("p"."LA_BAN_QL_DU_AN" = 1)) OR (("p"."ID" = :donViId_0) AND ("p"."LOAI_DON_VI_ID" = 15.0))) OR (("p"."ID" = :donViId_0) AND ("p"."LA_BAN_QL_DU_AN" = 1))
info: Microsoft.EntityFrameworkCore.Database.Command[20101]
      Executed DbCommand (11ms) [Parameters=[:Ma_0='?' (Size = 2000)], CommandType='Text', CommandTimeout='0']
      SELECT "l"."GIA_TRI"
      FROM "QL_NHAN_HIEN_THI" "l"
      WHERE "l"."MA" = :Ma_0
      FETCH FIRST 1 ROWS ONLY
info: Microsoft.EntityFrameworkCore.Database.Command[20101]
      Executed DbCommand (20ms) [Parameters=[:nguoiDung_ID_0='?' (DbType = Decimal)], CommandType='Text', CommandTimeout='0']
      SELECT "c"."VAI_TRO_ID"
      FROM "QL_VAI_TRO_NGUOI_DUNG" "c"
      WHERE "c"."NGUOI_DUNG_ID" = :nguoiDung_ID_0
info: Microsoft.EntityFrameworkCore.Database.Command[20101]
      Executed DbCommand (10ms) [Parameters=[:Ma_0='?' (Size = 2000)], CommandType='Text', CommandTimeout='0']
      SELECT "l"."GIA_TRI"
      FROM "QL_NHAN_HIEN_THI" "l"
      WHERE "l"."MA" = :Ma_0
      FETCH FIRST 1 ROWS ONLY
info: Microsoft.EntityFrameworkCore.Database.Command[20101]
      Executed DbCommand (10ms) [Parameters=[:nguoiDung_ID_0='?' (DbType = Decimal)], CommandType='Text', CommandTimeout='0']
      SELECT "c"."VAI_TRO_ID"
      FROM "QL_VAI_TRO_NGUOI_DUNG" "c"
      WHERE "c"."NGUOI_DUNG_ID" = :nguoiDung_ID_0
info: Microsoft.EntityFrameworkCore.Database.Command[20101]
      Executed DbCommand (12ms) [Parameters=[:Ma_0='?' (Size = 2000)], CommandType='Text', CommandTimeout='0']
      SELECT "l"."GIA_TRI"
      FROM "QL_NHAN_HIEN_THI" "l"
      WHERE "l"."MA" = :Ma_0
      FETCH FIRST 1 ROWS ONLY
info: Microsoft.EntityFrameworkCore.Database.Command[20101]
      Executed DbCommand (13ms) [Parameters=[:nguoiDung_ID_0='?' (DbType = Decimal)], CommandType='Text', CommandTimeout='0']
      SELECT "c"."VAI_TRO_ID"
      FROM "QL_VAI_TRO_NGUOI_DUNG" "c"
      WHERE "c"."NGUOI_DUNG_ID" = :nguoiDung_ID_0
info: Microsoft.EntityFrameworkCore.Database.Command[20101]
      Executed DbCommand (13ms) [Parameters=[:Ma_0='?' (Size = 2000)], CommandType='Text', CommandTimeout='0']
      SELECT "l"."GIA_TRI"
      FROM "QL_NHAN_HIEN_THI" "l"
      WHERE "l"."MA" = :Ma_0
      FETCH FIRST 1 ROWS ONLY
info: Microsoft.EntityFrameworkCore.Database.Command[20101]
      Executed DbCommand (14ms) [Parameters=[:nguoiDung_ID_0='?' (DbType = Decimal)], CommandType='Text', CommandTimeout='0']
      SELECT "c"."VAI_TRO_ID"
      FROM "QL_VAI_TRO_NGUOI_DUNG" "c"
      WHERE "c"."NGUOI_DUNG_ID" = :nguoiDung_ID_0
info: Microsoft.EntityFrameworkCore.Database.Command[20101]
      Executed DbCommand (15ms) [Parameters=[:Ma_0='?' (Size = 2000)], CommandType='Text', CommandTimeout='0']
      SELECT "l"."GIA_TRI"
      FROM "QL_NHAN_HIEN_THI" "l"
      WHERE "l"."MA" = :Ma_0
      FETCH FIRST 1 ROWS ONLY
info: Microsoft.EntityFrameworkCore.Database.Command[20101]
      Executed DbCommand (14ms) [Parameters=[:nguoiDung_ID_0='?' (DbType = Decimal)], CommandType='Text', CommandTimeout='0']
      SELECT "c"."VAI_TRO_ID"
      FROM "QL_VAI_TRO_NGUOI_DUNG" "c"
      WHERE "c"."NGUOI_DUNG_ID" = :nguoiDung_ID_0
info: Microsoft.EntityFrameworkCore.Database.Command[20101]
      Executed DbCommand (11ms) [Parameters=[:Ma_0='?' (Size = 2000)], CommandType='Text', CommandTimeout='0']
      SELECT "l"."GIA_TRI"
      FROM "QL_NHAN_HIEN_THI" "l"
      WHERE "l"."MA" = :Ma_0
      FETCH FIRST 1 ROWS ONLY
info: Microsoft.EntityFrameworkCore.Database.Command[20101]
      Executed DbCommand (19ms) [Parameters=[:nguoiDung_ID_0='?' (DbType = Decimal)], CommandType='Text', CommandTimeout='0']
      SELECT "c"."VAI_TRO_ID"
      FROM "QL_VAI_TRO_NGUOI_DUNG" "c"
      WHERE "c"."NGUOI_DUNG_ID" = :nguoiDung_ID_0
info: Microsoft.EntityFrameworkCore.Database.Command[20101]
      Executed DbCommand (10ms) [Parameters=[:Ma_0='?' (Size = 2000)], CommandType='Text', CommandTimeout='0']
      SELECT "l"."GIA_TRI"
      FROM "QL_NHAN_HIEN_THI" "l"
      WHERE "l"."MA" = :Ma_0
      FETCH FIRST 1 ROWS ONLY
info: Microsoft.EntityFrameworkCore.Database.Command[20101]
      Executed DbCommand (9ms) [Parameters=[:nguoiDung_ID_0='?' (DbType = Decimal)], CommandType='Text', CommandTimeout='0']
      SELECT "c"."VAI_TRO_ID"
      FROM "QL_VAI_TRO_NGUOI_DUNG" "c"
      WHERE "c"."NGUOI_DUNG_ID" = :nguoiDung_ID_0
info: Microsoft.EntityFrameworkCore.Database.Command[20101]
      Executed DbCommand (12ms) [Parameters=[:Ma_0='?' (Size = 2000)], CommandType='Text', CommandTimeout='0']
      SELECT "l"."GIA_TRI"
      FROM "QL_NHAN_HIEN_THI" "l"
      WHERE "l"."MA" = :Ma_0
      FETCH FIRST 1 ROWS ONLY
info: Microsoft.EntityFrameworkCore.Database.Command[20101]
      Executed DbCommand (19ms) [Parameters=[:nguoiDung_ID_0='?' (DbType = Decimal)], CommandType='Text', CommandTimeout='0']
      SELECT "c"."VAI_TRO_ID"
      FROM "QL_VAI_TRO_NGUOI_DUNG" "c"
      WHERE "c"."NGUOI_DUNG_ID" = :nguoiDung_ID_0
info: Microsoft.EntityFrameworkCore.Database.Command[20101]
      Executed DbCommand (20ms) [Parameters=[:Ma_0='?' (Size = 2000)], CommandType='Text', CommandTimeout='0']
      SELECT "l"."GIA_TRI"
      FROM "QL_NHAN_HIEN_THI" "l"
      WHERE "l"."MA" = :Ma_0
      FETCH FIRST 1 ROWS ONLY
info: Microsoft.EntityFrameworkCore.Database.Command[20101]
      Executed DbCommand (26ms) [Parameters=[:nguoiDung_ID_0='?' (DbType = Decimal)], CommandType='Text', CommandTimeout='0']
      SELECT "c"."VAI_TRO_ID"
      FROM "QL_VAI_TRO_NGUOI_DUNG" "c"
      WHERE "c"."NGUOI_DUNG_ID" = :nguoiDung_ID_0
info: Microsoft.EntityFrameworkCore.Database.Command[20101]
      Executed DbCommand (19ms) [Parameters=[:guid_0='?' (DbType = Binary)], CommandType='Text', CommandTimeout='0']
      SELECT "c"."ID", "c"."CURRENT_DON_VI_ID", "c"."DB_ID", "c"."EMAIL", "c"."GHI_CHU", "c"."GUID", "c"."IP_TRUY_CAP", "c"."IS_QUAN_TRI", "c"."MAT_KHAU", "c"."MAT_KHAU_KEY", "c"."MA_CAN_BO", "c"."MOBILE", "c"."NGAY_TAO", "c"."NGAY_TRUY_CAP", "c"."NGUOI_TAO", "c"."NGUON_ID", "c"."PASSWORD_HASH", "c"."TEN_DANG_NHAP", "c"."TEN_DAY_DU", "c"."TMP_MAT_KHAU", "c"."TRANG_THAI_ID", "c"."UNG_DUNG"
      FROM "QL_NGUOI_DUNG" "c"
      WHERE "c"."GUID" = :guid_0
      FETCH FIRST 1 ROWS ONLY
info: Microsoft.EntityFrameworkCore.Database.Command[20101]
      Executed DbCommand (24ms) [Parameters=[:nguoiDung_ID_0='?' (DbType = Int32)], CommandType='Text', CommandTimeout='0']
      SELECT "p"."ID", "p"."DATA_JSON", "p"."DB_QUEUE_PROCESS_ID", "p"."DON_VI_ID", "p"."FILE_TYPE", "p"."GUID", "p"."GUID_FILE", "p"."MA_BAO_CAO", "p"."MODEL_DATA_TYPE", "p"."NGAY_TAO", "p"."NGUOI_TAO_ID", "p"."REPORT_CLASS", "p"."RESPONSE", "p"."SEARCH_MODEL_CLASS", "p"."SEARCH_MODEL_JSON", "p"."STATEMENT", "p"."TIME_END_GET_DATA", "p"."TIME_START_GET_DATA", "p"."TRANG_THAI_ID", "p"."TYPE_QUEUE_PROCESS_ID"
      FROM "BC_QUEUE_PROCESS" "p"
      WHERE "p"."NGUOI_TAO_ID" = :nguoiDung_ID_0
      ORDER BY "p"."ID" DESC
      FETCH FIRST 1 ROWS ONLY
info: Microsoft.EntityFrameworkCore.Database.Command[20101]
      Executed DbCommand (13ms) [Parameters=[:Ma_0='?' (Size = 2000)], CommandType='Text', CommandTimeout='0']
      SELECT "l"."GIA_TRI"
      FROM "QL_NHAN_HIEN_THI" "l"
      WHERE "l"."MA" = :Ma_0
      FETCH FIRST 1 ROWS ONLY
info: Microsoft.EntityFrameworkCore.Database.Command[20101]
      Executed DbCommand (10ms) [Parameters=[:Ma_0='?' (Size = 2000)], CommandType='Text', CommandTimeout='0']
      SELECT "l"."GIA_TRI"
      FROM "QL_NHAN_HIEN_THI" "l"
      WHERE "l"."MA" = :Ma_0
      FETCH FIRST 1 ROWS ONLY
info: Microsoft.EntityFrameworkCore.Database.Command[20101]
      Executed DbCommand (11ms) [Parameters=[:Ma_0='?' (Size = 2000)], CommandType='Text', CommandTimeout='0']
      SELECT "l"."GIA_TRI"
      FROM "QL_NHAN_HIEN_THI" "l"
      WHERE "l"."MA" = :Ma_0
      FETCH FIRST 1 ROWS ONLY
info: Microsoft.EntityFrameworkCore.Database.Command[20101]
      Executed DbCommand (12ms) [Parameters=[:Ma_0='?' (Size = 2000)], CommandType='Text', CommandTimeout='0']
      SELECT "l"."GIA_TRI"
      FROM "QL_NHAN_HIEN_THI" "l"
      WHERE "l"."MA" = :Ma_0
      FETCH FIRST 1 ROWS ONLY
info: Microsoft.AspNetCore.Mvc.ViewFeatures.ViewResultExecutor[4]
      Executed ViewResult - view ChonLoaiTaiSan executed in 24845.5634ms.
info: Microsoft.AspNetCore.Mvc.Internal.ControllerActionInvoker[2]
      Executed action GS.Web.Controllers.TaiSanController.ChonLoaiTaiSan (GS.Web) in 26166.2099ms
info: Microsoft.AspNetCore.Hosting.Internal.WebHost[2]
      Request finished in 26865.6629ms 200 text/html; charset=utf-8
info: Microsoft.AspNetCore.Hosting.Internal.WebHost[1]
      Request starting HTTP/1.1 GET http://localhost:62432/Home/GetTLHD  
info: Microsoft.AspNetCore.Mvc.Internal.ControllerActionInvoker[1]
      Route matched with {action = "GetTLHD", controller = "Home"}. Executing action GS.Web.Controllers.HomeController.GetTLHD (GS.Web)
info: Microsoft.AspNetCore.Mvc.Internal.ControllerActionInvoker[1]
      Executing action method GS.Web.Controllers.HomeController.GetTLHD (GS.Web) - Validation state: Valid
info: Microsoft.EntityFrameworkCore.Infrastructure[10403]
      Entity Framework Core 2.2.6-servicing-10079 initialized 'GSObjectContext' using provider 'Oracle.EntityFrameworkCore' with options: using lazy-loading proxies 
info: Microsoft.EntityFrameworkCore.Database.Command[20101]
      Executed DbCommand (25ms) [Parameters=[:get_Item_0='?' (DbType = Decimal)], CommandType='Text', CommandTimeout='0']
      SELECT "e"."ID", "e"."DON_VI_ID", "e"."GIA_TRI", "e"."TEN"
      FROM "QL_CAU_HINH" "e"
      WHERE "e"."ID" = :get_Item_0
      FETCH FIRST 1 ROWS ONLY
info: Microsoft.AspNetCore.Mvc.Internal.ControllerActionInvoker[2]
      Executed action method GS.Web.Controllers.HomeController.GetTLHD (GS.Web), returned result Microsoft.AspNetCore.Mvc.JsonResult in 1335.5755ms.
info: Microsoft.AspNetCore.Mvc.Formatters.Json.Internal.JsonResultExecutor[1]
      Executing JsonResult, writing value of type 'System.String'.
info: Microsoft.AspNetCore.Mvc.Internal.ControllerActionInvoker[2]
      Executed action GS.Web.Controllers.HomeController.GetTLHD (GS.Web) in 4228.8996ms
info: Microsoft.AspNetCore.Hosting.Internal.WebHost[2]
      Request finished in 5828.1481ms 200 application/json; charset=utf-8
info: Microsoft.AspNetCore.Hosting.Internal.WebHost[1]
      Request starting HTTP/1.1 GET http://localhost:62432/TaiSan/ChonLoaiTaiSan?isTangMoi=false  
info: Microsoft.AspNetCore.Mvc.Internal.ControllerActionInvoker[1]
      Route matched with {action = "ChonLoaiTaiSan", controller = "TaiSan"}. Executing action GS.Web.Controllers.TaiSanController.ChonLoaiTaiSan (GS.Web)
info: Microsoft.AspNetCore.Mvc.Internal.ControllerActionInvoker[1]
      Executing action method GS.Web.Controllers.TaiSanController.ChonLoaiTaiSan (GS.Web) with arguments (False, False) - Validation state: Valid
info: Microsoft.EntityFrameworkCore.Infrastructure[10403]
      Entity Framework Core 2.2.6-servicing-10079 initialized 'GSObjectContext' using provider 'Oracle.EntityFrameworkCore' with options: using lazy-loading proxies 
info: Microsoft.EntityFrameworkCore.Database.Command[20101]
      Executed DbCommand (26ms) [Parameters=[:Ma_0='?' (Size = 2000)], CommandType='Text', CommandTimeout='0']
      SELECT "l"."GIA_TRI"
      FROM "QL_NHAN_HIEN_THI" "l"
      WHERE "l"."MA" = :Ma_0
      FETCH FIRST 1 ROWS ONLY
info: Microsoft.EntityFrameworkCore.Database.Command[20101]
      Executed DbCommand (12ms) [Parameters=[:Ma_0='?' (Size = 2000)], CommandType='Text', CommandTimeout='0']
      SELECT "l"."GIA_TRI"
      FROM "QL_NHAN_HIEN_THI" "l"
      WHERE "l"."MA" = :Ma_0
      FETCH FIRST 1 ROWS ONLY
info: Microsoft.EntityFrameworkCore.Database.Command[20101]
      Executed DbCommand (11ms) [Parameters=[:Ma_0='?' (Size = 2000)], CommandType='Text', CommandTimeout='0']
      SELECT "l"."GIA_TRI"
      FROM "QL_NHAN_HIEN_THI" "l"
      WHERE "l"."MA" = :Ma_0
      FETCH FIRST 1 ROWS ONLY
info: Microsoft.EntityFrameworkCore.Database.Command[20101]
      Executed DbCommand (11ms) [Parameters=[:Ma_0='?' (Size = 2000)], CommandType='Text', CommandTimeout='0']
      SELECT "l"."GIA_TRI"
      FROM "QL_NHAN_HIEN_THI" "l"
      WHERE "l"."MA" = :Ma_0
      FETCH FIRST 1 ROWS ONLY
info: Microsoft.EntityFrameworkCore.Database.Command[20101]
      Executed DbCommand (11ms) [Parameters=[:Ma_0='?' (Size = 2000)], CommandType='Text', CommandTimeout='0']
      SELECT "l"."GIA_TRI"
      FROM "QL_NHAN_HIEN_THI" "l"
      WHERE "l"."MA" = :Ma_0
      FETCH FIRST 1 ROWS ONLY
info: Microsoft.EntityFrameworkCore.Database.Command[20101]
      Executed DbCommand (12ms) [Parameters=[:Ma_0='?' (Size = 2000)], CommandType='Text', CommandTimeout='0']
      SELECT "l"."GIA_TRI"
      FROM "QL_NHAN_HIEN_THI" "l"
      WHERE "l"."MA" = :Ma_0
      FETCH FIRST 1 ROWS ONLY
info: Microsoft.EntityFrameworkCore.Database.Command[20101]
      Executed DbCommand (10ms) [Parameters=[:Ma_0='?' (Size = 2000)], CommandType='Text', CommandTimeout='0']
      SELECT "l"."GIA_TRI"
      FROM "QL_NHAN_HIEN_THI" "l"
      WHERE "l"."MA" = :Ma_0
      FETCH FIRST 1 ROWS ONLY
info: Microsoft.EntityFrameworkCore.Database.Command[20101]
      Executed DbCommand (21ms) [Parameters=[:Ma_0='?' (Size = 2000)], CommandType='Text', CommandTimeout='0']
      SELECT "l"."GIA_TRI"
      FROM "QL_NHAN_HIEN_THI" "l"
      WHERE "l"."MA" = :Ma_0
      FETCH FIRST 1 ROWS ONLY
info: Microsoft.EntityFrameworkCore.Database.Command[20101]
      Executed DbCommand (8ms) [Parameters=[:Ma_0='?' (Size = 2000)], CommandType='Text', CommandTimeout='0']
      SELECT "l"."GIA_TRI"
      FROM "QL_NHAN_HIEN_THI" "l"
      WHERE "l"."MA" = :Ma_0
      FETCH FIRST 1 ROWS ONLY
info: Microsoft.EntityFrameworkCore.Database.Command[20101]
      Executed DbCommand (11ms) [Parameters=[:Ma_0='?' (Size = 2000)], CommandType='Text', CommandTimeout='0']
      SELECT "l"."GIA_TRI"
      FROM "QL_NHAN_HIEN_THI" "l"
      WHERE "l"."MA" = :Ma_0
      FETCH FIRST 1 ROWS ONLY
info: Microsoft.EntityFrameworkCore.Database.Command[20101]
      Executed DbCommand (26ms) [Parameters=[:Ma_0='?' (Size = 2000)], CommandType='Text', CommandTimeout='0']
      SELECT "l"."GIA_TRI"
      FROM "QL_NHAN_HIEN_THI" "l"
      WHERE "l"."MA" = :Ma_0
      FETCH FIRST 1 ROWS ONLY
info: Microsoft.EntityFrameworkCore.Database.Command[20101]
      Executed DbCommand (55ms) [Parameters=[:Ma_0='?' (Size = 2000)], CommandType='Text', CommandTimeout='0']
      SELECT "l"."GIA_TRI"
      FROM "QL_NHAN_HIEN_THI" "l"
      WHERE "l"."MA" = :Ma_0
      FETCH FIRST 1 ROWS ONLY
info: Microsoft.EntityFrameworkCore.Database.Command[20101]
      Executed DbCommand (21ms) [Parameters=[:get_Item_0='?' (DbType = Decimal)], CommandType='Text', CommandTimeout='0']
      SELECT "e"."ID", "e"."CAP_DON_VI_ID", "e"."CHE_DO_HACH_TOAN_ID", "e"."CO_TAI_SAN", "e"."CQTC_MA", "e"."DA_CO_QUYET_DINH_GIAO_VON", "e"."DB_ID", "e"."DIA_BAN_ID", "e"."DIA_CHI", "e"."DIEN_THOAI", "e"."DON_VI_HIEN_THI", "e"."FAX", "e"."HUYEN_ID", "e"."IS_TSQUAN_LY_CHU_KY_SO", "e"."IS_TSQUAN_LY_NHU_TSCD", "e"."IS_XAC_NHAN_DU_LIEU", "e"."KHONG_CHUYEN_MA", "e"."LA_BAN_QL_DU_AN", "e"."LA_DON_VI_NHAP_LIEU", "e"."LA_DON_VI_TU_CHU_TAI_CHINH", "e"."LIST_FILE_XAC_NHAN", "e"."LOAI_CAP_DON_VI_ID", "e"."LOAI_DON_VI_ID", "e"."MA", "e"."MA_BO", "e"."MA_CHUONG", "e"."MA_DIA_BAN", "e"."MA_DVQHNS", "e"."MA_HUYEN", "e"."MA_TINH", "e"."NGAY_CAP_NHAT", "e"."NGAY_QUYET_DINH", "e"."NGAY_QUYET_DINH_GIAO_VON", "e"."NGAY_TAO", "e"."NGAY_XAC_NHAN", "e"."NGUOI_CAP_NHAT_ID", "e"."NGUOI_TAO_ID", "e"."NHOM_DON_VI_ID", "e"."OLD_CAP_DON_VI_ID", "e"."PARENT_ID", "e"."SO_QUYET_DINH", "e"."SO_QUYET_DINH_GIAO_VON", "e"."TEN", "e"."TINH_ID", "e"."TRANG_THAI_DONG_BO_ID", "e"."TRANG_THAI_ID", "e"."TRANG_THAI_THAY_DOI_ID", "e"."TREE_LEVEL", "e"."TREE_NODE", "e"."XA_ID"
      FROM "DM_DON_VI" "e"
      WHERE "e"."ID" = :get_Item_0
      FETCH FIRST 1 ROWS ONLY
info: Microsoft.EntityFrameworkCore.Database.Command[20101]
      Executed DbCommand (59ms) [Parameters=[:TREE_NODE_LON_NHAT_0='?' (Size = 2000)], CommandType='Text', CommandTimeout='0']
      SELECT "p"."ID", "p"."CAP_DON_VI_ID", "p"."CHE_DO_HACH_TOAN_ID", "p"."CO_TAI_SAN", "p"."CQTC_MA", "p"."DA_CO_QUYET_DINH_GIAO_VON", "p"."DB_ID", "p"."DIA_BAN_ID", "p"."DIA_CHI", "p"."DIEN_THOAI", "p"."DON_VI_HIEN_THI", "p"."FAX", "p"."HUYEN_ID", "p"."IS_TSQUAN_LY_CHU_KY_SO", "p"."IS_TSQUAN_LY_NHU_TSCD", "p"."IS_XAC_NHAN_DU_LIEU", "p"."KHONG_CHUYEN_MA", "p"."LA_BAN_QL_DU_AN", "p"."LA_DON_VI_NHAP_LIEU", "p"."LA_DON_VI_TU_CHU_TAI_CHINH", "p"."LIST_FILE_XAC_NHAN", "p"."LOAI_CAP_DON_VI_ID", "p"."LOAI_DON_VI_ID", "p"."MA", "p"."MA_BO", "p"."MA_CHUONG", "p"."MA_DIA_BAN", "p"."MA_DVQHNS", "p"."MA_HUYEN", "p"."MA_TINH", "p"."NGAY_CAP_NHAT", "p"."NGAY_QUYET_DINH", "p"."NGAY_QUYET_DINH_GIAO_VON", "p"."NGAY_TAO", "p"."NGAY_XAC_NHAN", "p"."NGUOI_CAP_NHAT_ID", "p"."NGUOI_TAO_ID", "p"."NHOM_DON_VI_ID", "p"."OLD_CAP_DON_VI_ID", "p"."PARENT_ID", "p"."SO_QUYET_DINH", "p"."SO_QUYET_DINH_GIAO_VON", "p"."TEN", "p"."TINH_ID", "p"."TRANG_THAI_DONG_BO_ID", "p"."TRANG_THAI_ID", "p"."TRANG_THAI_THAY_DOI_ID", "p"."TREE_LEVEL", "p"."TREE_NODE", "p"."XA_ID"
      FROM "DM_DON_VI" "p"
      WHERE ("p"."TREE_NODE" = :TREE_NODE_LON_NHAT_0) AND (("p"."TRANG_THAI_ID" <> 0) OR "p"."TRANG_THAI_ID" IS NULL)
      FETCH FIRST 1 ROWS ONLY
info: Microsoft.EntityFrameworkCore.Database.Command[20101]
      Executed DbCommand (25ms) [Parameters=[], CommandType='Text', CommandTimeout='0']
      SELECT "c"."ID"
      FROM "DM_DON_VI" "c"
      WHERE (CAST(LENGTH("c"."MA") AS NUMBER(10)) = 3) AND (COALESCE("c"."TRANG_THAI_ID", 0) = 1)
info: Microsoft.EntityFrameworkCore.Database.Command[20101]
      Executed DbCommand (12ms) [Parameters=[:donViCapTren_ID_0='?' (DbType = Decimal)], CommandType='Text', CommandTimeout='0']
      SELECT CASE
          WHEN EXISTS (
              SELECT 1
              FROM "DM_LOAI_TAI_SAN_DON_VI" "c"
              WHERE ("c"."LOAI_HINH_TAI_SAN_ID" = 10.0) AND ("c"."DON_VI_ID" = :donViCapTren_ID_0))
          THEN 1 ELSE 0
      END FROM DUAL
info: Microsoft.EntityFrameworkCore.Database.Command[20101]
      Executed DbCommand (86ms) [Parameters=[:TREE_NODE_LON_NHAT_0='?' (Size = 2000)], CommandType='Text', CommandTimeout='0']
      SELECT "p"."ID", "p"."CAP_DON_VI_ID", "p"."CHE_DO_HACH_TOAN_ID", "p"."CO_TAI_SAN", "p"."CQTC_MA", "p"."DA_CO_QUYET_DINH_GIAO_VON", "p"."DB_ID", "p"."DIA_BAN_ID", "p"."DIA_CHI", "p"."DIEN_THOAI", "p"."DON_VI_HIEN_THI", "p"."FAX", "p"."HUYEN_ID", "p"."IS_TSQUAN_LY_CHU_KY_SO", "p"."IS_TSQUAN_LY_NHU_TSCD", "p"."IS_XAC_NHAN_DU_LIEU", "p"."KHONG_CHUYEN_MA", "p"."LA_BAN_QL_DU_AN", "p"."LA_DON_VI_NHAP_LIEU", "p"."LA_DON_VI_TU_CHU_TAI_CHINH", "p"."LIST_FILE_XAC_NHAN", "p"."LOAI_CAP_DON_VI_ID", "p"."LOAI_DON_VI_ID", "p"."MA", "p"."MA_BO", "p"."MA_CHUONG", "p"."MA_DIA_BAN", "p"."MA_DVQHNS", "p"."MA_HUYEN", "p"."MA_TINH", "p"."NGAY_CAP_NHAT", "p"."NGAY_QUYET_DINH", "p"."NGAY_QUYET_DINH_GIAO_VON", "p"."NGAY_TAO", "p"."NGAY_XAC_NHAN", "p"."NGUOI_CAP_NHAT_ID", "p"."NGUOI_TAO_ID", "p"."NHOM_DON_VI_ID", "p"."OLD_CAP_DON_VI_ID", "p"."PARENT_ID", "p"."SO_QUYET_DINH", "p"."SO_QUYET_DINH_GIAO_VON", "p"."TEN", "p"."TINH_ID", "p"."TRANG_THAI_DONG_BO_ID", "p"."TRANG_THAI_ID", "p"."TRANG_THAI_THAY_DOI_ID", "p"."TREE_LEVEL", "p"."TREE_NODE", "p"."XA_ID"
      FROM "DM_DON_VI" "p"
      WHERE ("p"."TREE_NODE" = :TREE_NODE_LON_NHAT_0) AND (("p"."TRANG_THAI_ID" <> 0) OR "p"."TRANG_THAI_ID" IS NULL)
      FETCH FIRST 1 ROWS ONLY
info: Microsoft.EntityFrameworkCore.Database.Command[20101]
      Executed DbCommand (10ms) [Parameters=[:get_Item_0='?' (DbType = Decimal)], CommandType='Text', CommandTimeout='0']
      SELECT "e"."ID", "e"."CAP_DON_VI_ID", "e"."CHE_DO_HACH_TOAN_ID", "e"."CO_TAI_SAN", "e"."CQTC_MA", "e"."DA_CO_QUYET_DINH_GIAO_VON", "e"."DB_ID", "e"."DIA_BAN_ID", "e"."DIA_CHI", "e"."DIEN_THOAI", "e"."DON_VI_HIEN_THI", "e"."FAX", "e"."HUYEN_ID", "e"."IS_TSQUAN_LY_CHU_KY_SO", "e"."IS_TSQUAN_LY_NHU_TSCD", "e"."IS_XAC_NHAN_DU_LIEU", "e"."KHONG_CHUYEN_MA", "e"."LA_BAN_QL_DU_AN", "e"."LA_DON_VI_NHAP_LIEU", "e"."LA_DON_VI_TU_CHU_TAI_CHINH", "e"."LIST_FILE_XAC_NHAN", "e"."LOAI_CAP_DON_VI_ID", "e"."LOAI_DON_VI_ID", "e"."MA", "e"."MA_BO", "e"."MA_CHUONG", "e"."MA_DIA_BAN", "e"."MA_DVQHNS", "e"."MA_HUYEN", "e"."MA_TINH", "e"."NGAY_CAP_NHAT", "e"."NGAY_QUYET_DINH", "e"."NGAY_QUYET_DINH_GIAO_VON", "e"."NGAY_TAO", "e"."NGAY_XAC_NHAN", "e"."NGUOI_CAP_NHAT_ID", "e"."NGUOI_TAO_ID", "e"."NHOM_DON_VI_ID", "e"."OLD_CAP_DON_VI_ID", "e"."PARENT_ID", "e"."SO_QUYET_DINH", "e"."SO_QUYET_DINH_GIAO_VON", "e"."TEN", "e"."TINH_ID", "e"."TRANG_THAI_DONG_BO_ID", "e"."TRANG_THAI_ID", "e"."TRANG_THAI_THAY_DOI_ID", "e"."TREE_LEVEL", "e"."TREE_NODE", "e"."XA_ID"
      FROM "DM_DON_VI" "e"
      WHERE "e"."ID" = :get_Item_0
      FETCH FIRST 1 ROWS ONLY
info: Microsoft.AspNetCore.Mvc.Internal.ControllerActionInvoker[2]
      Executed action method GS.Web.Controllers.TaiSanController.ChonLoaiTaiSan (GS.Web), returned result Microsoft.AspNetCore.Mvc.ViewResult in 1178.9563ms.
info: Microsoft.AspNetCore.Mvc.ViewFeatures.ViewResultExecutor[1]
      Executing ViewResult, running view ChonLoaiTaiSan.
info: Microsoft.EntityFrameworkCore.Database.Command[20101]
      Executed DbCommand (8ms) [Parameters=[:Ma_0='?' (Size = 2000)], CommandType='Text', CommandTimeout='0']
      SELECT "l"."GIA_TRI"
      FROM "QL_NHAN_HIEN_THI" "l"
      WHERE "l"."MA" = :Ma_0
      FETCH FIRST 1 ROWS ONLY
info: Microsoft.EntityFrameworkCore.Database.Command[20101]
      Executed DbCommand (9ms) [Parameters=[:nguoiDung_ID_0='?' (DbType = Decimal)], CommandType='Text', CommandTimeout='0']
      SELECT "c"."VAI_TRO_ID"
      FROM "QL_VAI_TRO_NGUOI_DUNG" "c"
      WHERE "c"."NGUOI_DUNG_ID" = :nguoiDung_ID_0
info: Microsoft.EntityFrameworkCore.Database.Command[20101]
      Executed DbCommand (14ms) [Parameters=[:Ma_0='?' (Size = 2000)], CommandType='Text', CommandTimeout='0']
      SELECT "l"."GIA_TRI"
      FROM "QL_NHAN_HIEN_THI" "l"
      WHERE "l"."MA" = :Ma_0
      FETCH FIRST 1 ROWS ONLY
info: Microsoft.EntityFrameworkCore.Database.Command[20101]
      Executed DbCommand (10ms) [Parameters=[:nguoiDung_ID_0='?' (DbType = Decimal)], CommandType='Text', CommandTimeout='0']
      SELECT "c"."VAI_TRO_ID"
      FROM "QL_VAI_TRO_NGUOI_DUNG" "c"
      WHERE "c"."NGUOI_DUNG_ID" = :nguoiDung_ID_0
info: Microsoft.EntityFrameworkCore.Database.Command[20101]
      Executed DbCommand (11ms) [Parameters=[:Ma_0='?' (Size = 2000)], CommandType='Text', CommandTimeout='0']
      SELECT "l"."GIA_TRI"
      FROM "QL_NHAN_HIEN_THI" "l"
      WHERE "l"."MA" = :Ma_0
      FETCH FIRST 1 ROWS ONLY
info: Microsoft.EntityFrameworkCore.Database.Command[20101]
      Executed DbCommand (7ms) [Parameters=[:nguoiDung_ID_0='?' (DbType = Decimal)], CommandType='Text', CommandTimeout='0']
      SELECT "c"."VAI_TRO_ID"
      FROM "QL_VAI_TRO_NGUOI_DUNG" "c"
      WHERE "c"."NGUOI_DUNG_ID" = :nguoiDung_ID_0
info: Microsoft.EntityFrameworkCore.Database.Command[20101]
      Executed DbCommand (9ms) [Parameters=[:Ma_0='?' (Size = 2000)], CommandType='Text', CommandTimeout='0']
      SELECT "l"."GIA_TRI"
      FROM "QL_NHAN_HIEN_THI" "l"
      WHERE "l"."MA" = :Ma_0
      FETCH FIRST 1 ROWS ONLY
info: Microsoft.EntityFrameworkCore.Database.Command[20101]
      Executed DbCommand (9ms) [Parameters=[:nguoiDung_ID_0='?' (DbType = Decimal)], CommandType='Text', CommandTimeout='0']
      SELECT "c"."VAI_TRO_ID"
      FROM "QL_VAI_TRO_NGUOI_DUNG" "c"
      WHERE "c"."NGUOI_DUNG_ID" = :nguoiDung_ID_0
info: Microsoft.EntityFrameworkCore.Database.Command[20101]
      Executed DbCommand (11ms) [Parameters=[:Ma_0='?' (Size = 2000)], CommandType='Text', CommandTimeout='0']
      SELECT "l"."GIA_TRI"
      FROM "QL_NHAN_HIEN_THI" "l"
      WHERE "l"."MA" = :Ma_0
      FETCH FIRST 1 ROWS ONLY
info: Microsoft.EntityFrameworkCore.Database.Command[20101]
      Executed DbCommand (12ms) [Parameters=[:nguoiDung_ID_0='?' (DbType = Decimal)], CommandType='Text', CommandTimeout='0']
      SELECT "c"."VAI_TRO_ID"
      FROM "QL_VAI_TRO_NGUOI_DUNG" "c"
      WHERE "c"."NGUOI_DUNG_ID" = :nguoiDung_ID_0
info: Microsoft.EntityFrameworkCore.Database.Command[20101]
      Executed DbCommand (10ms) [Parameters=[:Ma_0='?' (Size = 2000)], CommandType='Text', CommandTimeout='0']
      SELECT "l"."GIA_TRI"
      FROM "QL_NHAN_HIEN_THI" "l"
      WHERE "l"."MA" = :Ma_0
      FETCH FIRST 1 ROWS ONLY
info: Microsoft.EntityFrameworkCore.Database.Command[20101]
      Executed DbCommand (48ms) [Parameters=[:nguoiDung_ID_0='?' (DbType = Decimal)], CommandType='Text', CommandTimeout='0']
      SELECT "c"."VAI_TRO_ID"
      FROM "QL_VAI_TRO_NGUOI_DUNG" "c"
      WHERE "c"."NGUOI_DUNG_ID" = :nguoiDung_ID_0
info: Microsoft.EntityFrameworkCore.Database.Command[20101]
      Executed DbCommand (14ms) [Parameters=[:Ma_0='?' (Size = 2000)], CommandType='Text', CommandTimeout='0']
      SELECT "l"."GIA_TRI"
      FROM "QL_NHAN_HIEN_THI" "l"
      WHERE "l"."MA" = :Ma_0
      FETCH FIRST 1 ROWS ONLY
info: Microsoft.EntityFrameworkCore.Database.Command[20101]
      Executed DbCommand (9ms) [Parameters=[:nguoiDung_ID_0='?' (DbType = Decimal)], CommandType='Text', CommandTimeout='0']
      SELECT "c"."VAI_TRO_ID"
      FROM "QL_VAI_TRO_NGUOI_DUNG" "c"
      WHERE "c"."NGUOI_DUNG_ID" = :nguoiDung_ID_0
info: Microsoft.EntityFrameworkCore.Database.Command[20101]
      Executed DbCommand (11ms) [Parameters=[:Ma_0='?' (Size = 2000)], CommandType='Text', CommandTimeout='0']
      SELECT "l"."GIA_TRI"
      FROM "QL_NHAN_HIEN_THI" "l"
      WHERE "l"."MA" = :Ma_0
      FETCH FIRST 1 ROWS ONLY
info: Microsoft.EntityFrameworkCore.Database.Command[20101]
      Executed DbCommand (8ms) [Parameters=[:nguoiDung_ID_0='?' (DbType = Decimal)], CommandType='Text', CommandTimeout='0']
      SELECT "c"."VAI_TRO_ID"
      FROM "QL_VAI_TRO_NGUOI_DUNG" "c"
      WHERE "c"."NGUOI_DUNG_ID" = :nguoiDung_ID_0
info: Microsoft.EntityFrameworkCore.Database.Command[20101]
      Executed DbCommand (8ms) [Parameters=[:Ma_0='?' (Size = 2000)], CommandType='Text', CommandTimeout='0']
      SELECT "l"."GIA_TRI"
      FROM "QL_NHAN_HIEN_THI" "l"
      WHERE "l"."MA" = :Ma_0
      FETCH FIRST 1 ROWS ONLY
info: Microsoft.EntityFrameworkCore.Database.Command[20101]
      Executed DbCommand (8ms) [Parameters=[:nguoiDung_ID_0='?' (DbType = Decimal)], CommandType='Text', CommandTimeout='0']
      SELECT "c"."VAI_TRO_ID"
      FROM "QL_VAI_TRO_NGUOI_DUNG" "c"
      WHERE "c"."NGUOI_DUNG_ID" = :nguoiDung_ID_0
info: Microsoft.EntityFrameworkCore.Database.Command[20101]
      Executed DbCommand (17ms) [Parameters=[:Ma_0='?' (Size = 2000)], CommandType='Text', CommandTimeout='0']
      SELECT "l"."GIA_TRI"
      FROM "QL_NHAN_HIEN_THI" "l"
      WHERE "l"."MA" = :Ma_0
      FETCH FIRST 1 ROWS ONLY
info: Microsoft.EntityFrameworkCore.Database.Command[20101]
      Executed DbCommand (10ms) [Parameters=[:nguoiDung_ID_0='?' (DbType = Decimal)], CommandType='Text', CommandTimeout='0']
      SELECT "c"."VAI_TRO_ID"
      FROM "QL_VAI_TRO_NGUOI_DUNG" "c"
      WHERE "c"."NGUOI_DUNG_ID" = :nguoiDung_ID_0
info: Microsoft.EntityFrameworkCore.Database.Command[20101]
      Executed DbCommand (9ms) [Parameters=[:Ma_0='?' (Size = 2000)], CommandType='Text', CommandTimeout='0']
      SELECT "l"."GIA_TRI"
      FROM "QL_NHAN_HIEN_THI" "l"
      WHERE "l"."MA" = :Ma_0
      FETCH FIRST 1 ROWS ONLY
info: Microsoft.EntityFrameworkCore.Database.Command[20101]
      Executed DbCommand (8ms) [Parameters=[:nguoiDung_ID_0='?' (DbType = Decimal)], CommandType='Text', CommandTimeout='0']
      SELECT "c"."VAI_TRO_ID"
      FROM "QL_VAI_TRO_NGUOI_DUNG" "c"
      WHERE "c"."NGUOI_DUNG_ID" = :nguoiDung_ID_0
info: Microsoft.EntityFrameworkCore.Database.Command[20101]
      Executed DbCommand (9ms) [Parameters=[:Ma_0='?' (Size = 2000)], CommandType='Text', CommandTimeout='0']
      SELECT "l"."GIA_TRI"
      FROM "QL_NHAN_HIEN_THI" "l"
      WHERE "l"."MA" = :Ma_0
      FETCH FIRST 1 ROWS ONLY
info: Microsoft.EntityFrameworkCore.Database.Command[20101]
      Executed DbCommand (11ms) [Parameters=[:nguoiDung_ID_0='?' (DbType = Decimal)], CommandType='Text', CommandTimeout='0']
      SELECT "c"."VAI_TRO_ID"
      FROM "QL_VAI_TRO_NGUOI_DUNG" "c"
      WHERE "c"."NGUOI_DUNG_ID" = :nguoiDung_ID_0
info: Microsoft.EntityFrameworkCore.Database.Command[20101]
      Executed DbCommand (12ms) [Parameters=[:nguoiDung_ID_0='?' (DbType = Decimal)], CommandType='Text', CommandTimeout='0']
      SELECT "c"."VAI_TRO_ID"
      FROM "QL_VAI_TRO_NGUOI_DUNG" "c"
      WHERE "c"."NGUOI_DUNG_ID" = :nguoiDung_ID_0
info: Microsoft.EntityFrameworkCore.Database.Command[20101]
      Executed DbCommand (15ms) [Parameters=[:Ma_0='?' (Size = 2000)], CommandType='Text', CommandTimeout='0']
      SELECT "l"."GIA_TRI"
      FROM "QL_NHAN_HIEN_THI" "l"
      WHERE "l"."MA" = :Ma_0
      FETCH FIRST 1 ROWS ONLY
info: Microsoft.EntityFrameworkCore.Database.Command[20101]
      Executed DbCommand (14ms) [Parameters=[:nguoiDung_ID_0='?' (DbType = Decimal)], CommandType='Text', CommandTimeout='0']
      SELECT "c"."VAI_TRO_ID"
      FROM "QL_VAI_TRO_NGUOI_DUNG" "c"
      WHERE "c"."NGUOI_DUNG_ID" = :nguoiDung_ID_0
info: Microsoft.EntityFrameworkCore.Database.Command[20101]
      Executed DbCommand (8ms) [Parameters=[:Ma_0='?' (Size = 2000)], CommandType='Text', CommandTimeout='0']
      SELECT "l"."GIA_TRI"
      FROM "QL_NHAN_HIEN_THI" "l"
      WHERE "l"."MA" = :Ma_0
      FETCH FIRST 1 ROWS ONLY
info: Microsoft.EntityFrameworkCore.Database.Command[20101]
      Executed DbCommand (12ms) [Parameters=[:nguoiDung_ID_0='?' (DbType = Decimal)], CommandType='Text', CommandTimeout='0']
      SELECT "c"."VAI_TRO_ID"
      FROM "QL_VAI_TRO_NGUOI_DUNG" "c"
      WHERE "c"."NGUOI_DUNG_ID" = :nguoiDung_ID_0
info: Microsoft.EntityFrameworkCore.Database.Command[20101]
      Executed DbCommand (9ms) [Parameters=[:Ma_0='?' (Size = 2000)], CommandType='Text', CommandTimeout='0']
      SELECT "l"."GIA_TRI"
      FROM "QL_NHAN_HIEN_THI" "l"
      WHERE "l"."MA" = :Ma_0
      FETCH FIRST 1 ROWS ONLY
info: Microsoft.EntityFrameworkCore.Database.Command[20101]
      Executed DbCommand (16ms) [Parameters=[:nguoiDung_ID_0='?' (DbType = Decimal)], CommandType='Text', CommandTimeout='0']
      SELECT "c"."VAI_TRO_ID"
      FROM "QL_VAI_TRO_NGUOI_DUNG" "c"
      WHERE "c"."NGUOI_DUNG_ID" = :nguoiDung_ID_0
info: Microsoft.EntityFrameworkCore.Database.Command[20101]
      Executed DbCommand (13ms) [Parameters=[:Ma_0='?' (Size = 2000)], CommandType='Text', CommandTimeout='0']
      SELECT "l"."GIA_TRI"
      FROM "QL_NHAN_HIEN_THI" "l"
      WHERE "l"."MA" = :Ma_0
      FETCH FIRST 1 ROWS ONLY
info: Microsoft.EntityFrameworkCore.Database.Command[20101]
      Executed DbCommand (10ms) [Parameters=[:nguoiDung_ID_0='?' (DbType = Decimal)], CommandType='Text', CommandTimeout='0']
      SELECT "c"."VAI_TRO_ID"
      FROM "QL_VAI_TRO_NGUOI_DUNG" "c"
      WHERE "c"."NGUOI_DUNG_ID" = :nguoiDung_ID_0
info: Microsoft.EntityFrameworkCore.Database.Command[20101]
      Executed DbCommand (6ms) [Parameters=[:Ma_0='?' (Size = 2000)], CommandType='Text', CommandTimeout='0']
      SELECT "l"."GIA_TRI"
      FROM "QL_NHAN_HIEN_THI" "l"
      WHERE "l"."MA" = :Ma_0
      FETCH FIRST 1 ROWS ONLY
info: Microsoft.EntityFrameworkCore.Database.Command[20101]
      Executed DbCommand (8ms) [Parameters=[:nguoiDung_ID_0='?' (DbType = Decimal)], CommandType='Text', CommandTimeout='0']
      SELECT "c"."VAI_TRO_ID"
      FROM "QL_VAI_TRO_NGUOI_DUNG" "c"
      WHERE "c"."NGUOI_DUNG_ID" = :nguoiDung_ID_0
info: Microsoft.EntityFrameworkCore.Database.Command[20101]
      Executed DbCommand (9ms) [Parameters=[:Ma_0='?' (Size = 2000)], CommandType='Text', CommandTimeout='0']
      SELECT "l"."GIA_TRI"
      FROM "QL_NHAN_HIEN_THI" "l"
      WHERE "l"."MA" = :Ma_0
      FETCH FIRST 1 ROWS ONLY
info: Microsoft.EntityFrameworkCore.Database.Command[20101]
      Executed DbCommand (9ms) [Parameters=[:nguoiDung_ID_0='?' (DbType = Decimal)], CommandType='Text', CommandTimeout='0']
      SELECT "c"."VAI_TRO_ID"
      FROM "QL_VAI_TRO_NGUOI_DUNG" "c"
      WHERE "c"."NGUOI_DUNG_ID" = :nguoiDung_ID_0
info: Microsoft.EntityFrameworkCore.Database.Command[20101]
      Executed DbCommand (9ms) [Parameters=[:Ma_0='?' (Size = 2000)], CommandType='Text', CommandTimeout='0']
      SELECT "l"."GIA_TRI"
      FROM "QL_NHAN_HIEN_THI" "l"
      WHERE "l"."MA" = :Ma_0
      FETCH FIRST 1 ROWS ONLY
info: Microsoft.EntityFrameworkCore.Database.Command[20101]
      Executed DbCommand (8ms) [Parameters=[:nguoiDung_ID_0='?' (DbType = Decimal)], CommandType='Text', CommandTimeout='0']
      SELECT "c"."VAI_TRO_ID"
      FROM "QL_VAI_TRO_NGUOI_DUNG" "c"
      WHERE "c"."NGUOI_DUNG_ID" = :nguoiDung_ID_0
info: Microsoft.EntityFrameworkCore.Database.Command[20101]
      Executed DbCommand (10ms) [Parameters=[:Ma_0='?' (Size = 2000)], CommandType='Text', CommandTimeout='0']
      SELECT "l"."GIA_TRI"
      FROM "QL_NHAN_HIEN_THI" "l"
      WHERE "l"."MA" = :Ma_0
      FETCH FIRST 1 ROWS ONLY
info: Microsoft.EntityFrameworkCore.Database.Command[20101]
      Executed DbCommand (9ms) [Parameters=[:nguoiDung_ID_0='?' (DbType = Decimal)], CommandType='Text', CommandTimeout='0']
      SELECT "c"."VAI_TRO_ID"
      FROM "QL_VAI_TRO_NGUOI_DUNG" "c"
      WHERE "c"."NGUOI_DUNG_ID" = :nguoiDung_ID_0
info: Microsoft.EntityFrameworkCore.Database.Command[20101]
      Executed DbCommand (7ms) [Parameters=[:Ma_0='?' (Size = 2000)], CommandType='Text', CommandTimeout='0']
      SELECT "l"."GIA_TRI"
      FROM "QL_NHAN_HIEN_THI" "l"
      WHERE "l"."MA" = :Ma_0
      FETCH FIRST 1 ROWS ONLY
info: Microsoft.EntityFrameworkCore.Database.Command[20101]
      Executed DbCommand (8ms) [Parameters=[:nguoiDung_ID_0='?' (DbType = Decimal)], CommandType='Text', CommandTimeout='0']
      SELECT "c"."VAI_TRO_ID"
      FROM "QL_VAI_TRO_NGUOI_DUNG" "c"
      WHERE "c"."NGUOI_DUNG_ID" = :nguoiDung_ID_0
info: Microsoft.EntityFrameworkCore.Database.Command[20101]
      Executed DbCommand (10ms) [Parameters=[:Ma_0='?' (Size = 2000)], CommandType='Text', CommandTimeout='0']
      SELECT "l"."GIA_TRI"
      FROM "QL_NHAN_HIEN_THI" "l"
      WHERE "l"."MA" = :Ma_0
      FETCH FIRST 1 ROWS ONLY
info: Microsoft.EntityFrameworkCore.Database.Command[20101]
      Executed DbCommand (13ms) [Parameters=[:nguoiDung_ID_0='?' (DbType = Decimal)], CommandType='Text', CommandTimeout='0']
      SELECT "c"."VAI_TRO_ID"
      FROM "QL_VAI_TRO_NGUOI_DUNG" "c"
      WHERE "c"."NGUOI_DUNG_ID" = :nguoiDung_ID_0
info: Microsoft.EntityFrameworkCore.Database.Command[20101]
      Executed DbCommand (20ms) [Parameters=[:Ma_0='?' (Size = 2000)], CommandType='Text', CommandTimeout='0']
      SELECT "l"."GIA_TRI"
      FROM "QL_NHAN_HIEN_THI" "l"
      WHERE "l"."MA" = :Ma_0
      FETCH FIRST 1 ROWS ONLY
info: Microsoft.EntityFrameworkCore.Database.Command[20101]
      Executed DbCommand (16ms) [Parameters=[:nguoiDung_ID_0='?' (DbType = Decimal)], CommandType='Text', CommandTimeout='0']
      SELECT "c"."VAI_TRO_ID"
      FROM "QL_VAI_TRO_NGUOI_DUNG" "c"
      WHERE "c"."NGUOI_DUNG_ID" = :nguoiDung_ID_0
info: Microsoft.EntityFrameworkCore.Database.Command[20101]
      Executed DbCommand (16ms) [Parameters=[:Ma_0='?' (Size = 2000)], CommandType='Text', CommandTimeout='0']
      SELECT "l"."GIA_TRI"
      FROM "QL_NHAN_HIEN_THI" "l"
      WHERE "l"."MA" = :Ma_0
      FETCH FIRST 1 ROWS ONLY
info: Microsoft.EntityFrameworkCore.Database.Command[20101]
      Executed DbCommand (29ms) [Parameters=[:nguoiDung_ID_0='?' (DbType = Decimal)], CommandType='Text', CommandTimeout='0']
      SELECT "c"."VAI_TRO_ID"
      FROM "QL_VAI_TRO_NGUOI_DUNG" "c"
      WHERE "c"."NGUOI_DUNG_ID" = :nguoiDung_ID_0
info: Microsoft.EntityFrameworkCore.Database.Command[20101]
      Executed DbCommand (21ms) [Parameters=[:Ma_0='?' (Size = 2000)], CommandType='Text', CommandTimeout='0']
      SELECT "l"."GIA_TRI"
      FROM "QL_NHAN_HIEN_THI" "l"
      WHERE "l"."MA" = :Ma_0
      FETCH FIRST 1 ROWS ONLY
info: Microsoft.EntityFrameworkCore.Database.Command[20101]
      Executed DbCommand (23ms) [Parameters=[:nguoiDung_ID_0='?' (DbType = Decimal)], CommandType='Text', CommandTimeout='0']
      SELECT "c"."VAI_TRO_ID"
      FROM "QL_VAI_TRO_NGUOI_DUNG" "c"
      WHERE "c"."NGUOI_DUNG_ID" = :nguoiDung_ID_0
info: Microsoft.EntityFrameworkCore.Database.Command[20101]
      Executed DbCommand (27ms) [Parameters=[:Ma_0='?' (Size = 2000)], CommandType='Text', CommandTimeout='0']
      SELECT "l"."GIA_TRI"
      FROM "QL_NHAN_HIEN_THI" "l"
      WHERE "l"."MA" = :Ma_0
      FETCH FIRST 1 ROWS ONLY
info: Microsoft.EntityFrameworkCore.Database.Command[20101]
      Executed DbCommand (23ms) [Parameters=[:nguoiDung_ID_0='?' (DbType = Decimal)], CommandType='Text', CommandTimeout='0']
      SELECT "c"."VAI_TRO_ID"
      FROM "QL_VAI_TRO_NGUOI_DUNG" "c"
      WHERE "c"."NGUOI_DUNG_ID" = :nguoiDung_ID_0
info: Microsoft.EntityFrameworkCore.Database.Command[20101]
      Executed DbCommand (17ms) [Parameters=[:Ma_0='?' (Size = 2000)], CommandType='Text', CommandTimeout='0']
      SELECT "l"."GIA_TRI"
      FROM "QL_NHAN_HIEN_THI" "l"
      WHERE "l"."MA" = :Ma_0
      FETCH FIRST 1 ROWS ONLY
info: Microsoft.EntityFrameworkCore.Database.Command[20101]
      Executed DbCommand (16ms) [Parameters=[:nguoiDung_ID_0='?' (DbType = Decimal)], CommandType='Text', CommandTimeout='0']
      SELECT "c"."VAI_TRO_ID"
      FROM "QL_VAI_TRO_NGUOI_DUNG" "c"
      WHERE "c"."NGUOI_DUNG_ID" = :nguoiDung_ID_0
info: Microsoft.EntityFrameworkCore.Database.Command[20101]
      Executed DbCommand (19ms) [Parameters=[:Ma_0='?' (Size = 2000)], CommandType='Text', CommandTimeout='0']
      SELECT "l"."GIA_TRI"
      FROM "QL_NHAN_HIEN_THI" "l"
      WHERE "l"."MA" = :Ma_0
      FETCH FIRST 1 ROWS ONLY
info: Microsoft.EntityFrameworkCore.Database.Command[20101]
      Executed DbCommand (19ms) [Parameters=[:nguoiDung_ID_0='?' (DbType = Decimal)], CommandType='Text', CommandTimeout='0']
      SELECT "c"."VAI_TRO_ID"
      FROM "QL_VAI_TRO_NGUOI_DUNG" "c"
      WHERE "c"."NGUOI_DUNG_ID" = :nguoiDung_ID_0
info: Microsoft.EntityFrameworkCore.Database.Command[20101]
      Executed DbCommand (24ms) [Parameters=[:Ma_0='?' (Size = 2000)], CommandType='Text', CommandTimeout='0']
      SELECT "l"."GIA_TRI"
      FROM "QL_NHAN_HIEN_THI" "l"
      WHERE "l"."MA" = :Ma_0
      FETCH FIRST 1 ROWS ONLY
info: Microsoft.EntityFrameworkCore.Database.Command[20101]
      Executed DbCommand (24ms) [Parameters=[:nguoiDung_ID_0='?' (DbType = Decimal)], CommandType='Text', CommandTimeout='0']
      SELECT "c"."VAI_TRO_ID"
      FROM "QL_VAI_TRO_NGUOI_DUNG" "c"
      WHERE "c"."NGUOI_DUNG_ID" = :nguoiDung_ID_0
info: Microsoft.EntityFrameworkCore.Database.Command[20101]
      Executed DbCommand (14ms) [Parameters=[:Ma_0='?' (Size = 2000)], CommandType='Text', CommandTimeout='0']
      SELECT "l"."GIA_TRI"
      FROM "QL_NHAN_HIEN_THI" "l"
      WHERE "l"."MA" = :Ma_0
      FETCH FIRST 1 ROWS ONLY
info: Microsoft.EntityFrameworkCore.Database.Command[20101]
      Executed DbCommand (14ms) [Parameters=[:nguoiDung_ID_0='?' (DbType = Decimal)], CommandType='Text', CommandTimeout='0']
      SELECT "c"."VAI_TRO_ID"
      FROM "QL_VAI_TRO_NGUOI_DUNG" "c"
      WHERE "c"."NGUOI_DUNG_ID" = :nguoiDung_ID_0
info: Microsoft.EntityFrameworkCore.Database.Command[20101]
      Executed DbCommand (9ms) [Parameters=[:Ma_0='?' (Size = 2000)], CommandType='Text', CommandTimeout='0']
      SELECT "l"."GIA_TRI"
      FROM "QL_NHAN_HIEN_THI" "l"
      WHERE "l"."MA" = :Ma_0
      FETCH FIRST 1 ROWS ONLY
info: Microsoft.EntityFrameworkCore.Database.Command[20101]
      Executed DbCommand (6ms) [Parameters=[:nguoiDung_ID_0='?' (DbType = Decimal)], CommandType='Text', CommandTimeout='0']
      SELECT "c"."VAI_TRO_ID"
      FROM "QL_VAI_TRO_NGUOI_DUNG" "c"
      WHERE "c"."NGUOI_DUNG_ID" = :nguoiDung_ID_0
info: Microsoft.EntityFrameworkCore.Database.Command[20101]
      Executed DbCommand (14ms) [Parameters=[:Ma_0='?' (Size = 2000)], CommandType='Text', CommandTimeout='0']
      SELECT "l"."GIA_TRI"
      FROM "QL_NHAN_HIEN_THI" "l"
      WHERE "l"."MA" = :Ma_0
      FETCH FIRST 1 ROWS ONLY
info: Microsoft.EntityFrameworkCore.Database.Command[20101]
      Executed DbCommand (13ms) [Parameters=[:nguoiDung_ID_0='?' (DbType = Decimal)], CommandType='Text', CommandTimeout='0']
      SELECT "c"."VAI_TRO_ID"
      FROM "QL_VAI_TRO_NGUOI_DUNG" "c"
      WHERE "c"."NGUOI_DUNG_ID" = :nguoiDung_ID_0
info: Microsoft.EntityFrameworkCore.Database.Command[20101]
      Executed DbCommand (12ms) [Parameters=[:Ma_0='?' (Size = 2000)], CommandType='Text', CommandTimeout='0']
      SELECT "l"."GIA_TRI"
      FROM "QL_NHAN_HIEN_THI" "l"
      WHERE "l"."MA" = :Ma_0
      FETCH FIRST 1 ROWS ONLY
info: Microsoft.EntityFrameworkCore.Database.Command[20101]
      Executed DbCommand (9ms) [Parameters=[:nguoiDung_ID_0='?' (DbType = Decimal)], CommandType='Text', CommandTimeout='0']
      SELECT "c"."VAI_TRO_ID"
      FROM "QL_VAI_TRO_NGUOI_DUNG" "c"
      WHERE "c"."NGUOI_DUNG_ID" = :nguoiDung_ID_0
info: Microsoft.EntityFrameworkCore.Database.Command[20101]
      Executed DbCommand (11ms) [Parameters=[:Ma_0='?' (Size = 2000)], CommandType='Text', CommandTimeout='0']
      SELECT "l"."GIA_TRI"
      FROM "QL_NHAN_HIEN_THI" "l"
      WHERE "l"."MA" = :Ma_0
      FETCH FIRST 1 ROWS ONLY
info: Microsoft.EntityFrameworkCore.Database.Command[20101]
      Executed DbCommand (7ms) [Parameters=[:nguoiDung_ID_0='?' (DbType = Decimal)], CommandType='Text', CommandTimeout='0']
      SELECT "c"."VAI_TRO_ID"
      FROM "QL_VAI_TRO_NGUOI_DUNG" "c"
      WHERE "c"."NGUOI_DUNG_ID" = :nguoiDung_ID_0
info: Microsoft.EntityFrameworkCore.Database.Command[20101]
      Executed DbCommand (13ms) [Parameters=[:Ma_0='?' (Size = 2000)], CommandType='Text', CommandTimeout='0']
      SELECT "l"."GIA_TRI"
      FROM "QL_NHAN_HIEN_THI" "l"
      WHERE "l"."MA" = :Ma_0
      FETCH FIRST 1 ROWS ONLY
info: Microsoft.EntityFrameworkCore.Database.Command[20101]
      Executed DbCommand (6ms) [Parameters=[:nguoiDung_ID_0='?' (DbType = Decimal)], CommandType='Text', CommandTimeout='0']
      SELECT "c"."VAI_TRO_ID"
      FROM "QL_VAI_TRO_NGUOI_DUNG" "c"
      WHERE "c"."NGUOI_DUNG_ID" = :nguoiDung_ID_0
info: Microsoft.EntityFrameworkCore.Database.Command[20101]
      Executed DbCommand (8ms) [Parameters=[:Ma_0='?' (Size = 2000)], CommandType='Text', CommandTimeout='0']
      SELECT "l"."GIA_TRI"
      FROM "QL_NHAN_HIEN_THI" "l"
      WHERE "l"."MA" = :Ma_0
      FETCH FIRST 1 ROWS ONLY
info: Microsoft.EntityFrameworkCore.Database.Command[20101]
      Executed DbCommand (12ms) [Parameters=[:nguoiDung_ID_0='?' (DbType = Decimal)], CommandType='Text', CommandTimeout='0']
      SELECT "c"."VAI_TRO_ID"
      FROM "QL_VAI_TRO_NGUOI_DUNG" "c"
      WHERE "c"."NGUOI_DUNG_ID" = :nguoiDung_ID_0
info: Microsoft.EntityFrameworkCore.Database.Command[20101]
      Executed DbCommand (9ms) [Parameters=[:Ma_0='?' (Size = 2000)], CommandType='Text', CommandTimeout='0']
      SELECT "l"."GIA_TRI"
      FROM "QL_NHAN_HIEN_THI" "l"
      WHERE "l"."MA" = :Ma_0
      FETCH FIRST 1 ROWS ONLY
info: Microsoft.EntityFrameworkCore.Database.Command[20101]
      Executed DbCommand (10ms) [Parameters=[:nguoiDung_ID_0='?' (DbType = Decimal)], CommandType='Text', CommandTimeout='0']
      SELECT "c"."VAI_TRO_ID"
      FROM "QL_VAI_TRO_NGUOI_DUNG" "c"
      WHERE "c"."NGUOI_DUNG_ID" = :nguoiDung_ID_0
info: Microsoft.EntityFrameworkCore.Database.Command[20101]
      Executed DbCommand (10ms) [Parameters=[:Ma_0='?' (Size = 2000)], CommandType='Text', CommandTimeout='0']
      SELECT "l"."GIA_TRI"
      FROM "QL_NHAN_HIEN_THI" "l"
      WHERE "l"."MA" = :Ma_0
      FETCH FIRST 1 ROWS ONLY
info: Microsoft.EntityFrameworkCore.Database.Command[20101]
      Executed DbCommand (10ms) [Parameters=[:nguoiDung_ID_0='?' (DbType = Decimal)], CommandType='Text', CommandTimeout='0']
      SELECT "c"."VAI_TRO_ID"
      FROM "QL_VAI_TRO_NGUOI_DUNG" "c"
      WHERE "c"."NGUOI_DUNG_ID" = :nguoiDung_ID_0
info: Microsoft.EntityFrameworkCore.Database.Command[20101]
      Executed DbCommand (9ms) [Parameters=[:Ma_0='?' (Size = 2000)], CommandType='Text', CommandTimeout='0']
      SELECT "l"."GIA_TRI"
      FROM "QL_NHAN_HIEN_THI" "l"
      WHERE "l"."MA" = :Ma_0
      FETCH FIRST 1 ROWS ONLY
info: Microsoft.EntityFrameworkCore.Database.Command[20101]
      Executed DbCommand (8ms) [Parameters=[:nguoiDung_ID_0='?' (DbType = Decimal)], CommandType='Text', CommandTimeout='0']
      SELECT "c"."VAI_TRO_ID"
      FROM "QL_VAI_TRO_NGUOI_DUNG" "c"
      WHERE "c"."NGUOI_DUNG_ID" = :nguoiDung_ID_0
info: Microsoft.EntityFrameworkCore.Database.Command[20101]
      Executed DbCommand (8ms) [Parameters=[:Ma_0='?' (Size = 2000)], CommandType='Text', CommandTimeout='0']
      SELECT "l"."GIA_TRI"
      FROM "QL_NHAN_HIEN_THI" "l"
      WHERE "l"."MA" = :Ma_0
      FETCH FIRST 1 ROWS ONLY
info: Microsoft.EntityFrameworkCore.Database.Command[20101]
      Executed DbCommand (6ms) [Parameters=[:nguoiDung_ID_0='?' (DbType = Decimal)], CommandType='Text', CommandTimeout='0']
      SELECT "c"."VAI_TRO_ID"
      FROM "QL_VAI_TRO_NGUOI_DUNG" "c"
      WHERE "c"."NGUOI_DUNG_ID" = :nguoiDung_ID_0
info: Microsoft.EntityFrameworkCore.Database.Command[20101]
      Executed DbCommand (8ms) [Parameters=[:Ma_0='?' (Size = 2000)], CommandType='Text', CommandTimeout='0']
      SELECT "l"."GIA_TRI"
      FROM "QL_NHAN_HIEN_THI" "l"
      WHERE "l"."MA" = :Ma_0
      FETCH FIRST 1 ROWS ONLY
info: Microsoft.EntityFrameworkCore.Database.Command[20101]
      Executed DbCommand (11ms) [Parameters=[:nguoiDung_ID_0='?' (DbType = Decimal)], CommandType='Text', CommandTimeout='0']
      SELECT "c"."VAI_TRO_ID"
      FROM "QL_VAI_TRO_NGUOI_DUNG" "c"
      WHERE "c"."NGUOI_DUNG_ID" = :nguoiDung_ID_0
info: Microsoft.EntityFrameworkCore.Database.Command[20101]
      Executed DbCommand (7ms) [Parameters=[:Ma_0='?' (Size = 2000)], CommandType='Text', CommandTimeout='0']
      SELECT "l"."GIA_TRI"
      FROM "QL_NHAN_HIEN_THI" "l"
      WHERE "l"."MA" = :Ma_0
      FETCH FIRST 1 ROWS ONLY
info: Microsoft.EntityFrameworkCore.Database.Command[20101]
      Executed DbCommand (12ms) [Parameters=[:nguoiDung_ID_0='?' (DbType = Decimal)], CommandType='Text', CommandTimeout='0']
      SELECT "c"."VAI_TRO_ID"
      FROM "QL_VAI_TRO_NGUOI_DUNG" "c"
      WHERE "c"."NGUOI_DUNG_ID" = :nguoiDung_ID_0
info: Microsoft.EntityFrameworkCore.Database.Command[20101]
      Executed DbCommand (8ms) [Parameters=[:Ma_0='?' (Size = 2000)], CommandType='Text', CommandTimeout='0']
      SELECT "l"."GIA_TRI"
      FROM "QL_NHAN_HIEN_THI" "l"
      WHERE "l"."MA" = :Ma_0
      FETCH FIRST 1 ROWS ONLY
info: Microsoft.EntityFrameworkCore.Database.Command[20101]
      Executed DbCommand (9ms) [Parameters=[:nguoiDung_ID_0='?' (DbType = Decimal)], CommandType='Text', CommandTimeout='0']
      SELECT "c"."VAI_TRO_ID"
      FROM "QL_VAI_TRO_NGUOI_DUNG" "c"
      WHERE "c"."NGUOI_DUNG_ID" = :nguoiDung_ID_0
info: Microsoft.EntityFrameworkCore.Database.Command[20101]
      Executed DbCommand (4ms) [Parameters=[:Ma_0='?' (Size = 2000)], CommandType='Text', CommandTimeout='0']
      SELECT "l"."GIA_TRI"
      FROM "QL_NHAN_HIEN_THI" "l"
      WHERE "l"."MA" = :Ma_0
      FETCH FIRST 1 ROWS ONLY
info: Microsoft.EntityFrameworkCore.Database.Command[20101]
      Executed DbCommand (9ms) [Parameters=[:nguoiDung_ID_0='?' (DbType = Decimal)], CommandType='Text', CommandTimeout='0']
      SELECT "c"."VAI_TRO_ID"
      FROM "QL_VAI_TRO_NGUOI_DUNG" "c"
      WHERE "c"."NGUOI_DUNG_ID" = :nguoiDung_ID_0
info: Microsoft.EntityFrameworkCore.Database.Command[20101]
      Executed DbCommand (7ms) [Parameters=[:Ma_0='?' (Size = 2000)], CommandType='Text', CommandTimeout='0']
      SELECT "l"."GIA_TRI"
      FROM "QL_NHAN_HIEN_THI" "l"
      WHERE "l"."MA" = :Ma_0
      FETCH FIRST 1 ROWS ONLY
info: Microsoft.EntityFrameworkCore.Database.Command[20101]
      Executed DbCommand (8ms) [Parameters=[:nguoiDung_ID_0='?' (DbType = Decimal)], CommandType='Text', CommandTimeout='0']
      SELECT "c"."VAI_TRO_ID"
      FROM "QL_VAI_TRO_NGUOI_DUNG" "c"
      WHERE "c"."NGUOI_DUNG_ID" = :nguoiDung_ID_0
info: Microsoft.EntityFrameworkCore.Database.Command[20101]
      Executed DbCommand (8ms) [Parameters=[:Ma_0='?' (Size = 2000)], CommandType='Text', CommandTimeout='0']
      SELECT "l"."GIA_TRI"
      FROM "QL_NHAN_HIEN_THI" "l"
      WHERE "l"."MA" = :Ma_0
      FETCH FIRST 1 ROWS ONLY
info: Microsoft.EntityFrameworkCore.Database.Command[20101]
      Executed DbCommand (9ms) [Parameters=[:nguoiDung_ID_0='?' (DbType = Decimal)], CommandType='Text', CommandTimeout='0']
      SELECT "c"."VAI_TRO_ID"
      FROM "QL_VAI_TRO_NGUOI_DUNG" "c"
      WHERE "c"."NGUOI_DUNG_ID" = :nguoiDung_ID_0
info: Microsoft.EntityFrameworkCore.Database.Command[20101]
      Executed DbCommand (6ms) [Parameters=[:Ma_0='?' (Size = 2000)], CommandType='Text', CommandTimeout='0']
      SELECT "l"."GIA_TRI"
      FROM "QL_NHAN_HIEN_THI" "l"
      WHERE "l"."MA" = :Ma_0
      FETCH FIRST 1 ROWS ONLY
info: Microsoft.EntityFrameworkCore.Database.Command[20101]
      Executed DbCommand (10ms) [Parameters=[:nguoiDung_ID_0='?' (DbType = Decimal)], CommandType='Text', CommandTimeout='0']
      SELECT "c"."VAI_TRO_ID"
      FROM "QL_VAI_TRO_NGUOI_DUNG" "c"
      WHERE "c"."NGUOI_DUNG_ID" = :nguoiDung_ID_0
info: Microsoft.EntityFrameworkCore.Database.Command[20101]
      Executed DbCommand (14ms) [Parameters=[:Ma_0='?' (Size = 2000)], CommandType='Text', CommandTimeout='0']
      SELECT "l"."GIA_TRI"
      FROM "QL_NHAN_HIEN_THI" "l"
      WHERE "l"."MA" = :Ma_0
      FETCH FIRST 1 ROWS ONLY
info: Microsoft.EntityFrameworkCore.Database.Command[20101]
      Executed DbCommand (11ms) [Parameters=[:nguoiDung_ID_0='?' (DbType = Decimal)], CommandType='Text', CommandTimeout='0']
      SELECT "c"."VAI_TRO_ID"
      FROM "QL_VAI_TRO_NGUOI_DUNG" "c"
      WHERE "c"."NGUOI_DUNG_ID" = :nguoiDung_ID_0
info: Microsoft.EntityFrameworkCore.Database.Command[20101]
      Executed DbCommand (10ms) [Parameters=[:Ma_0='?' (Size = 2000)], CommandType='Text', CommandTimeout='0']
      SELECT "l"."GIA_TRI"
      FROM "QL_NHAN_HIEN_THI" "l"
      WHERE "l"."MA" = :Ma_0
      FETCH FIRST 1 ROWS ONLY
info: Microsoft.EntityFrameworkCore.Database.Command[20101]
      Executed DbCommand (8ms) [Parameters=[:nguoiDung_ID_0='?' (DbType = Decimal)], CommandType='Text', CommandTimeout='0']
      SELECT "c"."VAI_TRO_ID"
      FROM "QL_VAI_TRO_NGUOI_DUNG" "c"
      WHERE "c"."NGUOI_DUNG_ID" = :nguoiDung_ID_0
info: Microsoft.EntityFrameworkCore.Database.Command[20101]
      Executed DbCommand (8ms) [Parameters=[:Ma_0='?' (Size = 2000)], CommandType='Text', CommandTimeout='0']
      SELECT "l"."GIA_TRI"
      FROM "QL_NHAN_HIEN_THI" "l"
      WHERE "l"."MA" = :Ma_0
      FETCH FIRST 1 ROWS ONLY
info: Microsoft.EntityFrameworkCore.Database.Command[20101]
      Executed DbCommand (8ms) [Parameters=[:nguoiDung_ID_0='?' (DbType = Decimal)], CommandType='Text', CommandTimeout='0']
      SELECT "c"."VAI_TRO_ID"
      FROM "QL_VAI_TRO_NGUOI_DUNG" "c"
      WHERE "c"."NGUOI_DUNG_ID" = :nguoiDung_ID_0
info: Microsoft.EntityFrameworkCore.Database.Command[20101]
      Executed DbCommand (12ms) [Parameters=[:Ma_0='?' (Size = 2000)], CommandType='Text', CommandTimeout='0']
      SELECT "l"."GIA_TRI"
      FROM "QL_NHAN_HIEN_THI" "l"
      WHERE "l"."MA" = :Ma_0
      FETCH FIRST 1 ROWS ONLY
info: Microsoft.EntityFrameworkCore.Database.Command[20101]
      Executed DbCommand (9ms) [Parameters=[:nguoiDung_ID_0='?' (DbType = Decimal)], CommandType='Text', CommandTimeout='0']
      SELECT "c"."VAI_TRO_ID"
      FROM "QL_VAI_TRO_NGUOI_DUNG" "c"
      WHERE "c"."NGUOI_DUNG_ID" = :nguoiDung_ID_0
info: Microsoft.EntityFrameworkCore.Database.Command[20101]
      Executed DbCommand (8ms) [Parameters=[:Ma_0='?' (Size = 2000)], CommandType='Text', CommandTimeout='0']
      SELECT "l"."GIA_TRI"
      FROM "QL_NHAN_HIEN_THI" "l"
      WHERE "l"."MA" = :Ma_0
      FETCH FIRST 1 ROWS ONLY
info: Microsoft.EntityFrameworkCore.Database.Command[20101]
      Executed DbCommand (9ms) [Parameters=[:nguoiDung_ID_0='?' (DbType = Decimal)], CommandType='Text', CommandTimeout='0']
      SELECT "c"."VAI_TRO_ID"
      FROM "QL_VAI_TRO_NGUOI_DUNG" "c"
      WHERE "c"."NGUOI_DUNG_ID" = :nguoiDung_ID_0
info: Microsoft.EntityFrameworkCore.Database.Command[20101]
      Executed DbCommand (8ms) [Parameters=[:Ma_0='?' (Size = 2000)], CommandType='Text', CommandTimeout='0']
      SELECT "l"."GIA_TRI"
      FROM "QL_NHAN_HIEN_THI" "l"
      WHERE "l"."MA" = :Ma_0
      FETCH FIRST 1 ROWS ONLY
info: Microsoft.EntityFrameworkCore.Database.Command[20101]
      Executed DbCommand (7ms) [Parameters=[:nguoiDung_ID_0='?' (DbType = Decimal)], CommandType='Text', CommandTimeout='0']
      SELECT "c"."VAI_TRO_ID"
      FROM "QL_VAI_TRO_NGUOI_DUNG" "c"
      WHERE "c"."NGUOI_DUNG_ID" = :nguoiDung_ID_0
info: Microsoft.EntityFrameworkCore.Database.Command[20101]
      Executed DbCommand (9ms) [Parameters=[:Ma_0='?' (Size = 2000)], CommandType='Text', CommandTimeout='0']
      SELECT "l"."GIA_TRI"
      FROM "QL_NHAN_HIEN_THI" "l"
      WHERE "l"."MA" = :Ma_0
      FETCH FIRST 1 ROWS ONLY
info: Microsoft.EntityFrameworkCore.Database.Command[20101]
      Executed DbCommand (11ms) [Parameters=[:nguoiDung_ID_0='?' (DbType = Decimal)], CommandType='Text', CommandTimeout='0']
      SELECT "c"."VAI_TRO_ID"
      FROM "QL_VAI_TRO_NGUOI_DUNG" "c"
      WHERE "c"."NGUOI_DUNG_ID" = :nguoiDung_ID_0
info: Microsoft.EntityFrameworkCore.Database.Command[20101]
      Executed DbCommand (12ms) [Parameters=[:Ma_0='?' (Size = 2000)], CommandType='Text', CommandTimeout='0']
      SELECT "l"."GIA_TRI"
      FROM "QL_NHAN_HIEN_THI" "l"
      WHERE "l"."MA" = :Ma_0
      FETCH FIRST 1 ROWS ONLY
info: Microsoft.EntityFrameworkCore.Database.Command[20101]
      Executed DbCommand (9ms) [Parameters=[:nguoiDung_ID_0='?' (DbType = Decimal)], CommandType='Text', CommandTimeout='0']
      SELECT "c"."VAI_TRO_ID"
      FROM "QL_VAI_TRO_NGUOI_DUNG" "c"
      WHERE "c"."NGUOI_DUNG_ID" = :nguoiDung_ID_0
info: Microsoft.EntityFrameworkCore.Database.Command[20101]
      Executed DbCommand (9ms) [Parameters=[:Ma_0='?' (Size = 2000)], CommandType='Text', CommandTimeout='0']
      SELECT "l"."GIA_TRI"
      FROM "QL_NHAN_HIEN_THI" "l"
      WHERE "l"."MA" = :Ma_0
      FETCH FIRST 1 ROWS ONLY
info: Microsoft.EntityFrameworkCore.Database.Command[20101]
      Executed DbCommand (10ms) [Parameters=[:nguoiDung_ID_0='?' (DbType = Decimal)], CommandType='Text', CommandTimeout='0']
      SELECT "c"."VAI_TRO_ID"
      FROM "QL_VAI_TRO_NGUOI_DUNG" "c"
      WHERE "c"."NGUOI_DUNG_ID" = :nguoiDung_ID_0
info: Microsoft.EntityFrameworkCore.Database.Command[20101]
      Executed DbCommand (17ms) [Parameters=[:Ma_0='?' (Size = 2000)], CommandType='Text', CommandTimeout='0']
      SELECT "l"."GIA_TRI"
      FROM "QL_NHAN_HIEN_THI" "l"
      WHERE "l"."MA" = :Ma_0
      FETCH FIRST 1 ROWS ONLY
info: Microsoft.EntityFrameworkCore.Database.Command[20101]
      Executed DbCommand (17ms) [Parameters=[:nguoiDung_ID_0='?' (DbType = Decimal)], CommandType='Text', CommandTimeout='0']
      SELECT "c"."VAI_TRO_ID"
      FROM "QL_VAI_TRO_NGUOI_DUNG" "c"
      WHERE "c"."NGUOI_DUNG_ID" = :nguoiDung_ID_0
info: Microsoft.EntityFrameworkCore.Database.Command[20101]
      Executed DbCommand (14ms) [Parameters=[:Ma_0='?' (Size = 2000)], CommandType='Text', CommandTimeout='0']
      SELECT "l"."GIA_TRI"
      FROM "QL_NHAN_HIEN_THI" "l"
      WHERE "l"."MA" = :Ma_0
      FETCH FIRST 1 ROWS ONLY
info: Microsoft.EntityFrameworkCore.Database.Command[20101]
      Executed DbCommand (12ms) [Parameters=[:nguoiDung_ID_0='?' (DbType = Decimal)], CommandType='Text', CommandTimeout='0']
      SELECT "c"."VAI_TRO_ID"
      FROM "QL_VAI_TRO_NGUOI_DUNG" "c"
      WHERE "c"."NGUOI_DUNG_ID" = :nguoiDung_ID_0
info: Microsoft.EntityFrameworkCore.Database.Command[20101]
      Executed DbCommand (13ms) [Parameters=[:Ma_0='?' (Size = 2000)], CommandType='Text', CommandTimeout='0']
      SELECT "l"."GIA_TRI"
      FROM "QL_NHAN_HIEN_THI" "l"
      WHERE "l"."MA" = :Ma_0
      FETCH FIRST 1 ROWS ONLY
info: Microsoft.EntityFrameworkCore.Database.Command[20101]
      Executed DbCommand (9ms) [Parameters=[:nguoiDung_ID_0='?' (DbType = Decimal)], CommandType='Text', CommandTimeout='0']
      SELECT "c"."VAI_TRO_ID"
      FROM "QL_VAI_TRO_NGUOI_DUNG" "c"
      WHERE "c"."NGUOI_DUNG_ID" = :nguoiDung_ID_0
info: Microsoft.EntityFrameworkCore.Database.Command[20101]
      Executed DbCommand (18ms) [Parameters=[:Ma_0='?' (Size = 2000)], CommandType='Text', CommandTimeout='0']
      SELECT "l"."GIA_TRI"
      FROM "QL_NHAN_HIEN_THI" "l"
      WHERE "l"."MA" = :Ma_0
      FETCH FIRST 1 ROWS ONLY
info: Microsoft.EntityFrameworkCore.Database.Command[20101]
      Executed DbCommand (15ms) [Parameters=[:nguoiDung_ID_0='?' (DbType = Decimal)], CommandType='Text', CommandTimeout='0']
      SELECT "c"."VAI_TRO_ID"
      FROM "QL_VAI_TRO_NGUOI_DUNG" "c"
      WHERE "c"."NGUOI_DUNG_ID" = :nguoiDung_ID_0
info: Microsoft.EntityFrameworkCore.Database.Command[20101]
      Executed DbCommand (12ms) [Parameters=[:Ma_0='?' (Size = 2000)], CommandType='Text', CommandTimeout='0']
      SELECT "l"."GIA_TRI"
      FROM "QL_NHAN_HIEN_THI" "l"
      WHERE "l"."MA" = :Ma_0
      FETCH FIRST 1 ROWS ONLY
info: Microsoft.EntityFrameworkCore.Database.Command[20101]
      Executed DbCommand (15ms) [Parameters=[:nguoiDung_ID_0='?' (DbType = Decimal)], CommandType='Text', CommandTimeout='0']
      SELECT "c"."VAI_TRO_ID"
      FROM "QL_VAI_TRO_NGUOI_DUNG" "c"
      WHERE "c"."NGUOI_DUNG_ID" = :nguoiDung_ID_0
info: Microsoft.EntityFrameworkCore.Database.Command[20101]
      Executed DbCommand (71ms) [Parameters=[:donViId_0='?' (DbType = Decimal)], CommandType='Text', CommandTimeout='0']
      SELECT COUNT(*)
      FROM "DM_DON_VI" "p"
      WHERE ((("p"."PARENT_ID" = :donViId_0) AND ("p"."LA_BAN_QL_DU_AN" = 1)) OR (("p"."ID" = :donViId_0) AND ("p"."LOAI_DON_VI_ID" = 15.0))) OR (("p"."ID" = :donViId_0) AND ("p"."LA_BAN_QL_DU_AN" = 1))
info: Microsoft.EntityFrameworkCore.Database.Command[20101]
      Executed DbCommand (259ms) [Parameters=[:Ma_0='?' (Size = 2000)], CommandType='Text', CommandTimeout='0']
      SELECT "l"."GIA_TRI"
      FROM "QL_NHAN_HIEN_THI" "l"
      WHERE "l"."MA" = :Ma_0
      FETCH FIRST 1 ROWS ONLY
info: Microsoft.EntityFrameworkCore.Database.Command[20101]
      Executed DbCommand (17ms) [Parameters=[:nguoiDung_ID_0='?' (DbType = Decimal)], CommandType='Text', CommandTimeout='0']
      SELECT "c"."VAI_TRO_ID"
      FROM "QL_VAI_TRO_NGUOI_DUNG" "c"
      WHERE "c"."NGUOI_DUNG_ID" = :nguoiDung_ID_0
info: Microsoft.EntityFrameworkCore.Database.Command[20101]
      Executed DbCommand (18ms) [Parameters=[:Ma_0='?' (Size = 2000)], CommandType='Text', CommandTimeout='0']
      SELECT "l"."GIA_TRI"
      FROM "QL_NHAN_HIEN_THI" "l"
      WHERE "l"."MA" = :Ma_0
      FETCH FIRST 1 ROWS ONLY
info: Microsoft.EntityFrameworkCore.Database.Command[20101]
      Executed DbCommand (16ms) [Parameters=[:nguoiDung_ID_0='?' (DbType = Decimal)], CommandType='Text', CommandTimeout='0']
      SELECT "c"."VAI_TRO_ID"
      FROM "QL_VAI_TRO_NGUOI_DUNG" "c"
      WHERE "c"."NGUOI_DUNG_ID" = :nguoiDung_ID_0
info: Microsoft.EntityFrameworkCore.Database.Command[20101]
      Executed DbCommand (122ms) [Parameters=[:Ma_0='?' (Size = 2000)], CommandType='Text', CommandTimeout='0']
      SELECT "l"."GIA_TRI"
      FROM "QL_NHAN_HIEN_THI" "l"
      WHERE "l"."MA" = :Ma_0
      FETCH FIRST 1 ROWS ONLY
info: Microsoft.EntityFrameworkCore.Database.Command[20101]
      Executed DbCommand (11ms) [Parameters=[:nguoiDung_ID_0='?' (DbType = Decimal)], CommandType='Text', CommandTimeout='0']
      SELECT "c"."VAI_TRO_ID"
      FROM "QL_VAI_TRO_NGUOI_DUNG" "c"
      WHERE "c"."NGUOI_DUNG_ID" = :nguoiDung_ID_0
info: Microsoft.EntityFrameworkCore.Database.Command[20101]
      Executed DbCommand (17ms) [Parameters=[:Ma_0='?' (Size = 2000)], CommandType='Text', CommandTimeout='0']
      SELECT "l"."GIA_TRI"
      FROM "QL_NHAN_HIEN_THI" "l"
      WHERE "l"."MA" = :Ma_0
      FETCH FIRST 1 ROWS ONLY
info: Microsoft.EntityFrameworkCore.Database.Command[20101]
      Executed DbCommand (12ms) [Parameters=[:nguoiDung_ID_0='?' (DbType = Decimal)], CommandType='Text', CommandTimeout='0']
      SELECT "c"."VAI_TRO_ID"
      FROM "QL_VAI_TRO_NGUOI_DUNG" "c"
      WHERE "c"."NGUOI_DUNG_ID" = :nguoiDung_ID_0
info: Microsoft.EntityFrameworkCore.Database.Command[20101]
      Executed DbCommand (12ms) [Parameters=[:Ma_0='?' (Size = 2000)], CommandType='Text', CommandTimeout='0']
      SELECT "l"."GIA_TRI"
      FROM "QL_NHAN_HIEN_THI" "l"
      WHERE "l"."MA" = :Ma_0
      FETCH FIRST 1 ROWS ONLY
info: Microsoft.EntityFrameworkCore.Database.Command[20101]
      Executed DbCommand (15ms) [Parameters=[:nguoiDung_ID_0='?' (DbType = Decimal)], CommandType='Text', CommandTimeout='0']
      SELECT "c"."VAI_TRO_ID"
      FROM "QL_VAI_TRO_NGUOI_DUNG" "c"
      WHERE "c"."NGUOI_DUNG_ID" = :nguoiDung_ID_0
info: Microsoft.EntityFrameworkCore.Database.Command[20101]
      Executed DbCommand (20ms) [Parameters=[:Ma_0='?' (Size = 2000)], CommandType='Text', CommandTimeout='0']
      SELECT "l"."GIA_TRI"
      FROM "QL_NHAN_HIEN_THI" "l"
      WHERE "l"."MA" = :Ma_0
      FETCH FIRST 1 ROWS ONLY
info: Microsoft.EntityFrameworkCore.Database.Command[20101]
      Executed DbCommand (9ms) [Parameters=[:nguoiDung_ID_0='?' (DbType = Decimal)], CommandType='Text', CommandTimeout='0']
      SELECT "c"."VAI_TRO_ID"
      FROM "QL_VAI_TRO_NGUOI_DUNG" "c"
      WHERE "c"."NGUOI_DUNG_ID" = :nguoiDung_ID_0
info: Microsoft.EntityFrameworkCore.Database.Command[20101]
      Executed DbCommand (12ms) [Parameters=[:Ma_0='?' (Size = 2000)], CommandType='Text', CommandTimeout='0']
      SELECT "l"."GIA_TRI"
      FROM "QL_NHAN_HIEN_THI" "l"
      WHERE "l"."MA" = :Ma_0
      FETCH FIRST 1 ROWS ONLY
info: Microsoft.EntityFrameworkCore.Database.Command[20101]
      Executed DbCommand (11ms) [Parameters=[:nguoiDung_ID_0='?' (DbType = Decimal)], CommandType='Text', CommandTimeout='0']
      SELECT "c"."VAI_TRO_ID"
      FROM "QL_VAI_TRO_NGUOI_DUNG" "c"
      WHERE "c"."NGUOI_DUNG_ID" = :nguoiDung_ID_0
info: Microsoft.EntityFrameworkCore.Database.Command[20101]
      Executed DbCommand (15ms) [Parameters=[:Ma_0='?' (Size = 2000)], CommandType='Text', CommandTimeout='0']
      SELECT "l"."GIA_TRI"
      FROM "QL_NHAN_HIEN_THI" "l"
      WHERE "l"."MA" = :Ma_0
      FETCH FIRST 1 ROWS ONLY
info: Microsoft.EntityFrameworkCore.Database.Command[20101]
      Executed DbCommand (10ms) [Parameters=[:nguoiDung_ID_0='?' (DbType = Decimal)], CommandType='Text', CommandTimeout='0']
      SELECT "c"."VAI_TRO_ID"
      FROM "QL_VAI_TRO_NGUOI_DUNG" "c"
      WHERE "c"."NGUOI_DUNG_ID" = :nguoiDung_ID_0
info: Microsoft.EntityFrameworkCore.Database.Command[20101]
      Executed DbCommand (12ms) [Parameters=[:Ma_0='?' (Size = 2000)], CommandType='Text', CommandTimeout='0']
      SELECT "l"."GIA_TRI"
      FROM "QL_NHAN_HIEN_THI" "l"
      WHERE "l"."MA" = :Ma_0
      FETCH FIRST 1 ROWS ONLY
info: Microsoft.EntityFrameworkCore.Database.Command[20101]
      Executed DbCommand (15ms) [Parameters=[:nguoiDung_ID_0='?' (DbType = Decimal)], CommandType='Text', CommandTimeout='0']
      SELECT "c"."VAI_TRO_ID"
      FROM "QL_VAI_TRO_NGUOI_DUNG" "c"
      WHERE "c"."NGUOI_DUNG_ID" = :nguoiDung_ID_0
info: Microsoft.EntityFrameworkCore.Database.Command[20101]
      Executed DbCommand (12ms) [Parameters=[:Ma_0='?' (Size = 2000)], CommandType='Text', CommandTimeout='0']
      SELECT "l"."GIA_TRI"
      FROM "QL_NHAN_HIEN_THI" "l"
      WHERE "l"."MA" = :Ma_0
      FETCH FIRST 1 ROWS ONLY
info: Microsoft.EntityFrameworkCore.Database.Command[20101]
      Executed DbCommand (13ms) [Parameters=[:nguoiDung_ID_0='?' (DbType = Decimal)], CommandType='Text', CommandTimeout='0']
      SELECT "c"."VAI_TRO_ID"
      FROM "QL_VAI_TRO_NGUOI_DUNG" "c"
      WHERE "c"."NGUOI_DUNG_ID" = :nguoiDung_ID_0
info: Microsoft.EntityFrameworkCore.Database.Command[20101]
      Executed DbCommand (17ms) [Parameters=[:Ma_0='?' (Size = 2000)], CommandType='Text', CommandTimeout='0']
      SELECT "l"."GIA_TRI"
      FROM "QL_NHAN_HIEN_THI" "l"
      WHERE "l"."MA" = :Ma_0
      FETCH FIRST 1 ROWS ONLY
info: Microsoft.EntityFrameworkCore.Database.Command[20101]
      Executed DbCommand (12ms) [Parameters=[:nguoiDung_ID_0='?' (DbType = Decimal)], CommandType='Text', CommandTimeout='0']
      SELECT "c"."VAI_TRO_ID"
      FROM "QL_VAI_TRO_NGUOI_DUNG" "c"
      WHERE "c"."NGUOI_DUNG_ID" = :nguoiDung_ID_0
info: Microsoft.EntityFrameworkCore.Database.Command[20101]
      Executed DbCommand (15ms) [Parameters=[:Ma_0='?' (Size = 2000)], CommandType='Text', CommandTimeout='0']
      SELECT "l"."GIA_TRI"
      FROM "QL_NHAN_HIEN_THI" "l"
      WHERE "l"."MA" = :Ma_0
      FETCH FIRST 1 ROWS ONLY
info: Microsoft.EntityFrameworkCore.Database.Command[20101]
      Executed DbCommand (11ms) [Parameters=[:nguoiDung_ID_0='?' (DbType = Decimal)], CommandType='Text', CommandTimeout='0']
      SELECT "c"."VAI_TRO_ID"
      FROM "QL_VAI_TRO_NGUOI_DUNG" "c"
      WHERE "c"."NGUOI_DUNG_ID" = :nguoiDung_ID_0
info: Microsoft.EntityFrameworkCore.Database.Command[20101]
      Executed DbCommand (16ms) [Parameters=[:Ma_0='?' (Size = 2000)], CommandType='Text', CommandTimeout='0']
      SELECT "l"."GIA_TRI"
      FROM "QL_NHAN_HIEN_THI" "l"
      WHERE "l"."MA" = :Ma_0
      FETCH FIRST 1 ROWS ONLY
info: Microsoft.EntityFrameworkCore.Database.Command[20101]
      Executed DbCommand (10ms) [Parameters=[:nguoiDung_ID_0='?' (DbType = Decimal)], CommandType='Text', CommandTimeout='0']
      SELECT "c"."VAI_TRO_ID"
      FROM "QL_VAI_TRO_NGUOI_DUNG" "c"
      WHERE "c"."NGUOI_DUNG_ID" = :nguoiDung_ID_0
info: Microsoft.EntityFrameworkCore.Database.Command[20101]
      Executed DbCommand (15ms) [Parameters=[:Ma_0='?' (Size = 2000)], CommandType='Text', CommandTimeout='0']
      SELECT "l"."GIA_TRI"
      FROM "QL_NHAN_HIEN_THI" "l"
      WHERE "l"."MA" = :Ma_0
      FETCH FIRST 1 ROWS ONLY
info: Microsoft.EntityFrameworkCore.Database.Command[20101]
      Executed DbCommand (14ms) [Parameters=[:nguoiDung_ID_0='?' (DbType = Decimal)], CommandType='Text', CommandTimeout='0']
      SELECT "c"."VAI_TRO_ID"
      FROM "QL_VAI_TRO_NGUOI_DUNG" "c"
      WHERE "c"."NGUOI_DUNG_ID" = :nguoiDung_ID_0
info: Microsoft.EntityFrameworkCore.Database.Command[20101]
      Executed DbCommand (6ms) [Parameters=[:Ma_0='?' (Size = 2000)], CommandType='Text', CommandTimeout='0']
      SELECT "l"."GIA_TRI"
      FROM "QL_NHAN_HIEN_THI" "l"
      WHERE "l"."MA" = :Ma_0
      FETCH FIRST 1 ROWS ONLY
info: Microsoft.EntityFrameworkCore.Database.Command[20101]
      Executed DbCommand (11ms) [Parameters=[:nguoiDung_ID_0='?' (DbType = Decimal)], CommandType='Text', CommandTimeout='0']
      SELECT "c"."VAI_TRO_ID"
      FROM "QL_VAI_TRO_NGUOI_DUNG" "c"
      WHERE "c"."NGUOI_DUNG_ID" = :nguoiDung_ID_0
info: Microsoft.EntityFrameworkCore.Database.Command[20101]
      Executed DbCommand (8ms) [Parameters=[:Ma_0='?' (Size = 2000)], CommandType='Text', CommandTimeout='0']
      SELECT "l"."GIA_TRI"
      FROM "QL_NHAN_HIEN_THI" "l"
      WHERE "l"."MA" = :Ma_0
      FETCH FIRST 1 ROWS ONLY
info: Microsoft.EntityFrameworkCore.Database.Command[20101]
      Executed DbCommand (10ms) [Parameters=[:nguoiDung_ID_0='?' (DbType = Decimal)], CommandType='Text', CommandTimeout='0']
      SELECT "c"."VAI_TRO_ID"
      FROM "QL_VAI_TRO_NGUOI_DUNG" "c"
      WHERE "c"."NGUOI_DUNG_ID" = :nguoiDung_ID_0
info: Microsoft.EntityFrameworkCore.Database.Command[20101]
      Executed DbCommand (13ms) [Parameters=[:Ma_0='?' (Size = 2000)], CommandType='Text', CommandTimeout='0']
      SELECT "l"."GIA_TRI"
      FROM "QL_NHAN_HIEN_THI" "l"
      WHERE "l"."MA" = :Ma_0
      FETCH FIRST 1 ROWS ONLY
info: Microsoft.EntityFrameworkCore.Database.Command[20101]
      Executed DbCommand (9ms) [Parameters=[:nguoiDung_ID_0='?' (DbType = Decimal)], CommandType='Text', CommandTimeout='0']
      SELECT "c"."VAI_TRO_ID"
      FROM "QL_VAI_TRO_NGUOI_DUNG" "c"
      WHERE "c"."NGUOI_DUNG_ID" = :nguoiDung_ID_0
info: Microsoft.EntityFrameworkCore.Database.Command[20101]
      Executed DbCommand (13ms) [Parameters=[:Ma_0='?' (Size = 2000)], CommandType='Text', CommandTimeout='0']
      SELECT "l"."GIA_TRI"
      FROM "QL_NHAN_HIEN_THI" "l"
      WHERE "l"."MA" = :Ma_0
      FETCH FIRST 1 ROWS ONLY
info: Microsoft.EntityFrameworkCore.Database.Command[20101]
      Executed DbCommand (8ms) [Parameters=[:nguoiDung_ID_0='?' (DbType = Decimal)], CommandType='Text', CommandTimeout='0']
      SELECT "c"."VAI_TRO_ID"
      FROM "QL_VAI_TRO_NGUOI_DUNG" "c"
      WHERE "c"."NGUOI_DUNG_ID" = :nguoiDung_ID_0
info: Microsoft.EntityFrameworkCore.Database.Command[20101]
      Executed DbCommand (10ms) [Parameters=[:Ma_0='?' (Size = 2000)], CommandType='Text', CommandTimeout='0']
      SELECT "l"."GIA_TRI"
      FROM "QL_NHAN_HIEN_THI" "l"
      WHERE "l"."MA" = :Ma_0
      FETCH FIRST 1 ROWS ONLY
info: Microsoft.EntityFrameworkCore.Database.Command[20101]
      Executed DbCommand (12ms) [Parameters=[:nguoiDung_ID_0='?' (DbType = Decimal)], CommandType='Text', CommandTimeout='0']
      SELECT "c"."VAI_TRO_ID"
      FROM "QL_VAI_TRO_NGUOI_DUNG" "c"
      WHERE "c"."NGUOI_DUNG_ID" = :nguoiDung_ID_0
info: Microsoft.EntityFrameworkCore.Database.Command[20101]
      Executed DbCommand (12ms) [Parameters=[:Ma_0='?' (Size = 2000)], CommandType='Text', CommandTimeout='0']
      SELECT "l"."GIA_TRI"
      FROM "QL_NHAN_HIEN_THI" "l"
      WHERE "l"."MA" = :Ma_0
      FETCH FIRST 1 ROWS ONLY
info: Microsoft.EntityFrameworkCore.Database.Command[20101]
      Executed DbCommand (13ms) [Parameters=[:nguoiDung_ID_0='?' (DbType = Decimal)], CommandType='Text', CommandTimeout='0']
      SELECT "c"."VAI_TRO_ID"
      FROM "QL_VAI_TRO_NGUOI_DUNG" "c"
      WHERE "c"."NGUOI_DUNG_ID" = :nguoiDung_ID_0
info: Microsoft.EntityFrameworkCore.Database.Command[20101]
      Executed DbCommand (17ms) [Parameters=[:Ma_0='?' (Size = 2000)], CommandType='Text', CommandTimeout='0']
      SELECT "l"."GIA_TRI"
      FROM "QL_NHAN_HIEN_THI" "l"
      WHERE "l"."MA" = :Ma_0
      FETCH FIRST 1 ROWS ONLY
info: Microsoft.EntityFrameworkCore.Database.Command[20101]
      Executed DbCommand (13ms) [Parameters=[:nguoiDung_ID_0='?' (DbType = Decimal)], CommandType='Text', CommandTimeout='0']
      SELECT "c"."VAI_TRO_ID"
      FROM "QL_VAI_TRO_NGUOI_DUNG" "c"
      WHERE "c"."NGUOI_DUNG_ID" = :nguoiDung_ID_0
info: Microsoft.EntityFrameworkCore.Database.Command[20101]
      Executed DbCommand (10ms) [Parameters=[:Ma_0='?' (Size = 2000)], CommandType='Text', CommandTimeout='0']
      SELECT "l"."GIA_TRI"
      FROM "QL_NHAN_HIEN_THI" "l"
      WHERE "l"."MA" = :Ma_0
      FETCH FIRST 1 ROWS ONLY
info: Microsoft.EntityFrameworkCore.Database.Command[20101]
      Executed DbCommand (18ms) [Parameters=[:nguoiDung_ID_0='?' (DbType = Decimal)], CommandType='Text', CommandTimeout='0']
      SELECT "c"."VAI_TRO_ID"
      FROM "QL_VAI_TRO_NGUOI_DUNG" "c"
      WHERE "c"."NGUOI_DUNG_ID" = :nguoiDung_ID_0
info: Microsoft.EntityFrameworkCore.Database.Command[20101]
      Executed DbCommand (15ms) [Parameters=[:Ma_0='?' (Size = 2000)], CommandType='Text', CommandTimeout='0']
      SELECT "l"."GIA_TRI"
      FROM "QL_NHAN_HIEN_THI" "l"
      WHERE "l"."MA" = :Ma_0
      FETCH FIRST 1 ROWS ONLY
info: Microsoft.EntityFrameworkCore.Database.Command[20101]
      Executed DbCommand (9ms) [Parameters=[:nguoiDung_ID_0='?' (DbType = Decimal)], CommandType='Text', CommandTimeout='0']
      SELECT "c"."VAI_TRO_ID"
      FROM "QL_VAI_TRO_NGUOI_DUNG" "c"
      WHERE "c"."NGUOI_DUNG_ID" = :nguoiDung_ID_0
info: Microsoft.EntityFrameworkCore.Database.Command[20101]
      Executed DbCommand (11ms) [Parameters=[:Ma_0='?' (Size = 2000)], CommandType='Text', CommandTimeout='0']
      SELECT "l"."GIA_TRI"
      FROM "QL_NHAN_HIEN_THI" "l"
      WHERE "l"."MA" = :Ma_0
      FETCH FIRST 1 ROWS ONLY
info: Microsoft.EntityFrameworkCore.Database.Command[20101]
      Executed DbCommand (16ms) [Parameters=[:nguoiDung_ID_0='?' (DbType = Decimal)], CommandType='Text', CommandTimeout='0']
      SELECT "c"."VAI_TRO_ID"
      FROM "QL_VAI_TRO_NGUOI_DUNG" "c"
      WHERE "c"."NGUOI_DUNG_ID" = :nguoiDung_ID_0
info: Microsoft.EntityFrameworkCore.Database.Command[20101]
      Executed DbCommand (16ms) [Parameters=[:Ma_0='?' (Size = 2000)], CommandType='Text', CommandTimeout='0']
      SELECT "l"."GIA_TRI"
      FROM "QL_NHAN_HIEN_THI" "l"
      WHERE "l"."MA" = :Ma_0
      FETCH FIRST 1 ROWS ONLY
info: Microsoft.EntityFrameworkCore.Database.Command[20101]
      Executed DbCommand (16ms) [Parameters=[:nguoiDung_ID_0='?' (DbType = Decimal)], CommandType='Text', CommandTimeout='0']
      SELECT "c"."VAI_TRO_ID"
      FROM "QL_VAI_TRO_NGUOI_DUNG" "c"
      WHERE "c"."NGUOI_DUNG_ID" = :nguoiDung_ID_0
info: Microsoft.EntityFrameworkCore.Database.Command[20101]
      Executed DbCommand (19ms) [Parameters=[:Ma_0='?' (Size = 2000)], CommandType='Text', CommandTimeout='0']
      SELECT "l"."GIA_TRI"
      FROM "QL_NHAN_HIEN_THI" "l"
      WHERE "l"."MA" = :Ma_0
      FETCH FIRST 1 ROWS ONLY
info: Microsoft.EntityFrameworkCore.Database.Command[20101]
      Executed DbCommand (9ms) [Parameters=[:nguoiDung_ID_0='?' (DbType = Decimal)], CommandType='Text', CommandTimeout='0']
      SELECT "c"."VAI_TRO_ID"
      FROM "QL_VAI_TRO_NGUOI_DUNG" "c"
      WHERE "c"."NGUOI_DUNG_ID" = :nguoiDung_ID_0
info: Microsoft.EntityFrameworkCore.Database.Command[20101]
      Executed DbCommand (20ms) [Parameters=[:Ma_0='?' (Size = 2000)], CommandType='Text', CommandTimeout='0']
      SELECT "l"."GIA_TRI"
      FROM "QL_NHAN_HIEN_THI" "l"
      WHERE "l"."MA" = :Ma_0
      FETCH FIRST 1 ROWS ONLY
info: Microsoft.EntityFrameworkCore.Database.Command[20101]
      Executed DbCommand (17ms) [Parameters=[:nguoiDung_ID_0='?' (DbType = Decimal)], CommandType='Text', CommandTimeout='0']
      SELECT "c"."VAI_TRO_ID"
      FROM "QL_VAI_TRO_NGUOI_DUNG" "c"
      WHERE "c"."NGUOI_DUNG_ID" = :nguoiDung_ID_0
info: Microsoft.EntityFrameworkCore.Database.Command[20101]
      Executed DbCommand (10ms) [Parameters=[:Ma_0='?' (Size = 2000)], CommandType='Text', CommandTimeout='0']
      SELECT "l"."GIA_TRI"
      FROM "QL_NHAN_HIEN_THI" "l"
      WHERE "l"."MA" = :Ma_0
      FETCH FIRST 1 ROWS ONLY
info: Microsoft.EntityFrameworkCore.Database.Command[20101]
      Executed DbCommand (12ms) [Parameters=[:nguoiDung_ID_0='?' (DbType = Decimal)], CommandType='Text', CommandTimeout='0']
      SELECT "c"."VAI_TRO_ID"
      FROM "QL_VAI_TRO_NGUOI_DUNG" "c"
      WHERE "c"."NGUOI_DUNG_ID" = :nguoiDung_ID_0
info: Microsoft.EntityFrameworkCore.Database.Command[20101]
      Executed DbCommand (11ms) [Parameters=[:Ma_0='?' (Size = 2000)], CommandType='Text', CommandTimeout='0']
      SELECT "l"."GIA_TRI"
      FROM "QL_NHAN_HIEN_THI" "l"
      WHERE "l"."MA" = :Ma_0
      FETCH FIRST 1 ROWS ONLY
info: Microsoft.EntityFrameworkCore.Database.Command[20101]
      Executed DbCommand (17ms) [Parameters=[:nguoiDung_ID_0='?' (DbType = Decimal)], CommandType='Text', CommandTimeout='0']
      SELECT "c"."VAI_TRO_ID"
      FROM "QL_VAI_TRO_NGUOI_DUNG" "c"
      WHERE "c"."NGUOI_DUNG_ID" = :nguoiDung_ID_0
info: Microsoft.EntityFrameworkCore.Database.Command[20101]
      Executed DbCommand (61ms) [Parameters=[:donViId_0='?' (DbType = Decimal)], CommandType='Text', CommandTimeout='0']
      SELECT COUNT(*)
      FROM "DM_DON_VI" "p"
      WHERE ((("p"."PARENT_ID" = :donViId_0) AND ("p"."LA_BAN_QL_DU_AN" = 1)) OR (("p"."ID" = :donViId_0) AND ("p"."LOAI_DON_VI_ID" = 15.0))) OR (("p"."ID" = :donViId_0) AND ("p"."LA_BAN_QL_DU_AN" = 1))
info: Microsoft.EntityFrameworkCore.Database.Command[20101]
      Executed DbCommand (9ms) [Parameters=[:Ma_0='?' (Size = 2000)], CommandType='Text', CommandTimeout='0']
      SELECT "l"."GIA_TRI"
      FROM "QL_NHAN_HIEN_THI" "l"
      WHERE "l"."MA" = :Ma_0
      FETCH FIRST 1 ROWS ONLY
info: Microsoft.EntityFrameworkCore.Database.Command[20101]
      Executed DbCommand (11ms) [Parameters=[:nguoiDung_ID_0='?' (DbType = Decimal)], CommandType='Text', CommandTimeout='0']
      SELECT "c"."VAI_TRO_ID"
      FROM "QL_VAI_TRO_NGUOI_DUNG" "c"
      WHERE "c"."NGUOI_DUNG_ID" = :nguoiDung_ID_0
info: Microsoft.EntityFrameworkCore.Database.Command[20101]
      Executed DbCommand (64ms) [Parameters=[:donViId_0='?' (DbType = Decimal)], CommandType='Text', CommandTimeout='0']
      SELECT COUNT(*)
      FROM "DM_DON_VI" "p"
      WHERE ((("p"."PARENT_ID" = :donViId_0) AND ("p"."LA_BAN_QL_DU_AN" = 1)) OR (("p"."ID" = :donViId_0) AND ("p"."LOAI_DON_VI_ID" = 15.0))) OR (("p"."ID" = :donViId_0) AND ("p"."LA_BAN_QL_DU_AN" = 1))
info: Microsoft.EntityFrameworkCore.Database.Command[20101]
      Executed DbCommand (16ms) [Parameters=[:Ma_0='?' (Size = 2000)], CommandType='Text', CommandTimeout='0']
      SELECT "l"."GIA_TRI"
      FROM "QL_NHAN_HIEN_THI" "l"
      WHERE "l"."MA" = :Ma_0
      FETCH FIRST 1 ROWS ONLY
info: Microsoft.EntityFrameworkCore.Database.Command[20101]
      Executed DbCommand (14ms) [Parameters=[:nguoiDung_ID_0='?' (DbType = Decimal)], CommandType='Text', CommandTimeout='0']
      SELECT "c"."VAI_TRO_ID"
      FROM "QL_VAI_TRO_NGUOI_DUNG" "c"
      WHERE "c"."NGUOI_DUNG_ID" = :nguoiDung_ID_0
info: Microsoft.EntityFrameworkCore.Database.Command[20101]
      Executed DbCommand (67ms) [Parameters=[:donViId_0='?' (DbType = Decimal)], CommandType='Text', CommandTimeout='0']
      SELECT COUNT(*)
      FROM "DM_DON_VI" "p"
      WHERE ((("p"."PARENT_ID" = :donViId_0) AND ("p"."LA_BAN_QL_DU_AN" = 1)) OR (("p"."ID" = :donViId_0) AND ("p"."LOAI_DON_VI_ID" = 15.0))) OR (("p"."ID" = :donViId_0) AND ("p"."LA_BAN_QL_DU_AN" = 1))
info: Microsoft.EntityFrameworkCore.Database.Command[20101]
      Executed DbCommand (10ms) [Parameters=[:nguoiDung_ID_0='?' (DbType = Decimal)], CommandType='Text', CommandTimeout='0']
      SELECT "c"."VAI_TRO_ID"
      FROM "QL_VAI_TRO_NGUOI_DUNG" "c"
      WHERE "c"."NGUOI_DUNG_ID" = :nguoiDung_ID_0
info: Microsoft.EntityFrameworkCore.Database.Command[20101]
      Executed DbCommand (63ms) [Parameters=[:donViId_0='?' (DbType = Decimal)], CommandType='Text', CommandTimeout='0']
      SELECT COUNT(*)
      FROM "DM_DON_VI" "p"
      WHERE ((("p"."PARENT_ID" = :donViId_0) AND ("p"."LA_BAN_QL_DU_AN" = 1)) OR (("p"."ID" = :donViId_0) AND ("p"."LOAI_DON_VI_ID" = 15.0))) OR (("p"."ID" = :donViId_0) AND ("p"."LA_BAN_QL_DU_AN" = 1))
info: Microsoft.EntityFrameworkCore.Database.Command[20101]
      Executed DbCommand (9ms) [Parameters=[:nguoiDung_ID_0='?' (DbType = Decimal)], CommandType='Text', CommandTimeout='0']
      SELECT "c"."VAI_TRO_ID"
      FROM "QL_VAI_TRO_NGUOI_DUNG" "c"
      WHERE "c"."NGUOI_DUNG_ID" = :nguoiDung_ID_0
info: Microsoft.EntityFrameworkCore.Database.Command[20101]
      Executed DbCommand (65ms) [Parameters=[:donViId_0='?' (DbType = Decimal)], CommandType='Text', CommandTimeout='0']
      SELECT COUNT(*)
      FROM "DM_DON_VI" "p"
      WHERE ((("p"."PARENT_ID" = :donViId_0) AND ("p"."LA_BAN_QL_DU_AN" = 1)) OR (("p"."ID" = :donViId_0) AND ("p"."LOAI_DON_VI_ID" = 15.0))) OR (("p"."ID" = :donViId_0) AND ("p"."LA_BAN_QL_DU_AN" = 1))
info: Microsoft.EntityFrameworkCore.Database.Command[20101]
      Executed DbCommand (11ms) [Parameters=[:nguoiDung_ID_0='?' (DbType = Decimal)], CommandType='Text', CommandTimeout='0']
      SELECT "c"."VAI_TRO_ID"
      FROM "QL_VAI_TRO_NGUOI_DUNG" "c"
      WHERE "c"."NGUOI_DUNG_ID" = :nguoiDung_ID_0
info: Microsoft.EntityFrameworkCore.Database.Command[20101]
      Executed DbCommand (67ms) [Parameters=[:donViId_0='?' (DbType = Decimal)], CommandType='Text', CommandTimeout='0']
      SELECT COUNT(*)
      FROM "DM_DON_VI" "p"
      WHERE ((("p"."PARENT_ID" = :donViId_0) AND ("p"."LA_BAN_QL_DU_AN" = 1)) OR (("p"."ID" = :donViId_0) AND ("p"."LOAI_DON_VI_ID" = 15.0))) OR (("p"."ID" = :donViId_0) AND ("p"."LA_BAN_QL_DU_AN" = 1))
info: Microsoft.EntityFrameworkCore.Database.Command[20101]
      Executed DbCommand (9ms) [Parameters=[:nguoiDung_ID_0='?' (DbType = Decimal)], CommandType='Text', CommandTimeout='0']
      SELECT "c"."VAI_TRO_ID"
      FROM "QL_VAI_TRO_NGUOI_DUNG" "c"
      WHERE "c"."NGUOI_DUNG_ID" = :nguoiDung_ID_0
info: Microsoft.EntityFrameworkCore.Database.Command[20101]
      Executed DbCommand (69ms) [Parameters=[:donViId_0='?' (DbType = Decimal)], CommandType='Text', CommandTimeout='0']
      SELECT COUNT(*)
      FROM "DM_DON_VI" "p"
      WHERE ((("p"."PARENT_ID" = :donViId_0) AND ("p"."LA_BAN_QL_DU_AN" = 1)) OR (("p"."ID" = :donViId_0) AND ("p"."LOAI_DON_VI_ID" = 15.0))) OR (("p"."ID" = :donViId_0) AND ("p"."LA_BAN_QL_DU_AN" = 1))
info: Microsoft.EntityFrameworkCore.Database.Command[20101]
      Executed DbCommand (10ms) [Parameters=[:Ma_0='?' (Size = 2000)], CommandType='Text', CommandTimeout='0']
      SELECT "l"."GIA_TRI"
      FROM "QL_NHAN_HIEN_THI" "l"
      WHERE "l"."MA" = :Ma_0
      FETCH FIRST 1 ROWS ONLY
info: Microsoft.EntityFrameworkCore.Database.Command[20101]
      Executed DbCommand (7ms) [Parameters=[:nguoiDung_ID_0='?' (DbType = Decimal)], CommandType='Text', CommandTimeout='0']
      SELECT "c"."VAI_TRO_ID"
      FROM "QL_VAI_TRO_NGUOI_DUNG" "c"
      WHERE "c"."NGUOI_DUNG_ID" = :nguoiDung_ID_0
info: Microsoft.EntityFrameworkCore.Database.Command[20101]
      Executed DbCommand (13ms) [Parameters=[:Ma_0='?' (Size = 2000)], CommandType='Text', CommandTimeout='0']
      SELECT "l"."GIA_TRI"
      FROM "QL_NHAN_HIEN_THI" "l"
      WHERE "l"."MA" = :Ma_0
      FETCH FIRST 1 ROWS ONLY
info: Microsoft.EntityFrameworkCore.Database.Command[20101]
      Executed DbCommand (11ms) [Parameters=[:nguoiDung_ID_0='?' (DbType = Decimal)], CommandType='Text', CommandTimeout='0']
      SELECT "c"."VAI_TRO_ID"
      FROM "QL_VAI_TRO_NGUOI_DUNG" "c"
      WHERE "c"."NGUOI_DUNG_ID" = :nguoiDung_ID_0
info: Microsoft.EntityFrameworkCore.Database.Command[20101]
      Executed DbCommand (13ms) [Parameters=[:Ma_0='?' (Size = 2000)], CommandType='Text', CommandTimeout='0']
      SELECT "l"."GIA_TRI"
      FROM "QL_NHAN_HIEN_THI" "l"
      WHERE "l"."MA" = :Ma_0
      FETCH FIRST 1 ROWS ONLY
info: Microsoft.EntityFrameworkCore.Database.Command[20101]
      Executed DbCommand (8ms) [Parameters=[:nguoiDung_ID_0='?' (DbType = Decimal)], CommandType='Text', CommandTimeout='0']
      SELECT "c"."VAI_TRO_ID"
      FROM "QL_VAI_TRO_NGUOI_DUNG" "c"
      WHERE "c"."NGUOI_DUNG_ID" = :nguoiDung_ID_0
info: Microsoft.EntityFrameworkCore.Database.Command[20101]
      Executed DbCommand (13ms) [Parameters=[:Ma_0='?' (Size = 2000)], CommandType='Text', CommandTimeout='0']
      SELECT "l"."GIA_TRI"
      FROM "QL_NHAN_HIEN_THI" "l"
      WHERE "l"."MA" = :Ma_0
      FETCH FIRST 1 ROWS ONLY
info: Microsoft.EntityFrameworkCore.Database.Command[20101]
      Executed DbCommand (7ms) [Parameters=[:nguoiDung_ID_0='?' (DbType = Decimal)], CommandType='Text', CommandTimeout='0']
      SELECT "c"."VAI_TRO_ID"
      FROM "QL_VAI_TRO_NGUOI_DUNG" "c"
      WHERE "c"."NGUOI_DUNG_ID" = :nguoiDung_ID_0
info: Microsoft.EntityFrameworkCore.Database.Command[20101]
      Executed DbCommand (8ms) [Parameters=[:Ma_0='?' (Size = 2000)], CommandType='Text', CommandTimeout='0']
      SELECT "l"."GIA_TRI"
      FROM "QL_NHAN_HIEN_THI" "l"
      WHERE "l"."MA" = :Ma_0
      FETCH FIRST 1 ROWS ONLY
info: Microsoft.EntityFrameworkCore.Database.Command[20101]
      Executed DbCommand (6ms) [Parameters=[:nguoiDung_ID_0='?' (DbType = Decimal)], CommandType='Text', CommandTimeout='0']
      SELECT "c"."VAI_TRO_ID"
      FROM "QL_VAI_TRO_NGUOI_DUNG" "c"
      WHERE "c"."NGUOI_DUNG_ID" = :nguoiDung_ID_0
info: Microsoft.EntityFrameworkCore.Database.Command[20101]
      Executed DbCommand (13ms) [Parameters=[:Ma_0='?' (Size = 2000)], CommandType='Text', CommandTimeout='0']
      SELECT "l"."GIA_TRI"
      FROM "QL_NHAN_HIEN_THI" "l"
      WHERE "l"."MA" = :Ma_0
      FETCH FIRST 1 ROWS ONLY
info: Microsoft.EntityFrameworkCore.Database.Command[20101]
      Executed DbCommand (13ms) [Parameters=[:nguoiDung_ID_0='?' (DbType = Decimal)], CommandType='Text', CommandTimeout='0']
      SELECT "c"."VAI_TRO_ID"
      FROM "QL_VAI_TRO_NGUOI_DUNG" "c"
      WHERE "c"."NGUOI_DUNG_ID" = :nguoiDung_ID_0
info: Microsoft.EntityFrameworkCore.Database.Command[20101]
      Executed DbCommand (9ms) [Parameters=[:Ma_0='?' (Size = 2000)], CommandType='Text', CommandTimeout='0']
      SELECT "l"."GIA_TRI"
      FROM "QL_NHAN_HIEN_THI" "l"
      WHERE "l"."MA" = :Ma_0
      FETCH FIRST 1 ROWS ONLY
info: Microsoft.EntityFrameworkCore.Database.Command[20101]
      Executed DbCommand (15ms) [Parameters=[:nguoiDung_ID_0='?' (DbType = Decimal)], CommandType='Text', CommandTimeout='0']
      SELECT "c"."VAI_TRO_ID"
      FROM "QL_VAI_TRO_NGUOI_DUNG" "c"
      WHERE "c"."NGUOI_DUNG_ID" = :nguoiDung_ID_0
info: Microsoft.EntityFrameworkCore.Database.Command[20101]
      Executed DbCommand (10ms) [Parameters=[:Ma_0='?' (Size = 2000)], CommandType='Text', CommandTimeout='0']
      SELECT "l"."GIA_TRI"
      FROM "QL_NHAN_HIEN_THI" "l"
      WHERE "l"."MA" = :Ma_0
      FETCH FIRST 1 ROWS ONLY
info: Microsoft.EntityFrameworkCore.Database.Command[20101]
      Executed DbCommand (26ms) [Parameters=[:nguoiDung_ID_0='?' (DbType = Decimal)], CommandType='Text', CommandTimeout='0']
      SELECT "c"."VAI_TRO_ID"
      FROM "QL_VAI_TRO_NGUOI_DUNG" "c"
      WHERE "c"."NGUOI_DUNG_ID" = :nguoiDung_ID_0
info: Microsoft.EntityFrameworkCore.Database.Command[20101]
      Executed DbCommand (9ms) [Parameters=[:Ma_0='?' (Size = 2000)], CommandType='Text', CommandTimeout='0']
      SELECT "l"."GIA_TRI"
      FROM "QL_NHAN_HIEN_THI" "l"
      WHERE "l"."MA" = :Ma_0
      FETCH FIRST 1 ROWS ONLY
info: Microsoft.EntityFrameworkCore.Database.Command[20101]
      Executed DbCommand (19ms) [Parameters=[:nguoiDung_ID_0='?' (DbType = Decimal)], CommandType='Text', CommandTimeout='0']
      SELECT "c"."VAI_TRO_ID"
      FROM "QL_VAI_TRO_NGUOI_DUNG" "c"
      WHERE "c"."NGUOI_DUNG_ID" = :nguoiDung_ID_0
info: Microsoft.EntityFrameworkCore.Database.Command[20101]
      Executed DbCommand (9ms) [Parameters=[:Ma_0='?' (Size = 2000)], CommandType='Text', CommandTimeout='0']
      SELECT "l"."GIA_TRI"
      FROM "QL_NHAN_HIEN_THI" "l"
      WHERE "l"."MA" = :Ma_0
      FETCH FIRST 1 ROWS ONLY
info: Microsoft.EntityFrameworkCore.Database.Command[20101]
      Executed DbCommand (8ms) [Parameters=[:nguoiDung_ID_0='?' (DbType = Decimal)], CommandType='Text', CommandTimeout='0']
      SELECT "c"."VAI_TRO_ID"
      FROM "QL_VAI_TRO_NGUOI_DUNG" "c"
      WHERE "c"."NGUOI_DUNG_ID" = :nguoiDung_ID_0
info: Microsoft.EntityFrameworkCore.Database.Command[20101]
      Executed DbCommand (8ms) [Parameters=[:Ma_0='?' (Size = 2000)], CommandType='Text', CommandTimeout='0']
      SELECT "l"."GIA_TRI"
      FROM "QL_NHAN_HIEN_THI" "l"
      WHERE "l"."MA" = :Ma_0
      FETCH FIRST 1 ROWS ONLY
info: Microsoft.EntityFrameworkCore.Database.Command[20101]
      Executed DbCommand (14ms) [Parameters=[:nguoiDung_ID_0='?' (DbType = Decimal)], CommandType='Text', CommandTimeout='0']
      SELECT "c"."VAI_TRO_ID"
      FROM "QL_VAI_TRO_NGUOI_DUNG" "c"
      WHERE "c"."NGUOI_DUNG_ID" = :nguoiDung_ID_0
info: Microsoft.EntityFrameworkCore.Database.Command[20101]
      Executed DbCommand (13ms) [Parameters=[:Ma_0='?' (Size = 2000)], CommandType='Text', CommandTimeout='0']
      SELECT "l"."GIA_TRI"
      FROM "QL_NHAN_HIEN_THI" "l"
      WHERE "l"."MA" = :Ma_0
      FETCH FIRST 1 ROWS ONLY
info: Microsoft.EntityFrameworkCore.Database.Command[20101]
      Executed DbCommand (15ms) [Parameters=[:nguoiDung_ID_0='?' (DbType = Decimal)], CommandType='Text', CommandTimeout='0']
      SELECT "c"."VAI_TRO_ID"
      FROM "QL_VAI_TRO_NGUOI_DUNG" "c"
      WHERE "c"."NGUOI_DUNG_ID" = :nguoiDung_ID_0
info: Microsoft.EntityFrameworkCore.Database.Command[20101]
      Executed DbCommand (9ms) [Parameters=[:Ma_0='?' (Size = 2000)], CommandType='Text', CommandTimeout='0']
      SELECT "l"."GIA_TRI"
      FROM "QL_NHAN_HIEN_THI" "l"
      WHERE "l"."MA" = :Ma_0
      FETCH FIRST 1 ROWS ONLY
info: Microsoft.EntityFrameworkCore.Database.Command[20101]
      Executed DbCommand (12ms) [Parameters=[:nguoiDung_ID_0='?' (DbType = Decimal)], CommandType='Text', CommandTimeout='0']
      SELECT "c"."VAI_TRO_ID"
      FROM "QL_VAI_TRO_NGUOI_DUNG" "c"
      WHERE "c"."NGUOI_DUNG_ID" = :nguoiDung_ID_0
info: Microsoft.EntityFrameworkCore.Database.Command[20101]
      Executed DbCommand (14ms) [Parameters=[:Ma_0='?' (Size = 2000)], CommandType='Text', CommandTimeout='0']
      SELECT "l"."GIA_TRI"
      FROM "QL_NHAN_HIEN_THI" "l"
      WHERE "l"."MA" = :Ma_0
      FETCH FIRST 1 ROWS ONLY
info: Microsoft.EntityFrameworkCore.Database.Command[20101]
      Executed DbCommand (8ms) [Parameters=[:nguoiDung_ID_0='?' (DbType = Decimal)], CommandType='Text', CommandTimeout='0']
      SELECT "c"."VAI_TRO_ID"
      FROM "QL_VAI_TRO_NGUOI_DUNG" "c"
      WHERE "c"."NGUOI_DUNG_ID" = :nguoiDung_ID_0
info: Microsoft.EntityFrameworkCore.Database.Command[20101]
      Executed DbCommand (8ms) [Parameters=[:Ma_0='?' (Size = 2000)], CommandType='Text', CommandTimeout='0']
      SELECT "l"."GIA_TRI"
      FROM "QL_NHAN_HIEN_THI" "l"
      WHERE "l"."MA" = :Ma_0
      FETCH FIRST 1 ROWS ONLY
info: Microsoft.EntityFrameworkCore.Database.Command[20101]
      Executed DbCommand (9ms) [Parameters=[:nguoiDung_ID_0='?' (DbType = Decimal)], CommandType='Text', CommandTimeout='0']
      SELECT "c"."VAI_TRO_ID"
      FROM "QL_VAI_TRO_NGUOI_DUNG" "c"
      WHERE "c"."NGUOI_DUNG_ID" = :nguoiDung_ID_0
info: Microsoft.EntityFrameworkCore.Database.Command[20101]
      Executed DbCommand (8ms) [Parameters=[:Ma_0='?' (Size = 2000)], CommandType='Text', CommandTimeout='0']
      SELECT "l"."GIA_TRI"
      FROM "QL_NHAN_HIEN_THI" "l"
      WHERE "l"."MA" = :Ma_0
      FETCH FIRST 1 ROWS ONLY
info: Microsoft.EntityFrameworkCore.Database.Command[20101]
      Executed DbCommand (10ms) [Parameters=[:nguoiDung_ID_0='?' (DbType = Decimal)], CommandType='Text', CommandTimeout='0']
      SELECT "c"."VAI_TRO_ID"
      FROM "QL_VAI_TRO_NGUOI_DUNG" "c"
      WHERE "c"."NGUOI_DUNG_ID" = :nguoiDung_ID_0
info: Microsoft.EntityFrameworkCore.Database.Command[20101]
      Executed DbCommand (9ms) [Parameters=[:Ma_0='?' (Size = 2000)], CommandType='Text', CommandTimeout='0']
      SELECT "l"."GIA_TRI"
      FROM "QL_NHAN_HIEN_THI" "l"
      WHERE "l"."MA" = :Ma_0
      FETCH FIRST 1 ROWS ONLY
info: Microsoft.EntityFrameworkCore.Database.Command[20101]
      Executed DbCommand (11ms) [Parameters=[:nguoiDung_ID_0='?' (DbType = Decimal)], CommandType='Text', CommandTimeout='0']
      SELECT "c"."VAI_TRO_ID"
      FROM "QL_VAI_TRO_NGUOI_DUNG" "c"
      WHERE "c"."NGUOI_DUNG_ID" = :nguoiDung_ID_0
info: Microsoft.EntityFrameworkCore.Database.Command[20101]
      Executed DbCommand (10ms) [Parameters=[:Ma_0='?' (Size = 2000)], CommandType='Text', CommandTimeout='0']
      SELECT "l"."GIA_TRI"
      FROM "QL_NHAN_HIEN_THI" "l"
      WHERE "l"."MA" = :Ma_0
      FETCH FIRST 1 ROWS ONLY
info: Microsoft.EntityFrameworkCore.Database.Command[20101]
      Executed DbCommand (7ms) [Parameters=[:nguoiDung_ID_0='?' (DbType = Decimal)], CommandType='Text', CommandTimeout='0']
      SELECT "c"."VAI_TRO_ID"
      FROM "QL_VAI_TRO_NGUOI_DUNG" "c"
      WHERE "c"."NGUOI_DUNG_ID" = :nguoiDung_ID_0
info: Microsoft.EntityFrameworkCore.Database.Command[20101]
      Executed DbCommand (14ms) [Parameters=[:Ma_0='?' (Size = 2000)], CommandType='Text', CommandTimeout='0']
      SELECT "l"."GIA_TRI"
      FROM "QL_NHAN_HIEN_THI" "l"
      WHERE "l"."MA" = :Ma_0
      FETCH FIRST 1 ROWS ONLY
info: Microsoft.EntityFrameworkCore.Database.Command[20101]
      Executed DbCommand (8ms) [Parameters=[:Ma_0='?' (Size = 2000)], CommandType='Text', CommandTimeout='0']
      SELECT "l"."GIA_TRI"
      FROM "QL_NHAN_HIEN_THI" "l"
      WHERE "l"."MA" = :Ma_0
      FETCH FIRST 1 ROWS ONLY
info: Microsoft.EntityFrameworkCore.Database.Command[20101]
      Executed DbCommand (9ms) [Parameters=[:Ma_0='?' (Size = 2000)], CommandType='Text', CommandTimeout='0']
      SELECT "l"."GIA_TRI"
      FROM "QL_NHAN_HIEN_THI" "l"
      WHERE "l"."MA" = :Ma_0
      FETCH FIRST 1 ROWS ONLY
info: Microsoft.EntityFrameworkCore.Database.Command[20101]
      Executed DbCommand (7ms) [Parameters=[:Ma_0='?' (Size = 2000)], CommandType='Text', CommandTimeout='0']
      SELECT "l"."GIA_TRI"
      FROM "QL_NHAN_HIEN_THI" "l"
      WHERE "l"."MA" = :Ma_0
      FETCH FIRST 1 ROWS ONLY
info: Microsoft.EntityFrameworkCore.Database.Command[20101]
      Executed DbCommand (6ms) [Parameters=[:Ma_0='?' (Size = 2000)], CommandType='Text', CommandTimeout='0']
      SELECT "l"."GIA_TRI"
      FROM "QL_NHAN_HIEN_THI" "l"
      WHERE "l"."MA" = :Ma_0
      FETCH FIRST 1 ROWS ONLY
info: Microsoft.EntityFrameworkCore.Database.Command[20101]
      Executed DbCommand (11ms) [Parameters=[:nguoiDung_ID_0='?' (DbType = Decimal)], CommandType='Text', CommandTimeout='0']
      SELECT "c"."VAI_TRO_ID"
      FROM "QL_VAI_TRO_NGUOI_DUNG" "c"
      WHERE "c"."NGUOI_DUNG_ID" = :nguoiDung_ID_0
info: Microsoft.EntityFrameworkCore.Database.Command[20101]
      Executed DbCommand (10ms) [Parameters=[:Ma_0='?' (Size = 2000)], CommandType='Text', CommandTimeout='0']
      SELECT "l"."GIA_TRI"
      FROM "QL_NHAN_HIEN_THI" "l"
      WHERE "l"."MA" = :Ma_0
      FETCH FIRST 1 ROWS ONLY
info: Microsoft.EntityFrameworkCore.Database.Command[20101]
      Executed DbCommand (13ms) [Parameters=[:Ma_0='?' (Size = 2000)], CommandType='Text', CommandTimeout='0']
      SELECT "l"."GIA_TRI"
      FROM "QL_NHAN_HIEN_THI" "l"
      WHERE "l"."MA" = :Ma_0
      FETCH FIRST 1 ROWS ONLY
info: Microsoft.EntityFrameworkCore.Database.Command[20101]
      Executed DbCommand (9ms) [Parameters=[:Ma_0='?' (Size = 2000)], CommandType='Text', CommandTimeout='0']
      SELECT "l"."GIA_TRI"
      FROM "QL_NHAN_HIEN_THI" "l"
      WHERE "l"."MA" = :Ma_0
      FETCH FIRST 1 ROWS ONLY
info: Microsoft.EntityFrameworkCore.Database.Command[20101]
      Executed DbCommand (12ms) [Parameters=[:nguoiDung_ID_0='?' (DbType = Decimal)], CommandType='Text', CommandTimeout='0']
      SELECT "c"."VAI_TRO_ID"
      FROM "QL_VAI_TRO_NGUOI_DUNG" "c"
      WHERE "c"."NGUOI_DUNG_ID" = :nguoiDung_ID_0
info: Microsoft.EntityFrameworkCore.Database.Command[20101]
      Executed DbCommand (7ms) [Parameters=[:Ma_0='?' (Size = 2000)], CommandType='Text', CommandTimeout='0']
      SELECT "l"."GIA_TRI"
      FROM "QL_NHAN_HIEN_THI" "l"
      WHERE "l"."MA" = :Ma_0
      FETCH FIRST 1 ROWS ONLY
info: Microsoft.EntityFrameworkCore.Database.Command[20101]
      Executed DbCommand (10ms) [Parameters=[:Ma_0='?' (Size = 2000)], CommandType='Text', CommandTimeout='0']
      SELECT "l"."GIA_TRI"
      FROM "QL_NHAN_HIEN_THI" "l"
      WHERE "l"."MA" = :Ma_0
      FETCH FIRST 1 ROWS ONLY
info: Microsoft.EntityFrameworkCore.Database.Command[20101]
      Executed DbCommand (11ms) [Parameters=[:Ma_0='?' (Size = 2000)], CommandType='Text', CommandTimeout='0']
      SELECT "l"."GIA_TRI"
      FROM "QL_NHAN_HIEN_THI" "l"
      WHERE "l"."MA" = :Ma_0
      FETCH FIRST 1 ROWS ONLY
info: Microsoft.EntityFrameworkCore.Database.Command[20101]
      Executed DbCommand (13ms) [Parameters=[:nguoiDung_ID_0='?' (DbType = Decimal)], CommandType='Text', CommandTimeout='0']
      SELECT "c"."VAI_TRO_ID"
      FROM "QL_VAI_TRO_NGUOI_DUNG" "c"
      WHERE "c"."NGUOI_DUNG_ID" = :nguoiDung_ID_0
info: Microsoft.EntityFrameworkCore.Database.Command[20101]
      Executed DbCommand (11ms) [Parameters=[:Ma_0='?' (Size = 2000)], CommandType='Text', CommandTimeout='0']
      SELECT "l"."GIA_TRI"
      FROM "QL_NHAN_HIEN_THI" "l"
      WHERE "l"."MA" = :Ma_0
      FETCH FIRST 1 ROWS ONLY
info: Microsoft.EntityFrameworkCore.Database.Command[20101]
      Executed DbCommand (14ms) [Parameters=[:Ma_0='?' (Size = 2000)], CommandType='Text', CommandTimeout='0']
      SELECT "l"."GIA_TRI"
      FROM "QL_NHAN_HIEN_THI" "l"
      WHERE "l"."MA" = :Ma_0
      FETCH FIRST 1 ROWS ONLY
info: Microsoft.EntityFrameworkCore.Database.Command[20101]
      Executed DbCommand (8ms) [Parameters=[:nguoiDung_ID_0='?' (DbType = Decimal)], CommandType='Text', CommandTimeout='0']
      SELECT "c"."VAI_TRO_ID"
      FROM "QL_VAI_TRO_NGUOI_DUNG" "c"
      WHERE "c"."NGUOI_DUNG_ID" = :nguoiDung_ID_0
info: Microsoft.EntityFrameworkCore.Database.Command[20101]
      Executed DbCommand (11ms) [Parameters=[:Ma_0='?' (Size = 2000)], CommandType='Text', CommandTimeout='0']
      SELECT "l"."GIA_TRI"
      FROM "QL_NHAN_HIEN_THI" "l"
      WHERE "l"."MA" = :Ma_0
      FETCH FIRST 1 ROWS ONLY
info: Microsoft.EntityFrameworkCore.Database.Command[20101]
      Executed DbCommand (15ms) [Parameters=[:nguoiDung_ID_0='?' (DbType = Decimal)], CommandType='Text', CommandTimeout='0']
      SELECT "c"."VAI_TRO_ID"
      FROM "QL_VAI_TRO_NGUOI_DUNG" "c"
      WHERE "c"."NGUOI_DUNG_ID" = :nguoiDung_ID_0
info: Microsoft.EntityFrameworkCore.Database.Command[20101]
      Executed DbCommand (8ms) [Parameters=[:Ma_0='?' (Size = 2000)], CommandType='Text', CommandTimeout='0']
      SELECT "l"."GIA_TRI"
      FROM "QL_NHAN_HIEN_THI" "l"
      WHERE "l"."MA" = :Ma_0
      FETCH FIRST 1 ROWS ONLY
info: Microsoft.EntityFrameworkCore.Database.Command[20101]
      Executed DbCommand (13ms) [Parameters=[:nguoiDung_ID_0='?' (DbType = Decimal)], CommandType='Text', CommandTimeout='0']
      SELECT "c"."VAI_TRO_ID"
      FROM "QL_VAI_TRO_NGUOI_DUNG" "c"
      WHERE "c"."NGUOI_DUNG_ID" = :nguoiDung_ID_0
info: Microsoft.EntityFrameworkCore.Database.Command[20101]
      Executed DbCommand (11ms) [Parameters=[:Ma_0='?' (Size = 2000)], CommandType='Text', CommandTimeout='0']
      SELECT "l"."GIA_TRI"
      FROM "QL_NHAN_HIEN_THI" "l"
      WHERE "l"."MA" = :Ma_0
      FETCH FIRST 1 ROWS ONLY
info: Microsoft.EntityFrameworkCore.Database.Command[20101]
      Executed DbCommand (9ms) [Parameters=[:nguoiDung_ID_0='?' (DbType = Decimal)], CommandType='Text', CommandTimeout='0']
      SELECT "c"."VAI_TRO_ID"
      FROM "QL_VAI_TRO_NGUOI_DUNG" "c"
      WHERE "c"."NGUOI_DUNG_ID" = :nguoiDung_ID_0
info: Microsoft.EntityFrameworkCore.Database.Command[20101]
      Executed DbCommand (14ms) [Parameters=[:Ma_0='?' (Size = 2000)], CommandType='Text', CommandTimeout='0']
      SELECT "l"."GIA_TRI"
      FROM "QL_NHAN_HIEN_THI" "l"
      WHERE "l"."MA" = :Ma_0
      FETCH FIRST 1 ROWS ONLY
info: Microsoft.EntityFrameworkCore.Database.Command[20101]
      Executed DbCommand (11ms) [Parameters=[:nguoiDung_ID_0='?' (DbType = Decimal)], CommandType='Text', CommandTimeout='0']
      SELECT "c"."VAI_TRO_ID"
      FROM "QL_VAI_TRO_NGUOI_DUNG" "c"
      WHERE "c"."NGUOI_DUNG_ID" = :nguoiDung_ID_0
info: Microsoft.EntityFrameworkCore.Database.Command[20101]
      Executed DbCommand (12ms) [Parameters=[:Ma_0='?' (Size = 2000)], CommandType='Text', CommandTimeout='0']
      SELECT "l"."GIA_TRI"
      FROM "QL_NHAN_HIEN_THI" "l"
      WHERE "l"."MA" = :Ma_0
      FETCH FIRST 1 ROWS ONLY
info: Microsoft.EntityFrameworkCore.Database.Command[20101]
      Executed DbCommand (14ms) [Parameters=[:nguoiDung_ID_0='?' (DbType = Decimal)], CommandType='Text', CommandTimeout='0']
      SELECT "c"."VAI_TRO_ID"
      FROM "QL_VAI_TRO_NGUOI_DUNG" "c"
      WHERE "c"."NGUOI_DUNG_ID" = :nguoiDung_ID_0
info: Microsoft.EntityFrameworkCore.Database.Command[20101]
      Executed DbCommand (14ms) [Parameters=[:Ma_0='?' (Size = 2000)], CommandType='Text', CommandTimeout='0']
      SELECT "l"."GIA_TRI"
      FROM "QL_NHAN_HIEN_THI" "l"
      WHERE "l"."MA" = :Ma_0
      FETCH FIRST 1 ROWS ONLY
info: Microsoft.EntityFrameworkCore.Database.Command[20101]
      Executed DbCommand (18ms) [Parameters=[:Ma_0='?' (Size = 2000)], CommandType='Text', CommandTimeout='0']
      SELECT "l"."GIA_TRI"
      FROM "QL_NHAN_HIEN_THI" "l"
      WHERE "l"."MA" = :Ma_0
      FETCH FIRST 1 ROWS ONLY
info: Microsoft.EntityFrameworkCore.Database.Command[20101]
      Executed DbCommand (19ms) [Parameters=[:Ma_0='?' (Size = 2000)], CommandType='Text', CommandTimeout='0']
      SELECT "l"."GIA_TRI"
      FROM "QL_NHAN_HIEN_THI" "l"
      WHERE "l"."MA" = :Ma_0
      FETCH FIRST 1 ROWS ONLY
info: Microsoft.EntityFrameworkCore.Database.Command[20101]
      Executed DbCommand (14ms) [Parameters=[:Ma_0='?' (Size = 2000)], CommandType='Text', CommandTimeout='0']
      SELECT "l"."GIA_TRI"
      FROM "QL_NHAN_HIEN_THI" "l"
      WHERE "l"."MA" = :Ma_0
      FETCH FIRST 1 ROWS ONLY
info: Microsoft.EntityFrameworkCore.Database.Command[20101]
      Executed DbCommand (11ms) [Parameters=[:nguoiDung_ID_0='?' (DbType = Decimal)], CommandType='Text', CommandTimeout='0']
      SELECT "c"."VAI_TRO_ID"
      FROM "QL_VAI_TRO_NGUOI_DUNG" "c"
      WHERE "c"."NGUOI_DUNG_ID" = :nguoiDung_ID_0
info: Microsoft.EntityFrameworkCore.Database.Command[20101]
      Executed DbCommand (17ms) [Parameters=[:Ma_0='?' (Size = 2000)], CommandType='Text', CommandTimeout='0']
      SELECT "l"."GIA_TRI"
      FROM "QL_NHAN_HIEN_THI" "l"
      WHERE "l"."MA" = :Ma_0
      FETCH FIRST 1 ROWS ONLY
info: Microsoft.EntityFrameworkCore.Database.Command[20101]
      Executed DbCommand (12ms) [Parameters=[:nguoiDung_ID_0='?' (DbType = Decimal)], CommandType='Text', CommandTimeout='0']
      SELECT "c"."VAI_TRO_ID"
      FROM "QL_VAI_TRO_NGUOI_DUNG" "c"
      WHERE "c"."NGUOI_DUNG_ID" = :nguoiDung_ID_0
info: Microsoft.EntityFrameworkCore.Database.Command[20101]
      Executed DbCommand (13ms) [Parameters=[:Ma_0='?' (Size = 2000)], CommandType='Text', CommandTimeout='0']
      SELECT "l"."GIA_TRI"
      FROM "QL_NHAN_HIEN_THI" "l"
      WHERE "l"."MA" = :Ma_0
      FETCH FIRST 1 ROWS ONLY
info: Microsoft.EntityFrameworkCore.Database.Command[20101]
      Executed DbCommand (13ms) [Parameters=[:nguoiDung_ID_0='?' (DbType = Decimal)], CommandType='Text', CommandTimeout='0']
      SELECT "c"."VAI_TRO_ID"
      FROM "QL_VAI_TRO_NGUOI_DUNG" "c"
      WHERE "c"."NGUOI_DUNG_ID" = :nguoiDung_ID_0
info: Microsoft.EntityFrameworkCore.Database.Command[20101]
      Executed DbCommand (13ms) [Parameters=[:Ma_0='?' (Size = 2000)], CommandType='Text', CommandTimeout='0']
      SELECT "l"."GIA_TRI"
      FROM "QL_NHAN_HIEN_THI" "l"
      WHERE "l"."MA" = :Ma_0
      FETCH FIRST 1 ROWS ONLY
info: Microsoft.EntityFrameworkCore.Database.Command[20101]
      Executed DbCommand (16ms) [Parameters=[:nguoiDung_ID_0='?' (DbType = Decimal)], CommandType='Text', CommandTimeout='0']
      SELECT "c"."VAI_TRO_ID"
      FROM "QL_VAI_TRO_NGUOI_DUNG" "c"
      WHERE "c"."NGUOI_DUNG_ID" = :nguoiDung_ID_0
info: Microsoft.EntityFrameworkCore.Database.Command[20101]
      Executed DbCommand (16ms) [Parameters=[:Ma_0='?' (Size = 2000)], CommandType='Text', CommandTimeout='0']
      SELECT "l"."GIA_TRI"
      FROM "QL_NHAN_HIEN_THI" "l"
      WHERE "l"."MA" = :Ma_0
      FETCH FIRST 1 ROWS ONLY
info: Microsoft.EntityFrameworkCore.Database.Command[20101]
      Executed DbCommand (19ms) [Parameters=[:nguoiDung_ID_0='?' (DbType = Decimal)], CommandType='Text', CommandTimeout='0']
      SELECT "c"."VAI_TRO_ID"
      FROM "QL_VAI_TRO_NGUOI_DUNG" "c"
      WHERE "c"."NGUOI_DUNG_ID" = :nguoiDung_ID_0
info: Microsoft.EntityFrameworkCore.Database.Command[20101]
      Executed DbCommand (17ms) [Parameters=[:Ma_0='?' (Size = 2000)], CommandType='Text', CommandTimeout='0']
      SELECT "l"."GIA_TRI"
      FROM "QL_NHAN_HIEN_THI" "l"
      WHERE "l"."MA" = :Ma_0
      FETCH FIRST 1 ROWS ONLY
info: Microsoft.EntityFrameworkCore.Database.Command[20101]
      Executed DbCommand (10ms) [Parameters=[:nguoiDung_ID_0='?' (DbType = Decimal)], CommandType='Text', CommandTimeout='0']
      SELECT "c"."VAI_TRO_ID"
      FROM "QL_VAI_TRO_NGUOI_DUNG" "c"
      WHERE "c"."NGUOI_DUNG_ID" = :nguoiDung_ID_0
info: Microsoft.EntityFrameworkCore.Database.Command[20101]
      Executed DbCommand (12ms) [Parameters=[:Ma_0='?' (Size = 2000)], CommandType='Text', CommandTimeout='0']
      SELECT "l"."GIA_TRI"
      FROM "QL_NHAN_HIEN_THI" "l"
      WHERE "l"."MA" = :Ma_0
      FETCH FIRST 1 ROWS ONLY
info: Microsoft.EntityFrameworkCore.Database.Command[20101]
      Executed DbCommand (11ms) [Parameters=[:nguoiDung_ID_0='?' (DbType = Decimal)], CommandType='Text', CommandTimeout='0']
      SELECT "c"."VAI_TRO_ID"
      FROM "QL_VAI_TRO_NGUOI_DUNG" "c"
      WHERE "c"."NGUOI_DUNG_ID" = :nguoiDung_ID_0
info: Microsoft.EntityFrameworkCore.Database.Command[20101]
      Executed DbCommand (15ms) [Parameters=[:Ma_0='?' (Size = 2000)], CommandType='Text', CommandTimeout='0']
      SELECT "l"."GIA_TRI"
      FROM "QL_NHAN_HIEN_THI" "l"
      WHERE "l"."MA" = :Ma_0
      FETCH FIRST 1 ROWS ONLY
info: Microsoft.EntityFrameworkCore.Database.Command[20101]
      Executed DbCommand (14ms) [Parameters=[:nguoiDung_ID_0='?' (DbType = Decimal)], CommandType='Text', CommandTimeout='0']
      SELECT "c"."VAI_TRO_ID"
      FROM "QL_VAI_TRO_NGUOI_DUNG" "c"
      WHERE "c"."NGUOI_DUNG_ID" = :nguoiDung_ID_0
info: Microsoft.EntityFrameworkCore.Database.Command[20101]
      Executed DbCommand (15ms) [Parameters=[:Ma_0='?' (Size = 2000)], CommandType='Text', CommandTimeout='0']
      SELECT "l"."GIA_TRI"
      FROM "QL_NHAN_HIEN_THI" "l"
      WHERE "l"."MA" = :Ma_0
      FETCH FIRST 1 ROWS ONLY
info: Microsoft.EntityFrameworkCore.Database.Command[20101]
      Executed DbCommand (12ms) [Parameters=[:nguoiDung_ID_0='?' (DbType = Decimal)], CommandType='Text', CommandTimeout='0']
      SELECT "c"."VAI_TRO_ID"
      FROM "QL_VAI_TRO_NGUOI_DUNG" "c"
      WHERE "c"."NGUOI_DUNG_ID" = :nguoiDung_ID_0
info: Microsoft.EntityFrameworkCore.Database.Command[20101]
      Executed DbCommand (14ms) [Parameters=[:Ma_0='?' (Size = 2000)], CommandType='Text', CommandTimeout='0']
      SELECT "l"."GIA_TRI"
      FROM "QL_NHAN_HIEN_THI" "l"
      WHERE "l"."MA" = :Ma_0
      FETCH FIRST 1 ROWS ONLY
info: Microsoft.EntityFrameworkCore.Database.Command[20101]
      Executed DbCommand (8ms) [Parameters=[:nguoiDung_ID_0='?' (DbType = Decimal)], CommandType='Text', CommandTimeout='0']
      SELECT "c"."VAI_TRO_ID"
      FROM "QL_VAI_TRO_NGUOI_DUNG" "c"
      WHERE "c"."NGUOI_DUNG_ID" = :nguoiDung_ID_0
info: Microsoft.EntityFrameworkCore.Database.Command[20101]
      Executed DbCommand (11ms) [Parameters=[:Ma_0='?' (Size = 2000)], CommandType='Text', CommandTimeout='0']
      SELECT "l"."GIA_TRI"
      FROM "QL_NHAN_HIEN_THI" "l"
      WHERE "l"."MA" = :Ma_0
      FETCH FIRST 1 ROWS ONLY
info: Microsoft.EntityFrameworkCore.Database.Command[20101]
      Executed DbCommand (10ms) [Parameters=[:nguoiDung_ID_0='?' (DbType = Decimal)], CommandType='Text', CommandTimeout='0']
      SELECT "c"."VAI_TRO_ID"
      FROM "QL_VAI_TRO_NGUOI_DUNG" "c"
      WHERE "c"."NGUOI_DUNG_ID" = :nguoiDung_ID_0
info: Microsoft.EntityFrameworkCore.Database.Command[20101]
      Executed DbCommand (10ms) [Parameters=[:Ma_0='?' (Size = 2000)], CommandType='Text', CommandTimeout='0']
      SELECT "l"."GIA_TRI"
      FROM "QL_NHAN_HIEN_THI" "l"
      WHERE "l"."MA" = :Ma_0
      FETCH FIRST 1 ROWS ONLY
info: Microsoft.EntityFrameworkCore.Database.Command[20101]
      Executed DbCommand (8ms) [Parameters=[:nguoiDung_ID_0='?' (DbType = Decimal)], CommandType='Text', CommandTimeout='0']
      SELECT "c"."VAI_TRO_ID"
      FROM "QL_VAI_TRO_NGUOI_DUNG" "c"
      WHERE "c"."NGUOI_DUNG_ID" = :nguoiDung_ID_0
info: Microsoft.EntityFrameworkCore.Database.Command[20101]
      Executed DbCommand (16ms) [Parameters=[:Ma_0='?' (Size = 2000)], CommandType='Text', CommandTimeout='0']
      SELECT "l"."GIA_TRI"
      FROM "QL_NHAN_HIEN_THI" "l"
      WHERE "l"."MA" = :Ma_0
      FETCH FIRST 1 ROWS ONLY
info: Microsoft.EntityFrameworkCore.Database.Command[20101]
      Executed DbCommand (7ms) [Parameters=[:nguoiDung_ID_0='?' (DbType = Decimal)], CommandType='Text', CommandTimeout='0']
      SELECT "c"."VAI_TRO_ID"
      FROM "QL_VAI_TRO_NGUOI_DUNG" "c"
      WHERE "c"."NGUOI_DUNG_ID" = :nguoiDung_ID_0
info: Microsoft.EntityFrameworkCore.Database.Command[20101]
      Executed DbCommand (12ms) [Parameters=[:Ma_0='?' (Size = 2000)], CommandType='Text', CommandTimeout='0']
      SELECT "l"."GIA_TRI"
      FROM "QL_NHAN_HIEN_THI" "l"
      WHERE "l"."MA" = :Ma_0
      FETCH FIRST 1 ROWS ONLY
info: Microsoft.EntityFrameworkCore.Database.Command[20101]
      Executed DbCommand (11ms) [Parameters=[:nguoiDung_ID_0='?' (DbType = Decimal)], CommandType='Text', CommandTimeout='0']
      SELECT "c"."VAI_TRO_ID"
      FROM "QL_VAI_TRO_NGUOI_DUNG" "c"
      WHERE "c"."NGUOI_DUNG_ID" = :nguoiDung_ID_0
info: Microsoft.EntityFrameworkCore.Database.Command[20101]
      Executed DbCommand (12ms) [Parameters=[:Ma_0='?' (Size = 2000)], CommandType='Text', CommandTimeout='0']
      SELECT "l"."GIA_TRI"
      FROM "QL_NHAN_HIEN_THI" "l"
      WHERE "l"."MA" = :Ma_0
      FETCH FIRST 1 ROWS ONLY
info: Microsoft.EntityFrameworkCore.Database.Command[20101]
      Executed DbCommand (8ms) [Parameters=[:nguoiDung_ID_0='?' (DbType = Decimal)], CommandType='Text', CommandTimeout='0']
      SELECT "c"."VAI_TRO_ID"
      FROM "QL_VAI_TRO_NGUOI_DUNG" "c"
      WHERE "c"."NGUOI_DUNG_ID" = :nguoiDung_ID_0
info: Microsoft.EntityFrameworkCore.Database.Command[20101]
      Executed DbCommand (9ms) [Parameters=[:Ma_0='?' (Size = 2000)], CommandType='Text', CommandTimeout='0']
      SELECT "l"."GIA_TRI"
      FROM "QL_NHAN_HIEN_THI" "l"
      WHERE "l"."MA" = :Ma_0
      FETCH FIRST 1 ROWS ONLY
info: Microsoft.EntityFrameworkCore.Database.Command[20101]
      Executed DbCommand (11ms) [Parameters=[:Ma_0='?' (Size = 2000)], CommandType='Text', CommandTimeout='0']
      SELECT "l"."GIA_TRI"
      FROM "QL_NHAN_HIEN_THI" "l"
      WHERE "l"."MA" = :Ma_0
      FETCH FIRST 1 ROWS ONLY
info: Microsoft.EntityFrameworkCore.Database.Command[20101]
      Executed DbCommand (16ms) [Parameters=[:Ma_0='?' (Size = 2000)], CommandType='Text', CommandTimeout='0']
      SELECT "l"."GIA_TRI"
      FROM "QL_NHAN_HIEN_THI" "l"
      WHERE "l"."MA" = :Ma_0
      FETCH FIRST 1 ROWS ONLY
info: Microsoft.EntityFrameworkCore.Database.Command[20101]
      Executed DbCommand (15ms) [Parameters=[:Ma_0='?' (Size = 2000)], CommandType='Text', CommandTimeout='0']
      SELECT "l"."GIA_TRI"
      FROM "QL_NHAN_HIEN_THI" "l"
      WHERE "l"."MA" = :Ma_0
      FETCH FIRST 1 ROWS ONLY
info: Microsoft.EntityFrameworkCore.Database.Command[20101]
      Executed DbCommand (7ms) [Parameters=[:Ma_0='?' (Size = 2000)], CommandType='Text', CommandTimeout='0']
      SELECT "l"."GIA_TRI"
      FROM "QL_NHAN_HIEN_THI" "l"
      WHERE "l"."MA" = :Ma_0
      FETCH FIRST 1 ROWS ONLY
info: Microsoft.EntityFrameworkCore.Database.Command[20101]
      Executed DbCommand (11ms) [Parameters=[:Ma_0='?' (Size = 2000)], CommandType='Text', CommandTimeout='0']
      SELECT "l"."GIA_TRI"
      FROM "QL_NHAN_HIEN_THI" "l"
      WHERE "l"."MA" = :Ma_0
      FETCH FIRST 1 ROWS ONLY
info: Microsoft.EntityFrameworkCore.Database.Command[20101]
      Executed DbCommand (21ms) [Parameters=[:nguoiDung_ID_0='?' (DbType = Decimal)], CommandType='Text', CommandTimeout='0']
      SELECT "c"."VAI_TRO_ID"
      FROM "QL_VAI_TRO_NGUOI_DUNG" "c"
      WHERE "c"."NGUOI_DUNG_ID" = :nguoiDung_ID_0
info: Microsoft.EntityFrameworkCore.Database.Command[20101]
      Executed DbCommand (8ms) [Parameters=[:Ma_0='?' (Size = 2000)], CommandType='Text', CommandTimeout='0']
      SELECT "l"."GIA_TRI"
      FROM "QL_NHAN_HIEN_THI" "l"
      WHERE "l"."MA" = :Ma_0
      FETCH FIRST 1 ROWS ONLY
info: Microsoft.EntityFrameworkCore.Database.Command[20101]
      Executed DbCommand (17ms) [Parameters=[:nguoiDung_ID_0='?' (DbType = Decimal)], CommandType='Text', CommandTimeout='0']
      SELECT "c"."VAI_TRO_ID"
      FROM "QL_VAI_TRO_NGUOI_DUNG" "c"
      WHERE "c"."NGUOI_DUNG_ID" = :nguoiDung_ID_0
info: Microsoft.EntityFrameworkCore.Database.Command[20101]
      Executed DbCommand (33ms) [Parameters=[:nguoiDung_ID_0='?' (DbType = Decimal)], CommandType='Text', CommandTimeout='0']
      SELECT "c"."VAI_TRO_ID"
      FROM "QL_VAI_TRO_NGUOI_DUNG" "c"
      WHERE "c"."NGUOI_DUNG_ID" = :nguoiDung_ID_0
info: Microsoft.EntityFrameworkCore.Database.Command[20101]
      Executed DbCommand (11ms) [Parameters=[:Ma_0='?' (Size = 2000)], CommandType='Text', CommandTimeout='0']
      SELECT "l"."GIA_TRI"
      FROM "QL_NHAN_HIEN_THI" "l"
      WHERE "l"."MA" = :Ma_0
      FETCH FIRST 1 ROWS ONLY
info: Microsoft.EntityFrameworkCore.Database.Command[20101]
      Executed DbCommand (14ms) [Parameters=[:nguoiDung_ID_0='?' (DbType = Decimal)], CommandType='Text', CommandTimeout='0']
      SELECT "c"."VAI_TRO_ID"
      FROM "QL_VAI_TRO_NGUOI_DUNG" "c"
      WHERE "c"."NGUOI_DUNG_ID" = :nguoiDung_ID_0
info: Microsoft.EntityFrameworkCore.Database.Command[20101]
      Executed DbCommand (20ms) [Parameters=[:Ma_0='?' (Size = 2000)], CommandType='Text', CommandTimeout='0']
      SELECT "l"."GIA_TRI"
      FROM "QL_NHAN_HIEN_THI" "l"
      WHERE "l"."MA" = :Ma_0
      FETCH FIRST 1 ROWS ONLY
info: Microsoft.EntityFrameworkCore.Database.Command[20101]
      Executed DbCommand (30ms) [Parameters=[:nguoiDung_ID_0='?' (DbType = Decimal)], CommandType='Text', CommandTimeout='0']
      SELECT "c"."VAI_TRO_ID"
      FROM "QL_VAI_TRO_NGUOI_DUNG" "c"
      WHERE "c"."NGUOI_DUNG_ID" = :nguoiDung_ID_0
info: Microsoft.EntityFrameworkCore.Database.Command[20101]
      Executed DbCommand (21ms) [Parameters=[:nguoiDung_ID_0='?' (DbType = Decimal)], CommandType='Text', CommandTimeout='0']
      SELECT "c"."VAI_TRO_ID"
      FROM "QL_VAI_TRO_NGUOI_DUNG" "c"
      WHERE "c"."NGUOI_DUNG_ID" = :nguoiDung_ID_0
info: Microsoft.EntityFrameworkCore.Database.Command[20101]
      Executed DbCommand (17ms) [Parameters=[:Ma_0='?' (Size = 2000)], CommandType='Text', CommandTimeout='0']
      SELECT "l"."GIA_TRI"
      FROM "QL_NHAN_HIEN_THI" "l"
      WHERE "l"."MA" = :Ma_0
      FETCH FIRST 1 ROWS ONLY
info: Microsoft.EntityFrameworkCore.Database.Command[20101]
      Executed DbCommand (11ms) [Parameters=[:nguoiDung_ID_0='?' (DbType = Decimal)], CommandType='Text', CommandTimeout='0']
      SELECT "c"."VAI_TRO_ID"
      FROM "QL_VAI_TRO_NGUOI_DUNG" "c"
      WHERE "c"."NGUOI_DUNG_ID" = :nguoiDung_ID_0
info: Microsoft.EntityFrameworkCore.Database.Command[20101]
      Executed DbCommand (12ms) [Parameters=[:Ma_0='?' (Size = 2000)], CommandType='Text', CommandTimeout='0']
      SELECT "l"."GIA_TRI"
      FROM "QL_NHAN_HIEN_THI" "l"
      WHERE "l"."MA" = :Ma_0
      FETCH FIRST 1 ROWS ONLY
info: Microsoft.EntityFrameworkCore.Database.Command[20101]
      Executed DbCommand (13ms) [Parameters=[:nguoiDung_ID_0='?' (DbType = Decimal)], CommandType='Text', CommandTimeout='0']
      SELECT "c"."VAI_TRO_ID"
      FROM "QL_VAI_TRO_NGUOI_DUNG" "c"
      WHERE "c"."NGUOI_DUNG_ID" = :nguoiDung_ID_0
info: Microsoft.EntityFrameworkCore.Database.Command[20101]
      Executed DbCommand (11ms) [Parameters=[:Ma_0='?' (Size = 2000)], CommandType='Text', CommandTimeout='0']
      SELECT "l"."GIA_TRI"
      FROM "QL_NHAN_HIEN_THI" "l"
      WHERE "l"."MA" = :Ma_0
      FETCH FIRST 1 ROWS ONLY
info: Microsoft.EntityFrameworkCore.Database.Command[20101]
      Executed DbCommand (66ms) [Parameters=[:nguoiDung_ID_0='?' (DbType = Decimal)], CommandType='Text', CommandTimeout='0']
      SELECT "c"."VAI_TRO_ID"
      FROM "QL_VAI_TRO_NGUOI_DUNG" "c"
      WHERE "c"."NGUOI_DUNG_ID" = :nguoiDung_ID_0
info: Microsoft.EntityFrameworkCore.Database.Command[20101]
      Executed DbCommand (19ms) [Parameters=[:Ma_0='?' (Size = 2000)], CommandType='Text', CommandTimeout='0']
      SELECT "l"."GIA_TRI"
      FROM "QL_NHAN_HIEN_THI" "l"
      WHERE "l"."MA" = :Ma_0
      FETCH FIRST 1 ROWS ONLY
info: Microsoft.EntityFrameworkCore.Database.Command[20101]
      Executed DbCommand (21ms) [Parameters=[:nguoiDung_ID_0='?' (DbType = Decimal)], CommandType='Text', CommandTimeout='0']
      SELECT "c"."VAI_TRO_ID"
      FROM "QL_VAI_TRO_NGUOI_DUNG" "c"
      WHERE "c"."NGUOI_DUNG_ID" = :nguoiDung_ID_0
info: Microsoft.EntityFrameworkCore.Database.Command[20101]
      Executed DbCommand (28ms) [Parameters=[:Ma_0='?' (Size = 2000)], CommandType='Text', CommandTimeout='0']
      SELECT "l"."GIA_TRI"
      FROM "QL_NHAN_HIEN_THI" "l"
      WHERE "l"."MA" = :Ma_0
      FETCH FIRST 1 ROWS ONLY
info: Microsoft.EntityFrameworkCore.Database.Command[20101]
      Executed DbCommand (173ms) [Parameters=[:nguoiDung_ID_0='?' (DbType = Decimal)], CommandType='Text', CommandTimeout='0']
      SELECT "c"."VAI_TRO_ID"
      FROM "QL_VAI_TRO_NGUOI_DUNG" "c"
      WHERE "c"."NGUOI_DUNG_ID" = :nguoiDung_ID_0
info: Microsoft.EntityFrameworkCore.Database.Command[20101]
      Executed DbCommand (9ms) [Parameters=[:Ma_0='?' (Size = 2000)], CommandType='Text', CommandTimeout='0']
      SELECT "l"."GIA_TRI"
      FROM "QL_NHAN_HIEN_THI" "l"
      WHERE "l"."MA" = :Ma_0
      FETCH FIRST 1 ROWS ONLY
info: Microsoft.EntityFrameworkCore.Database.Command[20101]
      Executed DbCommand (11ms) [Parameters=[:nguoiDung_ID_0='?' (DbType = Decimal)], CommandType='Text', CommandTimeout='0']
      SELECT "c"."VAI_TRO_ID"
      FROM "QL_VAI_TRO_NGUOI_DUNG" "c"
      WHERE "c"."NGUOI_DUNG_ID" = :nguoiDung_ID_0
info: Microsoft.EntityFrameworkCore.Database.Command[20101]
      Executed DbCommand (6ms) [Parameters=[:Ma_0='?' (Size = 2000)], CommandType='Text', CommandTimeout='0']
      SELECT "l"."GIA_TRI"
      FROM "QL_NHAN_HIEN_THI" "l"
      WHERE "l"."MA" = :Ma_0
      FETCH FIRST 1 ROWS ONLY
info: Microsoft.EntityFrameworkCore.Database.Command[20101]
      Executed DbCommand (8ms) [Parameters=[:nguoiDung_ID_0='?' (DbType = Decimal)], CommandType='Text', CommandTimeout='0']
      SELECT "c"."VAI_TRO_ID"
      FROM "QL_VAI_TRO_NGUOI_DUNG" "c"
      WHERE "c"."NGUOI_DUNG_ID" = :nguoiDung_ID_0
info: Microsoft.EntityFrameworkCore.Database.Command[20101]
      Executed DbCommand (11ms) [Parameters=[:Ma_0='?' (Size = 2000)], CommandType='Text', CommandTimeout='0']
      SELECT "l"."GIA_TRI"
      FROM "QL_NHAN_HIEN_THI" "l"
      WHERE "l"."MA" = :Ma_0
      FETCH FIRST 1 ROWS ONLY
info: Microsoft.EntityFrameworkCore.Database.Command[20101]
      Executed DbCommand (7ms) [Parameters=[:nguoiDung_ID_0='?' (DbType = Decimal)], CommandType='Text', CommandTimeout='0']
      SELECT "c"."VAI_TRO_ID"
      FROM "QL_VAI_TRO_NGUOI_DUNG" "c"
      WHERE "c"."NGUOI_DUNG_ID" = :nguoiDung_ID_0
info: Microsoft.EntityFrameworkCore.Database.Command[20101]
      Executed DbCommand (14ms) [Parameters=[:Ma_0='?' (Size = 2000)], CommandType='Text', CommandTimeout='0']
      SELECT "l"."GIA_TRI"
      FROM "QL_NHAN_HIEN_THI" "l"
      WHERE "l"."MA" = :Ma_0
      FETCH FIRST 1 ROWS ONLY
info: Microsoft.EntityFrameworkCore.Database.Command[20101]
      Executed DbCommand (8ms) [Parameters=[:nguoiDung_ID_0='?' (DbType = Decimal)], CommandType='Text', CommandTimeout='0']
      SELECT "c"."VAI_TRO_ID"
      FROM "QL_VAI_TRO_NGUOI_DUNG" "c"
      WHERE "c"."NGUOI_DUNG_ID" = :nguoiDung_ID_0
info: Microsoft.EntityFrameworkCore.Database.Command[20101]
      Executed DbCommand (11ms) [Parameters=[:Ma_0='?' (Size = 2000)], CommandType='Text', CommandTimeout='0']
      SELECT "l"."GIA_TRI"
      FROM "QL_NHAN_HIEN_THI" "l"
      WHERE "l"."MA" = :Ma_0
      FETCH FIRST 1 ROWS ONLY
info: Microsoft.EntityFrameworkCore.Database.Command[20101]
      Executed DbCommand (10ms) [Parameters=[:nguoiDung_ID_0='?' (DbType = Decimal)], CommandType='Text', CommandTimeout='0']
      SELECT "c"."VAI_TRO_ID"
      FROM "QL_VAI_TRO_NGUOI_DUNG" "c"
      WHERE "c"."NGUOI_DUNG_ID" = :nguoiDung_ID_0
info: Microsoft.EntityFrameworkCore.Database.Command[20101]
      Executed DbCommand (9ms) [Parameters=[:Ma_0='?' (Size = 2000)], CommandType='Text', CommandTimeout='0']
      SELECT "l"."GIA_TRI"
      FROM "QL_NHAN_HIEN_THI" "l"
      WHERE "l"."MA" = :Ma_0
      FETCH FIRST 1 ROWS ONLY
info: Microsoft.EntityFrameworkCore.Database.Command[20101]
      Executed DbCommand (15ms) [Parameters=[:nguoiDung_ID_0='?' (DbType = Decimal)], CommandType='Text', CommandTimeout='0']
      SELECT "c"."VAI_TRO_ID"
      FROM "QL_VAI_TRO_NGUOI_DUNG" "c"
      WHERE "c"."NGUOI_DUNG_ID" = :nguoiDung_ID_0
info: Microsoft.EntityFrameworkCore.Database.Command[20101]
      Executed DbCommand (8ms) [Parameters=[:Ma_0='?' (Size = 2000)], CommandType='Text', CommandTimeout='0']
      SELECT "l"."GIA_TRI"
      FROM "QL_NHAN_HIEN_THI" "l"
      WHERE "l"."MA" = :Ma_0
      FETCH FIRST 1 ROWS ONLY
info: Microsoft.EntityFrameworkCore.Database.Command[20101]
      Executed DbCommand (11ms) [Parameters=[:nguoiDung_ID_0='?' (DbType = Decimal)], CommandType='Text', CommandTimeout='0']
      SELECT "c"."VAI_TRO_ID"
      FROM "QL_VAI_TRO_NGUOI_DUNG" "c"
      WHERE "c"."NGUOI_DUNG_ID" = :nguoiDung_ID_0
info: Microsoft.EntityFrameworkCore.Database.Command[20101]
      Executed DbCommand (10ms) [Parameters=[:Ma_0='?' (Size = 2000)], CommandType='Text', CommandTimeout='0']
      SELECT "l"."GIA_TRI"
      FROM "QL_NHAN_HIEN_THI" "l"
      WHERE "l"."MA" = :Ma_0
      FETCH FIRST 1 ROWS ONLY
info: Microsoft.EntityFrameworkCore.Database.Command[20101]
      Executed DbCommand (11ms) [Parameters=[:nguoiDung_ID_0='?' (DbType = Decimal)], CommandType='Text', CommandTimeout='0']
      SELECT "c"."VAI_TRO_ID"
      FROM "QL_VAI_TRO_NGUOI_DUNG" "c"
      WHERE "c"."NGUOI_DUNG_ID" = :nguoiDung_ID_0
info: Microsoft.EntityFrameworkCore.Database.Command[20101]
      Executed DbCommand (14ms) [Parameters=[:Ma_0='?' (Size = 2000)], CommandType='Text', CommandTimeout='0']
      SELECT "l"."GIA_TRI"
      FROM "QL_NHAN_HIEN_THI" "l"
      WHERE "l"."MA" = :Ma_0
      FETCH FIRST 1 ROWS ONLY
info: Microsoft.EntityFrameworkCore.Database.Command[20101]
      Executed DbCommand (9ms) [Parameters=[:nguoiDung_ID_0='?' (DbType = Decimal)], CommandType='Text', CommandTimeout='0']
      SELECT "c"."VAI_TRO_ID"
      FROM "QL_VAI_TRO_NGUOI_DUNG" "c"
      WHERE "c"."NGUOI_DUNG_ID" = :nguoiDung_ID_0
info: Microsoft.EntityFrameworkCore.Database.Command[20101]
      Executed DbCommand (11ms) [Parameters=[:Ma_0='?' (Size = 2000)], CommandType='Text', CommandTimeout='0']
      SELECT "l"."GIA_TRI"
      FROM "QL_NHAN_HIEN_THI" "l"
      WHERE "l"."MA" = :Ma_0
      FETCH FIRST 1 ROWS ONLY
info: Microsoft.EntityFrameworkCore.Database.Command[20101]
      Executed DbCommand (9ms) [Parameters=[:nguoiDung_ID_0='?' (DbType = Decimal)], CommandType='Text', CommandTimeout='0']
      SELECT "c"."VAI_TRO_ID"
      FROM "QL_VAI_TRO_NGUOI_DUNG" "c"
      WHERE "c"."NGUOI_DUNG_ID" = :nguoiDung_ID_0
info: Microsoft.EntityFrameworkCore.Database.Command[20101]
      Executed DbCommand (68ms) [Parameters=[:donViId_0='?' (DbType = Decimal)], CommandType='Text', CommandTimeout='0']
      SELECT COUNT(*)
      FROM "DM_DON_VI" "p"
      WHERE ((("p"."PARENT_ID" = :donViId_0) AND ("p"."LA_BAN_QL_DU_AN" = 1)) OR (("p"."ID" = :donViId_0) AND ("p"."LOAI_DON_VI_ID" = 15.0))) OR (("p"."ID" = :donViId_0) AND ("p"."LA_BAN_QL_DU_AN" = 1))
info: Microsoft.EntityFrameworkCore.Database.Command[20101]
      Executed DbCommand (21ms) [Parameters=[:Ma_0='?' (Size = 2000)], CommandType='Text', CommandTimeout='0']
      SELECT "l"."GIA_TRI"
      FROM "QL_NHAN_HIEN_THI" "l"
      WHERE "l"."MA" = :Ma_0
      FETCH FIRST 1 ROWS ONLY
info: Microsoft.EntityFrameworkCore.Database.Command[20101]
      Executed DbCommand (11ms) [Parameters=[:nguoiDung_ID_0='?' (DbType = Decimal)], CommandType='Text', CommandTimeout='0']
      SELECT "c"."VAI_TRO_ID"
      FROM "QL_VAI_TRO_NGUOI_DUNG" "c"
      WHERE "c"."NGUOI_DUNG_ID" = :nguoiDung_ID_0
info: Microsoft.EntityFrameworkCore.Database.Command[20101]
      Executed DbCommand (11ms) [Parameters=[:Ma_0='?' (Size = 2000)], CommandType='Text', CommandTimeout='0']
      SELECT "l"."GIA_TRI"
      FROM "QL_NHAN_HIEN_THI" "l"
      WHERE "l"."MA" = :Ma_0
      FETCH FIRST 1 ROWS ONLY
info: Microsoft.EntityFrameworkCore.Database.Command[20101]
      Executed DbCommand (15ms) [Parameters=[:nguoiDung_ID_0='?' (DbType = Decimal)], CommandType='Text', CommandTimeout='0']
      SELECT "c"."VAI_TRO_ID"
      FROM "QL_VAI_TRO_NGUOI_DUNG" "c"
      WHERE "c"."NGUOI_DUNG_ID" = :nguoiDung_ID_0
info: Microsoft.EntityFrameworkCore.Database.Command[20101]
      Executed DbCommand (12ms) [Parameters=[:Ma_0='?' (Size = 2000)], CommandType='Text', CommandTimeout='0']
      SELECT "l"."GIA_TRI"
      FROM "QL_NHAN_HIEN_THI" "l"
      WHERE "l"."MA" = :Ma_0
      FETCH FIRST 1 ROWS ONLY
info: Microsoft.EntityFrameworkCore.Database.Command[20101]
      Executed DbCommand (9ms) [Parameters=[:nguoiDung_ID_0='?' (DbType = Decimal)], CommandType='Text', CommandTimeout='0']
      SELECT "c"."VAI_TRO_ID"
      FROM "QL_VAI_TRO_NGUOI_DUNG" "c"
      WHERE "c"."NGUOI_DUNG_ID" = :nguoiDung_ID_0
info: Microsoft.EntityFrameworkCore.Database.Command[20101]
      Executed DbCommand (17ms) [Parameters=[:Ma_0='?' (Size = 2000)], CommandType='Text', CommandTimeout='0']
      SELECT "l"."GIA_TRI"
      FROM "QL_NHAN_HIEN_THI" "l"
      WHERE "l"."MA" = :Ma_0
      FETCH FIRST 1 ROWS ONLY
info: Microsoft.EntityFrameworkCore.Database.Command[20101]
      Executed DbCommand (8ms) [Parameters=[:nguoiDung_ID_0='?' (DbType = Decimal)], CommandType='Text', CommandTimeout='0']
      SELECT "c"."VAI_TRO_ID"
      FROM "QL_VAI_TRO_NGUOI_DUNG" "c"
      WHERE "c"."NGUOI_DUNG_ID" = :nguoiDung_ID_0
info: Microsoft.EntityFrameworkCore.Database.Command[20101]
      Executed DbCommand (11ms) [Parameters=[:Ma_0='?' (Size = 2000)], CommandType='Text', CommandTimeout='0']
      SELECT "l"."GIA_TRI"
      FROM "QL_NHAN_HIEN_THI" "l"
      WHERE "l"."MA" = :Ma_0
      FETCH FIRST 1 ROWS ONLY
info: Microsoft.EntityFrameworkCore.Database.Command[20101]
      Executed DbCommand (9ms) [Parameters=[:nguoiDung_ID_0='?' (DbType = Decimal)], CommandType='Text', CommandTimeout='0']
      SELECT "c"."VAI_TRO_ID"
      FROM "QL_VAI_TRO_NGUOI_DUNG" "c"
      WHERE "c"."NGUOI_DUNG_ID" = :nguoiDung_ID_0
info: Microsoft.EntityFrameworkCore.Database.Command[20101]
      Executed DbCommand (11ms) [Parameters=[:Ma_0='?' (Size = 2000)], CommandType='Text', CommandTimeout='0']
      SELECT "l"."GIA_TRI"
      FROM "QL_NHAN_HIEN_THI" "l"
      WHERE "l"."MA" = :Ma_0
      FETCH FIRST 1 ROWS ONLY
info: Microsoft.EntityFrameworkCore.Database.Command[20101]
      Executed DbCommand (9ms) [Parameters=[:nguoiDung_ID_0='?' (DbType = Decimal)], CommandType='Text', CommandTimeout='0']
      SELECT "c"."VAI_TRO_ID"
      FROM "QL_VAI_TRO_NGUOI_DUNG" "c"
      WHERE "c"."NGUOI_DUNG_ID" = :nguoiDung_ID_0
info: Microsoft.EntityFrameworkCore.Database.Command[20101]
      Executed DbCommand (12ms) [Parameters=[:Ma_0='?' (Size = 2000)], CommandType='Text', CommandTimeout='0']
      SELECT "l"."GIA_TRI"
      FROM "QL_NHAN_HIEN_THI" "l"
      WHERE "l"."MA" = :Ma_0
      FETCH FIRST 1 ROWS ONLY
info: Microsoft.EntityFrameworkCore.Database.Command[20101]
      Executed DbCommand (12ms) [Parameters=[:nguoiDung_ID_0='?' (DbType = Decimal)], CommandType='Text', CommandTimeout='0']
      SELECT "c"."VAI_TRO_ID"
      FROM "QL_VAI_TRO_NGUOI_DUNG" "c"
      WHERE "c"."NGUOI_DUNG_ID" = :nguoiDung_ID_0
info: Microsoft.EntityFrameworkCore.Database.Command[20101]
      Executed DbCommand (13ms) [Parameters=[:Ma_0='?' (Size = 2000)], CommandType='Text', CommandTimeout='0']
      SELECT "l"."GIA_TRI"
      FROM "QL_NHAN_HIEN_THI" "l"
      WHERE "l"."MA" = :Ma_0
      FETCH FIRST 1 ROWS ONLY
info: Microsoft.EntityFrameworkCore.Database.Command[20101]
      Executed DbCommand (9ms) [Parameters=[:nguoiDung_ID_0='?' (DbType = Decimal)], CommandType='Text', CommandTimeout='0']
      SELECT "c"."VAI_TRO_ID"
      FROM "QL_VAI_TRO_NGUOI_DUNG" "c"
      WHERE "c"."NGUOI_DUNG_ID" = :nguoiDung_ID_0
info: Microsoft.EntityFrameworkCore.Database.Command[20101]
      Executed DbCommand (11ms) [Parameters=[:Ma_0='?' (Size = 2000)], CommandType='Text', CommandTimeout='0']
      SELECT "l"."GIA_TRI"
      FROM "QL_NHAN_HIEN_THI" "l"
      WHERE "l"."MA" = :Ma_0
      FETCH FIRST 1 ROWS ONLY
info: Microsoft.EntityFrameworkCore.Database.Command[20101]
      Executed DbCommand (10ms) [Parameters=[:nguoiDung_ID_0='?' (DbType = Decimal)], CommandType='Text', CommandTimeout='0']
      SELECT "c"."VAI_TRO_ID"
      FROM "QL_VAI_TRO_NGUOI_DUNG" "c"
      WHERE "c"."NGUOI_DUNG_ID" = :nguoiDung_ID_0
info: Microsoft.EntityFrameworkCore.Database.Command[20101]
      Executed DbCommand (8ms) [Parameters=[:guid_0='?' (DbType = Binary)], CommandType='Text', CommandTimeout='0']
      SELECT "c"."ID", "c"."CURRENT_DON_VI_ID", "c"."DB_ID", "c"."EMAIL", "c"."GHI_CHU", "c"."GUID", "c"."IP_TRUY_CAP", "c"."IS_QUAN_TRI", "c"."MAT_KHAU", "c"."MAT_KHAU_KEY", "c"."MA_CAN_BO", "c"."MOBILE", "c"."NGAY_TAO", "c"."NGAY_TRUY_CAP", "c"."NGUOI_TAO", "c"."NGUON_ID", "c"."PASSWORD_HASH", "c"."TEN_DANG_NHAP", "c"."TEN_DAY_DU", "c"."TMP_MAT_KHAU", "c"."TRANG_THAI_ID", "c"."UNG_DUNG"
      FROM "QL_NGUOI_DUNG" "c"
      WHERE "c"."GUID" = :guid_0
      FETCH FIRST 1 ROWS ONLY
info: Microsoft.EntityFrameworkCore.Database.Command[20101]
      Executed DbCommand (12ms) [Parameters=[:nguoiDung_ID_0='?' (DbType = Int32)], CommandType='Text', CommandTimeout='0']
      SELECT "p"."ID", "p"."DATA_JSON", "p"."DB_QUEUE_PROCESS_ID", "p"."DON_VI_ID", "p"."FILE_TYPE", "p"."GUID", "p"."GUID_FILE", "p"."MA_BAO_CAO", "p"."MODEL_DATA_TYPE", "p"."NGAY_TAO", "p"."NGUOI_TAO_ID", "p"."REPORT_CLASS", "p"."RESPONSE", "p"."SEARCH_MODEL_CLASS", "p"."SEARCH_MODEL_JSON", "p"."STATEMENT", "p"."TIME_END_GET_DATA", "p"."TIME_START_GET_DATA", "p"."TRANG_THAI_ID", "p"."TYPE_QUEUE_PROCESS_ID"
      FROM "BC_QUEUE_PROCESS" "p"
      WHERE "p"."NGUOI_TAO_ID" = :nguoiDung_ID_0
      ORDER BY "p"."ID" DESC
      FETCH FIRST 1 ROWS ONLY
info: Microsoft.EntityFrameworkCore.Database.Command[20101]
      Executed DbCommand (12ms) [Parameters=[:Ma_0='?' (Size = 2000)], CommandType='Text', CommandTimeout='0']
      SELECT "l"."GIA_TRI"
      FROM "QL_NHAN_HIEN_THI" "l"
      WHERE "l"."MA" = :Ma_0
      FETCH FIRST 1 ROWS ONLY
info: Microsoft.EntityFrameworkCore.Database.Command[20101]
      Executed DbCommand (13ms) [Parameters=[:Ma_0='?' (Size = 2000)], CommandType='Text', CommandTimeout='0']
      SELECT "l"."GIA_TRI"
      FROM "QL_NHAN_HIEN_THI" "l"
      WHERE "l"."MA" = :Ma_0
      FETCH FIRST 1 ROWS ONLY
info: Microsoft.EntityFrameworkCore.Database.Command[20101]
      Executed DbCommand (9ms) [Parameters=[:Ma_0='?' (Size = 2000)], CommandType='Text', CommandTimeout='0']
      SELECT "l"."GIA_TRI"
      FROM "QL_NHAN_HIEN_THI" "l"
      WHERE "l"."MA" = :Ma_0
      FETCH FIRST 1 ROWS ONLY
info: Microsoft.EntityFrameworkCore.Database.Command[20101]
      Executed DbCommand (11ms) [Parameters=[:Ma_0='?' (Size = 2000)], CommandType='Text', CommandTimeout='0']
      SELECT "l"."GIA_TRI"
      FROM "QL_NHAN_HIEN_THI" "l"
      WHERE "l"."MA" = :Ma_0
      FETCH FIRST 1 ROWS ONLY
info: Microsoft.AspNetCore.Mvc.ViewFeatures.ViewResultExecutor[4]
      Executed ViewResult - view ChonLoaiTaiSan executed in 17867.575ms.
info: Microsoft.AspNetCore.Mvc.Internal.ControllerActionInvoker[2]
      Executed action GS.Web.Controllers.TaiSanController.ChonLoaiTaiSan (GS.Web) in 19161.1559ms
info: Microsoft.AspNetCore.Hosting.Internal.WebHost[2]
      Request finished in 19317.043ms 200 text/html; charset=utf-8
info: Microsoft.AspNetCore.Hosting.Internal.WebHost[1]
      Request starting HTTP/1.1 GET http://localhost:62432/Home/GetTLHD  
info: Microsoft.AspNetCore.Mvc.Internal.ControllerActionInvoker[1]
      Route matched with {action = "GetTLHD", controller = "Home"}. Executing action GS.Web.Controllers.HomeController.GetTLHD (GS.Web)
info: Microsoft.AspNetCore.Mvc.Internal.ControllerActionInvoker[1]
      Executing action method GS.Web.Controllers.HomeController.GetTLHD (GS.Web) - Validation state: Valid
info: Microsoft.EntityFrameworkCore.Infrastructure[10403]
      Entity Framework Core 2.2.6-servicing-10079 initialized 'GSObjectContext' using provider 'Oracle.EntityFrameworkCore' with options: using lazy-loading proxies 
info: Microsoft.EntityFrameworkCore.Database.Command[20101]
      Executed DbCommand (26ms) [Parameters=[:get_Item_0='?' (DbType = Decimal)], CommandType='Text', CommandTimeout='0']
      SELECT "e"."ID", "e"."DON_VI_ID", "e"."GIA_TRI", "e"."TEN"
      FROM "QL_CAU_HINH" "e"
      WHERE "e"."ID" = :get_Item_0
      FETCH FIRST 1 ROWS ONLY
info: Microsoft.AspNetCore.Mvc.Internal.ControllerActionInvoker[2]
      Executed action method GS.Web.Controllers.HomeController.GetTLHD (GS.Web), returned result Microsoft.AspNetCore.Mvc.JsonResult in 63.5715ms.
info: Microsoft.AspNetCore.Mvc.Formatters.Json.Internal.JsonResultExecutor[1]
      Executing JsonResult, writing value of type 'System.String'.
info: Microsoft.AspNetCore.Mvc.Internal.ControllerActionInvoker[2]
      Executed action GS.Web.Controllers.HomeController.GetTLHD (GS.Web) in 102.7316ms
info: Microsoft.AspNetCore.Hosting.Internal.WebHost[2]
      Request finished in 124.2021ms 200 application/json; charset=utf-8






































































































































































































































































































































































































































































































































































































































































































































































































































































































































































































































































































































































































































































































































































































































































































































































































































































































































































































































































































































































































































































































































































































































































































































































































































































































































































































































































































































































































































































